account_id,risk_label,txn_count,velocity_per_hour,total_sent,total_received,pass_through_ratio,io_ratio,unique_senders,unique_receivers,avg_txn_amount,max_txn_amount,income_mismatch,account_age_days,kyc_match_score,device_shared_count,is_in_syndicate,dormancy_burst_score,beneficiary_churn_rate,structuring_score
M00001,1,5,0.20833333333333334,45000.0,110000.0,0.4090909090909091,2.4444444444444446,2,3,31000.0,60000.0,6.433877288413172,10.0,0.47,6,1,0.0,0.0,0.0
M00002,1,10,0.4166666666666667,140000.0,222000.0,0.6306306306306306,1.5857142857142856,4,3,36200.0,95000.0,10.870097439161729,36.0,0.45,6,1,0.0,0.0,0.0
M00003,1,11,0.4583333333333333,150000.0,326000.0,0.4601226993865031,2.1733333333333333,6,3,43272.72727272727,96000.0,27.585039769842613,62.0,0.52,6,1,0.0,0.0,0.0
M00004,1,12,0.5,65000.0,354498.0,0.18335787507969015,5.4538153846153845,5,2,34958.166666666664,100999.0,36.73554404145078,23.0,0.6,6,1,0.09090909090909091,0.5,0.0
M00005,1,13,0.5416666666666666,90000.0,312499.0,0.28800092160294916,3.472211111111111,7,1,30961.46153846154,75500.0,21.954404945904173,62.0,0.5,6,1,0.0,0.0,0.0
M00006,1,22,0.9166666666666666,100000.0,1248996.0,0.08006430765190602,12.48996,13,2,61318.0,101000.0,152.80107658429165,19.0,0.46,6,1,0.0,0.0,0.0
M00007,1,9,0.375,85000.0,302500.0,0.2809917355371901,3.5588235294117645,6,1,43055.555555555555,96000.0,12.977819726285984,76.0,0.44,6,1,0.0,0.0,0.0
M00008,1,32,1.3333333333333333,145000.0,1431494.0,0.10129277524041316,9.872372413793103,19,3,49265.4375,101000.0,79.04439536167862,52.0,0.53,6,1,0.03225806451612903,0.3333333333333333,0.0
M00009,1,6,0.25,135000.0,220000.0,0.6136363636363636,1.6296296296296295,3,3,59166.666666666664,100000.0,11.726453813762593,12.0,0.43,6,1,0.0,0.0,0.0
M00010,1,31,1.2916666666666667,120000.0,1180996.0,0.10160915024267653,9.841633333333334,17,2,41967.6129032258,101000.0,120.31336593317033,23.0,0.61,6,1,0.0,0.0,0.0
M00011,1,18,0.75,235000.0,554497.0,0.4238075228540461,2.3595617021276594,8,4,43860.944444444445,95000.0,33.01953194783541,58.0,0.32,6,1,0.058823529411764705,0.0,0.0
M00012,1,28,1.1666666666666667,170000.0,1205495.0,0.14102090842351067,7.0911470588235295,17,2,49124.82142857143,100500.0,62.48030475795584,87.0,0.52,6,1,0.0,0.0,0.0
M00013,1,19,0.7916666666666666,90000.0,558496.0,0.1611470807311064,6.205511111111111,10,2,34131.36842105263,100999.0,31.214844623295328,9.0,0.6,6,1,0.0,0.0,0.0
M00014,1,16,0.6666666666666666,180000.0,709999.0,0.2535214838330758,3.944438888888889,9,3,55624.9375,101000.0,61.407974398892925,7.0,0.47,6,1,0.0,0.0,0.0
M00015,1,7,0.2916666666666667,150000.0,135999.0,1.1029492863918118,0.90666,2,3,40857.0,60000.0,14.620404214147495,27.0,0.58,6,1,0.0,0.0,0.0
M00016,1,46,1.9166666666666667,30000.0,2225493.0,0.013480159227640797,74.1831,24,2,49032.45652173913,101000.0,102.03534913575719,83.0,0.53,6,1,0.0,0.0,0.0
M00017,1,17,0.7083333333333334,70000.0,899496.0,0.07782135773811112,12.849942857142857,13,2,57029.17647058824,100999.0,37.83050847457627,17.0,0.68,6,1,0.0625,0.5,0.0
M00018,1,24,1.0,90000.0,1153493.0,0.0780238805090278,12.816588888888889,15,3,51812.208333333336,100999.0,73.43814859616731,70.0,0.58,6,1,0.043478260869565216,0.0,0.0
M00019,1,17,0.7083333333333334,50000.0,792998.0,0.06305186141705275,15.85996,11,1,49588.117647058825,100500.0,35.241223002399785,39.0,0.47,6,1,0.0,0.0,0.0
M00020,1,11,0.4583333333333333,245000.0,233499.0,1.04925502892946,0.9530571428571428,5,4,43499.90909090909,76000.0,16.121168185584093,67.0,0.4,6,1,0.1,0.25,0.0
M00021,1,45,1.875,150000.0,2099484.0,0.07144612676257595,13.99656,20,3,49988.53333333333,100999.0,212.47687481024187,20.0,0.35,6,1,0.0,0.0,0.0
M00022,1,11,0.4583333333333333,100000.0,635995.0,0.1572339405184003,6.35995,5,2,66908.63636363637,101000.0,53.893314125921535,1.0,0.57,6,1,0.1,0.5,0.0
M00023,1,13,0.5416666666666666,185000.0,318499.0,0.5808495474083121,1.7216162162162163,6,4,38730.692307692305,100500.0,27.50898255311798,25.0,0.65,6,1,0.0,0.0,0.0
M00024,1,13,0.5416666666666666,50000.0,528496.0,0.09460809542550937,10.56992,8,1,44499.692307692305,101000.0,31.277504882523523,44.0,0.69,6,1,0.0,0.0,0.0
M00025,1,11,0.4583333333333333,135000.0,438499.0,0.3078684329952862,3.2481407407407406,6,2,52136.27272727273,95999.0,18.356455123911587,80.0,0.51,6,1,0.0,0.0,0.0
M00026,1,33,1.375,310000.0,1304996.0,0.23754862083868455,4.209664516129032,13,3,48939.27272727273,101000.0,79.71875381795968,19.0,0.69,5,1,0.0,0.0,0.0
M00027,1,36,1.5,275000.0,1274495.0,0.21577173704094563,4.634527272727273,17,4,43041.52777777778,101000.0,53.250396924876746,14.0,0.42,5,1,0.0,0.0,0.0
M00028,1,16,0.6666666666666666,175000.0,326497.0,0.5359926737458537,1.865697142857143,5,3,31343.5625,96000.0,37.40799725022915,3.0,0.66,5,1,0.14285714285714285,0.3333333333333333,0.0
M00029,1,13,0.5416666666666666,245000.0,185000.0,1.3243243243243243,0.7551020408163265,3,3,33076.92307692308,60000.0,12.098620103328756,16.0,0.66,5,1,0.08333333333333333,0.0,0.0
M00030,1,12,0.5,100000.0,401499.0,0.24906662283094105,4.01499,6,2,41791.583333333336,95500.0,21.880054495912805,8.0,0.37,5,1,0.0,0.0,0.0
M00031,1,5,0.20833333333333334,120000.0,126000.0,0.9523809523809523,1.05,2,2,49200.0,76000.0,13.630463003028991,60.0,0.53,5,1,0.0,0.0,0.0
M00032,1,37,1.5416666666666667,345000.0,1153994.0,0.2989616930417316,3.3449101449275362,12,4,40513.35135135135,100999.0,135.4771073021836,64.0,0.48,5,1,0.0,0.0,0.0
M00033,1,20,0.8333333333333334,305000.0,545998.0,0.5586101047989187,1.7901573770491803,9,4,42549.9,100000.0,44.260538261997404,84.0,0.54,5,1,0.0,0.0,0.0
M00034,1,42,1.75,360000.0,1891492.0,0.1903259437523394,5.254144444444444,21,4,53606.95238095238,101000.0,81.54037159977584,35.0,0.63,5,1,0.0,0.0,0.0
M00035,1,58,2.4166666666666665,85000.0,2384486.0,0.03564709543272638,28.052776470588235,32,2,42577.34482758621,101000.0,255.73637923637924,47.0,0.67,5,1,0.0,0.0,0.0
M00036,1,13,0.5416666666666666,120000.0,598999.0,0.20033422426414735,4.9916583333333335,5,2,55307.61538461538,96000.0,42.712421563034795,5.0,0.31,6,1,0.0,0.0,0.0
M00037,1,10,0.4166666666666667,145000.0,372999.0,0.38874098858173883,2.572406896551724,6,2,51799.9,95999.0,18.6555466639992,49.0,0.45,6,1,0.0,0.0,0.0
M00038,1,6,0.25,50000.0,216500.0,0.23094688221709006,4.33,5,1,44416.666666666664,75500.0,10.110208274960307,59.0,0.64,6,1,0.0,0.0,0.0
M00039,1,7,0.2916666666666667,140000.0,100000.0,1.4,0.7142857142857143,3,3,34285.71428571428,60000.0,10.862480990658266,1.0,0.31,6,1,0.0,0.0,0.0
M00040,1,22,0.9166666666666666,60000.0,810995.0,0.07398319348454677,13.516583333333333,13,2,39590.681818181816,100500.0,33.866246293899025,69.0,0.7,6,1,0.0,0.0,0.0
M00041,1,18,0.75,205000.0,609997.0,0.3360672265601306,2.9755951219512196,14,3,45277.61111111111,96000.0,28.24714054179208,53.0,0.68,6,1,0.0,0.0,0.0
M00042,1,15,0.625,155000.0,305497.0,0.5073699578064597,1.9709483870967741,8,4,30699.8,95999.0,25.40726879574185,78.0,0.38,6,1,0.0,0.0,0.0
M00043,1,34,1.4166666666666667,170000.0,1471998.0,0.1154892873495752,8.658811764705883,18,3,48294.05882352941,100999.0,78.51493492639214,4.0,0.39,6,1,0.0625,0.0,0.0
M00044,1,4,0.16666666666666666,0.0,145500.0,0.0,0.0,3,0,36375.0,60000.0,9.1102623505103,72.0,0.31,6,1,0.0,0.0,0.0
M00045,1,28,1.1666666666666667,65000.0,1467997.0,0.04427801964172951,22.58456923076923,15,2,54749.892857142855,100999.0,67.85287728218165,3.0,0.51,6,1,0.0,0.0,0.0
M00046,1,15,0.625,60000.0,689998.0,0.08695677378775012,11.499966666666667,7,1,49999.86666666667,100000.0,33.38161586840832,5.0,0.34,6,1,0.0,0.0,0.0
M00047,1,18,0.75,25000.0,556997.0,0.0448835451537441,22.27988,10,1,32333.166666666668,95999.0,27.097883726587206,47.0,0.47,6,1,0.0,0.0,0.0
M00048,1,19,0.7916666666666666,160000.0,591995.0,0.2702725529776434,3.69996875,10,3,39578.68421052631,100999.0,58.141327833431546,75.0,0.39,6,1,0.05555555555555555,0.0,0.0
M00049,1,16,0.6666666666666666,200000.0,449999.0,0.4444454321009602,2.249995,7,4,40624.9375,101000.0,24.742893275416506,38.0,0.54,6,1,0.0,0.0,0.0
M00050,1,10,0.4166666666666667,95000.0,207999.0,0.456732965062332,2.1894631578947368,4,3,30299.9,50999.0,15.32446769321447,51.0,0.66,6,1,0.1111111111111111,0.3333333333333333,0.0
M00051,1,53,2.2083333333333335,100000.0,2301491.0,0.043450093873927814,23.01491,28,1,45311.15094339623,101000.0,180.25462092731829,88.0,0.66,6,1,0.019230769230769232,1.0,0.0
M00052,1,13,0.5416666666666666,125000.0,454997.0,0.27472708611265567,3.639976,6,3,44615.153846153844,100000.0,43.944079582769945,81.0,0.68,6,1,0.0,0.0,0.0
M00053,1,26,1.0833333333333333,220000.0,1212996.0,0.18136910591626024,5.513618181818182,12,3,55115.230769230766,101000.0,133.88476821192052,74.0,0.61,6,1,0.04,0.0,0.0
M00054,1,18,0.75,60000.0,672994.0,0.08915384089605553,11.216566666666667,10,2,40721.88888888889,100999.0,50.74986803408491,6.0,0.5,6,1,0.0,0.0,0.0
M00055,1,8,0.3333333333333333,15000.0,222498.0,0.06741633632661867,14.8332,4,1,29687.25,50000.0,22.11050382589685,75.0,0.33,6,1,0.14285714285714285,1.0,0.0
M00056,1,33,1.375,195000.0,1454993.0,0.13402126333253836,7.461502564102564,21,2,49999.78787878788,101000.0,79.70817355100252,75.0,0.36,6,1,0.0,0.0,0.0
M00057,1,11,0.4583333333333333,175000.0,301499.0,0.5804331025973553,1.7228514285714285,5,4,43318.09090909091,100000.0,13.710732150977718,56.0,0.46,6,1,0.1,0.25,0.0
M00058,1,12,0.5,125000.0,245498.0,0.509169117467352,1.963984,6,3,30874.833333333332,75000.0,22.162859980139025,32.0,0.37,6,1,0.0,0.0,0.0
M00059,1,17,0.7083333333333334,100000.0,1051500.0,0.0951022349025202,10.515,8,2,67735.29411764706,101000.0,77.53281226957675,5.0,0.44,6,1,0.0,0.0,0.0
M00060,1,6,0.25,35000.0,235000.0,0.14893617021276595,6.714285714285714,3,1,45000.0,75000.0,15.286541338710727,70.0,0.35,6,1,0.0,0.0,0.0
M00061,1,31,1.2916666666666667,175000.0,1232492.0,0.1419887512454442,7.0428114285714285,16,3,45402.967741935485,100000.0,92.79415750639964,34.0,0.35,5,1,0.0,0.0,0.0
M00062,1,42,1.75,270000.0,1866489.0,0.144656625353806,6.912922222222222,21,4,50868.78571428572,100999.0,103.4237823460963,26.0,0.62,5,1,0.0,0.0,0.0
M00063,1,25,1.0416666666666667,195000.0,648494.0,0.3006966911027704,3.3256102564102563,9,3,33739.76,95999.0,80.63839840835612,63.0,0.45,5,1,0.0,0.0,0.0
M00064,1,10,0.4166666666666667,90000.0,301000.0,0.29900332225913623,3.3444444444444446,5,3,39100.0,60000.0,27.481055418606775,8.0,0.6,5,1,0.0,0.0,0.0
M00065,1,11,0.4583333333333333,305000.0,150000.0,2.033333333333333,0.4918032786885246,3,4,41363.63636363636,60000.0,8.383166601464259,56.0,0.49,5,1,0.0,0.0,0.0
M00066,1,14,0.5833333333333334,105000.0,418500.0,0.25089605734767023,3.9857142857142858,6,3,37392.857142857145,101000.0,46.510335630140034,88.0,0.59,5,1,0.0,0.0,0.0
M00067,1,32,1.3333333333333333,135000.0,1383497.0,0.09757881657856865,10.248125925925926,17,2,47453.03125,101000.0,64.31280215693566,7.0,0.57,5,1,0.03225806451612903,0.5,0.0
M00068,1,14,0.5833333333333334,60000.0,779998.0,0.07692327416224144,12.999966666666667,10,2,59999.857142857145,95500.0,47.20965984747609,18.0,0.48,5,1,0.0,0.0,0.0
M00069,1,47,1.9583333333333333,175000.0,1782989.0,0.09814979228699672,10.18850857142857,24,3,41659.34042553192,101000.0,163.32224970229916,89.0,0.59,5,1,0.0,0.0,0.0
M00070,1,51,2.125,30000.0,2353985.0,0.012744346289377375,78.46616666666667,28,2,46744.80392156863,101000.0,177.79342900302115,17.0,0.38,5,1,0.0,0.0,0.0
M00071,1,6,0.25,15000.0,120999.0,0.12396796667741056,8.0666,4,1,22666.5,40000.0,7.76430954825462,17.0,0.44,6,1,0.0,0.0,0.0
M00072,1,12,0.5,200000.0,305999.0,0.6535969071794352,1.529995,5,4,42166.583333333336,60000.0,18.44033988188502,18.0,0.33,6,1,0.09090909090909091,0.25,0.0
M00073,1,17,0.7083333333333334,95000.0,535999.0,0.1772391366401803,5.642094736842105,7,4,37117.58823529412,100000.0,31.470115077501173,8.0,0.53,6,1,0.0,0.0,0.0
M00074,1,14,0.5833333333333334,190000.0,402998.0,0.47146635963453914,2.121042105263158,6,4,42357.0,95500.0,22.74126742283167,6.0,0.66,6,1,0.0,0.0,0.0
M00075,1,21,0.875,145000.0,917995.0,0.15795293002685198,6.331,14,4,50618.80952380953,100999.0,51.88464364437913,59.0,0.69,6,1,0.0,0.0,0.0
M00076,1,29,1.2083333333333333,110000.0,1294995.0,0.08494241290506913,11.772681818181818,14,2,48448.10344827586,101000.0,93.52845587173191,22.0,0.39,6,1,0.0,0.0,0.0
M00077,1,10,0.4166666666666667,35000.0,346998.0,0.10086513466936409,9.914228571428572,5,1,38199.8,60000.0,16.60754283526371,75.0,0.34,6,1,0.0,0.0,0.0
M00078,1,41,1.7083333333333333,320000.0,1252992.0,0.25538870160384103,3.9156,22,4,38365.65853658537,96000.0,76.4345757335448,9.0,0.33,6,1,0.0,0.0,0.0
M00079,1,13,0.5416666666666666,200000.0,417500.0,0.47904191616766467,2.0875,5,4,47500.0,96000.0,18.683433276649065,36.0,0.7,6,1,0.0,0.0,0.0
M00080,1,29,1.2083333333333333,50000.0,1105990.0,0.04520836535592546,22.1198,15,1,39861.724137931036,100999.0,52.481256524627504,75.0,0.65,6,1,0.0,0.0,0.0
M00081,1,19,0.7916666666666666,160000.0,627998.0,0.2547778814582212,3.9249875,9,3,41473.57894736842,100999.0,32.21163315551908,51.0,0.63,6,1,0.0,0.0,0.0
M00082,1,14,0.5833333333333334,160000.0,314998.0,0.5079397329506854,1.9687375,7,3,33928.42857142857,101000.0,15.507975580937376,26.0,0.41,6,1,0.0,0.0,0.0
M00083,1,25,1.0416666666666667,260000.0,633496.0,0.4104209024208519,2.436523076923077,11,5,35739.84,100500.0,39.2938841334822,68.0,0.47,6,1,0.041666666666666664,0.2,0.0
M00084,1,11,0.4583333333333333,100000.0,418500.0,0.23894862604540024,4.185,8,3,47136.36363636364,100500.0,20.631008134089228,47.0,0.58,6,1,0.0,0.0,0.0
M00085,1,12,0.5,110000.0,357000.0,0.3081232492997199,3.2454545454545456,5,2,38916.666666666664,96000.0,27.187571395933286,11.0,0.67,6,1,0.0,0.0,0.0
M00086,1,64,2.6666666666666665,60000.0,2845475.0,0.02108611040335972,47.42458333333333,32,2,45398.046875,101000.0,280.31474731553544,6.0,0.43,6,1,0.015873015873015872,0.0,0.0
M00087,1,18,0.75,100000.0,885995.0,0.11286745410527148,8.85995,13,2,54777.5,101000.0,46.74448665189406,44.0,0.38,6,1,0.058823529411764705,0.0,0.0
M00088,1,24,1.0,0.0,1110996.0,0.0,0.0,18,0,46291.5,101000.0,55.0979964292799,63.0,0.57,6,1,0.0,0.0,0.0
M00089,1,19,0.7916666666666666,25000.0,1188495.0,0.02103500645774698,47.5398,9,1,63868.15789473684,101000.0,57.39026510212951,24.0,0.54,6,1,0.0,0.0,0.0
M00090,1,14,0.5833333333333334,75000.0,661500.0,0.11337868480725624,8.82,9,2,52607.142857142855,100000.0,28.219785845313766,69.0,0.63,6,1,0.2727272727272727,0.0,0.0
M00091,1,29,1.2083333333333333,120000.0,1441492.0,0.08324708010866519,12.012433333333334,19,2,53844.55172413793,101000.0,132.24697247706422,75.0,0.68,6,1,0.0,0.0,0.0
M00092,1,5,0.20833333333333334,30000.0,137998.0,0.21739445499210133,4.599933333333333,2,2,33599.6,76000.0,15.735233751425314,40.0,0.59,6,1,0.0,0.0,0.0
M00093,1,16,0.6666666666666666,145000.0,714497.0,0.20293997035676847,4.927565517241379,6,2,53718.5625,101000.0,63.64095484100828,11.0,0.62,6,1,0.06666666666666667,0.5,0.0
M00094,1,17,0.7083333333333334,60000.0,627997.0,0.09554185768403352,10.466616666666667,9,2,40470.41176470588,100999.0,53.34667006455997,85.0,0.37,6,1,0.0,0.0,0.0
M00095,1,10,0.4166666666666667,135000.0,246500.0,0.5476673427991886,1.825925925925926,5,4,38150.0,60000.0,11.186240697041205,62.0,0.44,6,1,0.0,0.0,0.0
M00096,1,26,1.0833333333333333,115000.0,1049996.0,0.10952422675895908,9.1304,12,3,44807.53846153846,100999.0,54.064981205911124,40.0,0.48,5,1,0.0,0.0,0.0
M00097,1,37,1.5416666666666667,170000.0,1443491.0,0.11777004498122953,8.491123529411764,21,3,43607.86486486487,100999.0,96.10459387483355,38.0,0.52,5,1,0.0,0.0,0.0
M00098,1,21,0.875,110000.0,1074498.0,0.10237338738648187,9.768163636363637,9,2,56404.666666666664,100999.0,75.97383864809446,17.0,0.66,5,1,0.0,0.0,0.0
M00099,1,13,0.5416666666666666,185000.0,326000.0,0.5674846625766872,1.7621621621621621,5,3,39307.692307692305,96000.0,21.871855082187185,51.0,0.52,5,1,0.18181818181818182,0.3333333333333333,0.0
M00100,1,7,0.2916666666666667,100000.0,180500.0,0.554016620498615,1.805,4,2,40071.42857142857,60000.0,17.645908690976636,51.0,0.43,5,1,0.0,0.0,0.0
M00101,1,17,0.7083333333333334,270000.0,383998.0,0.7031286621284486,1.4222148148148148,5,3,38470.470588235294,101000.0,19.33135320177205,29.0,0.5,5,1,0.0625,0.0,0.0
M00102,1,33,1.375,40000.0,1303494.0,0.030686754215976445,32.58735,16,2,40711.93939393939,100500.0,100.36141053279951,29.0,0.36,5,1,0.03125,0.0,0.0
M00103,1,22,0.9166666666666666,170000.0,981998.0,0.17311644219234662,5.776458823529412,10,3,52363.545454545456,101000.0,87.11061829149295,55.0,0.36,5,1,0.0,0.0,0.0
M00104,1,43,1.7916666666666667,125000.0,1732491.0,0.0721504469575888,13.859928,23,3,43197.46511627907,101000.0,128.580302805403,5.0,0.65,5,1,0.0,0.0,0.0
M00105,1,49,2.0416666666666665,125000.0,2053486.0,0.06087209749664717,16.427888,27,2,44458.897959183676,101000.0,134.10082936067394,31.0,0.45,5,1,0.0,0.0,0.0
M00106,1,12,0.5,75000.0,306999.0,0.24430047003410435,4.09332,7,2,31833.25,60000.0,29.521973266660257,15.0,0.62,6,1,0.0,0.0,0.0
M00107,1,10,0.4166666666666667,205000.0,101499.0,2.019724332259431,0.4951170731707317,4,2,30649.9,60000.0,12.383967789165446,76.0,0.61,6,1,0.0,0.0,0.0
M00108,1,8,0.3333333333333333,150000.0,90000.0,1.6666666666666667,0.6,3,3,30000.0,60000.0,7.481918696483498,36.0,0.52,6,1,0.0,0.0,0.0
M00109,1,9,0.375,110000.0,236000.0,0.4661016949152542,2.1454545454545455,5,3,38444.444444444445,75000.0,17.506119724056077,11.0,0.68,6,1,0.125,0.0,0.0
M00110,1,19,0.7916666666666666,180000.0,653499.0,0.2754403602759912,3.63055,13,3,43868.36842105263,100500.0,28.22036533229693,23.0,0.48,6,1,0.0,0.0,0.0
M00111,1,27,1.125,145000.0,1131495.0,0.12814904175449296,7.803413793103449,15,2,47277.59259259259,100500.0,117.70467075834807,13.0,0.36,6,1,0.0,0.0,0.0
M00112,1,8,0.3333333333333333,60000.0,256999.0,0.23346394343946864,4.283316666666667,4,2,39624.875,76000.0,26.67071398920714,60.0,0.54,6,1,0.0,0.0,0.0
M00113,1,35,1.4583333333333333,115000.0,1734994.0,0.06628264996881833,15.086904347826087,18,3,52856.97142857143,101000.0,89.82159867467385,5.0,0.67,6,1,0.0,0.0,0.0
M00114,1,11,0.4583333333333333,95000.0,332500.0,0.2857142857142857,3.5,5,1,38863.63636363636,96000.0,22.485967403800636,31.0,0.54,6,1,0.0,0.0,0.0
M00115,1,36,1.5,125000.0,1471492.0,0.08494779448342227,11.771936,19,4,44347.0,101000.0,65.19392140357095,40.0,0.64,6,1,0.0,0.0,0.0
M00116,1,13,0.5416666666666666,35000.0,654998.0,0.05343527766496997,18.71422857142857,8,1,53076.769230769234,100500.0,59.64287015115644,21.0,0.37,6,1,0.0,0.0,0.0
M00117,1,22,0.9166666666666666,80000.0,804495.0,0.09944126439567678,10.0561875,12,3,40204.318181818184,101000.0,49.34946632315054,1.0,0.65,6,1,0.047619047619047616,0.0,0.0
M00118,1,32,1.3333333333333333,310000.0,1345492.0,0.23039899159563937,4.340296774193549,11,4,51734.125,101000.0,67.58549326903757,21.0,0.45,6,1,0.0,0.0,0.0
M00119,1,16,0.6666666666666666,50000.0,709998.0,0.07042273358516503,14.19996,11,1,47499.875,100500.0,53.23920215956809,57.0,0.3,6,1,0.0,0.0,0.0
M00120,1,10,0.4166666666666667,60000.0,311000.0,0.19292604501607716,5.183333333333334,6,1,37100.0,100000.0,13.659522136331693,25.0,0.65,6,1,0.0,0.0,0.0
M00121,1,51,2.125,85000.0,2172988.0,0.03911664491474412,25.564564705882354,28,3,44274.27450980392,100999.0,124.9274462458319,34.0,0.67,6,1,0.0,0.0,0.0
M00122,1,13,0.5416666666666666,50000.0,546497.0,0.09149181056803606,10.92994,10,1,45884.38461538462,100999.0,31.69384677840283,51.0,0.4,6,1,0.0,0.0,0.0
M00123,1,29,1.2083333333333333,145000.0,1130495.0,0.1282623983299351,7.79651724137931,14,3,43982.58620689655,100500.0,55.17839711050371,88.0,0.42,6,1,0.07407407407407407,0.6666666666666666,0.0
M00124,1,18,0.75,170000.0,572496.0,0.296945306168078,3.3676235294117647,9,3,41249.77777777778,100500.0,30.751248858570126,26.0,0.31,6,1,0.0,0.0,0.0
M00125,1,15,0.625,95000.0,595997.0,0.15939677548712494,6.273652631578948,7,2,46066.46666666667,100000.0,35.23065555358515,84.0,0.48,6,1,0.0,0.0,0.0
M00126,1,39,1.625,100000.0,1607493.0,0.06220866902686357,16.07493,22,3,43781.8717948718,101000.0,100.24276627587928,63.0,0.7,6,1,0.0,0.0,0.0
M00127,1,9,0.375,60000.0,323999.0,0.1851857567461628,5.399983333333333,7,1,42666.555555555555,95999.0,21.849012070942074,13.0,0.46,6,1,0.0,0.0,0.0
M00128,1,16,0.6666666666666666,110000.0,616498.0,0.178427180623457,5.604527272727273,8,2,45406.125,101000.0,55.781577994933045,62.0,0.38,6,1,0.06666666666666667,0.0,0.0
M00129,1,20,0.8333333333333334,150000.0,545997.0,0.2747267842131001,3.63998,10,3,34799.85,101000.0,31.37913793103448,30.0,0.63,6,1,0.0,0.0,0.0
M00130,1,8,0.3333333333333333,75000.0,217499.0,0.3448291716283753,2.8999866666666665,3,2,36562.375,76000.0,13.140345577573708,47.0,0.51,6,1,0.0,0.0,0.0
M00131,1,24,1.0,95000.0,1209497.0,0.07854504806543547,12.731547368421053,12,2,54354.041666666664,100999.0,125.36245854063019,38.0,0.61,5,1,0.0,0.0,0.0
M00132,1,47,1.9583333333333333,365000.0,1901989.0,0.1919043695836306,5.210928767123288,24,4,48233.8085106383,100999.0,136.1188721104988,55.0,0.68,5,1,0.0,0.0,0.0
M00133,1,25,1.0416666666666667,215000.0,881498.0,0.2439029924061087,4.099990697674419,11,3,43859.92,100500.0,104.852860711312,34.0,0.46,5,1,0.041666666666666664,0.0,0.0
M00134,1,10,0.4166666666666667,135000.0,261999.0,0.5152691422486345,1.9407333333333334,5,2,39699.9,60000.0,18.034072136563875,50.0,0.65,5,1,0.0,0.0,0.0
M00135,1,8,0.3333333333333333,80000.0,150000.0,0.5333333333333333,1.875,4,3,28750.0,60000.0,7.999573356087676,67.0,0.39,5,1,0.0,0.0,0.0
M00136,1,8,0.3333333333333333,50000.0,285000.0,0.17543859649122806,5.7,5,1,41875.0,60000.0,16.65497896213184,54.0,0.44,5,1,0.0,0.0,0.0
M00137,1,41,1.7083333333333333,295000.0,1933494.0,0.1525735275103,6.554216949152543,17,3,54353.51219512195,101000.0,162.60146329156504,8.0,0.34,5,1,0.0,0.0,0.0
M00138,1,18,0.75,160000.0,577497.0,0.27705771631714105,3.60935625,9,3,40972.055555555555,96000.0,40.22967607105538,46.0,0.63,5,1,0.0,0.0,0.0
M00139,1,37,1.5416666666666667,110000.0,1292990.0,0.08507413050371619,11.754454545454545,22,2,37918.64864864865,100500.0,98.07266383495146,85.0,0.46,5,1,0.0,0.0,0.0
M00140,1,52,2.1666666666666665,0.0,2365486.0,0.0,0.0,28,0,45490.11538461538,101000.0,208.8360554427474,74.0,0.33,5,1,0.0,0.0,0.0
M00141,1,10,0.4166666666666667,70000.0,333499.0,0.20989568184612248,4.764271428571429,4,2,40349.9,75500.0,22.62083700739334,19.0,0.53,6,1,0.0,0.0,0.0
M00142,1,13,0.5416666666666666,90000.0,433998.0,0.20737422753100246,4.8222,4,2,40307.53846153846,100000.0,32.45087483176312,47.0,0.55,6,1,0.0,0.0,0.0
M00143,1,5,0.20833333333333334,60000.0,55000.0,1.0909090909090908,0.9166666666666666,2,2,23000.0,35000.0,4.475183075671278,67.0,0.54,6,1,0.0,0.0,0.0
M00144,1,11,0.4583333333333333,125000.0,313498.0,0.3987266266451461,2.507984,5,3,39863.454545454544,95500.0,22.70901847156827,38.0,0.61,6,1,0.0,0.0,0.0
M00145,1,19,0.7916666666666666,95000.0,680998.0,0.13950114390938007,7.1684,10,3,40842.0,100500.0,69.2916157916158,86.0,0.61,6,1,0.0,0.0,0.0
M00146,1,20,0.8333333333333334,95000.0,709996.0,0.1338035707243421,7.473642105263158,12,2,40249.8,101000.0,34.13770554861044,59.0,0.66,6,1,0.0,0.0,0.0
M00147,1,17,0.7083333333333334,210000.0,428499.0,0.49008282399725556,2.0404714285714287,6,4,37558.76470588235,100500.0,25.70942581148377,81.0,0.41,6,1,0.0,0.0,0.0
M00148,1,43,1.7916666666666667,195000.0,1882489.0,0.10358626265545244,9.653789743589744,21,2,48313.6976744186,101000.0,88.13563369071586,73.0,0.36,6,1,0.023809523809523808,0.5,0.0
M00149,1,10,0.4166666666666667,135000.0,377998.0,0.3571447467976021,2.7999851851851854,3,3,51299.8,95999.0,19.83200419727177,58.0,0.66,6,1,0.0,0.0,0.0
M00150,1,22,0.9166666666666666,115000.0,823998.0,0.13956344554234354,7.1652,14,2,42681.72727272727,101000.0,83.35842185128983,70.0,0.67,6,1,0.0,0.0,0.0
M00151,1,16,0.6666666666666666,190000.0,557498.0,0.34080839751891484,2.9342,5,4,46718.625,100000.0,38.490610328638496,38.0,0.33,6,1,0.06666666666666667,0.25,0.0
M00152,1,19,0.7916666666666666,30000.0,675999.0,0.044378763873911056,22.5333,11,2,37157.84210526316,96000.0,82.6808953033268,76.0,0.38,6,1,0.0,0.0,0.0
M00153,1,21,0.875,50000.0,797998.0,0.06265679863859308,15.95996,12,1,40380.857142857145,100000.0,40.476692873446616,57.0,0.41,6,1,0.0,0.0,0.0
M00154,1,11,0.4583333333333333,170000.0,236999.0,0.7173026046523403,1.3941117647058823,6,3,36999.90909090909,60000.0,10.472316733683884,53.0,0.37,6,1,0.0,0.0,0.0
M00155,1,11,0.4583333333333333,95000.0,444497.0,0.21372472705102621,4.678915789473685,5,2,49045.181818181816,100000.0,50.78804844606947,62.0,0.51,6,1,0.1,0.0,0.0
M00156,1,49,2.0416666666666665,85000.0,1908985.0,0.04452627967218181,22.45864705882353,28,2,40693.57142857143,101000.0,108.15166279530905,65.0,0.33,6,1,0.0,0.0,0.0
M00157,1,17,0.7083333333333334,185000.0,680497.0,0.27186012576102464,3.6783621621621623,11,4,50911.58823529412,100999.0,45.378567618031475,21.0,0.63,6,1,0.0,0.0,0.0
M00158,1,28,1.1666666666666667,135000.0,1054493.0,0.1280236094502287,7.81105925925926,14,2,42481.892857142855,100500.0,61.799976557463516,59.0,0.42,6,1,0.0,0.0,0.0
M00159,1,14,0.5833333333333334,85000.0,529999.0,0.1603776610899266,6.2352823529411765,9,2,43928.5,100500.0,26.873491532298956,24.0,0.67,6,1,0.0,0.0,0.0
M00160,1,8,0.3333333333333333,160000.0,145500.0,1.0996563573883162,0.909375,4,3,38187.5,75000.0,13.73548569810252,36.0,0.52,6,1,0.0,0.0,0.0
M00161,1,32,1.3333333333333333,85000.0,1440490.0,0.05900769876916882,16.946941176470588,21,2,47671.5625,101000.0,82.07920227920228,81.0,0.5,6,1,0.0,0.0,0.0
M00162,1,7,0.2916666666666667,35000.0,302500.0,0.11570247933884298,8.642857142857142,6,1,48214.28571428572,101000.0,22.38916438457553,26.0,0.49,6,1,0.4,0.0,0.0
M00163,1,15,0.625,0.0,650998.0,0.0,0.0,9,0,43399.86666666667,100000.0,34.23602419142782,1.0,0.5,6,1,0.0,0.0,0.0
M00164,1,21,0.875,205000.0,872998.0,0.23482298928519882,4.258526829268293,12,4,51333.23809523809,100500.0,94.42920497566251,39.0,0.33,6,1,0.05,0.0,0.0
M00165,1,7,0.2916666666666667,100000.0,247498.0,0.4040436690397498,2.47498,3,1,49642.57142857143,95500.0,14.188144920889703,51.0,0.41,6,1,0.0,0.0,0.0
M00166,1,36,1.5,90000.0,1296987.0,0.06939159760275161,14.410966666666667,17,3,38527.416666666664,100500.0,55.4410105155168,44.0,0.62,5,1,0.0,0.0,0.0
M00167,1,57,2.375,160000.0,2568486.0,0.06229350675845615,16.0530375,25,3,47868.17543859649,101000.0,234.28678281492293,57.0,0.48,5,1,0.0,0.0,0.0
M00168,1,32,1.3333333333333333,295000.0,864496.0,0.3412392885565694,2.930494915254237,12,4,36234.25,101000.0,47.437225636523266,88.0,0.6,5,1,0.03225806451612903,0.25,0.0
M00169,1,9,0.375,150000.0,292999.0,0.5119471397513302,1.9533266666666667,5,3,49222.11111111111,101000.0,24.426761150479365,80.0,0.64,5,1,0.125,0.3333333333333333,0.0
M00170,1,13,0.5416666666666666,170000.0,361999.0,0.4696145569462899,2.129405882352941,5,3,40923.0,95500.0,41.01506911398142,15.0,0.58,5,1,0.0,0.0,0.0
M00171,1,11,0.4583333333333333,130000.0,166499.0,0.7807854701830041,1.2807615384615385,4,3,26954.454545454544,60000.0,7.301306788282758,32.0,0.58,5,1,0.1,0.3333333333333333,0.0
M00172,1,35,1.4583333333333333,100000.0,1686496.0,0.05929453731286644,16.86496,17,2,51042.74285714285,100500.0,129.67061356297094,85.0,0.49,5,1,0.06060606060606061,0.5,0.0
M00173,1,21,0.875,85000.0,878496.0,0.09675627435981496,10.33524705882353,9,2,45880.76190476191,101000.0,38.54574174016059,7.0,0.42,5,1,0.0,0.0,0.0
M00174,1,44,1.8333333333333333,185000.0,2012488.0,0.09192601396877895,10.878313513513513,22,4,49942.90909090909,101000.0,101.0183716494328,87.0,0.62,5,1,0.0,0.0,0.0
M00175,1,66,2.75,285000.0,2831982.0,0.10063623285741223,9.93677894736842,27,4,47227.0,101000.0,154.64325888712935,18.0,0.51,5,1,0.0,0.0,0.0
M00176,1,9,0.375,205000.0,77999.0,2.6282388235746614,0.3804829268292683,3,3,31444.333333333332,60000.0,7.8548841893252765,24.0,0.39,6,1,0.0,0.0,0.0
M00177,1,19,0.7916666666666666,170000.0,585498.0,0.29035111990134893,3.4441058823529414,6,3,39763.05263157895,96000.0,38.88543534568639,37.0,0.51,6,1,0.05555555555555555,0.0,0.0
M00178,1,9,0.375,135000.0,142500.0,0.9473684210526315,1.0555555555555556,3,4,30833.333333333332,50500.0,8.567821067821068,39.0,0.43,6,1,0.0,0.0,0.0
M00179,1,8,0.3333333333333333,15000.0,245999.0,0.0609758576254375,16.399933333333333,4,1,32624.875,60000.0,15.07069778839674,25.0,0.6,6,1,0.0,0.0,0.0
M00180,1,17,0.7083333333333334,35000.0,829997.0,0.04216882711624259,23.7142,11,1,50882.17647058824,101000.0,37.86137213757869,66.0,0.31,6,1,0.0,0.0,0.0
M00181,1,20,0.8333333333333334,15000.0,965495.0,0.015536072170233922,64.36633333333333,14,1,49024.75,100500.0,41.93064362025537,13.0,0.51,6,1,0.0,0.0,0.0
M00182,1,12,0.5,50000.0,427998.0,0.11682297580829817,8.55996,7,2,39833.166666666664,96000.0,48.3996381318557,39.0,0.3,6,1,0.0,0.0,0.0
M00183,1,37,1.5416666666666667,155000.0,1475494.0,0.10504956306159158,9.519316129032259,22,3,44067.40540540541,100999.0,81.78559946787873,62.0,0.49,6,1,0.05714285714285714,0.3333333333333333,0.0
M00184,1,10,0.4166666666666667,180000.0,232998.0,0.7725388200757088,1.2944333333333333,3,3,41299.8,95500.0,17.411298759527725,10.0,0.34,6,1,0.0,0.0,0.0
M00185,1,27,1.125,90000.0,894492.0,0.10061576850323983,9.9388,15,3,36462.666666666664,100999.0,91.57371007371007,65.0,0.4,6,1,0.0,0.0,0.0
M00186,1,21,0.875,415000.0,646497.0,0.6419209988600102,1.557824096385542,8,4,50547.47619047619,101000.0,33.24062933826932,30.0,0.64,6,1,0.0,0.0,0.0
M00187,1,17,0.7083333333333334,240000.0,585497.0,0.40990816349187104,2.4395708333333332,8,5,48558.64705882353,96000.0,24.596580406654343,48.0,0.31,6,1,0.0625,0.2,0.0
M00188,1,29,1.2083333333333333,80000.0,1116997.0,0.07162060417351165,13.9624625,13,3,41275.75862068965,100500.0,111.78913130504404,49.0,0.46,6,1,0.0,0.0,0.0
M00189,1,8,0.3333333333333333,110000.0,328498.0,0.33485744205444173,2.9863454545454546,5,2,54812.25,95500.0,34.831725161700774,37.0,0.61,6,1,0.0,0.0,0.0
M00190,1,9,0.375,110000.0,428499.0,0.2567100506652291,3.8954454545454547,5,1,59833.22222222222,96000.0,24.328564128768523,56.0,0.65,6,1,0.0,0.0,0.0
M00191,1,56,2.3333333333333335,110000.0,2801487.0,0.039264861839444554,25.468063636363638,33,2,51990.83928571428,101000.0,309.89900442477875,25.0,0.6,6,1,0.0,0.0,0.0
M00192,1,10,0.4166666666666667,85000.0,207997.0,0.40865974028471563,2.447023529411765,8,2,29299.7,50000.0,9.769245220985393,63.0,0.39,6,1,0.0,0.0,0.0
M00193,1,30,1.25,230000.0,871995.0,0.2637629802923182,3.7912826086956524,14,3,36733.166666666664,101000.0,79.38774581209032,57.0,0.39,6,1,0.0,0.0,0.0
M00194,1,18,0.75,85000.0,738997.0,0.11502076463097956,8.694082352941177,11,3,45777.61111111111,100000.0,40.88051114676108,6.0,0.62,6,1,0.0,0.0,0.0
M00195,1,18,0.75,275000.0,356995.0,0.7703189120295802,1.2981636363636364,5,4,35110.833333333336,75999.0,14.925164095488942,9.0,0.67,6,1,0.058823529411764705,0.25,0.0
M00196,1,41,1.7083333333333333,110000.0,1435489.0,0.07662893968536158,13.0499,25,3,37694.85365853659,100999.0,75.01118252599676,35.0,0.6,6,1,0.0,0.0,0.0
M00197,1,6,0.25,50000.0,207499.0,0.24096501669887566,4.14998,4,1,42916.5,96000.0,11.548895196749596,32.0,0.49,6,1,0.0,0.0,0.0
M00198,1,24,1.0,120000.0,1070996.0,0.11204523639677459,8.924966666666666,10,3,49624.833333333336,100999.0,61.97176252748525,89.0,0.54,6,1,0.0,0.0,0.0
M00199,1,21,0.875,235000.0,736499.0,0.3190771474231465,3.1340382978723405,11,5,46261.857142857145,100000.0,73.11615208974486,56.0,0.41,6,1,0.05,0.2,0.0
M00200,1,13,0.5416666666666666,130000.0,520497.0,0.24976128584794918,4.0038230769230765,7,2,50038.230769230766,100999.0,60.75604062098751,25.0,0.64,6,1,0.0,0.0,0.0
L00001,0,2,0.08333333333333333,12795.0,1346.0,9.50594353640416,0.10519734271199688,1,1,7070.5,12795.0,0.01217394450273145,1783.0,0.86,2,0,0.0,0.0,0.0
L00002,0,4,0.16666666666666666,26944.0,1879.0,14.339542309739223,0.0697372327790974,1,3,7205.75,18599.0,0.03758451014121695,1564.0,0.92,2,0,0.0,0.0,0.0
L00003,0,3,0.125,2718.0,14502.0,0.18742242449317337,5.335540838852097,1,2,5740.0,14502.0,0.07534524143520684,1160.0,0.86,3,0,0.5,0.5,0.0
L00004,0,4,0.16666666666666666,1898.0,45434.0,0.041774882246775544,23.937829293993676,3,1,11833.0,38339.0,0.2422294019171918,682.0,0.94,1,0,0.3333333333333333,0.0,0.0
L00005,0,2,0.08333333333333333,43908.0,0.0,0.0,0.0,0,2,21954.0,43291.0,0.0,2452.0,0.93,3,0,0.0,0.0,0.0
L00006,0,3,0.125,13550.0,516.0,26.25968992248062,0.03808118081180812,1,2,4688.666666666667,10386.0,0.002682498258455588,2748.0,0.95,2,0,0.5,0.5,0.0
L00007,0,4,0.16666666666666666,3427.0,48811.0,0.07020958390526726,14.243069740297637,2,2,13059.5,42969.0,0.235725634697948,727.0,0.89,2,0,0.0,0.0,0.0
L00008,0,5,0.20833333333333334,1217.0,18713.0,0.06503500240474537,15.37633525061627,4,1,3986.0,14513.0,0.09446096222672044,2834.0,0.88,1,0,0.0,0.0,0.0
L00009,0,3,0.125,1083.0,9581.0,0.11303621751382946,8.846722068328717,2,1,3554.6666666666665,8638.0,0.1628286398939515,1419.0,0.97,2,0,0.0,0.0,0.0
L00010,0,8,0.3333333333333333,9478.0,3013.0,3.1457019581812147,0.31789407047900403,3,5,1561.375,4643.0,0.016170756316953264,1939.0,0.87,1,0,0.0,0.0,0.0
L00011,0,6,0.25,3661.0,15467.0,0.2366974849679964,4.224801966675772,3,3,3188.0,13992.0,0.17555588345459291,1912.0,0.85,1,0,0.2,0.3333333333333333,0.0
L00012,0,3,0.125,1864.0,1818.0,1.0253025302530252,0.9753218884120172,2,1,1227.3333333333333,1864.0,0.021886737937012426,1621.0,0.94,1,0,0.0,0.0,0.0
L00013,0,5,0.20833333333333334,27553.0,36782.0,0.7490892284269479,1.334954451420898,3,2,12867.0,34081.0,0.6713023799094758,2777.0,0.97,1,0,0.0,0.0,0.0
L00014,0,6,0.25,40257.0,44632.0,0.9019761606022585,1.1086767518692402,3,3,14148.166666666666,43291.0,0.45428359135647906,1621.0,0.99,4,0,0.2,0.0,0.0
L00015,0,2,0.08333333333333333,5558.0,1800.0,3.0877777777777777,0.3238575026988125,1,1,3679.0,5558.0,0.008637733458740426,2449.0,0.87,1,0,1.0,0.0,0.0
L00016,0,1,0.041666666666666664,1799.0,0.0,0.0,0.0,0,1,1799.0,1799.0,0.0,1095.0,0.87,2,0,0.0,0.0,0.0
L00017,0,2,0.08333333333333333,0.0,18897.0,0.0,0.0,2,0,9448.5,17548.0,0.43478360904677543,386.0,0.94,4,0,1.0,0.0,0.0
L00018,0,2,0.08333333333333333,0.0,3133.0,0.0,0.0,2,0,1566.5,1878.0,0.018038298999343644,1051.0,1.0,3,0,0.0,0.0,0.0
L00019,0,3,0.125,49970.0,15872.0,3.148311491935484,0.3176305783470082,1,2,21947.333333333332,43565.0,0.40600619036656177,2872.0,0.85,3,0,0.0,0.0,0.0
L00020,0,0,0.0,0.0,0.0,0.0,0.0,0,0,0.0,0.0,0.0,2871.0,0.95,1,0,0.0,0.0,0.0
L00021,0,2,0.08333333333333333,0.0,3159.0,0.0,0.0,2,0,1579.5,2393.0,0.026656653193482243,880.0,0.91,1,0,0.0,0.0,0.0
L00022,0,6,0.25,21270.0,14540.0,1.4628610729023384,0.6835919134931829,2,4,5968.333333333333,16577.0,0.07636915610506799,2569.0,0.89,2,0,0.2,0.0,0.0
L00023,0,3,0.125,374.0,11434.0,0.03270946300507259,30.572192513368982,2,1,3936.0,9838.0,0.05363064554711795,1927.0,0.98,3,0,0.5,0.0,0.3333333333333333
L00024,0,2,0.08333333333333333,0.0,15106.0,0.0,0.0,2,0,7553.0,12594.0,0.0780220234282999,385.0,0.99,2,0,0.0,0.0,0.0
L00025,0,2,0.08333333333333333,0.0,4915.0,0.0,0.0,2,0,2457.5,3647.0,0.053013633618086115,2341.0,0.92,3,0,0.0,0.0,0.0
L00026,0,1,0.041666666666666664,1403.0,0.0,0.0,0.0,0,1,1403.0,1403.0,0.0,2345.0,0.88,1,0,0.0,0.0,0.0
L00027,0,3,0.125,0.0,15019.0,0.0,0.0,3,0,5006.333333333333,12575.0,0.11084214643650507,1659.0,0.92,1,0,0.0,0.0,0.0
L00028,0,2,0.08333333333333333,0.0,16347.0,0.0,0.0,2,0,8173.5,14752.0,0.2577293581597742,2045.0,0.86,2,0,0.0,0.0,0.0
L00029,0,2,0.08333333333333333,1642.0,9630.0,0.17050882658359293,5.864799025578563,1,1,5636.0,9630.0,0.052793737116793124,2400.0,0.85,4,0,0.0,0.0,0.5
L00030,0,1,0.041666666666666664,1998.0,0.0,0.0,0.0,0,1,1998.0,1998.0,0.0,742.0,0.94,3,0,1.0,1.0,0.0
L00031,0,4,0.16666666666666666,42732.0,0.0,0.0,0.0,0,4,10683.0,14546.0,0.0,2867.0,0.87,1,0,1.0,0.5,0.0
L00032,0,0,0.0,0.0,0.0,0.0,0.0,0,0,0.0,0.0,0.0,1381.0,0.87,2,0,0.0,0.0,0.0
L00033,0,4,0.16666666666666666,3482.0,1518.0,2.2938076416337285,0.43595634692705343,1,3,1250.0,1744.0,0.006991976269656297,1732.0,0.91,2,0,0.0,0.0,0.0
L00034,0,0,0.0,0.0,0.0,0.0,0.0,0,0,0.0,0.0,0.0,638.0,0.95,2,0,0.0,0.0,0.0
L00035,0,1,0.041666666666666664,10899.0,0.0,0.0,0.0,0,1,10899.0,10899.0,0.0,1932.0,0.95,2,0,0.0,0.0,0.0
L00036,0,4,0.16666666666666666,45738.0,6658.0,6.869630519675578,0.1455682364773274,1,3,13099.0,29995.0,0.1223604653299763,1143.0,0.92,4,0,0.3333333333333333,0.3333333333333333,0.0
L00037,0,1,0.041666666666666664,2244.0,0.0,0.0,0.0,0,1,2244.0,2244.0,0.0,2060.0,0.85,4,0,0.0,0.0,0.0
L00038,0,2,0.08333333333333333,10072.0,2088.0,4.823754789272031,0.2073073868149325,1,1,6080.0,10072.0,0.009984268083336122,1078.0,0.97,2,0,0.0,0.0,0.0
L00039,0,2,0.08333333333333333,0.0,7267.0,0.0,0.0,2,0,3633.5,5808.0,0.17662785893104538,2133.0,0.9,1,0,0.0,0.0,0.0
L00040,0,3,0.125,3383.0,956.0,3.538702928870293,0.2825894176766184,1,2,1446.3333333333333,2288.0,0.013248520628057484,2606.0,1.0,1,0,0.5,0.5,0.0
L00041,0,4,0.16666666666666666,0.0,23997.0,0.0,0.0,4,0,5999.25,10608.0,0.44155963640378315,470.0,0.88,2,0,0.0,0.0,0.0
L00042,0,2,0.08333333333333333,1346.0,1827.0,0.7367268746579091,1.3573551263001487,1,1,1586.5,1827.0,0.012255822689706987,2290.0,0.94,5,0,0.0,0.0,0.0
L00043,0,3,0.125,13834.0,16057.0,0.8615557077909946,1.1606910510336852,2,1,9963.666666666666,14801.0,0.09608813514694178,1080.0,0.98,2,0,0.5,0.0,0.0
L00044,0,2,0.08333333333333333,0.0,6873.0,0.0,0.0,2,0,3436.5,6508.0,0.1379511059371362,475.0,0.97,4,0,1.0,0.0,0.0
L00045,0,6,0.25,38668.0,28339.0,1.364480045167437,0.7328799006930795,4,2,11167.833333333334,37911.0,0.18394542456932922,386.0,0.92,3,0,0.0,0.0,0.0
L00046,0,5,0.20833333333333334,18505.0,4369.0,4.235523002975509,0.23609835179681168,2,3,4574.8,14455.0,0.094636745656977,378.0,0.86,1,0,0.6666666666666666,0.6666666666666666,0.0
L00047,0,3,0.125,0.0,4610.0,0.0,0.0,3,0,1536.6666666666667,2255.0,0.061015154523195024,1925.0,0.98,1,0,0.0,0.0,0.0
L00048,0,2,0.08333333333333333,0.0,12558.0,0.0,0.0,2,0,6279.0,11778.0,0.06934481901764267,1049.0,0.88,3,0,0.0,0.0,0.0
L00049,0,2,0.08333333333333333,2248.0,3218.0,0.6985705407085147,1.4314946619217082,1,1,2733.0,3218.0,0.041648870769429885,2354.0,0.96,2,0,0.0,0.0,0.0
L00050,0,2,0.08333333333333333,0.0,2971.0,0.0,0.0,2,0,1485.5,2354.0,0.04131208632293231,1447.0,0.95,3,0,1.0,0.0,0.0
L00051,0,0,0.0,0.0,0.0,0.0,0.0,0,0,0.0,0.0,0.0,2347.0,0.88,3,0,0.0,0.0,0.0
L00052,0,0,0.0,0.0,0.0,0.0,0.0,0,0,0.0,0.0,0.0,523.0,0.91,2,0,0.0,0.0,0.0
L00053,0,4,0.16666666666666666,968.0,6591.0,0.14686693976634804,6.808884297520661,3,1,1889.75,2847.0,0.05133297506951097,1752.0,0.97,4,0,0.3333333333333333,0.0,0.0
L00054,0,6,0.25,7630.0,4181.0,1.8249222674001435,0.5479685452162516,3,3,1968.5,5460.0,0.10339284831099461,972.0,0.94,1,0,0.2,0.0,0.0
L00055,0,2,0.08333333333333333,877.0,14834.0,0.059120938384791696,16.91448118586089,1,1,7855.5,14834.0,0.08164141400243262,2990.0,0.94,3,0,0.0,0.0,0.0
L00056,0,3,0.125,5187.0,1855.0,2.7962264150943397,0.3576248313090418,1,2,2347.3333333333335,4915.0,0.01828613112782548,1759.0,0.89,1,0,0.5,0.5,0.0
L00057,0,0,0.0,0.0,0.0,0.0,0.0,0,0,0.0,0.0,0.0,2433.0,0.96,2,0,0.0,0.0,0.0
L00058,0,2,0.08333333333333333,3082.0,1556.0,1.980719794344473,0.5048669695003245,1,1,2319.0,3082.0,0.01970967496769944,842.0,0.88,3,0,0.0,0.0,0.0
L00059,0,6,0.25,12551.0,1908.0,6.578092243186583,0.15201975938172257,2,4,2409.8333333333335,7637.0,0.01513420902341519,2705.0,0.98,4,0,0.5,0.5,0.0
L00060,0,1,0.041666666666666664,6476.0,0.0,0.0,0.0,0,1,6476.0,6476.0,0.0,745.0,0.92,4,0,0.0,0.0,0.0
L00061,0,2,0.08333333333333333,31640.0,0.0,0.0,0.0,0,2,15820.0,19934.0,0.0,1202.0,0.95,3,0,0.0,0.0,0.0
L00062,0,3,0.125,984.0,44613.0,0.022056351287741242,45.33841463414634,2,1,15199.0,42637.0,0.31012046685249933,1617.0,0.85,2,0,0.0,0.0,0.0
L00063,0,3,0.125,2499.0,40435.0,0.06180289353283047,16.18047218887555,2,1,14311.333333333334,39961.0,0.5156538927501115,665.0,0.89,3,0,0.0,0.0,0.0
L00064,0,1,0.041666666666666664,10610.0,0.0,0.0,0.0,0,1,10610.0,10610.0,0.0,634.0,0.9,2,0,0.0,0.0,0.0
L00065,0,1,0.041666666666666664,11572.0,0.0,0.0,0.0,0,1,11572.0,11572.0,0.0,1645.0,0.92,1,0,0.0,0.0,0.0
L00066,0,5,0.20833333333333334,15456.0,16844.0,0.9175967703633341,1.0898033126293996,2,3,6460.0,12722.0,0.1145655500765176,2368.0,0.91,1,0,0.25,0.3333333333333333,0.0
L00067,0,4,0.16666666666666666,1452.0,7317.0,0.1984419844198442,5.039256198347108,3,1,2192.25,2526.0,0.04421228179362768,2577.0,0.97,3,0,0.3333333333333333,0.0,0.0
L00068,0,2,0.08333333333333333,0.0,4591.0,0.0,0.0,2,0,2295.5,3403.0,0.03403690605932549,2107.0,0.93,3,0,0.0,0.0,0.0
L00069,0,3,0.125,0.0,41555.0,0.0,0.0,3,0,13851.666666666666,37911.0,0.19952178150792468,1333.0,0.93,2,0,0.0,0.0,0.0
L00070,0,4,0.16666666666666666,6933.0,11013.0,0.6295287387632797,1.5884898312418867,2,2,4486.5,8652.0,0.053006492850163886,1423.0,0.92,2,0,0.3333333333333333,0.0,0.0
L00071,0,2,0.08333333333333333,0.0,40705.0,0.0,0.0,2,0,20352.5,25847.0,0.3751059751557374,1594.0,0.95,3,0,0.0,0.0,0.0
L00072,0,5,0.20833333333333334,44113.0,10490.0,4.2052430886558625,0.23779838142951057,1,4,10920.6,27262.0,0.06845560500659105,490.0,0.99,1,0,0.6666666666666666,0.5,0.0
L00073,0,2,0.08333333333333333,0.0,2099.0,0.0,0.0,2,0,1049.5,1820.0,0.021333252025083595,2907.0,0.93,2,0,0.0,0.0,0.0
L00074,0,4,0.16666666666666666,0.0,19331.0,0.0,0.0,4,0,4832.75,14513.0,0.314039248814088,2796.0,0.87,1,0,0.0,0.0,0.0
L00075,0,1,0.041666666666666664,1594.0,0.0,0.0,0.0,0,1,1594.0,1594.0,0.0,739.0,0.87,3,0,0.0,0.0,0.0
L00076,0,1,0.041666666666666664,2092.0,0.0,0.0,0.0,0,1,2092.0,2092.0,0.0,1746.0,0.98,2,0,0.0,0.0,0.0
L00077,0,4,0.16666666666666666,4867.0,6817.0,0.7139504180724658,1.4006574892130677,1,3,2921.0,6817.0,0.04223641737040043,1507.0,0.99,3,0,0.0,0.0,0.0
L00078,0,1,0.041666666666666664,8262.0,0.0,0.0,0.0,0,1,8262.0,8262.0,0.0,667.0,0.94,2,0,0.0,0.0,0.0
L00079,0,4,0.16666666666666666,38807.0,926.0,41.90820734341253,0.023861674440178317,1,3,9933.25,24985.0,0.012363150867823766,2352.0,0.95,3,0,0.0,0.0,0.0
L00080,0,2,0.08333333333333333,10341.0,1218.0,8.490147783251231,0.11778357992457208,1,1,5779.5,10341.0,0.012242805592690502,1457.0,0.94,3,0,1.0,0.0,0.0
L00081,0,2,0.08333333333333333,41419.0,2480.0,16.701209677419357,0.059875902363649536,1,1,21949.5,41419.0,0.011336210049001682,1973.0,0.98,3,0,0.0,0.0,0.0
L00082,0,4,0.16666666666666666,47907.0,19351.0,2.47568601105886,0.4039284446949298,2,2,16814.5,42637.0,0.12456789726093534,853.0,0.87,2,0,0.0,0.0,0.0
L00083,0,1,0.041666666666666664,14910.0,0.0,0.0,0.0,0,1,14910.0,14910.0,0.0,2002.0,0.92,4,0,0.0,0.0,0.0
L00084,0,2,0.08333333333333333,0.0,1240.0,0.0,0.0,2,0,620.0,768.0,0.01186602870813397,1215.0,0.98,3,0,0.0,0.0,0.0
L00085,0,4,0.16666666666666666,0.0,30824.0,0.0,0.0,4,0,7706.0,13576.0,0.29250887281975363,1075.0,0.93,1,0,0.0,0.0,0.0
L00086,0,5,0.20833333333333334,5298.0,44318.0,0.11954510582607518,8.365043412608532,4,1,9923.2,40559.0,0.3780818645600505,669.0,0.93,4,0,0.0,0.0,0.0
L00087,0,6,0.25,43009.0,33996.0,1.2651194258148017,0.7904392103978237,3,3,12834.166666666666,35800.0,0.32296862085672756,1326.0,0.92,4,0,0.0,0.0,0.0
L00088,0,3,0.125,6966.0,0.0,0.0,0.0,0,3,2322.0,2599.0,0.0,1838.0,0.92,2,0,0.0,0.0,0.0
L00089,0,0,0.0,0.0,0.0,0.0,0.0,0,0,0.0,0.0,0.0,1521.0,0.91,3,0,0.0,0.0,0.0
L00090,0,6,0.25,12540.0,30190.0,0.41536932759191786,2.4074960127591707,4,2,7121.666666666667,14342.0,0.16283447409157348,407.0,0.96,1,0,0.2,0.0,0.0
L00091,0,0,0.0,0.0,0.0,0.0,0.0,0,0,0.0,0.0,0.0,2839.0,0.85,1,0,0.0,0.0,0.0
L00092,0,5,0.20833333333333334,15342.0,36043.0,0.42565824154482146,2.349302568113675,1,4,10277.0,36043.0,0.2308687603686931,1512.0,0.99,1,0,0.25,0.0,0.0
L00093,0,3,0.125,9977.0,5074.0,1.9662987780843515,0.5085697103337676,2,1,5017.0,9977.0,0.07147082852072006,1153.0,0.92,2,0,0.0,0.0,0.3333333333333333
L00094,0,4,0.16666666666666666,17548.0,5030.0,3.4886679920477137,0.28664235240483243,3,1,5644.5,17548.0,0.054763797101764856,737.0,0.89,4,0,1.0,0.0,0.0
L00095,0,1,0.041666666666666664,10971.0,0.0,0.0,0.0,0,1,10971.0,10971.0,0.0,2036.0,0.9,2,0,0.0,0.0,0.0
L00096,0,3,0.125,11688.0,44504.0,0.26262807837497754,3.80766598220397,1,2,18730.666666666668,44504.0,0.6495701545692059,2502.0,0.87,3,0,0.5,0.5,0.0
L00097,0,1,0.041666666666666664,0.0,2310.0,0.0,0.0,1,0,2310.0,2310.0,0.013901091626848966,1427.0,0.93,1,0,0.0,0.0,0.0
L00098,0,3,0.125,0.0,15925.0,0.0,0.0,3,0,5308.333333333333,12651.0,0.07471544791735088,809.0,0.89,1,0,0.0,0.0,0.0
L00099,0,2,0.08333333333333333,4461.0,3082.0,1.4474367293964958,0.6908764850930285,1,1,3771.5,4461.0,0.07162111916713143,2210.0,0.93,2,0,0.0,0.0,0.0
L00100,0,4,0.16666666666666666,14962.0,814.0,18.380835380835382,0.054404491378158,1,3,3944.0,13064.0,0.004363441436612168,2553.0,0.94,2,0,0.0,0.0,0.0
L00101,0,2,0.08333333333333333,2327.0,869.0,2.6777905638665134,0.3734422002578427,1,1,1598.0,2327.0,0.012905812813734518,885.0,0.95,7,0,1.0,0.0,0.0
L00102,0,4,0.16666666666666666,0.0,24410.0,0.0,0.0,4,0,6102.5,14578.0,0.17691226137500182,2996.0,0.97,1,0,1.0,0.0,0.0
L00103,0,5,0.20833333333333334,9187.0,25503.0,0.36023212955338585,2.775987808860346,2,3,6938.0,13360.0,0.1325051437122015,414.0,0.96,1,0,0.6666666666666666,0.6666666666666666,0.0
L00104,0,5,0.20833333333333334,2738.0,13550.0,0.20206642066420663,4.948867786705624,3,1,3257.6,6398.0,0.2161222406533112,510.0,0.96,1,0,0.0,0.0,0.0
L00105,0,3,0.125,42359.0,1978.0,21.415065722952477,0.046696097641587386,1,2,14779.0,41595.0,0.010163499779054353,1949.0,0.96,4,0,0.0,0.0,0.0
L00106,0,5,0.20833333333333334,4254.0,35251.0,0.12067742759070664,8.286553831687824,2,3,7901.0,32153.0,0.22925243065717166,1026.0,0.85,2,0,0.25,0.0,0.0
L00107,0,2,0.08333333333333333,3622.0,0.0,0.0,0.0,0,2,1811.0,2181.0,0.0,1014.0,0.89,1,0,0.0,0.0,0.0
L00108,0,3,0.125,10179.0,0.0,0.0,0.0,0,3,3393.0,5799.0,0.0,1134.0,0.89,2,0,0.0,0.0,0.0
L00109,0,5,0.20833333333333334,1355.0,22385.0,0.06053160598615144,16.52029520295203,4,1,4748.0,18778.0,0.38100182118359915,2871.0,1.0,3,0,0.0,0.0,0.0
L00110,0,2,0.08333333333333333,3940.0,2452.0,1.6068515497553018,0.6223350253807106,1,1,3196.0,3940.0,0.02860475968268782,1490.0,0.94,4,0,0.0,0.0,0.0
L00111,0,3,0.125,5832.0,33387.0,0.1746787671848324,5.724794238683128,2,1,13073.0,32832.0,0.30568577183665996,717.0,0.94,1,0,0.5,1.0,0.0
L00112,0,4,0.16666666666666666,24553.0,0.0,0.0,0.0,0,4,6138.25,11762.0,0.0,2837.0,0.94,2,0,0.0,0.0,0.25
L00113,0,7,0.2916666666666667,12270.0,22994.0,0.5336174654257633,1.87400162999185,3,4,5037.714285714285,12126.0,0.14986443505917932,2929.0,0.86,1,0,0.75,0.5,0.0
L00114,0,3,0.125,35046.0,2344.0,14.95136518771331,0.06688352451064315,1,2,12463.333333333334,23152.0,0.030165757232574898,1950.0,0.95,2,0,0.0,0.0,0.0
L00115,0,2,0.08333333333333333,0.0,2976.0,0.0,0.0,2,0,1488.0,1737.0,0.018902318963929344,1518.0,1.0,1,0,0.0,0.0,0.0
L00116,0,3,0.125,3102.0,709.0,4.375176304654443,0.22856221792392006,1,2,1270.3333333333333,2078.0,0.015370607236542589,1859.0,0.92,2,0,0.5,0.5,0.0
L00117,0,0,0.0,0.0,0.0,0.0,0.0,0,0,0.0,0.0,0.0,2865.0,0.88,1,0,0.0,0.0,0.0
L00118,0,3,0.125,22228.0,4421.0,5.027821759782855,0.19889328774518625,1,2,8883.0,21425.0,0.023637287138770818,2858.0,0.91,1,0,0.0,0.0,0.0
L00119,0,4,0.16666666666666666,38824.0,0.0,0.0,0.0,0,4,9706.0,34502.0,0.0,2296.0,1.0,4,0,1.0,0.5,0.0
L00120,0,2,0.08333333333333333,13095.0,0.0,0.0,0.0,0,2,6547.5,10890.0,0.0,712.0,1.0,4,0,0.0,0.0,0.0
L00121,0,4,0.16666666666666666,20795.0,489.0,42.52556237218814,0.023515268093291658,1,3,5321.0,11690.0,0.0037220843672456576,2733.0,0.98,3,0,0.3333333333333333,0.3333333333333333,0.0
L00122,0,6,0.25,29286.0,18285.0,1.6016406890894175,0.624359762343782,3,3,7928.5,14513.0,0.12390729823134783,2131.0,0.98,2,0,0.0,0.0,0.0
L00123,0,1,0.041666666666666664,0.0,1864.0,0.0,0.0,1,0,1864.0,1864.0,0.020465749514158037,2921.0,0.86,3,0,0.0,0.0,0.0
L00124,0,3,0.125,14801.0,3821.0,3.873593300183198,0.2581582325518546,2,1,6207.333333333333,14801.0,0.018340389175282475,2773.0,0.86,2,0,0.5,1.0,0.0
L00125,0,2,0.08333333333333333,3912.0,0.0,0.0,0.0,0,2,1956.0,3480.0,0.0,1568.0,0.89,2,0,0.0,0.0,0.0
L00126,0,2,0.08333333333333333,10608.0,6017.0,1.7630048196775803,0.5672134238310709,1,1,8312.5,10608.0,0.04258345777394037,1807.0,0.97,2,0,0.0,0.0,0.0
L00127,0,5,0.20833333333333334,23180.0,10624.0,2.1818524096385543,0.4583261432269198,2,3,6760.8,11215.0,0.09793600604725339,854.0,0.93,3,0,0.0,0.0,0.2
L00128,0,8,0.3333333333333333,6967.0,15454.0,0.45082179371036624,2.2181713793598394,4,4,2802.625,6918.0,0.11575162909145383,2191.0,0.95,2,0,0.0,0.0,0.0
L00129,0,2,0.08333333333333333,1932.0,0.0,0.0,0.0,0,2,966.0,1036.0,0.0,1312.0,0.97,3,0,2.0,1.0,0.0
L00130,0,5,0.20833333333333334,20708.0,2484.0,8.336553945249598,0.119953641104887,2,3,4638.4,10913.0,0.01171118078310271,494.0,0.88,4,0,0.0,0.0,0.2
L00131,0,7,0.2916666666666667,9675.0,5597.0,1.7286046096122922,0.578501291989664,4,3,2181.714285714286,7389.0,0.028780344829359344,2350.0,0.87,1,0,0.16666666666666666,0.3333333333333333,0.0
L00132,0,3,0.125,43645.0,13962.0,3.12598481592895,0.31989918661931493,2,1,19202.333333333332,43645.0,0.0740976611632091,1498.0,0.98,4,0,0.0,0.0,0.0
L00133,0,2,0.08333333333333333,1294.0,372.0,3.478494623655914,0.2874806800618238,1,1,833.0,1294.0,0.0023504584025728676,2325.0,0.97,1,0,0.0,0.0,0.0
L00134,0,4,0.16666666666666666,6051.0,8813.0,0.6865993418813117,1.4564534787638408,3,1,3716.0,6051.0,0.04134123287221417,1328.0,0.87,2,0,0.3333333333333333,1.0,0.0
L00135,0,2,0.08333333333333333,0.0,2636.0,0.0,0.0,2,0,1318.0,1501.0,0.020491771418798634,456.0,0.9,4,0,0.0,0.0,0.0
L00136,0,2,0.08333333333333333,3835.0,0.0,0.0,0.0,0,2,1917.5,2231.0,0.0,2859.0,0.95,3,0,0.0,0.0,0.0
L00137,0,6,0.25,19502.0,536.0,36.384328358208954,0.027484360578402214,1,5,3339.6666666666665,13768.0,0.0038444434881152187,2879.0,0.91,1,0,0.2,0.2,0.0
L00138,0,4,0.16666666666666666,10960.0,42571.0,0.25745225623076745,3.8842153284671532,3,1,13382.75,40220.0,0.24390816846857685,1006.0,0.92,2,0,0.0,0.0,0.0
L00139,0,0,0.0,0.0,0.0,0.0,0.0,0,0,0.0,0.0,0.0,821.0,0.91,2,0,0.0,0.0,0.0
L00140,0,4,0.16666666666666666,21222.0,26029.0,0.8153213723154943,1.2265102252379607,2,2,11812.75,17876.0,0.38341655987155127,554.0,0.89,2,0,0.0,0.0,0.0
L00141,0,5,0.20833333333333334,21366.0,30653.0,0.6970280233582358,1.4346625479734156,3,2,10403.8,21050.0,0.16516959883611282,2160.0,1.0,3,0,0.25,0.0,0.0
L00142,0,2,0.08333333333333333,0.0,18560.0,0.0,0.0,2,0,9280.0,17086.0,0.09672560883455023,1184.0,0.95,1,0,1.0,0.0,0.0
L00143,0,5,0.20833333333333334,47936.0,0.0,0.0,0.0,0,5,9587.2,26051.0,0.0,1962.0,0.95,2,0,0.0,0.0,0.2
L00144,0,3,0.125,3424.0,0.0,0.0,0.0,0,3,1141.3333333333333,2326.0,0.0,1914.0,0.88,3,0,0.5,0.3333333333333333,0.0
L00145,0,1,0.041666666666666664,0.0,218.0,0.0,0.0,1,0,218.0,218.0,0.001938846297515075,750.0,0.87,1,0,1.0,0.0,0.0
L00146,0,3,0.125,1103.0,34583.0,0.03189428331839343,31.353581142339074,2,1,11895.333333333334,21425.0,0.462259233020999,2276.0,0.93,2,0,0.0,0.0,0.0
L00147,0,7,0.2916666666666667,45387.0,16310.0,2.7827713059472714,0.3593540000440655,3,4,8813.857142857143,33004.0,0.08898709659819407,2905.0,1.0,1,0,0.4,0.25,0.0
L00148,0,2,0.08333333333333333,1148.0,1334.0,0.8605697151424287,1.1620209059233448,1,1,1241.0,1334.0,0.00978199496967875,829.0,0.87,2,0,0.0,0.0,0.0
L00149,0,4,0.16666666666666666,4039.0,33021.0,0.12231610187456467,8.17553849962862,3,1,9265.0,22052.0,0.26348294434470376,2156.0,0.86,3,0,0.3333333333333333,0.0,0.0
L00150,0,4,0.16666666666666666,6135.0,25557.0,0.24005164925460734,4.165770171149144,2,2,7923.0,23761.0,0.20767243060521354,988.0,0.96,1,0,0.0,0.0,0.0
L00151,0,5,0.20833333333333334,16724.0,40019.0,0.4179014967890252,2.3929083951207843,1,4,11348.6,40019.0,0.22204528682953353,2313.0,0.92,2,0,0.25,0.25,0.0
L00152,0,5,0.20833333333333334,64609.0,476.0,135.73319327731093,0.00736739463542231,1,4,13017.0,29587.0,0.005099034825550878,2604.0,0.97,3,0,0.25,0.25,0.0
L00153,0,5,0.20833333333333334,466.0,8066.0,0.05777336969997521,17.30901287553648,4,1,1706.4,3757.0,0.03894567594841364,2441.0,0.89,2,0,0.0,0.0,0.0
L00154,0,1,0.041666666666666664,1998.0,0.0,0.0,0.0,0,1,1998.0,1998.0,0.0,1079.0,0.92,2,0,0.0,0.0,0.0
L00155,0,1,0.041666666666666664,0.0,7172.0,0.0,0.0,1,0,7172.0,7172.0,0.06059223588053901,443.0,0.98,7,0,0.0,0.0,0.0
L00156,0,1,0.041666666666666664,0.0,34159.0,0.0,0.0,1,0,34159.0,34159.0,0.2919422935575953,1804.0,1.0,2,0,0.0,0.0,0.0
L00157,0,3,0.125,5122.0,15422.0,0.3321229412527558,3.0109332292073407,2,1,6848.0,14130.0,0.31905825885468386,451.0,0.96,2,0,0.0,0.0,0.0
L00158,0,5,0.20833333333333334,11846.0,9552.0,1.2401591289782246,0.8063481343913558,1,4,4279.6,9552.0,0.08951699060971267,2033.0,0.93,2,0,0.0,0.0,0.2
L00159,0,2,0.08333333333333333,0.0,3125.0,0.0,0.0,2,0,1562.5,2189.0,0.014928652981670003,2039.0,1.0,2,0,0.0,0.0,0.0
L00160,0,5,0.20833333333333334,8222.0,4148.0,1.9821600771456123,0.5045001216249088,1,4,2474.0,4148.0,0.026393988177427666,2854.0,0.86,1,0,0.6666666666666666,0.5,0.0
L00161,0,2,0.08333333333333333,7865.0,0.0,0.0,0.0,0,2,3932.5,5521.0,0.0,2550.0,0.85,3,0,0.0,0.0,0.0
L00162,0,1,0.041666666666666664,0.0,1835.0,0.0,0.0,1,0,1835.0,1835.0,0.017367190679449928,724.0,0.94,1,0,1.0,0.0,0.0
L00163,0,1,0.041666666666666664,1009.0,0.0,0.0,0.0,0,1,1009.0,1009.0,0.0,2192.0,0.94,3,0,0.0,0.0,0.0
L00164,0,2,0.08333333333333333,9838.0,1898.0,5.183350895679663,0.19292539133970318,1,1,5868.0,9838.0,0.008862077498821036,483.0,0.86,1,0,0.0,0.0,0.5
L00165,0,2,0.08333333333333333,0.0,2755.0,0.0,0.0,2,0,1377.5,1998.0,0.018824863852844913,2247.0,1.0,2,0,1.0,0.0,0.0
L00166,0,4,0.16666666666666666,48423.0,10923.0,4.4331227684702,0.22557462362926708,2,2,14836.5,34081.0,0.1707278950905766,1676.0,0.94,2,0,0.0,0.0,0.0
L00167,0,3,0.125,1637.0,43901.0,0.037288444454568234,26.817959682345755,2,1,15179.333333333334,30936.0,0.8349689984404124,1300.0,0.94,1,0,0.5,1.0,0.0
L00168,0,4,0.16666666666666666,1119.0,11230.0,0.09964381121994657,10.035746201966042,3,1,3087.25,7076.0,0.1720229159645844,2536.0,0.91,2,0,0.0,0.0,0.0
L00169,0,2,0.08333333333333333,10361.0,8399.0,1.2335992380045244,0.8106360389923752,1,1,9380.0,10361.0,0.03842230222738647,1050.0,0.85,4,0,1.0,1.0,0.0
L00170,0,3,0.125,657.0,2251.0,0.2918702798756108,3.426179604261796,2,1,969.3333333333334,1653.0,0.010980380679212885,403.0,0.98,2,0,0.0,0.0,0.0
L00171,0,2,0.08333333333333333,7989.0,1663.0,4.803968731208659,0.20816122167980974,1,1,4826.0,7989.0,0.012033633390257316,2292.0,0.96,1,0,0.0,0.0,0.0
L00172,0,4,0.16666666666666666,867.0,15811.0,0.054835241287711084,18.236447520184544,3,1,4169.5,7519.0,0.09069060456579098,2615.0,0.9,2,0,0.3333333333333333,1.0,0.0
L00173,0,5,0.20833333333333334,25135.0,17750.0,1.416056338028169,0.7061865924010344,3,2,8577.0,23388.0,0.10483913836994335,1134.0,0.87,2,0,0.0,0.0,0.0
L00174,0,1,0.041666666666666664,0.0,29404.0,0.0,0.0,1,0,29404.0,29404.0,0.15432659252300152,1851.0,0.93,3,0,0.0,0.0,0.0
L00175,0,5,0.20833333333333334,6036.0,12218.0,0.49402520870846295,2.024188204108681,2,3,3650.8,10037.0,0.09467868296047177,2833.0,0.94,1,0,0.25,0.3333333333333333,0.0
L00176,0,6,0.25,19871.0,27186.0,0.7309276833664387,1.3681244023954506,3,3,7842.833333333333,16652.0,0.13830539516190574,387.0,0.95,3,0,0.2,0.0,0.0
L00177,0,1,0.041666666666666664,0.0,3259.0,0.0,0.0,1,0,3259.0,3259.0,0.023575283207222325,1499.0,0.87,2,0,1.0,0.0,0.0
L00178,0,2,0.08333333333333333,2630.0,8388.0,0.31354315689079637,3.1893536121673005,1,1,5509.0,8388.0,0.09706985140952645,1649.0,0.98,3,0,0.0,0.0,0.0
L00179,0,2,0.08333333333333333,15121.0,2410.0,6.274273858921162,0.1593809933205476,1,1,8765.5,15121.0,0.02604785888761592,1238.0,0.95,2,0,1.0,1.0,0.0
L00180,0,5,0.20833333333333334,16567.0,974.0,17.00924024640657,0.05879157361018893,1,4,3508.2,12941.0,0.00600274869190615,2643.0,0.94,3,0,0.0,0.0,0.0
L00181,0,5,0.20833333333333334,14457.0,5929.0,2.4383538539382696,0.4101127481496853,3,2,4077.2,12615.0,0.03089807128079254,2912.0,0.93,1,0,0.25,0.0,0.0
L00182,0,3,0.125,0.0,7247.0,0.0,0.0,3,0,2415.6666666666665,2719.0,0.04172952679280918,2621.0,0.85,2,0,0.5,0.0,0.0
L00183,0,3,0.125,1994.0,5751.0,0.34672230916362373,2.8841524573721165,1,2,2581.6666666666665,5751.0,0.030147039551280373,2999.0,0.96,2,0,0.0,0.0,0.0
L00184,0,5,0.20833333333333334,12806.0,11595.0,1.104441569642087,0.9054349523660784,3,2,4880.2,12168.0,0.10908321181617198,1489.0,0.87,1,0,0.25,0.0,0.0
L00185,0,2,0.08333333333333333,2272.0,0.0,0.0,0.0,0,2,1136.0,1756.0,0.0,2948.0,0.88,3,0,0.0,0.0,0.0
L00186,0,6,0.25,2840.0,25785.0,0.11014155516773318,9.079225352112676,4,2,4770.833333333333,12873.0,0.6385745065504347,2388.0,0.88,2,0,0.2,0.5,0.0
L00187,0,4,0.16666666666666666,12015.0,2248.0,5.344750889679715,0.18709945900957137,1,3,3565.75,10308.0,0.020542625033125896,1445.0,0.91,1,0,0.0,0.0,0.0
L00188,0,4,0.16666666666666666,21250.0,1187.0,17.902274641954506,0.055858823529411766,1,3,5609.25,11669.0,0.021873733092544135,890.0,0.96,3,0,0.3333333333333333,0.0,0.0
L00189,0,2,0.08333333333333333,0.0,45223.0,0.0,0.0,2,0,22611.5,25649.0,0.2458800693768588,2948.0,0.95,1,0,0.0,0.0,0.0
L00190,0,3,0.125,448.0,19079.0,0.023481314534304732,42.58705357142857,2,1,6509.0,17622.0,0.11658274875956298,2266.0,0.87,1,0,0.5,0.0,0.0
L00191,0,4,0.16666666666666666,4451.0,1333.0,3.3390847711927982,0.2994832621882723,2,2,1446.0,2292.0,0.007103650413002931,1362.0,0.88,1,0,0.0,0.0,0.0
L00192,0,2,0.08333333333333333,838.0,2025.0,0.4138271604938272,2.416467780429594,1,1,1431.5,2025.0,0.011837328797152026,1104.0,0.87,2,0,1.0,1.0,0.0
L00193,0,6,0.25,49415.0,32238.0,1.532818413052919,0.6523929980775068,3,3,13608.833333333334,38339.0,0.17592072162529399,2016.0,0.86,3,0,0.0,0.0,0.0
L00194,0,5,0.20833333333333334,16452.0,14884.0,1.1053480247245364,0.9046924386092876,4,1,6267.2,16452.0,0.22183801830267982,1384.0,0.89,2,0,0.25,0.0,0.0
L00195,0,7,0.2916666666666667,985.0,28382.0,0.034705094778380664,28.814213197969544,6,1,4195.285714285715,11894.0,0.17531224134310106,2140.0,0.88,3,0,0.16666666666666666,0.0,0.0
L00196,0,2,0.08333333333333333,30682.0,0.0,0.0,0.0,0,2,15341.0,22979.0,0.0,439.0,0.96,2,0,0.0,0.0,0.0
L00197,0,5,0.20833333333333334,8292.0,5166.0,1.6051103368176538,0.6230101302460203,3,2,2691.6,6237.0,0.0787740164684355,1961.0,1.0,3,0,0.25,0.0,0.0
L00198,0,4,0.16666666666666666,1950.0,7703.0,0.2531481241074906,3.95025641025641,1,3,2413.25,7703.0,0.046949472786005975,2666.0,0.94,1,0,0.0,0.0,0.0
L00199,0,2,0.08333333333333333,1018.0,1637.0,0.6218692730604765,1.6080550098231827,1,1,1327.5,1637.0,0.021335661965956782,1814.0,0.98,2,0,2.0,1.0,0.0
L00200,0,4,0.16666666666666666,3366.0,23294.0,0.14450072980166567,6.92038027332145,2,2,6665.0,21048.0,0.20166393960643758,2321.0,0.92,1,0,1.0,0.5,0.0
L00201,0,4,0.16666666666666666,13815.0,369.0,37.4390243902439,0.026710097719869708,1,3,3546.0,10568.0,0.002174822743105694,1990.0,0.86,3,0,1.0,0.6666666666666666,0.0
L00202,0,1,0.041666666666666664,0.0,2127.0,0.0,0.0,1,0,2127.0,2127.0,0.02774335763757549,2226.0,0.86,1,0,0.0,0.0,0.0
L00203,0,4,0.16666666666666666,10269.0,4758.0,2.1582597730138713,0.46333625474729767,1,3,3756.75,6162.0,0.022446149056016305,1984.0,0.95,1,0,0.3333333333333333,0.0,0.0
L00204,0,5,0.20833333333333334,0.0,16904.0,0.0,0.0,5,0,3380.8,13811.0,0.20264697420159203,982.0,0.89,1,0,0.6666666666666666,0.0,0.0
L00205,0,2,0.08333333333333333,2463.0,1549.0,1.5900581020012912,0.6289078359723914,1,1,2006.0,2463.0,0.018157095802417037,634.0,0.89,3,0,1.0,1.0,0.0
L00206,0,3,0.125,11381.0,6845.0,1.6626734842951059,0.6014409981548194,2,1,6075.333333333333,11381.0,0.10706855828940577,569.0,0.89,2,0,0.5,1.0,0.0
L00207,0,6,0.25,37312.0,11906.0,3.1338820762640687,0.3190930531732418,3,3,8203.0,34159.0,0.12026748555497192,2662.0,0.93,2,0,0.2,0.0,0.16666666666666666
L00208,0,3,0.125,727.0,22726.0,0.03198979142831999,31.25997248968363,2,1,7817.666666666667,20127.0,0.14401591868290642,1787.0,0.85,2,0,0.0,0.0,0.0
L00209,0,3,0.125,2392.0,539.0,4.437847866419295,0.2253344481605351,1,2,977.0,2113.0,0.012066803976000717,1308.0,0.99,1,0,0.0,0.0,0.0
L00210,0,4,0.16666666666666666,26363.0,34142.0,0.7721574600199168,1.2950726396844061,2,2,15126.25,30340.0,0.15767063821926663,2554.0,0.96,3,0,0.3333333333333333,0.5,0.0
L00211,0,4,0.16666666666666666,719.0,8501.0,0.08457828490765792,11.82336578581363,3,1,2305.0,4570.0,0.0871191547361625,2118.0,0.88,3,0,0.3333333333333333,0.0,0.0
L00212,0,4,0.16666666666666666,32478.0,0.0,0.0,0.0,0,4,8119.5,25649.0,0.0,748.0,1.0,1,0,0.0,0.0,0.0
L00213,0,4,0.16666666666666666,11110.0,19494.0,0.5699189494203345,1.7546354635463546,3,1,7651.0,13541.0,0.1013391279033499,1259.0,0.89,1,0,0.0,0.0,0.0
L00214,0,0,0.0,0.0,0.0,0.0,0.0,0,0,0.0,0.0,0.0,937.0,0.98,2,0,0.0,0.0,0.0
L00215,0,6,0.25,4461.0,46332.0,0.09628334628334628,10.386012104909213,3,3,8465.5,38491.0,0.9244213886671987,541.0,0.93,2,0,0.0,0.0,0.0
L00216,0,4,0.16666666666666666,15935.0,1590.0,10.022012578616351,0.09978035770316912,1,3,4381.25,14462.0,0.01007125890736342,1217.0,0.87,3,0,0.3333333333333333,0.3333333333333333,0.0
L00217,0,2,0.08333333333333333,10037.0,763.0,13.154652686762779,0.07601873069642323,1,1,5400.0,10037.0,0.006351399721970182,462.0,0.98,1,0,0.0,0.0,0.0
L00218,0,3,0.125,4009.0,1271.0,3.1542092840283242,0.3170366674981292,1,2,1760.0,2449.0,0.022814985011398517,708.0,0.97,4,0,0.0,0.0,0.0
L00219,0,3,0.125,28007.0,11985.0,2.336837713808928,0.4279287321026886,1,2,13330.666666666666,14502.0,0.09437528052727316,2092.0,0.97,2,0,0.0,0.0,0.0
L00220,0,0,0.0,0.0,0.0,0.0,0.0,0,0,0.0,0.0,0.0,896.0,0.93,1,0,0.0,0.0,0.0
L00221,0,2,0.08333333333333333,25458.0,0.0,0.0,0.0,0,2,12729.0,24887.0,0.0,2788.0,0.87,2,0,1.0,0.5,0.0
L00222,0,3,0.125,15809.0,1486.0,10.638627187079408,0.0939970902650389,1,2,5765.0,13768.0,0.010750432259978153,2470.0,0.96,1,0,0.0,0.0,0.0
L00223,0,2,0.08333333333333333,2318.0,0.0,0.0,0.0,0,2,1159.0,1726.0,0.0,1642.0,0.9,2,0,1.0,0.5,0.0
L00224,0,4,0.16666666666666666,1396.0,13531.0,0.10317049737639494,9.69269340974212,3,1,3731.75,10934.0,0.11412401740831955,1138.0,0.91,2,0,0.3333333333333333,1.0,0.0
L00225,0,6,0.25,1365.0,34566.0,0.03948967193195626,25.323076923076922,4,2,5988.5,15121.0,0.49703784654319566,671.0,0.88,1,0,0.2,0.0,0.0
L00226,0,5,0.20833333333333334,3684.0,15147.0,0.24321647851059616,4.111563517915309,3,2,3766.2,11572.0,0.1758375705230898,840.0,0.96,2,0,0.0,0.0,0.0
L00227,0,0,0.0,0.0,0.0,0.0,0.0,0,0,0.0,0.0,0.0,923.0,0.88,2,0,0.0,0.0,0.0
L00228,0,4,0.16666666666666666,0.0,12958.0,0.0,0.0,4,0,3239.5,5334.0,0.19717881217949693,832.0,0.93,1,0,3.0,0.0,0.0
L00229,0,2,0.08333333333333333,3708.0,2259.0,1.6414342629482073,0.6092233009708737,1,1,2983.5,3708.0,0.03410377572125183,623.0,0.98,1,0,0.0,0.0,0.0
L00230,0,4,0.16666666666666666,3523.0,6079.0,0.5795361079124856,1.7255180244110133,2,2,2400.5,4525.0,0.03033599648683311,1379.0,0.88,1,0,0.3333333333333333,0.0,0.0
L00231,0,4,0.16666666666666666,4306.0,2385.0,1.8054507337526204,0.5538783093358105,1,3,1672.75,2512.0,0.016024887288266558,977.0,0.92,1,0,0.3333333333333333,0.3333333333333333,0.0
L00232,0,3,0.125,2037.0,20422.0,0.09974537263735188,10.025527736867943,2,1,7486.333333333333,12856.0,0.21693453297783066,1912.0,0.96,3,0,0.0,0.0,0.0
L00233,0,2,0.08333333333333333,9758.0,2337.0,4.175438596491228,0.23949579831932774,1,1,6047.5,9758.0,0.013815322771340743,2275.0,0.87,2,0,0.0,0.0,0.5
L00234,0,2,0.08333333333333333,3206.0,0.0,0.0,0.0,0,2,1603.0,2337.0,0.0,1490.0,1.0,3,0,1.0,0.5,0.0
L00235,0,3,0.125,5192.0,0.0,0.0,0.0,0,3,1730.6666666666667,2260.0,0.0,1925.0,0.86,2,0,0.0,0.0,0.0
L00236,0,3,0.125,907.0,12103.0,0.07494009749648847,13.34399117971334,2,1,4336.666666666667,7777.0,0.062462905714713336,591.0,0.88,2,0,0.0,0.0,0.0
L00237,0,1,0.041666666666666664,1872.0,0.0,0.0,0.0,0,1,1872.0,1872.0,0.0,1010.0,0.96,1,0,1.0,1.0,0.0
L00238,0,2,0.08333333333333333,11985.0,10931.0,1.0964230171073095,0.9120567375886525,1,1,11458.0,11985.0,0.10802130582154892,1752.0,0.92,1,0,0.0,0.0,0.0
L00239,0,5,0.20833333333333334,3630.0,10245.0,0.35431918008784774,2.822314049586777,2,3,2775.0,10035.0,0.15257796443570726,952.0,0.9,3,0,0.25,0.3333333333333333,0.0
L00240,0,3,0.125,2153.0,2326.0,0.9256233877901978,1.0803529958197864,1,2,1493.0,2326.0,0.029303198659561335,1606.0,0.87,1,0,0.0,0.0,0.0
L00241,0,3,0.125,26565.0,0.0,0.0,0.0,0,3,8855.0,24056.0,0.0,2719.0,0.92,1,0,0.0,0.0,0.0
L00242,0,1,0.041666666666666664,0.0,14553.0,0.0,0.0,1,0,14553.0,14553.0,0.11910237419080277,2685.0,0.98,2,0,1.0,0.0,0.0
L00243,0,3,0.125,41588.0,952.0,43.68487394957983,0.022891218620755986,1,2,14180.0,39386.0,0.005946543571549037,653.0,0.87,2,0,2.0,0.5,0.0
L00244,0,4,0.16666666666666666,653.0,21569.0,0.030274931614817563,33.03062787136294,3,1,5555.5,11806.0,0.32023339371084125,2660.0,0.86,2,0,0.3333333333333333,0.0,0.0
L00245,0,2,0.08333333333333333,1549.0,13505.0,0.11469825990373936,8.718528082633958,1,1,7527.0,13505.0,0.15582632374490868,2413.0,0.98,5,0,0.0,0.0,0.0
L00246,0,4,0.16666666666666666,33785.0,2673.0,12.639356528245417,0.07911795175373687,1,3,9114.5,25469.0,0.029218543335920336,806.0,0.93,2,0,0.0,0.0,0.0
L00247,0,2,0.08333333333333333,33719.0,0.0,0.0,0.0,0,2,16859.5,26178.0,0.0,1701.0,0.9,2,0,1.0,0.5,0.0
L00248,0,0,0.0,0.0,0.0,0.0,0.0,0,0,0.0,0.0,0.0,915.0,0.97,3,0,0.0,0.0,0.0
L00249,0,5,0.20833333333333334,22321.0,2798.0,7.977483917083632,0.12535280677389005,3,2,5023.8,21050.0,0.020175653653682527,1010.0,0.95,2,0,0.0,0.0,0.0
L00250,0,3,0.125,5177.0,26178.0,0.19776147910459163,5.056596484450454,1,2,10451.666666666666,26178.0,0.134284028828644,2970.0,0.92,1,0,2.0,0.5,0.0
L00251,0,4,0.16666666666666666,19585.0,4365.0,4.486827033218786,0.22287464896604545,3,1,5987.5,19585.0,0.07867132867132867,2047.0,1.0,3,0,0.0,0.0,0.0
L00252,0,3,0.125,392.0,1511.0,0.25943084050297816,3.854591836734694,2,1,634.3333333333334,1233.0,0.00737630891649784,788.0,0.96,2,0,0.0,0.0,0.0
L00253,0,3,0.125,732.0,2558.0,0.2861610633307271,3.4945355191256833,2,1,1096.6666666666667,1513.0,0.013619567879542962,447.0,1.0,1,0,0.5,0.0,0.0
L00254,0,5,0.20833333333333334,30445.0,6925.0,4.396389891696751,0.22745935293151584,1,4,7474.0,14834.0,0.04618236867201515,1344.0,1.0,1,0,0.25,0.25,0.0
L00255,0,6,0.25,34598.0,55885.0,0.619092779815693,1.6152667784264987,4,2,15080.5,34178.0,0.36647824148152036,1763.0,0.93,3,0,0.0,0.0,0.0
L00256,0,5,0.20833333333333334,19211.0,2450.0,7.841224489795918,0.12753110197282808,1,4,4332.2,11013.0,0.046349722847575624,1825.0,0.93,2,0,0.25,0.25,0.0
L00257,0,3,0.125,1106.0,42799.0,0.025841725273955,38.697106690777574,2,1,14635.0,42204.0,0.8781984200266749,2501.0,0.97,1,0,0.5,0.0,0.0
L00258,0,1,0.041666666666666664,0.0,1506.0,0.0,0.0,1,0,1506.0,1506.0,0.007633433017385574,2096.0,0.86,4,0,0.0,0.0,0.0
L00259,0,4,0.16666666666666666,2122.0,2565.0,0.82729044834308,1.2087653157398681,3,1,1171.75,2122.0,0.03701993158889835,1986.0,0.98,2,0,0.0,0.0,0.0
L00260,0,0,0.0,0.0,0.0,0.0,0.0,0,0,0.0,0.0,0.0,1450.0,0.97,2,0,0.0,0.0,0.0
L00261,0,3,0.125,1566.0,9908.0,0.15805409769882922,6.326947637292465,2,1,3824.6666666666665,8507.0,0.07536434721757386,858.0,0.98,3,0,0.0,0.0,0.0
L00262,0,2,0.08333333333333333,0.0,8286.0,0.0,0.0,2,0,4143.0,6383.0,0.04832895888013998,2351.0,0.92,4,0,0.0,0.0,0.0
L00263,0,3,0.125,841.0,17415.0,0.04829170255526845,20.707491082045184,2,1,6085.333333333333,12615.0,0.3707843638221768,1712.0,0.98,5,0,0.0,0.0,0.0
L00264,0,3,0.125,45058.0,496.0,90.84274193548387,0.01100803408939589,1,2,15184.666666666666,34884.0,0.005297107949933786,707.0,0.91,2,0,0.0,0.0,0.0
L00265,0,0,0.0,0.0,0.0,0.0,0.0,0,0,0.0,0.0,0.0,891.0,0.94,2,0,0.0,0.0,0.0
L00266,0,4,0.16666666666666666,12723.0,4624.0,2.75151384083045,0.3634362964709581,2,2,4336.75,11614.0,0.032007974305017166,2945.0,0.94,4,0,0.0,0.0,0.0
L00267,0,1,0.041666666666666664,12028.0,0.0,0.0,0.0,0,1,12028.0,12028.0,0.0,2211.0,0.93,2,0,0.0,0.0,0.0
L00268,0,2,0.08333333333333333,943.0,6432.0,0.14661069651741293,6.820784729586427,1,1,3687.5,6432.0,0.030505243088655862,943.0,0.95,2,0,1.0,0.0,0.0
L00269,0,2,0.08333333333333333,0.0,13588.0,0.0,0.0,2,0,6794.0,12317.0,0.08921278970520649,1749.0,0.93,3,0,0.0,0.0,0.0
L00270,0,1,0.041666666666666664,0.0,13757.0,0.0,0.0,1,0,13757.0,13757.0,0.0937419082273737,2301.0,0.86,2,0,0.0,0.0,0.0
L00271,0,1,0.041666666666666664,8724.0,0.0,0.0,0.0,0,1,8724.0,8724.0,0.0,726.0,1.0,3,0,0.0,0.0,0.0
L00272,0,3,0.125,33527.0,3490.0,9.606590257879656,0.10409520684821189,2,1,12339.0,33527.0,0.04014863046004118,506.0,0.94,2,0,0.0,0.0,0.0
L00273,0,3,0.125,29602.0,0.0,0.0,0.0,0,3,9867.333333333334,23150.0,0.0,1065.0,0.85,3,0,0.0,0.0,0.0
L00274,0,2,0.08333333333333333,5610.0,725.0,7.7379310344827585,0.12923351158645277,1,1,3167.5,5610.0,0.007421435152011465,768.0,0.87,2,0,0.0,0.0,0.0
L00275,0,3,0.125,12452.0,5670.0,2.1961199294532627,0.45534853838740763,1,2,6040.666666666667,7413.0,0.06349668518186705,1068.0,0.93,1,0,0.5,0.5,0.0
L00276,0,5,0.20833333333333334,24290.0,12143.0,2.000329407889319,0.4999176615891313,2,3,7286.6,14206.0,0.08141031657705253,1732.0,0.86,1,0,0.0,0.0,0.2
L00277,0,2,0.08333333333333333,240.0,1772.0,0.13544018058690746,7.383333333333334,1,1,1006.0,1772.0,0.014029309539455454,547.0,0.98,1,0,0.0,0.0,0.0
L00278,0,2,0.08333333333333333,0.0,10870.0,0.0,0.0,2,0,5435.0,8689.0,0.12665159741803184,1271.0,0.87,1,0,0.0,0.0,0.0
L00279,0,2,0.08333333333333333,0.0,3175.0,0.0,0.0,2,0,1587.5,1688.0,0.01564740844417941,383.0,0.91,1,0,1.0,0.0,0.0
L00280,0,3,0.125,1555.0,2249.0,0.691418408181414,1.4463022508038585,2,1,1268.0,1555.0,0.01062417626023327,2317.0,0.97,3,0,0.0,0.0,0.0
L00281,0,6,0.25,11966.0,7505.0,1.5944037308461025,0.6271937155273274,2,4,3245.1666666666665,8256.0,0.04473892853097746,1223.0,0.85,2,0,0.2,0.0,0.0
L00282,0,2,0.08333333333333333,0.0,31740.0,0.0,0.0,2,0,15870.0,30639.0,0.3847785765374777,2075.0,0.98,1,0,1.0,0.0,0.0
L00283,0,3,0.125,0.0,5467.0,0.0,0.0,3,0,1822.3333333333333,2642.0,0.09526049834465934,784.0,0.91,1,0,0.0,0.0,0.0
L00284,0,2,0.08333333333333333,14424.0,1126.0,12.809946714031971,0.07806433721575153,1,1,7775.0,14424.0,0.02259501545129831,1501.0,0.86,2,0,0.0,0.0,0.0
L00285,0,3,0.125,24495.0,0.0,0.0,0.0,0,3,8165.0,13369.0,0.0,2158.0,0.95,1,0,0.0,0.0,0.0
L00286,0,3,0.125,12069.0,3748.0,3.2201173959445035,0.31054768414947387,2,1,5272.333333333333,12069.0,0.024548395970604802,2361.0,0.85,2,0,0.0,0.0,0.0
L00287,0,4,0.16666666666666666,25263.0,18400.0,1.3729891304347825,0.7283378854451174,2,2,10915.75,24826.0,0.12025515005751333,1928.0,0.88,4,0,0.0,0.0,0.0
L00288,0,3,0.125,4846.0,7663.0,0.632389403627822,1.581304168386298,2,1,4169.666666666667,5330.0,0.03508956700124551,2066.0,0.97,2,0,0.0,0.0,0.0
L00289,0,5,0.20833333333333334,31756.0,3777.0,8.407731003441885,0.11893815341982618,3,2,7106.6,29933.0,0.030237529120733964,632.0,0.89,5,0,0.25,0.5,0.0
L00290,0,1,0.041666666666666664,4512.0,0.0,0.0,0.0,0,1,4512.0,4512.0,0.0,1745.0,0.87,1,0,1.0,1.0,0.0
L00291,0,4,0.16666666666666666,29927.0,1660.0,18.028313253012048,0.055468306211782004,1,3,7896.75,23761.0,0.008671259996761337,1796.0,0.95,2,0,0.0,0.0,0.0
L00292,0,1,0.041666666666666664,1827.0,0.0,0.0,0.0,0,1,1827.0,1827.0,0.0,2832.0,0.95,4,0,0.0,0.0,0.0
L00293,0,3,0.125,1370.0,40513.0,0.03381630587712586,29.57153284671533,2,1,13961.0,38064.0,0.22174481803602608,1418.0,0.92,2,0,0.0,0.0,0.0
L00294,0,3,0.125,13430.0,17218.0,0.7799976768498084,1.282055100521221,1,2,10216.0,17218.0,0.18318775201881032,1429.0,0.91,2,0,0.0,0.0,0.0
L00295,0,1,0.041666666666666664,411.0,0.0,0.0,0.0,0,1,411.0,411.0,0.0,1506.0,0.96,1,0,0.0,0.0,0.0
L00296,0,2,0.08333333333333333,0.0,27954.0,0.0,0.0,2,0,13977.0,27076.0,0.14000240399062444,371.0,0.87,4,0,0.0,0.0,0.0
L00297,0,2,0.08333333333333333,4525.0,0.0,0.0,0.0,0,2,2262.5,2449.0,0.0,2175.0,0.85,5,0,0.0,0.0,0.0
L00298,0,3,0.125,1549.0,1880.0,0.823936170212766,1.2136862491930278,2,1,1143.0,1607.0,0.01294248853763648,1867.0,0.97,2,0,0.0,0.0,0.0
L00299,0,6,0.25,28442.0,8967.0,3.1718523474963756,0.3152731875395542,3,3,6234.833333333333,19480.0,0.047016815314677614,2737.0,0.93,2,0,0.0,0.0,0.0
L00300,0,0,0.0,0.0,0.0,0.0,0.0,0,0,0.0,0.0,0.0,1197.0,0.87,2,0,0.0,0.0,0.0
L00301,0,4,0.16666666666666666,4726.0,5270.0,0.896774193548387,1.1151079136690647,1,3,2499.0,5270.0,0.03950406284669125,1764.0,1.0,1,0,0.3333333333333333,0.3333333333333333,0.0
L00302,0,5,0.20833333333333334,61532.0,1639.0,37.54240390482001,0.026636546837417927,1,4,12634.2,33150.0,0.007946936380871109,1543.0,0.88,2,0,0.0,0.0,0.0
L00303,0,1,0.041666666666666664,10616.0,0.0,0.0,0.0,0,1,10616.0,10616.0,0.0,2674.0,0.96,1,0,1.0,1.0,0.0
L00304,0,4,0.16666666666666666,43865.0,13536.0,3.240617612293144,0.30858315285535165,2,2,14350.25,29857.0,0.06389577285279331,2534.0,0.87,4,0,0.0,0.0,0.0
L00305,0,1,0.041666666666666664,1307.0,0.0,0.0,0.0,0,1,1307.0,1307.0,0.0,2096.0,1.0,2,0,0.0,0.0,0.0
L00306,0,3,0.125,42352.0,8182.0,5.176240527988267,0.19319040423120515,1,2,16844.666666666668,40572.0,0.20091346626068166,2843.0,0.87,2,0,0.5,0.5,0.0
L00307,0,7,0.2916666666666667,17455.0,2411.0,7.239734549979262,0.13812661128616444,3,4,2838.0,12937.0,0.01953682095164009,432.0,1.0,1,0,0.0,0.0,0.0
L00308,0,2,0.08333333333333333,25190.0,0.0,0.0,0.0,0,2,12595.0,13412.0,0.0,1185.0,0.98,1,0,0.0,0.0,0.0
L00309,0,4,0.16666666666666666,12418.0,4692.0,2.6466325660699064,0.37783862135609597,2,2,4277.5,10956.0,0.0477057130946692,1126.0,0.86,2,0,0.0,0.0,0.0
L00310,0,3,0.125,0.0,6696.0,0.0,0.0,3,0,2232.0,4630.0,0.10211987189263383,723.0,0.93,1,0,0.5,0.0,0.0
L00311,0,2,0.08333333333333333,38064.0,1109.0,34.322813345356174,0.029135140815468686,1,1,19586.5,38064.0,0.008840386776885856,1273.0,0.94,1,0,0.0,0.0,0.0
L00312,0,4,0.16666666666666666,16317.0,1478.0,11.039918809201623,0.09058037629466201,1,3,4448.75,12126.0,0.008138004702202987,2516.0,0.9,1,0,0.0,0.0,0.0
L00313,0,5,0.20833333333333334,53275.0,2260.0,23.57300884955752,0.04242139840450493,1,4,11107.0,37413.0,0.018377420167998895,2932.0,0.86,1,0,0.25,0.25,0.0
L00314,0,4,0.16666666666666666,4786.0,3266.0,1.4654011022657685,0.6824070204763895,2,2,2013.0,2462.0,0.016068880688806887,2411.0,0.99,4,0,0.3333333333333333,0.0,0.0
L00315,0,1,0.041666666666666664,8358.0,0.0,0.0,0.0,0,1,8358.0,8358.0,0.0,2658.0,0.87,1,0,0.0,0.0,0.0
L00316,0,4,0.16666666666666666,3126.0,2450.0,1.2759183673469388,0.7837492002559181,2,2,1394.0,1944.0,0.01242003021362452,1572.0,0.89,1,0,1.0,0.5,0.0
L00317,0,3,0.125,2420.0,3544.0,0.6828442437923251,1.4644628099173553,2,1,1988.0,2422.0,0.016370800478559516,1247.0,0.92,2,0,0.5,0.0,0.0
L00318,0,3,0.125,24048.0,0.0,0.0,0.0,0,3,8016.0,12965.0,0.0,946.0,0.94,2,0,0.5,0.3333333333333333,0.0
L00319,0,3,0.125,828.0,19516.0,0.04242672678827629,23.570048309178745,2,1,6781.333333333333,18599.0,0.13270322646448848,1604.0,0.92,4,0,0.0,0.0,0.0
L00320,0,1,0.041666666666666664,2886.0,0.0,0.0,0.0,0,1,2886.0,2886.0,0.0,2079.0,0.98,3,0,1.0,1.0,0.0
L00321,0,4,0.16666666666666666,1142.0,29841.0,0.03826949499011427,26.13047285464098,3,1,7745.75,14534.0,0.16198566930843555,2411.0,0.94,1,0,1.0,0.0,0.0
L00322,0,1,0.041666666666666664,0.0,14945.0,0.0,0.0,1,0,14945.0,14945.0,0.12856688144662473,2228.0,0.98,3,0,0.0,0.0,0.0
L00323,0,1,0.041666666666666664,0.0,38792.0,0.0,0.0,1,0,38792.0,38792.0,0.19548379619131126,1204.0,0.86,2,0,0.0,0.0,0.0
L00324,0,3,0.125,10714.0,13865.0,0.7727371078254598,1.2941011760313608,2,1,8193.0,11198.0,0.06718157194703,1307.0,0.94,2,0,0.0,0.0,0.0
L00325,0,1,0.041666666666666664,0.0,1425.0,0.0,0.0,1,0,1425.0,1425.0,0.008446897173105079,386.0,0.95,2,0,0.0,0.0,0.0
L00326,0,4,0.16666666666666666,0.0,20170.0,0.0,0.0,4,0,5042.5,9138.0,0.19898779633594113,2732.0,0.89,1,0,0.0,0.0,0.0
L00327,0,1,0.041666666666666664,14257.0,0.0,0.0,0.0,0,1,14257.0,14257.0,0.0,1060.0,0.93,1,0,0.0,0.0,0.0
L00328,0,4,0.16666666666666666,7897.0,16620.0,0.47515042117930206,2.104596682284412,2,2,6129.25,15164.0,0.32199318040917546,2676.0,1.0,3,0,0.3333333333333333,0.5,0.0
L00329,0,0,0.0,0.0,0.0,0.0,0.0,0,0,0.0,0.0,0.0,1453.0,0.9,4,0,0.0,0.0,0.0
L00330,0,4,0.16666666666666666,3065.0,1746.0,1.7554410080183276,0.569657422512235,2,2,1202.75,1878.0,0.00933405325649401,2132.0,0.99,2,0,0.3333333333333333,0.5,0.0
L00331,0,2,0.08333333333333333,6557.0,0.0,0.0,0.0,0,2,3278.5,5930.0,0.0,911.0,0.94,5,0,0.0,0.0,0.0
L00332,0,2,0.08333333333333333,10759.0,0.0,0.0,0.0,0,2,5379.5,8388.0,0.0,778.0,0.85,1,0,0.0,0.0,0.0
L00333,0,5,0.20833333333333334,76180.0,33435.0,2.278450725287872,0.43889472302441584,2,3,21923.0,40559.0,0.20376634061614407,552.0,0.94,3,0,0.0,0.0,0.0
L00334,0,4,0.16666666666666666,14562.0,6688.0,2.1773325358851676,0.4592775717621206,2,2,5312.5,12368.0,0.041508403465653786,1511.0,0.98,1,0,0.0,0.0,0.0
L00335,0,4,0.16666666666666666,680.0,30857.0,0.022037139060828985,45.377941176470586,3,1,7884.25,13657.0,0.2817167585728372,2734.0,0.86,1,0,0.3333333333333333,0.0,0.0
L00336,0,1,0.041666666666666664,0.0,466.0,0.0,0.0,1,0,466.0,466.0,0.002537504424296877,1678.0,0.89,2,0,0.0,0.0,0.0
L00337,0,6,0.25,90469.0,11878.0,7.616517932311837,0.13129359228022858,2,4,17057.833333333332,40220.0,0.08311931869869772,1415.0,0.85,1,0,0.2,0.0,0.16666666666666666
L00338,0,2,0.08333333333333333,7587.0,1275.0,5.950588235294117,0.16805061289047055,1,1,4431.0,7587.0,0.008694347651162315,2058.0,1.0,2,0,0.0,0.0,0.0
L00339,0,2,0.08333333333333333,1471.0,648.0,2.2700617283950617,0.4405166553365058,1,1,1059.5,1471.0,0.0032497166527918476,1669.0,0.87,1,0,1.0,1.0,0.0
L00340,0,6,0.25,6840.0,43961.0,0.15559245695047882,6.427046783625731,4,2,8466.833333333334,33655.0,0.2875861888500739,1844.0,0.93,1,0,0.2,0.0,0.0
L00341,0,2,0.08333333333333333,0.0,16848.0,0.0,0.0,2,0,8424.0,14691.0,0.18495789924361353,2824.0,0.89,1,0,0.0,0.0,0.0
L00342,0,6,0.25,41496.0,9720.0,4.269135802469136,0.23423944476576056,2,4,8536.0,17086.0,0.05447209145931405,2672.0,0.87,1,0,0.0,0.0,0.0
L00343,0,2,0.08333333333333333,0.0,1661.0,0.0,0.0,2,0,830.5,906.0,0.02779497648889707,2315.0,0.89,2,0,0.0,0.0,0.0
L00344,0,2,0.08333333333333333,16151.0,0.0,0.0,0.0,0,2,8075.5,15872.0,0.0,2104.0,0.91,2,0,0.0,0.0,0.0
L00345,0,3,0.125,12790.0,0.0,0.0,0.0,0,2,4263.333333333333,9638.0,0.0,2174.0,0.89,1,0,0.5,0.5,0.3333333333333333
L00346,0,3,0.125,1327.0,27304.0,0.04860093759156168,20.575734740015072,2,1,9543.666666666666,21746.0,0.33849472496683736,2164.0,0.85,2,0,0.0,0.0,0.0
L00347,0,4,0.16666666666666666,0.0,58523.0,0.0,0.0,4,0,14630.75,31946.0,0.5757644327259848,1032.0,0.87,3,0,0.0,0.0,0.0
L00348,0,3,0.125,2139.0,5858.0,0.36514168658245133,2.7386629266012155,1,2,2665.6666666666665,5858.0,0.03237304714483871,2062.0,0.9,1,0,0.5,0.5,0.0
L00349,0,2,0.08333333333333333,8930.0,1884.0,4.7399150743099785,0.21097424412094065,1,1,5407.0,8930.0,0.017976413114003283,1471.0,0.99,2,0,0.0,0.0,0.0
L00350,0,1,0.041666666666666664,9480.0,0.0,0.0,0.0,0,1,9480.0,9480.0,0.0,835.0,0.92,1,0,0.0,0.0,0.0
L00351,0,3,0.125,2045.0,1396.0,1.4648997134670487,0.682640586797066,1,2,1147.0,1396.0,0.017017541721014714,1270.0,0.87,1,0,0.0,0.0,0.0
L00352,0,5,0.20833333333333334,40353.0,2277.0,17.722002635046113,0.056427031447476024,2,3,8526.0,38792.0,0.03860827102090646,1293.0,0.89,3,0,0.0,0.0,0.0
L00353,0,3,0.125,0.0,6006.0,0.0,0.0,3,0,2002.0,2484.0,0.04884872835519841,1994.0,0.89,2,0,0.5,0.0,0.0
L00354,0,2,0.08333333333333333,5599.0,13873.0,0.40358970662437826,2.477763886408287,1,1,9736.0,13873.0,0.06543620995434135,1277.0,0.9,1,0,0.0,0.0,0.0
L00355,0,1,0.041666666666666664,592.0,0.0,0.0,0.0,0,1,592.0,592.0,0.0,1743.0,0.92,3,0,0.0,0.0,0.0
L00356,0,3,0.125,995.0,3631.0,0.27402919305976314,3.6492462311557787,2,1,1542.0,2133.0,0.05230857883742707,1256.0,0.98,3,0,2.0,0.0,0.0
L00357,0,4,0.16666666666666666,33664.0,0.0,0.0,0.0,0,4,8416.0,29450.0,0.0,2443.0,0.96,1,0,1.0,0.5,0.0
L00358,0,2,0.08333333333333333,0.0,15184.0,0.0,0.0,2,0,7592.0,10374.0,0.08328899371931653,1316.0,0.95,1,0,0.0,0.0,0.0
L00359,0,1,0.041666666666666664,0.0,3164.0,0.0,0.0,1,0,3164.0,3164.0,0.01527027027027027,526.0,0.91,3,0,0.0,0.0,0.0
L00360,0,1,0.041666666666666664,1568.0,0.0,0.0,0.0,0,1,1568.0,1568.0,0.0,1416.0,1.0,1,0,1.0,1.0,0.0
L00361,0,2,0.08333333333333333,0.0,5327.0,0.0,0.0,2,0,2663.5,4460.0,0.10488491602512355,1826.0,0.94,3,0,0.0,0.0,0.0
L00362,0,3,0.125,4134.0,2353.0,1.7569060773480663,0.5691823899371069,2,1,2162.3333333333335,4134.0,0.018039636600605667,2461.0,0.87,3,0,0.5,1.0,0.0
L00363,0,3,0.125,4915.0,253.0,19.42687747035573,0.051475076297049845,1,2,1722.6666666666667,2463.0,0.001242950065832138,922.0,0.89,1,0,0.0,0.0,0.0
L00364,0,3,0.125,6272.0,841.0,7.457788347205708,0.13408801020408162,1,2,2371.0,5858.0,0.006665081629418292,762.0,0.91,1,0,0.0,0.0,0.0
L00365,0,4,0.16666666666666666,46935.0,1024.0,45.8349609375,0.021817407052306382,1,3,11989.75,42969.0,0.008472753148322826,1248.0,0.85,2,0,1.0,0.3333333333333333,0.0
L00366,0,2,0.08333333333333333,926.0,1355.0,0.6833948339483394,1.4632829373650107,1,1,1140.5,1355.0,0.011371265525344076,2642.0,0.96,2,0,0.0,0.0,0.0
L00367,0,3,0.125,5751.0,3305.0,1.740090771558245,0.5746826638845418,2,1,3018.6666666666665,5751.0,0.017074014950741078,2516.0,0.87,2,0,0.0,0.0,0.0
L00368,0,3,0.125,0.0,19232.0,0.0,0.0,3,0,6410.666666666667,10386.0,0.18666226669643118,2087.0,0.91,1,0,2.0,0.0,0.0
L00369,0,4,0.16666666666666666,2989.0,25521.0,0.11711923513968889,8.53830712612914,2,2,7127.5,13798.0,0.14335063359396064,2124.0,0.89,3,0,0.0,0.0,0.0
L00370,0,4,0.16666666666666666,2548.0,22401.0,0.11374492210169189,8.79160125588697,3,1,6237.25,14274.0,0.24762336399009552,2424.0,0.85,2,0,0.3333333333333333,1.0,0.0
L00371,0,4,0.16666666666666666,11538.0,1435.0,8.0404181184669,0.12437164153232796,1,3,3243.25,8636.0,0.007131001719391355,671.0,0.85,1,0,0.0,0.0,0.0
L00372,0,3,0.125,16811.0,12060.0,1.3939469320066336,0.7173874249003629,1,2,9623.666666666666,13992.0,0.19088016967126192,1844.0,0.88,1,0,0.0,0.0,0.0
L00373,0,3,0.125,906.0,54778.0,0.01653948665522655,60.46136865342164,2,1,18561.333333333332,40572.0,0.3736332694445771,853.0,0.99,1,0,0.5,0.0,0.0
L00374,0,2,0.08333333333333333,0.0,3904.0,0.0,0.0,2,0,1952.0,1956.0,0.027356368554190696,2883.0,0.95,1,0,0.0,0.0,0.0
L00375,0,1,0.041666666666666664,1787.0,0.0,0.0,0.0,0,1,1787.0,1787.0,0.0,2212.0,1.0,1,0,0.0,0.0,0.0
L00376,0,1,0.041666666666666664,0.0,2235.0,0.0,0.0,1,0,2235.0,2235.0,0.029141024303744656,642.0,0.9,2,0,0.0,0.0,0.0
L00377,0,3,0.125,24655.0,816.0,30.214460784313726,0.033096734942202395,1,2,8490.333333333334,22832.0,0.00874569949519308,390.0,0.98,3,0,0.0,0.0,0.0
L00378,0,9,0.375,45956.0,33351.0,1.377949686666067,0.7257159021672904,6,3,8811.888888888889,42636.0,0.3122431210268605,2868.0,0.95,2,0,0.0,0.0,0.0
L00379,0,1,0.041666666666666664,0.0,320.0,0.0,0.0,1,0,320.0,320.0,0.0032851511169513796,1437.0,0.99,2,0,0.0,0.0,0.0
L00380,0,2,0.08333333333333333,0.0,2894.0,0.0,0.0,2,0,1447.0,1546.0,0.017792806640024594,2971.0,0.86,4,0,1.0,0.0,0.0
L00381,0,1,0.041666666666666664,11806.0,0.0,0.0,0.0,0,1,11806.0,11806.0,0.0,2417.0,0.92,2,0,0.0,0.0,0.0
L00382,0,2,0.08333333333333333,6736.0,2277.0,2.958278436539306,0.3380344418052256,1,1,4506.5,6736.0,0.02855136612707051,2834.0,0.93,3,0,0.0,0.0,0.0
L00383,0,3,0.125,3786.0,3628.0,1.043550165380375,0.9582673005810882,2,1,2471.3333333333335,3786.0,0.04227403549247853,1946.0,0.86,2,0,0.0,0.0,0.0
L00384,0,9,0.375,61361.0,44180.0,1.388886373924853,0.720001303759717,4,5,11726.777777777777,44838.0,1.024535040118733,2714.0,0.91,1,0,0.125,0.0,0.0
L00385,0,5,0.20833333333333334,47518.0,2813.0,16.892285815854958,0.05919861947051644,2,3,10066.2,30340.0,0.014721890765977935,857.0,0.86,3,0,0.6666666666666666,0.6666666666666666,0.0
L00386,0,2,0.08333333333333333,0.0,31601.0,0.0,0.0,2,0,15800.5,29587.0,0.3961713010555876,2462.0,0.98,1,0,1.0,0.0,0.0
L00387,0,7,0.2916666666666667,9598.0,8354.0,1.1489107014603783,0.8703896645134404,4,3,2564.5714285714284,7517.0,0.0381388044302006,944.0,0.99,3,0,0.0,0.0,0.0
L00388,0,4,0.16666666666666666,19158.0,0.0,0.0,0.0,0,4,4789.5,14661.0,0.0,2858.0,0.94,2,0,0.0,0.0,0.0
L00389,0,3,0.125,11701.0,0.0,0.0,0.0,0,3,3900.3333333333335,7562.0,0.0,2371.0,0.86,2,0,0.0,0.0,0.0
L00390,0,3,0.125,34532.0,4774.0,7.233347297863427,0.13824858102629445,1,2,13102.0,33129.0,0.02352164444575832,984.0,0.97,3,0,0.5,0.5,0.0
L00391,0,6,0.25,6400.0,15670.0,0.408423739629866,2.4484375,3,3,3678.3333333333335,12028.0,0.07261285808287227,2199.0,0.93,2,0,0.0,0.0,0.0
L00392,0,5,0.20833333333333334,32477.0,2486.0,13.063958165728078,0.07654647904670998,3,2,6992.6,30639.0,0.014807137921997475,2774.0,0.92,5,0,0.25,0.5,0.0
L00393,0,2,0.08333333333333333,0.0,4307.0,0.0,0.0,2,0,2153.5,3915.0,0.020255652959103053,1427.0,0.97,2,0,1.0,0.0,0.0
L00394,0,10,0.4166666666666667,29568.0,7663.0,3.8585410413676104,0.25916531385281383,4,6,3723.1,12717.0,0.04042711460240252,450.0,0.94,2,0,0.25,0.0,0.0
L00395,0,5,0.20833333333333334,42492.0,3932.0,10.806714140386571,0.09253506542407983,2,3,9284.8,40019.0,0.021312230683758367,2583.0,0.86,2,0,0.0,0.0,0.0
L00396,0,2,0.08333333333333333,0.0,10412.0,0.0,0.0,2,0,5206.0,9885.0,0.12704222946179095,2868.0,0.97,3,0,0.0,0.0,0.5
L00397,0,0,0.0,0.0,0.0,0.0,0.0,0,0,0.0,0.0,0.0,2041.0,0.85,3,0,0.0,0.0,0.0
L00398,0,3,0.125,3745.0,44898.0,0.08341128780792018,11.988785046728973,1,2,16214.333333333334,44898.0,0.35488282021894635,1031.0,0.99,4,0,0.0,0.0,0.0
L00399,0,4,0.16666666666666666,45478.0,27191.0,1.672538707660623,0.5978934869607283,1,3,18167.25,35800.0,0.662629462653832,1344.0,0.86,2,0,0.0,0.0,0.0
L00400,0,3,0.125,3010.0,1914.0,1.5726227795193313,0.6358803986710964,1,2,1641.3333333333333,2072.0,0.017976894899971823,638.0,1.0,1,0,0.0,0.0,0.0
L00401,0,6,0.25,13309.0,3179.0,4.186536646744259,0.23886092118115562,2,4,2748.0,5746.0,0.015744326792594868,2736.0,0.98,2,0,0.0,0.0,0.0
L00402,0,2,0.08333333333333333,892.0,11493.0,0.07761245975811364,12.884529147982063,1,1,6192.5,11493.0,0.06602212801158101,1654.0,0.98,3,0,0.0,0.0,0.0
L00403,0,1,0.041666666666666664,1518.0,0.0,0.0,0.0,0,1,1518.0,1518.0,0.0,1789.0,0.87,2,0,1.0,1.0,0.0
L00404,0,4,0.16666666666666666,398.0,39607.0,0.010048728760067665,99.51507537688443,3,1,10001.25,36440.0,0.2845003447879554,1073.0,0.96,2,0,0.3333333333333333,0.0,0.0
L00405,0,6,0.25,24455.0,4838.0,5.054774700289376,0.19783275403802902,2,4,4882.166666666667,9817.0,0.07853131188520598,2694.0,0.98,1,0,0.0,0.0,0.16666666666666666
L00406,0,1,0.041666666666666664,0.0,1074.0,0.0,0.0,1,0,1074.0,1074.0,0.009837416991069384,2739.0,0.98,1,0,0.0,0.0,0.0
L00407,0,2,0.08333333333333333,1459.0,7541.0,0.19347566635724706,5.168608636052091,1,1,4500.0,7541.0,0.05555719274463289,1238.0,0.98,3,0,0.0,0.0,0.0
L00408,0,5,0.20833333333333334,0.0,7496.0,0.0,0.0,5,0,1499.2,2218.0,0.05174865726869814,2965.0,0.89,3,0,0.0,0.0,0.0
L00409,0,3,0.125,1310.0,13274.0,0.0986891667922254,10.132824427480916,2,1,4861.333333333333,12212.0,0.06349798608918611,839.0,0.86,2,0,2.0,1.0,0.0
L00410,0,4,0.16666666666666666,19574.0,2393.0,8.179690764730465,0.12225401042198836,3,1,5491.75,19574.0,0.01261944438585019,1755.0,0.97,3,0,0.0,0.0,0.0
L00411,0,3,0.125,0.0,20919.0,0.0,0.0,3,0,6973.0,16616.0,0.13400080711801218,2377.0,0.97,1,0,0.0,0.0,0.0
L00412,0,3,0.125,0.0,6235.0,0.0,0.0,3,0,2078.3333333333335,2292.0,0.0714547663251507,2845.0,0.93,1,0,0.5,0.0,0.0
L00413,0,2,0.08333333333333333,12143.0,1023.0,11.869990224828934,0.08424606769332126,1,1,6583.0,12143.0,0.005791866475680389,1227.0,0.87,2,0,0.0,0.0,0.0
L00414,0,3,0.125,459.0,10749.0,0.042701646664806026,23.41830065359477,1,2,3736.0,10749.0,0.2382947592444799,1064.0,0.93,2,0,0.0,0.0,0.0
L00415,0,1,0.041666666666666664,1832.0,0.0,0.0,0.0,0,1,1832.0,1832.0,0.0,2003.0,0.9,1,0,0.0,0.0,0.0
L00416,0,3,0.125,46360.0,0.0,0.0,0.0,0,3,15453.333333333334,41143.0,0.0,706.0,0.96,1,0,3.0,1.0,0.0
L00417,0,2,0.08333333333333333,3403.0,1632.0,2.085171568627451,0.4795768439612107,1,1,2517.5,3403.0,0.008501815491849822,784.0,0.96,2,0,0.0,0.0,0.0
L00418,0,1,0.041666666666666664,0.0,1403.0,0.0,0.0,1,0,1403.0,1403.0,0.007538755003895651,1233.0,0.96,2,0,0.0,0.0,0.0
L00419,0,4,0.16666666666666666,13104.0,9563.0,1.370281292481439,0.7297771672771672,3,1,5666.75,13104.0,0.05190540547875314,860.0,0.99,2,0,0.0,0.0,0.0
L00420,0,1,0.041666666666666664,0.0,2194.0,0.0,0.0,1,0,2194.0,2194.0,0.0152078076912413,1410.0,0.91,3,0,0.0,0.0,0.0
L00421,0,3,0.125,6062.0,7035.0,0.8616915422885573,1.1605080831408776,1,2,4365.666666666667,7035.0,0.18119768190598842,2187.0,0.96,2,0,0.0,0.0,0.0
L00422,0,2,0.08333333333333333,0.0,10950.0,0.0,0.0,2,0,5475.0,8250.0,0.07239142938364813,885.0,0.89,3,0,0.0,0.0,0.0
L00423,0,0,0.0,0.0,0.0,0.0,0.0,0,0,0.0,0.0,0.0,1948.0,0.89,7,0,0.0,0.0,0.0
L00424,0,2,0.08333333333333333,21620.0,0.0,0.0,0.0,0,2,10810.0,11870.0,0.0,2221.0,0.96,3,0,0.0,0.0,0.5
L00425,0,1,0.041666666666666664,9520.0,0.0,0.0,0.0,0,1,9520.0,9520.0,0.0,1476.0,0.87,1,0,0.0,0.0,1.0
L00426,0,4,0.16666666666666666,14356.0,27396.0,0.5240181048328223,1.908331011423795,2,2,10438.0,14455.0,0.16128386572629547,1371.0,0.95,1,0,0.0,0.0,0.0
L00427,0,1,0.041666666666666664,0.0,491.0,0.0,0.0,1,0,491.0,491.0,0.008009526605983492,1127.0,0.86,1,0,0.0,0.0,0.0
L00428,0,2,0.08333333333333333,6628.0,1693.0,3.914943886591849,0.2554315027157514,1,1,4160.5,6628.0,0.02970592363840539,1696.0,0.87,3,0,0.0,0.0,0.0
L00429,0,6,0.25,4674.0,13257.0,0.3525684544014483,2.836328626444159,2,4,2988.5,12937.0,0.09703344239256934,539.0,0.92,2,0,0.2,0.25,0.0
L00430,0,3,0.125,1342.0,14251.0,0.09416883025752579,10.619225037257824,2,1,5197.666666666667,13431.0,0.07030032163223426,1932.0,0.91,1,0,0.5,0.0,0.0
L00431,0,0,0.0,0.0,0.0,0.0,0.0,0,0,0.0,0.0,0.0,2272.0,0.87,1,0,0.0,0.0,0.0
L00432,0,6,0.25,17342.0,0.0,0.0,0.0,0,6,2890.3333333333335,9630.0,0.0,1065.0,0.86,1,0,0.0,0.0,0.16666666666666666
L00433,0,5,0.20833333333333334,24812.0,1327.0,18.69781461944235,0.053482186039013384,1,4,5227.8,8930.0,0.029780740142283265,1357.0,1.0,3,0,0.0,0.0,0.0
L00434,0,3,0.125,15164.0,13589.0,1.1159025682537347,0.8961355842785544,2,1,9584.333333333334,15164.0,0.06383408493047726,754.0,0.87,5,0,0.0,0.0,0.0
L00435,0,4,0.16666666666666666,17322.0,5136.0,3.3726635514018692,0.29650155871146516,1,3,5614.5,14634.0,0.02781824976845207,1255.0,0.98,2,0,0.3333333333333333,0.3333333333333333,0.0
L00436,0,5,0.20833333333333334,3973.0,24288.0,0.16357872200263504,6.113264535615404,3,2,5652.2,19520.0,0.1523226571172335,1902.0,0.98,1,0,0.25,0.5,0.0
L00437,0,5,0.20833333333333334,1859.0,15386.0,0.12082412582867542,8.2764927380312,2,2,3449.0,9638.0,0.08137554608248622,739.0,0.94,3,0,0.0,0.0,0.2
L00438,0,6,0.25,10897.0,15353.0,0.7097635641242754,1.408919886207213,3,3,4375.0,9758.0,0.3443148688046647,864.0,0.95,1,0,0.2,0.3333333333333333,0.16666666666666666
L00439,0,7,0.2916666666666667,11337.0,34952.0,0.32435912108033876,3.0830025579959424,4,3,6612.714285714285,29450.0,0.3144381370493986,2743.0,0.88,1,0,0.16666666666666666,0.0,0.0
L00440,0,6,0.25,6965.0,13215.0,0.5270525917517972,1.8973438621679828,4,2,3363.3333333333335,7928.0,0.0898863412212027,2981.0,0.98,1,0,0.2,0.0,0.0
L00441,0,0,0.0,0.0,0.0,0.0,0.0,0,0,0.0,0.0,0.0,1706.0,0.86,2,0,0.0,0.0,0.0
L00442,0,3,0.125,0.0,10025.0,0.0,0.0,2,0,3341.6666666666665,7287.0,0.09496338818001837,1838.0,0.88,7,0,0.5,0.0,0.0
L00443,0,3,0.125,4924.0,1126.0,4.373001776198934,0.22867587327376118,2,1,2016.6666666666667,4924.0,0.015679393990029798,2803.0,0.94,2,0,0.5,0.0,0.0
L00444,0,1,0.041666666666666664,413.0,0.0,0.0,0.0,0,1,413.0,413.0,0.0,1124.0,1.0,1,0,0.0,0.0,0.0
L00445,0,7,0.2916666666666667,17302.0,12603.0,1.3728477346663492,0.7284129002427465,5,2,4272.142857142857,13950.0,0.10655945616883117,933.0,0.85,3,0,0.0,0.0,0.0
L00446,0,1,0.041666666666666664,479.0,0.0,0.0,0.0,0,1,479.0,479.0,0.0,882.0,0.93,1,0,0.0,0.0,0.0
L00447,0,3,0.125,3891.0,1756.0,2.2158314350797266,0.45129786687226936,1,2,1882.3333333333333,2361.0,0.01771822373798016,1856.0,0.91,2,0,0.0,0.0,0.0
L00448,0,1,0.041666666666666664,0.0,2396.0,0.0,0.0,1,0,2396.0,2396.0,0.019266180455601748,2799.0,0.88,1,0,1.0,0.0,0.0
L00449,0,2,0.08333333333333333,1967.0,1183.0,1.6627218934911243,0.6014234875444839,1,1,1575.0,1967.0,0.01919519714424793,2998.0,0.95,1,0,0.0,0.0,0.0
L00450,0,4,0.16666666666666666,2419.0,10083.0,0.23990875731429137,4.168251343530384,2,2,3125.5,8450.0,0.21164098904328113,1033.0,0.99,4,0,0.0,0.0,0.0
L00451,0,1,0.041666666666666664,0.0,1549.0,0.0,0.0,1,0,1549.0,1549.0,0.009995225005484791,767.0,0.94,1,0,0.0,0.0,0.0
L00452,0,3,0.125,11954.0,2648.0,4.514350453172206,0.22151581060732808,2,1,4867.333333333333,11954.0,0.016543279292787306,1522.0,0.89,4,0,0.0,0.0,0.0
L00453,0,5,0.20833333333333334,44704.0,13768.0,3.2469494479953513,0.3079813886900501,1,4,11694.4,38879.0,0.16963394650271676,1109.0,0.93,3,0,0.0,0.0,0.0
L00454,0,0,0.0,0.0,0.0,0.0,0.0,0,0,0.0,0.0,0.0,1453.0,0.87,5,0,0.0,0.0,0.0
L00455,0,4,0.16666666666666666,0.0,11129.0,0.0,0.0,4,0,2782.25,7555.0,0.30711703507464744,1026.0,0.99,1,0,0.3333333333333333,0.0,0.0
L00456,0,4,0.16666666666666666,1706.0,11055.0,0.15431931252826775,6.480070339976553,2,2,3190.25,10616.0,0.24931778714959069,974.0,0.91,3,0,0.3333333333333333,0.0,0.0
L00457,0,4,0.16666666666666666,12655.0,6834.0,1.8517705589698565,0.5400237060450415,2,2,4872.25,10931.0,0.05052155334925223,1456.0,0.99,2,0,1.0,0.5,0.0
L00458,0,2,0.08333333333333333,3432.0,1982.0,1.7315842583249244,0.5775058275058275,1,1,2707.0,3432.0,0.012433659962611194,2458.0,0.88,1,0,0.0,0.0,0.0
L00459,0,0,0.0,0.0,0.0,0.0,0.0,0,0,0.0,0.0,0.0,1206.0,0.85,1,0,0.0,0.0,0.0
L00460,0,4,0.16666666666666666,0.0,10728.0,0.0,0.0,4,0,2682.0,5534.0,0.09304907453987198,1729.0,0.99,2,0,0.3333333333333333,0.0,0.0
L00461,0,1,0.041666666666666664,0.0,544.0,0.0,0.0,1,0,544.0,544.0,0.014832588068491658,2791.0,0.96,1,0,0.0,0.0,0.0
L00462,0,3,0.125,21641.0,0.0,0.0,0.0,0,3,7213.666666666667,11329.0,0.0,407.0,0.95,3,0,0.0,0.0,0.0
L00463,0,3,0.125,13721.0,1025.0,13.386341463414634,0.07470300998469499,1,2,4915.333333333333,12545.0,0.005194291853323333,2451.0,0.88,1,0,0.0,0.0,0.0
L00464,0,0,0.0,0.0,0.0,0.0,0.0,0,0,0.0,0.0,0.0,1388.0,0.89,2,0,0.0,0.0,0.0
L00465,0,3,0.125,11973.0,4204.0,2.848001902949572,0.35112336089534785,2,1,5392.333333333333,11973.0,0.03506138243928476,1166.0,0.86,3,0,0.0,0.0,0.0
L00466,0,3,0.125,446.0,9942.0,0.04486018909676121,22.291479820627803,2,1,3462.6666666666665,5799.0,0.09572685782510736,695.0,0.94,2,0,0.5,0.0,0.0
L00467,0,3,0.125,0.0,15759.0,0.0,0.0,3,0,5253.0,11397.0,0.12477632266544204,1938.0,0.91,1,0,0.0,0.0,0.0
L00468,0,4,0.16666666666666666,6032.0,12246.0,0.49256900212314225,2.0301724137931036,1,3,4569.5,12246.0,0.07101847663453843,2799.0,0.94,2,0,3.0,0.6666666666666666,0.0
L00469,0,3,0.125,3413.0,3701.0,0.922183193731424,1.0843832405508351,2,1,2371.3333333333335,3413.0,0.0357046384193872,2164.0,0.86,2,0,0.0,0.0,0.0
L00470,0,2,0.08333333333333333,2251.0,1560.0,1.442948717948718,0.693025322079076,1,1,1905.5,2251.0,0.015121554030475748,659.0,0.89,3,0,0.0,0.0,0.0
L00471,0,1,0.041666666666666664,17622.0,0.0,0.0,0.0,0,1,17622.0,17622.0,0.0,2238.0,0.97,2,0,0.0,0.0,0.0
L00472,0,4,0.16666666666666666,3641.0,3197.0,1.1388802001876759,0.8780554792639385,2,2,1709.5,2307.0,0.02801756246330199,2535.0,0.96,2,0,0.0,0.0,0.0
L00473,0,3,0.125,0.0,11168.0,0.0,0.0,3,0,3722.6666666666665,6921.0,0.2384185133000299,2007.0,0.99,1,0,0.0,0.0,0.0
L00474,0,2,0.08333333333333333,1595.0,2307.0,0.6913740788903338,1.4463949843260189,1,1,1951.0,2307.0,0.05907205407896758,2924.0,0.92,3,0,0.0,0.0,0.0
L00475,0,3,0.125,15027.0,33129.0,0.45359050982522864,2.2046316630065883,1,2,16052.0,33129.0,0.26323567972157996,499.0,0.86,2,0,0.5,0.0,0.0
L00476,0,3,0.125,0.0,44248.0,0.0,0.0,3,0,14749.333333333334,22439.0,1.191801115091443,1187.0,0.96,1,0,0.0,0.0,0.0
L00477,0,1,0.041666666666666664,0.0,13834.0,0.0,0.0,1,0,13834.0,13834.0,0.2879563715082636,1729.0,0.87,2,0,0.0,0.0,0.0
L00478,0,1,0.041666666666666664,1720.0,0.0,0.0,0.0,0,1,1720.0,1720.0,0.0,606.0,0.98,2,0,0.0,0.0,0.0
L00479,0,4,0.16666666666666666,2842.0,32701.0,0.08690865722760772,11.506333567909923,2,2,8885.75,30788.0,0.3542327899041326,1328.0,0.89,2,0,0.0,0.0,0.0
L00480,0,2,0.08333333333333333,1449.0,0.0,0.0,0.0,0,2,724.5,1070.0,0.0,1110.0,0.93,1,0,0.0,0.0,0.0
L00481,0,2,0.08333333333333333,0.0,28792.0,0.0,0.0,2,0,14396.0,28524.0,0.3840367070372939,2565.0,0.97,2,0,0.0,0.0,0.0
L00482,0,2,0.08333333333333333,0.0,3988.0,0.0,0.0,2,0,1994.0,2037.0,0.03830858196768554,1936.0,0.94,3,0,0.0,0.0,0.0
L00483,0,2,0.08333333333333333,1242.0,845.0,1.4698224852071007,0.6803542673107891,1,1,1043.5,1242.0,0.004179878214672609,2509.0,0.9,2,0,1.0,0.0,0.0
L00484,0,2,0.08333333333333333,44954.0,0.0,0.0,0.0,0,2,22477.0,41246.0,0.0,2959.0,0.9,1,0,0.0,0.0,0.0
L00485,0,2,0.08333333333333333,0.0,13270.0,0.0,0.0,2,0,6635.0,13022.0,0.11017751282775112,2877.0,0.9,1,0,0.0,0.0,0.0
L00486,0,6,0.25,56361.0,3794.0,14.855297838692673,0.06731605187984599,2,4,10025.833333333334,40381.0,0.023768206734534066,2869.0,0.87,4,0,0.0,0.0,0.0
L00487,0,3,0.125,2466.0,1804.0,1.3669623059866962,0.7315490673154906,2,1,1423.3333333333333,2466.0,0.01575848634672164,859.0,0.92,1,0,0.0,0.0,0.0
L00488,0,3,0.125,9602.0,835.0,11.49940119760479,0.08696104978129557,1,2,3479.0,7353.0,0.004612113010577481,814.0,0.93,5,0,0.0,0.0,0.0
L00489,0,1,0.041666666666666664,923.0,0.0,0.0,0.0,0,1,923.0,923.0,0.0,653.0,0.9,1,0,0.0,0.0,0.0
L00490,0,5,0.20833333333333334,6658.0,30129.0,0.22098310597762952,4.525232802643436,4,1,7357.4,24056.0,0.5529372900952486,998.0,0.9,1,0,0.0,0.0,0.0
L00491,0,4,0.16666666666666666,85401.0,636.0,134.27830188679246,0.007447219587592651,1,3,21509.25,44504.0,0.00791133335821174,1622.0,0.94,3,0,0.3333333333333333,0.0,0.0
L00492,0,4,0.16666666666666666,0.0,30630.0,0.0,0.0,4,0,7657.5,14800.0,0.17640147893894192,511.0,0.9,5,0,0.0,0.0,0.0
L00493,0,5,0.20833333333333334,5254.0,2410.0,2.180082987551867,0.4586981347544728,2,3,1532.8,2127.0,0.013813579723269864,1897.0,0.91,1,0,0.25,0.3333333333333333,0.0
L00494,0,3,0.125,11045.0,2170.0,5.089861751152074,0.19646899049343594,1,2,4405.0,8652.0,0.012441519126685625,2742.0,0.91,3,0,2.0,0.5,0.0
L00495,0,4,0.16666666666666666,23351.0,1969.0,11.859319451498223,0.08432187058370091,1,3,6330.0,13431.0,0.013920014704738743,1887.0,0.93,3,0,0.0,0.0,0.0
L00496,0,1,0.041666666666666664,3864.0,0.0,0.0,0.0,0,1,3864.0,3864.0,0.0,569.0,0.95,3,0,0.0,0.0,0.0
L00497,0,3,0.125,3293.0,0.0,0.0,0.0,0,3,1097.6666666666667,1389.0,0.0,1220.0,0.95,5,0,0.0,0.0,0.0
L00498,0,2,0.08333333333333333,26598.0,0.0,0.0,0.0,0,2,13299.0,13576.0,0.0,1395.0,0.97,4,0,0.0,0.0,0.0
L00499,0,1,0.041666666666666664,0.0,6162.0,0.0,0.0,1,0,6162.0,6162.0,0.0386208798440624,893.0,0.98,5,0,0.0,0.0,0.0
L00500,0,3,0.125,3746.0,0.0,0.0,0.0,0,3,1248.6666666666667,1557.0,0.0,2391.0,0.95,2,0,0.0,0.0,0.0
L00501,0,7,0.2916666666666667,57873.0,7635.0,7.579960707269155,0.13192680524596961,4,3,9358.285714285714,38491.0,0.04025157895846733,1461.0,0.93,3,0,0.16666666666666666,0.0,0.0
L00502,0,2,0.08333333333333333,1812.0,1524.0,1.188976377952756,0.8410596026490066,1,1,1668.0,1812.0,0.015756498004590475,2837.0,0.92,1,0,0.0,0.0,0.0
L00503,0,3,0.125,1522.0,3109.0,0.48954647796719203,2.042706964520368,2,1,1543.6666666666667,2110.0,0.028303260928936876,703.0,0.97,2,0,0.5,0.0,0.0
L00504,0,7,0.2916666666666667,34162.0,36061.0,0.9473392307478994,1.055588080323166,5,2,10031.857142857143,29404.0,0.9522313176656985,906.0,0.95,2,0,0.16666666666666666,0.5,0.0
L00505,0,2,0.08333333333333333,0.0,10901.0,0.0,0.0,2,0,5450.5,9159.0,0.15886270566461183,2946.0,0.92,1,0,0.0,0.0,0.0
L00506,0,1,0.041666666666666664,2700.0,0.0,0.0,0.0,0,1,2700.0,2700.0,0.0,1096.0,0.93,3,0,0.0,0.0,0.0
L00507,0,4,0.16666666666666666,8935.0,15429.0,0.5791042841402554,1.726804700615557,3,1,6091.0,14257.0,0.198221925305446,2969.0,1.0,3,0,0.0,0.0,0.0
L00508,0,4,0.16666666666666666,13409.0,10387.0,1.290940598825455,0.7746289805354613,2,2,5949.0,12873.0,0.10402916462187146,2735.0,0.88,1,0,0.0,0.0,0.0
L00509,0,0,0.0,0.0,0.0,0.0,0.0,0,0,0.0,0.0,0.0,2986.0,0.91,2,0,0.0,0.0,0.0
L00510,0,4,0.16666666666666666,3017.0,7389.0,0.4083096494789552,2.449121644017236,1,3,2601.5,7389.0,0.09816790444937491,2508.0,0.85,2,0,0.0,0.0,0.0
L00511,0,2,0.08333333333333333,12691.0,44838.0,0.2830411704357911,3.533054920810023,1,1,28764.5,44838.0,0.8517209938454525,2760.0,0.94,1,0,0.0,0.0,0.0
L00512,0,4,0.16666666666666666,9192.0,1941.0,4.7357032457496135,0.21116187989556134,2,2,2783.25,7214.0,0.013574565697820796,2320.0,0.96,1,0,0.0,0.0,0.0
L00513,0,3,0.125,1970.0,692.0,2.846820809248555,0.35126903553299493,1,2,887.3333333333334,1071.0,0.005289225877461171,2218.0,0.97,2,0,0.0,0.0,0.0
L00514,0,2,0.08333333333333333,3667.0,0.0,0.0,0.0,0,2,1833.5,2054.0,0.0,1599.0,0.94,2,0,0.0,0.0,0.0
L00515,0,5,0.20833333333333334,1333.0,19293.0,0.0690924169387861,14.473368342085521,4,1,4125.2,10308.0,0.29978556777922805,584.0,0.91,3,0,0.0,0.0,0.0
L00516,0,3,0.125,2048.0,1823.0,1.1234229292375206,0.89013671875,2,1,1290.3333333333333,2048.0,0.009138348480367339,2177.0,0.95,3,0,0.0,0.0,0.0
L00517,0,2,0.08333333333333333,1518.0,2248.0,0.6752669039145908,1.4808959156785244,1,1,1883.0,2248.0,0.013472049093872854,2070.0,0.91,2,0,0.0,0.0,0.0
L00518,0,1,0.041666666666666664,0.0,6664.0,0.0,0.0,1,0,6664.0,6664.0,0.045656969813233944,1447.0,0.88,1,0,0.0,0.0,0.0
L00519,0,2,0.08333333333333333,2867.0,2466.0,1.162611516626115,0.8601325427275898,1,1,2666.5,2867.0,0.03534673049909698,1014.0,0.93,1,0,0.0,0.0,0.0
L00520,0,2,0.08333333333333333,4026.0,0.0,0.0,0.0,0,2,2013.0,2480.0,0.0,2808.0,0.92,1,0,0.0,0.0,0.0
L00521,0,3,0.125,32497.0,3154.0,10.303424223208625,0.0970551127796412,2,1,11883.666666666666,32497.0,0.023598599347559333,748.0,0.93,4,0,0.5,0.0,0.0
L00522,0,5,0.20833333333333334,293.0,25067.0,0.011688674352734671,85.55290102389078,4,1,5072.0,14086.0,0.29539241102993163,2473.0,0.9,1,0,0.0,0.0,0.0
L00523,0,2,0.08333333333333333,4629.0,0.0,0.0,0.0,0,2,2314.5,3416.0,0.0,1287.0,0.94,1,0,0.0,0.0,0.0
L00524,0,4,0.16666666666666666,2025.0,44253.0,0.04575960951799878,21.85333333333333,3,1,11569.5,41011.0,0.20401360920557646,2800.0,0.92,2,0,0.3333333333333333,0.0,0.0
L00525,0,3,0.125,45193.0,0.0,0.0,0.0,0,3,15064.333333333334,32832.0,0.0,2752.0,0.91,1,0,0.0,0.0,0.0
L00526,0,5,0.20833333333333334,2772.0,3143.0,0.8819599109131403,1.1338383838383839,2,3,1183.0,1778.0,0.01590184669870984,2946.0,0.86,1,0,0.25,0.3333333333333333,0.0
L00527,0,2,0.08333333333333333,1442.0,0.0,0.0,0.0,0,2,721.0,1198.0,0.0,2202.0,0.95,4,0,0.0,0.0,0.0
L00528,0,4,0.16666666666666666,0.0,45436.0,0.0,0.0,4,0,11359.0,34298.0,0.24206454912574188,819.0,1.0,1,0,0.3333333333333333,0.0,0.0
L00529,0,1,0.041666666666666664,0.0,1029.0,0.0,0.0,1,0,1029.0,1029.0,0.00480966982013985,1570.0,0.96,5,0,0.0,0.0,0.0
L00530,0,1,0.041666666666666664,0.0,11973.0,0.0,0.0,1,0,11973.0,11973.0,0.06533697135061392,663.0,0.99,4,0,0.0,0.0,0.0
L00531,0,3,0.125,712.0,15993.0,0.044519477271306195,22.462078651685392,2,1,5568.333333333333,14910.0,0.11369485163436793,729.0,0.92,2,0,0.0,0.0,0.0
L00532,0,4,0.16666666666666666,12564.0,2103.0,5.974322396576319,0.16738299904489015,2,2,3666.75,11697.0,0.010516735261318117,2269.0,0.99,3,0,0.3333333333333333,0.0,0.0
L00533,0,3,0.125,1459.0,11824.0,0.12339309878213803,8.104180945853324,2,1,4427.666666666667,9590.0,0.2372296456803499,2359.0,0.85,3,0,0.0,0.0,0.3333333333333333
L00534,0,3,0.125,20784.0,524.0,39.66412213740458,0.025211701308699,1,2,7102.666666666667,18420.0,0.002561445359091176,530.0,0.85,2,0,0.5,0.5,0.0
L00535,0,1,0.041666666666666664,14683.0,0.0,0.0,0.0,0,1,14683.0,14683.0,0.0,2316.0,0.87,2,0,0.0,0.0,0.0
L00536,0,2,0.08333333333333333,0.0,1564.0,0.0,0.0,2,0,782.0,1142.0,0.014291980407924556,1596.0,0.91,1,0,0.0,0.0,0.0
L00537,0,3,0.125,8711.0,14798.0,0.5886606298148398,1.6987716680059695,1,2,7836.333333333333,14798.0,0.08673786385004044,1961.0,0.95,2,0,0.0,0.0,0.0
L00538,0,3,0.125,2361.0,802.0,2.9438902743142146,0.3396865734858111,1,2,1054.3333333333333,1870.0,0.0040990309522836,1664.0,0.94,2,0,0.0,0.0,0.0
L00539,0,2,0.08333333333333333,4200.0,0.0,0.0,0.0,0,2,2100.0,2290.0,0.0,2952.0,0.93,1,0,1.0,0.5,0.0
L00540,0,4,0.16666666666666666,0.0,10623.0,0.0,0.0,4,0,2655.75,5195.0,0.057791172742455814,1950.0,0.95,1,0,0.0,0.0,0.0
L00541,0,2,0.08333333333333333,14435.0,0.0,0.0,0.0,0,2,7217.5,11981.0,0.0,1402.0,0.86,1,0,0.0,0.0,0.0
L00542,0,3,0.125,20260.0,35800.0,0.5659217877094972,1.7670286278381047,1,2,18686.666666666668,35800.0,0.17367343572627514,2110.0,0.87,1,0,0.0,0.0,0.3333333333333333
L00543,0,1,0.041666666666666664,1116.0,0.0,0.0,0.0,0,1,1116.0,1116.0,0.0,1813.0,0.95,3,0,1.0,1.0,0.0
L00544,0,2,0.08333333333333333,755.0,431.0,1.751740139211137,0.5708609271523178,1,1,593.0,755.0,0.0023310149379657972,2239.0,0.96,2,0,0.0,0.0,0.0
L00545,0,2,0.08333333333333333,5465.0,0.0,0.0,0.0,0,2,2732.5,3821.0,0.0,770.0,0.92,5,0,2.0,1.0,0.0
L00546,0,6,0.25,5883.0,17809.0,0.3303385928463137,3.027197008329084,3,3,3948.6666666666665,11218.0,0.12049798707669407,798.0,0.97,3,0,0.2,0.3333333333333333,0.0
L00547,0,4,0.16666666666666666,31078.0,0.0,0.0,0.0,0,4,7769.5,13182.0,0.0,1684.0,0.97,2,0,0.0,0.0,0.0
L00548,0,5,0.20833333333333334,5313.0,3201.0,1.6597938144329898,0.6024844720496895,2,3,1702.8,2737.0,0.05046269292008891,454.0,0.91,2,0,0.6666666666666666,0.3333333333333333,0.0
L00549,0,3,0.125,1657.0,47433.0,0.0349334851263888,28.625829812914905,2,1,16363.333333333334,33004.0,0.33195232729843027,2222.0,0.99,4,0,0.0,0.0,0.0
L00550,0,5,0.20833333333333334,0.0,16300.0,0.0,0.0,5,0,3260.0,11317.0,0.32184815875209793,1417.0,0.91,1,0,0.0,0.0,0.0
L00551,0,5,0.20833333333333334,3683.0,14157.0,0.2601539874267147,3.8438772739614446,2,3,3568.0,12088.0,0.09021564579031888,2851.0,0.98,2,0,0.25,0.3333333333333333,0.0
L00552,0,4,0.16666666666666666,11131.0,5338.0,2.08523791682278,0.47956158476327376,3,1,4117.25,11131.0,0.07478180468191815,1319.0,0.98,2,0,0.0,0.0,0.0
L00553,0,2,0.08333333333333333,423.0,719.0,0.588317107093185,1.6997635933806146,1,1,571.0,719.0,0.00997184583165749,1899.0,0.87,2,0,0.0,0.0,0.0
L00554,0,1,0.041666666666666664,0.0,5121.0,0.0,0.0,1,0,5121.0,5121.0,0.03425097315301577,2139.0,0.94,4,0,0.0,0.0,0.0
L00555,0,2,0.08333333333333333,0.0,4773.0,0.0,0.0,2,0,2386.5,3153.0,0.10069832696892339,2778.0,0.9,2,0,1.0,0.0,0.0
L00556,0,1,0.041666666666666664,682.0,0.0,0.0,0.0,0,1,682.0,682.0,0.0,1289.0,0.86,2,0,0.0,0.0,0.0
L00557,0,3,0.125,13000.0,0.0,0.0,0.0,0,3,4333.333333333333,9812.0,0.0,2982.0,0.88,3,0,0.0,0.0,0.3333333333333333
L00558,0,2,0.08333333333333333,845.0,1915.0,0.4412532637075718,2.2662721893491122,1,1,1380.0,1915.0,0.01439535740327297,928.0,0.92,1,0,1.0,0.0,0.0
L00559,0,0,0.0,0.0,0.0,0.0,0.0,0,0,0.0,0.0,0.0,2196.0,0.87,4,0,0.0,0.0,0.0
L00560,0,3,0.125,14219.0,0.0,0.0,0.0,0,3,4739.666666666667,7812.0,0.0,474.0,0.94,2,0,0.0,0.0,0.0
L00561,0,0,0.0,0.0,0.0,0.0,0.0,0,0,0.0,0.0,0.0,403.0,0.9,3,0,0.0,0.0,0.0
L00562,0,5,0.20833333333333334,15094.0,23357.0,0.6462302521727962,1.5474360673115146,2,3,7690.2,13278.0,0.11610289548900211,2513.0,0.88,3,0,0.25,0.3333333333333333,0.0
L00563,0,3,0.125,1267.0,3733.0,0.339405304045004,2.946329913180742,2,1,1666.6666666666667,2286.0,0.043813011278945574,2795.0,1.0,1,0,0.0,0.0,0.0
L00564,0,4,0.16666666666666666,7840.0,1977.0,3.96560445118867,0.25216836734693876,2,2,2454.25,6383.0,0.010761877803422897,375.0,0.93,2,0,0.0,0.0,0.0
L00565,0,4,0.16666666666666666,8930.0,7722.0,1.1564361564361565,0.8647256438969765,2,2,4163.0,8689.0,0.12524531668153435,1654.0,0.93,1,0,0.3333333333333333,0.0,0.0
L00566,0,4,0.16666666666666666,3340.0,7413.0,0.4505598273303656,2.2194610778443113,1,3,2688.25,7413.0,0.14760757452061887,2216.0,0.92,2,0,1.0,0.3333333333333333,0.0
L00567,0,3,0.125,16650.0,3848.0,4.326923076923077,0.2311111111111111,1,2,6832.666666666667,14413.0,0.044150718252329156,1189.0,0.96,5,0,0.0,0.0,0.0
L00568,0,2,0.08333333333333333,1233.0,1370.0,0.9,1.1111111111111112,1,1,1301.5,1370.0,0.008647079243853946,1477.0,0.94,3,0,0.0,0.0,0.0
L00569,0,2,0.08333333333333333,1982.0,14546.0,0.13625739034786197,7.339051463168516,1,1,8264.0,14546.0,0.1081205634221578,2518.0,0.9,2,0,0.0,0.0,0.0
L00570,0,1,0.041666666666666664,0.0,398.0,0.0,0.0,1,0,398.0,398.0,0.010493566758067919,2805.0,0.99,4,0,0.0,0.0,0.0
L00571,0,0,0.0,0.0,0.0,0.0,0.0,0,0,0.0,0.0,0.0,2613.0,0.92,3,0,0.0,0.0,0.0
L00572,0,2,0.08333333333333333,0.0,5984.0,0.0,0.0,2,0,2992.0,3165.0,0.10353120296198896,591.0,0.97,2,0,0.0,0.0,0.0
L00573,0,1,0.041666666666666664,0.0,22672.0,0.0,0.0,1,0,22672.0,22672.0,0.11217598250466328,2757.0,0.93,2,0,0.0,0.0,0.0
L00574,0,1,0.041666666666666664,1187.0,0.0,0.0,0.0,0,1,1187.0,1187.0,0.0,1617.0,0.93,2,0,0.0,0.0,0.0
L00575,0,0,0.0,0.0,0.0,0.0,0.0,0,0,0.0,0.0,0.0,1995.0,0.91,1,0,0.0,0.0,0.0
L00576,0,5,0.20833333333333334,9288.0,5930.0,1.5662731871838111,0.638458225667528,1,4,3043.6,5930.0,0.09990565401981266,2060.0,0.89,2,0,0.0,0.0,0.0
L00577,0,1,0.041666666666666664,0.0,1956.0,0.0,0.0,1,0,1956.0,1956.0,0.015549478504197405,2122.0,0.98,3,0,0.0,0.0,0.0
L00578,0,1,0.041666666666666664,0.0,6736.0,0.0,0.0,1,0,6736.0,6736.0,0.04754577410110535,770.0,0.94,3,0,0.0,0.0,0.0
L00579,0,0,0.0,0.0,0.0,0.0,0.0,0,0,0.0,0.0,0.0,2597.0,0.97,5,0,0.0,0.0,0.0
L00580,0,3,0.125,3360.0,8996.0,0.3734993330369053,2.677380952380952,2,1,4118.666666666667,8499.0,0.052932904190031244,1063.0,0.9,1,0,0.0,0.0,0.0
L00581,0,1,0.041666666666666664,0.0,11329.0,0.0,0.0,1,0,11329.0,11329.0,0.14947093437475262,672.0,0.95,1,0,0.0,0.0,0.0
L00582,0,3,0.125,2950.0,14661.0,0.2012141054498329,4.969830508474576,1,2,5870.333333333333,14661.0,0.17515919762010013,1984.0,0.89,2,0,0.0,0.0,0.0
L00583,0,4,0.16666666666666666,13632.0,28080.0,0.48547008547008547,2.0598591549295775,2,2,10428.0,27733.0,0.36031874350386883,640.0,0.91,1,0,0.0,0.0,0.0
L00584,0,2,0.08333333333333333,2595.0,0.0,0.0,0.0,0,2,1297.5,1596.0,0.0,1275.0,0.88,3,0,0.0,0.0,0.0
L00585,0,0,0.0,0.0,0.0,0.0,0.0,0,0,0.0,0.0,0.0,473.0,0.99,2,0,0.0,0.0,0.0
L00586,0,5,0.20833333333333334,24711.0,12088.0,2.0442587690271345,0.48917486139775807,3,2,7359.8,13777.0,0.09968169148813352,1145.0,0.92,2,0,0.0,0.0,0.0
L00587,0,5,0.20833333333333334,5216.0,44552.0,0.11707667444783623,8.541411042944786,2,3,9953.6,34502.0,0.3889373886929497,1251.0,0.92,1,0,0.6666666666666666,0.0,0.0
L00588,0,2,0.08333333333333333,1275.0,0.0,0.0,0.0,0,2,637.5,903.0,0.0,377.0,0.97,1,0,0.0,0.0,0.0
L00589,0,2,0.08333333333333333,1004.0,43645.0,0.023003780501775692,43.471115537848604,1,1,22324.5,43645.0,0.5993298820427612,1559.0,0.85,1,0,0.0,0.0,0.0
L00590,0,4,0.16666666666666666,2580.0,3263.0,0.7906834201654919,1.2647286821705426,2,2,1460.75,2229.0,0.016037313909654335,1855.0,0.94,3,0,0.0,0.0,0.0
L00591,0,3,0.125,32664.0,2326.0,14.04299226139295,0.07120989468528043,1,2,11663.333333333334,31039.0,0.056103620444294365,929.0,0.86,2,0,0.0,0.0,0.0
L00592,0,4,0.16666666666666666,17176.0,27075.0,0.6343859649122807,1.5763274336283186,2,2,11062.75,26051.0,0.14854988971919544,2082.0,1.0,1,0,0.3333333333333333,0.0,0.0
L00593,0,2,0.08333333333333333,2235.0,835.0,2.6766467065868262,0.37360178970917224,1,1,1535.0,2235.0,0.00689216851558373,1653.0,0.9,2,0,0.0,0.0,0.0
L00594,0,1,0.041666666666666664,2492.0,0.0,0.0,0.0,0,1,2492.0,2492.0,0.0,1317.0,0.88,3,0,0.0,0.0,0.0
L00595,0,2,0.08333333333333333,11219.0,931.0,12.050483351235231,0.08298422319279793,1,1,6075.0,11219.0,0.01599244181052993,1247.0,0.96,1,0,0.0,0.0,0.0
L00596,0,2,0.08333333333333333,16616.0,2113.0,7.8637008991954565,0.12716658642272508,1,1,9364.5,16616.0,0.015128517219159447,2918.0,0.95,3,0,0.0,0.0,0.0
L00597,0,1,0.041666666666666664,0.0,528.0,0.0,0.0,1,0,528.0,528.0,0.0136986301369863,706.0,0.86,1,0,0.0,0.0,0.0
L00598,0,4,0.16666666666666666,822.0,3506.0,0.23445521962350258,4.265206812652068,3,1,1082.0,1771.0,0.044737077160611975,2100.0,0.97,1,0,0.3333333333333333,0.0,0.0
L00599,0,4,0.16666666666666666,552.0,4500.0,0.12266666666666666,8.152173913043478,3,1,1263.0,2886.0,0.02167181171529982,1838.0,0.95,1,0,0.3333333333333333,0.0,0.0
L00600,0,3,0.125,18560.0,6945.0,2.6724262059035278,0.37419181034482757,1,2,8501.666666666666,13026.0,0.07408237063586035,1394.0,0.95,1,0,0.5,0.0,0.0
L00601,0,5,0.20833333333333334,17543.0,6774.0,2.5897549453793918,0.38613692070911476,1,4,4863.4,10050.0,0.03176970481470017,2589.0,0.89,1,0,1.5,0.75,0.0
L00602,0,6,0.25,20675.0,21356.0,0.9681120059936318,1.032938331318017,2,4,7005.166666666667,12594.0,0.14218564827760688,1341.0,0.96,2,0,0.0,0.0,0.0
L00603,0,2,0.08333333333333333,1820.0,2324.0,0.7831325301204819,1.2769230769230768,1,1,2072.0,2324.0,0.046851060398354974,2664.0,0.9,2,0,0.0,0.0,0.0
L00604,0,1,0.041666666666666664,0.0,1647.0,0.0,0.0,1,0,1647.0,1647.0,0.012192233095953688,574.0,1.0,1,0,0.0,0.0,0.0
L00605,0,2,0.08333333333333333,4902.0,10610.0,0.46201696512723844,2.1644226846185233,1,1,7756.0,10610.0,0.22849143964681815,2782.0,0.99,3,0,1.0,1.0,0.0
L00606,0,2,0.08333333333333333,1517.0,0.0,0.0,0.0,0,2,758.5,933.0,0.0,548.0,0.94,2,0,1.0,0.5,0.0
L00607,0,4,0.16666666666666666,1001.0,4882.0,0.20503891847603442,4.877122877122877,3,1,1470.75,2630.0,0.03997445303288353,1967.0,0.89,3,0,0.3333333333333333,0.0,0.0
L00608,0,3,0.125,9054.0,3072.0,2.947265625,0.33929754804506296,2,1,4042.0,9054.0,0.0175488706342043,516.0,0.97,3,0,0.0,0.0,0.0
L00609,0,1,0.041666666666666664,1727.0,0.0,0.0,0.0,0,1,1727.0,1727.0,0.0,1551.0,0.88,2,0,0.0,0.0,0.0
L00610,0,2,0.08333333333333333,1716.0,13412.0,0.12794512376975842,7.8158508158508155,1,1,7564.0,13412.0,0.07658267239951808,2763.0,0.9,1,0,0.0,0.0,0.0
L00611,0,1,0.041666666666666664,0.0,2178.0,0.0,0.0,1,0,2178.0,2178.0,0.018709572119473245,2595.0,0.87,3,0,0.0,0.0,0.0
L00612,0,1,0.041666666666666664,0.0,1810.0,0.0,0.0,1,0,1810.0,1810.0,0.009590623443510698,513.0,0.91,1,0,0.0,0.0,0.0
L00613,0,2,0.08333333333333333,0.0,1867.0,0.0,0.0,2,0,933.5,1456.0,0.02115101393451909,2409.0,0.93,7,0,0.0,0.0,0.0
L00614,0,6,0.25,2731.0,15731.0,0.1736062551649609,5.760161113145368,3,3,3077.0,7989.0,0.1035172572631856,1312.0,0.96,2,0,0.0,0.0,0.0
L00615,0,4,0.16666666666666666,2536.0,1925.0,1.3174025974025974,0.7590694006309149,1,3,1115.25,1925.0,0.019516794581935053,2482.0,0.99,3,0,0.3333333333333333,0.3333333333333333,0.0
L00616,0,2,0.08333333333333333,2342.0,13599.0,0.1722185454812854,5.806575576430402,1,1,7970.5,13599.0,0.07276784280990144,455.0,0.99,2,0,2.0,1.0,0.0
L00617,0,6,0.25,6017.0,44731.0,0.13451521316313073,7.434103373774306,5,1,8458.0,12789.0,0.41071149837941073,556.0,0.98,7,0,0.0,0.0,0.3333333333333333
L00618,0,5,0.20833333333333334,2234.0,8058.0,0.27724000992802184,3.6069829901521935,4,1,2058.4,4651.0,0.04494194023357762,2915.0,0.89,2,0,0.0,0.0,0.0
L00619,0,5,0.20833333333333334,11191.0,4523.0,2.474242759230599,0.40416406040568315,2,3,3142.8,6078.0,0.08689387535541382,675.0,0.9,1,0,0.6666666666666666,0.6666666666666666,0.0
L00620,0,6,0.25,13100.0,13651.0,0.95963665665519,1.04206106870229,3,3,4458.5,9886.0,0.07586080423233378,949.0,0.98,1,0,0.2,0.0,0.16666666666666666
L00621,0,3,0.125,8090.0,2021.0,4.002968827313211,0.24981458590852904,1,2,3370.3333333333335,7813.0,0.026499010056774228,2442.0,0.98,1,0,0.0,0.0,0.0
L00622,0,6,0.25,3470.0,11323.0,0.30645588624922726,3.263112391930836,4,2,2465.5,6405.0,0.081558419107849,1255.0,0.96,1,0,2.0,1.0,0.0
L00623,0,4,0.16666666666666666,21868.0,15529.0,1.4082040054092344,0.7101243826595939,2,2,9349.25,14517.0,0.07243037514167511,970.0,0.89,2,0,0.0,0.0,0.0
L00624,0,3,0.125,11771.0,0.0,0.0,0.0,0,3,3923.6666666666665,11086.0,0.0,1635.0,0.87,1,0,0.5,0.3333333333333333,0.0
L00625,0,1,0.041666666666666664,415.0,0.0,0.0,0.0,0,1,415.0,415.0,0.0,916.0,1.0,1,0,0.0,0.0,0.0
L00626,0,2,0.08333333333333333,2926.0,1242.0,2.3558776167471818,0.4244702665755297,1,1,2084.0,2926.0,0.006647790225286224,1814.0,0.97,1,0,0.0,0.0,0.0
L00627,0,1,0.041666666666666664,0.0,2198.0,0.0,0.0,1,0,2198.0,2198.0,0.011941887883167263,1596.0,0.9,2,0,0.0,0.0,0.0
L00628,0,2,0.08333333333333333,7148.0,1342.0,5.326378539493294,0.18774482372691662,1,1,4245.0,7148.0,0.011059923025572982,2041.0,0.86,2,0,0.0,0.0,0.0
L00629,0,0,0.0,0.0,0.0,0.0,0.0,0,0,0.0,0.0,0.0,527.0,0.88,1,0,0.0,0.0,0.0
L00630,0,1,0.041666666666666664,2526.0,0.0,0.0,0.0,0,1,2526.0,2526.0,0.0,633.0,0.92,2,0,0.0,0.0,0.0
L00631,0,4,0.16666666666666666,2790.0,10531.0,0.2649321052131801,3.774551971326165,2,2,3330.25,10252.0,0.0933260073909306,1346.0,0.86,4,0,0.0,0.0,0.0
L00632,0,3,0.125,11329.0,46675.0,0.24272094268880556,4.119957630858858,2,1,19334.666666666668,43565.0,0.72000431925462,1350.0,0.91,2,0,0.0,0.0,0.0
L00633,0,3,0.125,9686.0,10784.0,0.8981824925816023,1.1133594879207103,2,1,6823.333333333333,9686.0,0.06448603719428332,1776.0,0.93,1,0,0.0,0.0,0.3333333333333333
L00634,0,2,0.08333333333333333,3478.0,1721.0,2.020918070889018,0.49482461184588844,1,1,2599.5,3478.0,0.011599536288148388,920.0,0.87,3,0,0.0,0.0,0.0
L00635,0,2,0.08333333333333333,1737.0,3621.0,0.47970173985086995,2.0846286701208983,1,1,2679.0,3621.0,0.03598902737193631,2831.0,0.86,2,0,1.0,0.0,0.0
L00636,0,2,0.08333333333333333,0.0,2099.0,0.0,0.0,2,0,1049.5,1271.0,0.011302264222060685,2534.0,0.98,3,0,0.0,0.0,0.0
L00637,0,1,0.041666666666666664,0.0,249.0,0.0,0.0,1,0,249.0,249.0,0.002125262457110667,2775.0,0.99,5,0,0.0,0.0,0.0
L00638,0,1,0.041666666666666664,0.0,4886.0,0.0,0.0,1,0,4886.0,4886.0,0.10185320297679848,1516.0,0.95,4,0,0.0,0.0,0.0
L00639,0,4,0.16666666666666666,13818.0,14726.0,0.9383403504006519,1.0657113909393545,3,1,7136.0,13818.0,0.07830854395881968,1172.0,0.87,2,0,0.0,0.0,0.0
L00640,0,3,0.125,3831.0,2836.0,1.3508462623413258,0.7402766901592274,2,1,2222.3333333333335,3831.0,0.017046137571225927,1672.0,0.93,2,0,0.0,0.0,0.0
L00641,0,1,0.041666666666666664,0.0,7637.0,0.0,0.0,1,0,7637.0,7637.0,0.09142385136591089,1156.0,1.0,1,0,0.0,0.0,0.0
L00642,0,3,0.125,2594.0,11954.0,0.2169984942278735,4.608326908249807,1,2,4849.333333333333,11954.0,0.05844390773352629,2995.0,0.99,2,0,0.5,0.5,0.0
L00643,0,3,0.125,2160.0,6507.0,0.33195020746887965,3.0125,2,1,2889.0,5610.0,0.15144885371814268,1846.0,0.9,1,0,0.0,0.0,0.0
L00644,0,1,0.041666666666666664,2069.0,0.0,0.0,0.0,0,1,2069.0,2069.0,0.0,2984.0,0.92,1,0,0.0,0.0,0.0
L00645,0,8,0.3333333333333333,19234.0,46881.0,0.4102728184125765,2.4374025163772486,4,4,8264.375,38879.0,0.40840309780383477,2340.0,0.98,2,0,0.14285714285714285,0.0,0.0
L00646,0,0,0.0,0.0,0.0,0.0,0.0,0,0,0.0,0.0,0.0,2418.0,0.89,2,0,0.0,0.0,0.0
L00647,0,5,0.20833333333333334,13274.0,4632.0,2.8657167530224523,0.3489528401386168,3,2,3581.2,7848.0,0.03284803528752668,821.0,0.9,1,0,0.6666666666666666,0.0,0.0
L00648,0,2,0.08333333333333333,4623.0,0.0,0.0,0.0,0,2,2311.5,2455.0,0.0,811.0,0.89,1,0,0.0,0.0,0.0
L00649,0,4,0.16666666666666666,13798.0,29749.0,0.4638139097112508,2.1560371068270765,3,1,10886.75,27233.0,0.1752528733600787,1323.0,0.91,4,0,0.3333333333333333,0.0,0.0
L00650,0,4,0.16666666666666666,21447.0,612.0,35.044117647058826,0.02853545950482585,1,3,5514.75,17472.0,0.010286578704092782,2866.0,0.92,2,0,0.3333333333333333,0.3333333333333333,0.0
L00651,0,5,0.20833333333333334,13253.0,38506.0,0.34418012777229523,2.90545536859579,3,2,10351.8,35748.0,0.21471427934157114,1143.0,0.92,1,0,0.25,0.5,0.0
L00652,0,4,0.16666666666666666,3340.0,2334.0,1.43101970865467,0.6988023952095809,2,2,1418.5,1677.0,0.020342883041496344,963.0,0.92,1,0,0.0,0.0,0.0
L00653,0,1,0.041666666666666664,14086.0,0.0,0.0,0.0,0,1,14086.0,14086.0,0.0,2179.0,0.86,2,0,0.0,0.0,0.0
L00654,0,2,0.08333333333333333,2855.0,0.0,0.0,0.0,0,2,1427.5,1506.0,0.0,1644.0,0.99,3,0,0.0,0.0,0.0
L00655,0,5,0.20833333333333334,2735.0,3767.0,0.726041943190868,1.3773308957952468,3,2,1300.4,2259.0,0.018729738867564287,859.0,0.96,3,0,0.0,0.0,0.0
L00656,0,3,0.125,18426.0,18968.0,0.9714255588359342,1.0294149571258004,2,1,12464.666666666666,18426.0,0.42440650661177365,739.0,0.97,2,0,0.5,0.0,0.0
L00657,0,3,0.125,20486.0,1944.0,10.5380658436214,0.0948940740017573,1,2,7476.666666666667,20064.0,0.049357639770476816,2166.0,0.89,2,0,0.5,0.0,0.0
L00658,0,3,0.125,13117.0,968.0,13.550619834710744,0.07379736220172295,1,2,4695.0,7309.0,0.011154515389313328,2915.0,0.89,3,0,0.0,0.0,0.0
L00659,0,1,0.041666666666666664,34298.0,0.0,0.0,0.0,0,1,34298.0,34298.0,0.0,1174.0,0.99,5,0,0.0,0.0,0.0
L00660,0,6,0.25,5579.0,20504.0,0.2720932500975419,3.675210611220649,3,3,4347.166666666667,10971.0,0.12042404487123014,1918.0,0.98,2,0,0.0,0.0,0.0
L00661,0,5,0.20833333333333334,27814.0,39057.0,0.7121386691246128,1.404220895951679,4,1,13374.2,33527.0,0.4830379558974486,1752.0,0.9,1,0,0.0,0.0,0.0
L00662,0,2,0.08333333333333333,0.0,7211.0,0.0,0.0,2,0,3605.5,6800.0,0.19943027822335307,1721.0,0.93,2,0,0.0,0.0,0.0
L00663,0,0,0.0,0.0,0.0,0.0,0.0,0,0,0.0,0.0,0.0,2695.0,0.93,1,0,0.0,0.0,0.0
L00664,0,3,0.125,0.0,13529.0,0.0,0.0,3,0,4509.666666666667,9520.0,0.11884954275122328,939.0,0.86,3,0,0.0,0.0,0.3333333333333333
L00665,0,1,0.041666666666666664,2133.0,0.0,0.0,0.0,0,1,2133.0,2133.0,0.0,1451.0,0.88,2,0,1.0,1.0,0.0
L00666,0,6,0.25,17506.0,13005.0,1.3460976547481738,0.7428881526333828,2,4,5085.166666666667,12069.0,0.29320918068268925,1084.0,0.88,3,0,0.0,0.0,0.0
L00667,0,3,0.125,2340.0,7224.0,0.3239202657807309,3.0871794871794873,2,1,3188.0,6476.0,0.07492221530802738,1290.0,0.89,2,0,0.0,0.0,0.0
L00668,0,2,0.08333333333333333,2107.0,2330.0,0.9042918454935622,1.1058376839107735,1,1,2218.5,2330.0,0.024054095906674237,1769.0,0.92,1,0,0.0,0.0,0.0
L00669,0,3,0.125,1366.0,4335.0,0.31510957324106115,3.1734992679355782,2,1,1900.3333333333333,2168.0,0.030783979548359607,1824.0,0.87,2,0,0.0,0.0,0.0
L00670,0,5,0.20833333333333334,12033.0,48288.0,0.24919234592445327,4.012964348042882,3,2,12064.2,41246.0,0.5706924467871367,649.0,0.87,1,0,0.0,0.0,0.0
L00671,0,4,0.16666666666666666,39311.0,7562.0,5.198492462311558,0.19236346060898984,1,3,11718.25,27076.0,0.16624895572263992,588.0,0.95,4,0,0.0,0.0,0.0
L00672,0,3,0.125,459.0,15670.0,0.029291640076579452,34.13943355119826,2,1,5376.333333333333,11536.0,0.22137145763286525,2175.0,0.95,2,0,0.5,0.0,0.0
L00673,0,3,0.125,43623.0,1415.0,30.828975265017668,0.0324370171698416,1,2,15012.666666666666,42204.0,0.0070502184820356445,2256.0,0.98,2,0,0.0,0.0,0.0
L00674,0,6,0.25,9921.0,8242.0,1.2037126910943945,0.8307630279205725,4,2,3027.1666666666665,7668.0,0.041859449356770294,2303.0,0.95,3,0,0.5,0.0,0.0
L00675,0,8,0.3333333333333333,3901.0,17991.0,0.21683063754099272,4.611894386054858,6,2,2736.5,6743.0,0.32989823049417805,1397.0,0.93,1,0,0.14285714285714285,0.0,0.0
L00676,0,5,0.20833333333333334,35145.0,3797.0,9.255991572293917,0.10803812775643762,2,3,7788.4,14798.0,0.04463383096273657,642.0,0.95,2,0,0.0,0.0,0.2
L00677,0,3,0.125,16652.0,17330.0,0.9608770917484132,1.0407158299303387,2,1,11327.333333333334,16652.0,0.3056599114591601,982.0,0.93,3,0,0.0,0.0,0.0
L00678,0,2,0.08333333333333333,3114.0,0.0,0.0,0.0,0,2,1557.0,2049.0,0.0,748.0,0.96,1,0,0.0,0.0,0.0
L00679,0,4,0.16666666666666666,15411.0,422.0,36.518957345971565,0.027383038089676206,1,3,3958.25,8645.0,0.0036582088646549406,1569.0,0.97,1,0,0.0,0.0,0.0
L00680,0,2,0.08333333333333333,1519.0,6268.0,0.24234205488194002,4.126398946675445,1,1,3893.5,6268.0,0.04910994108060675,2728.0,0.95,1,0,0.0,0.0,0.0
L00681,0,3,0.125,1993.0,2325.0,0.8572043010752688,1.166583040642248,1,2,1439.3333333333333,2325.0,0.02684633504226133,609.0,0.91,2,0,0.5,0.0,0.0
L00682,0,7,0.2916666666666667,12991.0,60041.0,0.21636881464332705,4.621738126395197,4,3,10433.142857142857,34884.0,0.4553148247855794,2416.0,0.94,1,0,0.16666666666666666,0.3333333333333333,0.0
L00683,0,4,0.16666666666666666,11226.0,21848.0,0.5138227755400953,1.9461963299483342,2,2,8268.5,19480.0,0.1403770287461931,1736.0,0.88,1,0,0.0,0.0,0.0
L00684,0,2,0.08333333333333333,2365.0,0.0,0.0,0.0,0,2,1182.5,1530.0,0.0,1774.0,0.94,2,0,0.0,0.0,0.0
L00685,0,1,0.041666666666666664,0.0,20064.0,0.0,0.0,1,0,20064.0,20064.0,0.10467718794835007,1182.0,0.95,4,0,0.0,0.0,0.0
L00686,0,2,0.08333333333333333,0.0,17341.0,0.0,0.0,2,0,8670.5,13064.0,0.10752841525649691,2594.0,0.94,4,0,0.0,0.0,0.0
L00687,0,3,0.125,6463.0,7410.0,0.8721997300944669,1.1465263809376451,2,1,4624.333333333333,6730.0,0.04181998780955821,1984.0,0.89,3,0,0.0,0.0,0.0
L00688,0,1,0.041666666666666664,0.0,10341.0,0.0,0.0,1,0,10341.0,10341.0,0.06862569432001434,662.0,0.88,3,0,0.0,0.0,0.0
L00689,0,1,0.041666666666666664,0.0,1098.0,0.0,0.0,1,0,1098.0,1098.0,0.018537590113285273,2715.0,0.86,1,0,0.0,0.0,0.0
L00690,0,1,0.041666666666666664,13278.0,0.0,0.0,0.0,0,1,13278.0,13278.0,0.0,2775.0,0.87,1,0,0.0,0.0,0.0
L00691,0,1,0.041666666666666664,1874.0,0.0,0.0,0.0,0,1,1874.0,1874.0,0.0,2424.0,0.9,1,0,0.0,0.0,0.0
L00692,0,5,0.20833333333333334,12493.0,54603.0,0.22879695254839477,4.3706875850476266,3,2,13419.2,32465.0,1.3598734839239908,2917.0,0.89,5,0,0.0,0.0,0.0
L00693,0,2,0.08333333333333333,3328.0,627.0,5.307814992025518,0.18840144230769232,1,1,1977.5,3328.0,0.009315109196256128,1823.0,0.93,2,0,0.0,0.0,0.0
L00694,0,4,0.16666666666666666,12427.0,13585.0,0.914758925285241,1.093184195702905,1,3,6503.0,13585.0,0.30646543945136256,933.0,0.99,1,0,0.3333333333333333,0.3333333333333333,0.0
L00695,0,8,0.3333333333333333,3327.0,45851.0,0.07256112189483327,13.781484821160204,4,4,6147.25,32005.0,0.4490353540299677,2537.0,0.85,2,0,0.3333333333333333,0.5,0.0
L00696,0,4,0.16666666666666666,9450.0,19855.0,0.4759506421556283,2.101058201058201,2,2,7326.25,13079.0,0.09699797259337062,2116.0,0.9,1,0,0.3333333333333333,0.5,0.0
L00697,0,2,0.08333333333333333,15674.0,0.0,0.0,0.0,0,2,7837.0,11397.0,0.0,1842.0,0.96,1,0,0.0,0.0,0.0
L00698,0,1,0.041666666666666664,0.0,404.0,0.0,0.0,1,0,404.0,404.0,0.00439326221468263,1744.0,0.94,2,0,0.0,0.0,0.0
L00699,0,2,0.08333333333333333,934.0,1040.0,0.8980769230769231,1.113490364025696,1,1,987.0,1040.0,0.02954041924671931,2706.0,0.89,2,0,1.0,0.0,0.0
L00700,0,2,0.08333333333333333,0.0,27547.0,0.0,0.0,2,0,13773.5,25587.0,0.18094812693366263,1329.0,0.95,1,0,0.0,0.0,0.0
L00701,0,4,0.16666666666666666,12318.0,3052.0,4.036041939711665,0.24776749472316933,2,2,3842.5,10079.0,0.015108836094870818,1074.0,0.95,3,0,0.3333333333333333,0.5,0.0
L00702,0,3,0.125,13585.0,10420.0,1.303742802303263,0.7670224512329775,2,1,8001.666666666667,13585.0,0.056176746492996775,2099.0,0.87,1,0,0.0,0.0,0.0
L00703,0,2,0.08333333333333333,0.0,5272.0,0.0,0.0,2,0,2636.0,3478.0,0.05615739409239553,2907.0,0.92,4,0,1.0,0.0,0.0
L00704,0,5,0.20833333333333334,15343.0,3418.0,4.48888238736103,0.22277259988268266,2,3,3752.2,13454.0,0.03786208806424813,980.0,0.89,1,0,0.0,0.0,0.0
L00705,0,4,0.16666666666666666,17908.0,0.0,0.0,0.0,0,4,4477.0,14578.0,0.0,1743.0,0.9,2,0,0.3333333333333333,0.25,0.0
L00706,0,3,0.125,4651.0,3639.0,1.2780983786754603,0.7824123844334552,2,1,2763.3333333333335,4651.0,0.01715198763209246,1164.0,0.98,1,0,0.0,0.0,0.0
L00707,0,1,0.041666666666666664,0.0,938.0,0.0,0.0,1,0,938.0,938.0,0.00884505129752565,690.0,0.97,2,0,0.0,0.0,0.0
L00708,0,1,0.041666666666666664,12088.0,0.0,0.0,0.0,0,1,12088.0,12088.0,0.0,2484.0,0.86,2,0,0.0,0.0,0.0
L00709,0,5,0.20833333333333334,17426.0,7921.0,2.199974750662795,0.45455067141053596,2,3,5069.4,14691.0,0.06760839877091157,2323.0,1.0,3,0,0.6666666666666666,0.6666666666666666,0.0
L00710,0,2,0.08333333333333333,5181.0,0.0,0.0,0.0,0,2,2590.5,4326.0,0.0,2940.0,1.0,3,0,0.0,0.0,0.0
L00711,0,5,0.20833333333333334,15726.0,24148.0,0.6512340566506543,1.5355462291746154,3,2,7974.8,13891.0,0.15147979474826553,493.0,0.91,5,0,0.25,0.5,0.2
L00712,0,7,0.2916666666666667,38583.0,6569.0,5.873496727051301,0.17025633050825492,5,2,6450.285714285715,32465.0,0.04321881126886588,1500.0,0.87,1,0,0.0,0.0,0.0
L00713,0,2,0.08333333333333333,0.0,1919.0,0.0,0.0,2,0,959.5,1024.0,0.011003882036549633,2624.0,0.96,4,0,0.0,0.0,0.0
L00714,0,8,0.3333333333333333,11711.0,23912.0,0.48975409836065575,2.0418410041841004,5,3,4452.875,8256.0,0.6015143511181547,535.0,0.88,2,0,0.14285714285714285,0.0,0.0
L00715,0,4,0.16666666666666666,14942.0,10937.0,1.3661881686019932,0.7319635925578906,2,2,6469.75,9295.0,0.05689153831348866,2523.0,0.94,1,0,0.0,0.0,0.0
L00716,0,4,0.16666666666666666,2655.0,2649.0,1.0022650056625142,0.9977401129943503,2,2,1326.0,2144.0,0.02144574606747031,1222.0,0.87,2,0,1.0,0.5,0.0
L00717,0,4,0.16666666666666666,38756.0,18456.0,2.099913307325531,0.4762101352048715,2,2,14303.0,27233.0,0.40518111964873765,501.0,0.86,1,0,0.0,0.0,0.25
L00718,0,7,0.2916666666666667,33185.0,608.0,54.58059210526316,0.018321530812113906,1,6,4827.571428571428,14661.0,0.007770663190317345,1595.0,0.93,3,0,0.0,0.0,0.0
L00719,0,0,0.0,0.0,0.0,0.0,0.0,0,0,0.0,0.0,0.0,791.0,0.89,2,0,0.0,0.0,0.0
L00720,0,4,0.16666666666666666,11264.0,1091.0,10.324472960586618,0.09685724431818182,1,3,3088.75,6888.0,0.00590249787650741,1608.0,0.98,2,0,0.3333333333333333,0.3333333333333333,0.0
L00721,0,1,0.041666666666666664,1601.0,0.0,0.0,0.0,0,1,1601.0,1601.0,0.0,2331.0,0.9,2,0,0.0,0.0,0.0
L00722,0,3,0.125,4407.0,2037.0,2.1634756995581736,0.4622191967324711,2,1,2148.0,4407.0,0.02009965957866693,2258.0,0.93,5,0,0.0,0.0,0.0
L00723,0,2,0.08333333333333333,0.0,24725.0,0.0,0.0,2,0,12362.5,22979.0,0.1147816479348588,964.0,0.99,2,0,0.0,0.0,0.0
L00724,0,5,0.20833333333333334,8648.0,4499.0,1.9222049344298733,0.5202358926919519,2,3,2629.4,6774.0,0.041561584864525304,2528.0,0.95,3,0,0.0,0.0,0.0
L00725,0,3,0.125,13938.0,13039.0,1.0689470051384309,0.9355000717463051,2,1,8992.333333333334,13938.0,0.06270981022094399,2022.0,0.91,1,0,0.0,0.0,0.0
L00726,0,1,0.041666666666666664,0.0,29857.0,0.0,0.0,1,0,29857.0,29857.0,0.28462073764787754,1111.0,1.0,1,0,0.0,0.0,0.0
L00727,0,5,0.20833333333333334,2167.0,20077.0,0.10793445235842009,9.264882325796032,3,2,4448.8,18389.0,0.15762490971328078,2746.0,0.86,1,0,0.25,0.5,0.0
L00728,0,0,0.0,0.0,0.0,0.0,0.0,0,0,0.0,0.0,0.0,2912.0,0.91,2,0,0.0,0.0,0.0
L00729,0,6,0.25,5970.0,2769.0,2.1560130010834238,0.4638190954773869,2,4,1456.5,2366.0,0.02371186106853233,871.0,0.95,1,0,0.5,0.25,0.0
L00730,0,3,0.125,4147.0,1695.0,2.4466076696165193,0.4087292018326501,1,2,1947.3333333333333,2325.0,0.010933931958044665,2629.0,0.99,1,0,0.0,0.0,0.0
L00731,0,5,0.20833333333333334,31885.0,14506.0,2.198055976837171,0.45494746746118864,4,1,9278.2,31885.0,0.09912871151809205,694.0,0.92,1,0,0.25,0.0,0.0
L00732,0,4,0.16666666666666666,21683.0,2988.0,7.25669344042838,0.13780380943596365,2,2,6167.75,19520.0,0.05110924858457486,2375.0,0.9,3,0,0.0,0.0,0.0
L00733,0,5,0.20833333333333334,39468.0,15596.0,2.5306488843293153,0.39515556906861254,3,2,11012.8,28524.0,0.21180432952168834,1904.0,0.96,2,0,0.0,0.0,0.0
L00734,0,5,0.20833333333333334,26823.0,24761.0,1.0832761197043739,0.923125675726056,2,3,10316.8,22692.0,0.12613599315347623,2483.0,0.94,2,0,0.0,0.0,0.0
L00735,0,2,0.08333333333333333,9995.0,13431.0,0.7441739259921079,1.3437718859429715,1,1,11713.0,13431.0,0.09952427529788369,1284.0,0.97,2,0,0.0,0.0,0.5
L00736,0,1,0.041666666666666664,10347.0,0.0,0.0,0.0,0,1,10347.0,10347.0,0.0,1932.0,0.99,2,0,0.0,0.0,0.0
L00737,0,3,0.125,3260.0,2496.0,1.3060897435897436,0.7656441717791411,1,2,1918.6666666666667,2496.0,0.02406084617831632,923.0,0.98,2,0,0.0,0.0,0.0
L00738,0,1,0.041666666666666664,802.0,0.0,0.0,0.0,0,1,802.0,802.0,0.0,668.0,0.9,3,0,0.0,0.0,0.0
L00739,0,3,0.125,0.0,26975.0,0.0,0.0,3,0,8991.666666666666,13182.0,0.1779729230444421,1666.0,0.92,2,0,0.5,0.0,0.0
L00740,0,7,0.2916666666666667,3896.0,26289.0,0.14819886644604208,6.7476899383983575,5,2,4312.142857142857,11867.0,0.1637729642850468,1057.0,0.88,1,0,0.0,0.0,0.0
L00741,0,1,0.041666666666666664,772.0,0.0,0.0,0.0,0,1,772.0,772.0,0.0,1478.0,0.88,1,0,0.0,0.0,0.0
L00742,0,2,0.08333333333333333,8633.0,0.0,0.0,0.0,0,2,4316.5,7519.0,0.0,383.0,0.93,1,0,0.0,0.0,0.0
L00743,0,9,0.375,6385.0,16065.0,0.3974478680361033,2.5160532498042287,3,6,2494.4444444444443,12317.0,0.08905358736564355,2445.0,0.87,1,0,0.2857142857142857,0.16666666666666666,0.0
L00744,0,4,0.16666666666666666,0.0,25796.0,0.0,0.0,4,0,6449.0,13978.0,0.6899539959345244,1269.0,0.98,1,0,0.3333333333333333,0.0,0.0
L00745,0,6,0.25,1877.0,29733.0,0.06312851040930952,15.84070324986681,4,2,5268.333333333333,14413.0,0.20100730124391564,2090.0,0.9,1,0,0.0,0.0,0.0
L00746,0,2,0.08333333333333333,2098.0,6379.0,0.32889167581125567,3.040514775977121,1,1,4238.5,6379.0,0.0315878085617371,638.0,0.94,2,0,0.0,0.0,0.0
L00747,0,3,0.125,4886.0,7295.0,0.6697738176833448,1.4930413426115432,2,1,4060.3333333333335,5122.0,0.16599162646764357,1574.0,0.92,2,0,0.5,0.0,0.0
L00748,0,4,0.16666666666666666,24024.0,24985.0,0.961536922153292,1.040001665001665,1,3,12252.25,24985.0,0.24904061799152755,1255.0,0.94,1,0,0.3333333333333333,0.3333333333333333,0.0
L00749,0,2,0.08333333333333333,0.0,10283.0,0.0,0.0,2,0,5141.5,9320.0,0.0677315241733632,1838.0,0.97,4,0,0.0,0.0,0.0
L00750,0,0,0.0,0.0,0.0,0.0,0.0,0,0,0.0,0.0,0.0,1955.0,0.89,3,0,0.0,0.0,0.0
L00751,0,5,0.20833333333333334,10849.0,814.0,13.328009828009828,0.07502995667803485,1,4,2332.6,7287.0,0.0065914667228101995,584.0,0.85,4,0,0.25,0.25,0.0
L00752,0,2,0.08333333333333333,9929.0,0.0,0.0,0.0,0,2,4964.5,8250.0,0.0,2609.0,0.96,1,0,0.0,0.0,0.0
L00753,0,3,0.125,0.0,13110.0,0.0,0.0,3,0,4370.0,10568.0,0.11230083947233167,1254.0,0.86,2,0,2.0,0.0,0.0
L00754,0,6,0.25,19137.0,15877.0,1.2053284625558984,0.8296493703297277,3,3,5835.666666666667,14634.0,0.1490224420645573,1142.0,0.88,1,0,0.2,0.3333333333333333,0.0
L00755,0,2,0.08333333333333333,1671.0,31039.0,0.05383549727761848,18.57510472770796,1,1,16355.0,31039.0,0.15639927441297993,953.0,0.99,3,0,0.0,0.0,0.0
L00756,0,4,0.16666666666666666,9967.0,39386.0,0.2530594627532626,3.9516404133641014,1,3,12338.25,39386.0,1.0833127045685838,704.0,0.92,3,0,0.3333333333333333,0.3333333333333333,0.0
L00757,0,3,0.125,1868.0,19585.0,0.09537911667092162,10.484475374732334,1,2,7151.0,19585.0,0.27073167360141553,1721.0,1.0,2,0,0.0,0.0,0.0
L00758,0,2,0.08333333333333333,0.0,23603.0,0.0,0.0,2,0,11801.5,22244.0,0.13193699132456846,1381.0,0.99,4,0,0.0,0.0,0.0
L00759,0,2,0.08333333333333333,1329.0,985.0,1.349238578680203,0.7411587659894657,1,1,1157.0,1329.0,0.022678086291845097,2525.0,0.95,3,0,1.0,1.0,0.0
L00760,0,5,0.20833333333333334,33744.0,27476.0,1.2281263648274858,0.8142484589853011,3,2,12244.0,32005.0,0.5575487012987013,2100.0,0.89,2,0,0.0,0.0,0.0
L00761,0,5,0.20833333333333334,25874.0,18631.0,1.3887606677043638,0.7200664759990725,2,3,8901.0,14858.0,0.1422930636809385,2088.0,0.87,4,0,0.0,0.0,0.4
L00762,0,2,0.08333333333333333,0.0,7867.0,0.0,0.0,2,0,3933.5,6459.0,0.04632388444643341,2583.0,0.95,2,0,0.0,0.0,0.0
L00763,0,2,0.08333333333333333,2542.0,0.0,0.0,0.0,0,2,1271.0,1434.0,0.0,1529.0,0.86,3,0,0.0,0.0,0.0
L00764,0,6,0.25,19590.0,2913.0,6.7250257466529355,0.14869831546707504,2,4,3750.5,14513.0,0.0302608478854804,1829.0,0.86,2,0,0.2,0.25,0.0
L00765,0,1,0.041666666666666664,1201.0,0.0,0.0,0.0,0,1,1201.0,1201.0,0.0,2644.0,0.95,1,0,0.0,0.0,0.0
L00766,0,1,0.041666666666666664,238.0,0.0,0.0,0.0,0,1,238.0,238.0,0.0,1358.0,0.86,2,0,0.0,0.0,0.0
L00767,0,5,0.20833333333333334,31406.0,10793.0,2.90984897618827,0.3436604470483347,2,3,8439.8,22439.0,0.20387615935321785,2841.0,0.89,3,0,0.25,0.0,0.2
L00768,0,4,0.16666666666666666,20794.0,20706.0,1.00424997585241,0.9957680100028854,2,2,10375.0,19934.0,0.3711550871155087,1454.0,0.94,4,0,0.0,0.0,0.0
L00769,0,3,0.125,5937.0,1967.0,3.018301982714794,0.3313121104935152,1,2,2634.6666666666665,3647.0,0.01301502649983789,859.0,0.92,2,0,0.0,0.0,0.0
L00770,0,8,0.3333333333333333,21871.0,73184.0,0.2988494752951465,3.346166156097115,5,3,11881.875,34743.0,0.4513351834720937,399.0,0.9,4,0,0.0,0.0,0.0
L00771,0,5,0.20833333333333334,11304.0,13339.0,0.8474398380688207,1.180024769992923,3,2,4928.6,10749.0,0.08793998009005624,1816.0,0.92,2,0,0.0,0.0,0.0
L00772,0,3,0.125,17109.0,208.0,82.2548076923077,0.01215734408790695,1,2,5772.333333333333,13541.0,0.0024344284359967697,2238.0,0.97,1,0,0.0,0.0,0.0
L00773,0,1,0.041666666666666664,1213.0,0.0,0.0,0.0,0,1,1213.0,1213.0,0.0,1928.0,0.97,2,0,0.0,0.0,0.0
L00774,0,1,0.041666666666666664,0.0,12342.0,0.0,0.0,1,0,12342.0,12342.0,0.11026829987402503,1999.0,0.87,1,0,0.0,0.0,0.0
L00775,0,0,0.0,0.0,0.0,0.0,0.0,0,0,0.0,0.0,0.0,1731.0,0.94,1,0,0.0,0.0,0.0
L00776,0,5,0.20833333333333334,21746.0,5393.0,4.032264045985537,0.24799963211625126,4,1,5427.8,21746.0,0.1455600539811066,808.0,1.0,3,0,0.25,0.0,0.0
L00777,0,0,0.0,0.0,0.0,0.0,0.0,0,0,0.0,0.0,0.0,449.0,0.92,4,0,0.0,0.0,0.0
L00778,0,5,0.20833333333333334,12175.0,5298.0,2.2980369950924877,0.4351540041067762,1,4,3494.6,5298.0,0.031125707202152596,1027.0,0.9,2,0,0.0,0.0,0.0
L00779,0,3,0.125,8894.0,413.0,21.53510895883777,0.04643579941533618,1,2,3102.3333333333335,6398.0,0.004141430347759817,1546.0,0.99,1,0,0.0,0.0,0.0
L00780,0,5,0.20833333333333334,23450.0,12747.0,1.8396485447556288,0.5435820895522389,2,3,7239.4,12112.0,0.13665748255196886,677.0,0.88,2,0,0.25,0.3333333333333333,0.2
L00781,0,2,0.08333333333333333,5640.0,0.0,0.0,0.0,0,2,2820.0,3848.0,0.0,1691.0,0.85,3,0,0.0,0.0,0.0
L00782,0,5,0.20833333333333334,57451.0,14460.0,3.9730982019363763,0.2516927468625437,1,4,14382.2,44337.0,0.08840414019942898,2759.0,0.89,1,0,0.0,0.0,0.0
L00783,0,2,0.08333333333333333,3370.0,905.0,3.723756906077348,0.2685459940652819,1,1,2137.5,3370.0,0.006120240752011902,2945.0,0.96,3,0,0.0,0.0,0.0
L00784,0,1,0.041666666666666664,11723.0,0.0,0.0,0.0,0,1,11723.0,11723.0,0.0,2513.0,0.99,1,0,0.0,0.0,0.0
L00785,0,4,0.16666666666666666,54797.0,0.0,0.0,0.0,0,4,13699.25,35989.0,0.0,1925.0,0.9,2,0,0.0,0.0,0.0
L00786,0,5,0.20833333333333334,6662.0,1110.0,6.001801801801802,0.16661663164214952,1,4,1554.4,4421.0,0.011813789139828433,2962.0,0.86,1,0,0.0,0.0,0.0
L00787,0,2,0.08333333333333333,3737.0,0.0,0.0,0.0,0,2,1868.5,1960.0,0.0,1891.0,0.94,1,0,0.0,0.0,0.0
L00788,0,1,0.041666666666666664,0.0,1904.0,0.0,0.0,1,0,1904.0,1904.0,0.032717587421599796,1629.0,0.9,4,0,1.0,0.0,0.0
L00789,0,4,0.16666666666666666,1564.0,7651.0,0.20441772317344137,4.891943734015345,2,2,2303.75,6700.0,0.06048842964099077,2384.0,0.89,3,0,0.0,0.0,0.0
L00790,0,5,0.20833333333333334,32745.0,2205.0,14.850340136054422,0.0673385249656436,1,4,6990.0,14534.0,0.014603616133518776,709.0,0.9,1,0,0.25,0.25,0.0
L00791,0,1,0.041666666666666664,1545.0,0.0,0.0,0.0,0,1,1545.0,1545.0,0.0,892.0,0.89,2,0,0.0,0.0,0.0
L00792,0,0,0.0,0.0,0.0,0.0,0.0,0,0,0.0,0.0,0.0,2236.0,0.88,2,0,0.0,0.0,0.0
L00793,0,1,0.041666666666666664,0.0,1257.0,0.0,0.0,1,0,1257.0,1257.0,0.01103570581986427,409.0,0.94,1,0,0.0,0.0,0.0
L00794,0,0,0.0,0.0,0.0,0.0,0.0,0,0,0.0,0.0,0.0,1879.0,0.86,2,0,0.0,0.0,0.0
L00795,0,3,0.125,1796.0,15944.0,0.11264425489212243,8.877505567928731,2,1,5913.333333333333,14951.0,0.14619743622659503,638.0,0.89,4,0,0.5,0.0,0.0
L00796,0,2,0.08333333333333333,0.0,17765.0,0.0,0.0,2,0,8882.5,16259.0,0.11191044644488261,880.0,0.95,1,0,0.0,0.0,0.0
L00797,0,5,0.20833333333333334,12331.0,24068.0,0.5123400365630713,1.951828724353256,3,2,7279.8,13938.0,0.17425427164784246,636.0,0.9,2,0,0.0,0.0,0.0
L00798,0,3,0.125,3628.0,44337.0,0.08182781875183255,12.220782800441015,1,2,15988.333333333334,44337.0,0.22291661429397422,1152.0,0.97,3,0,0.0,0.0,0.0
L00799,0,2,0.08333333333333333,0.0,13916.0,0.0,0.0,2,0,6958.0,12142.0,0.18919433341490605,1302.0,0.96,4,0,0.0,0.0,0.0
L00800,0,2,0.08333333333333333,0.0,4204.0,0.0,0.0,2,0,2102.0,3370.0,0.020913654069058835,555.0,0.88,2,0,1.0,0.0,0.0
L00801,0,1,0.041666666666666664,0.0,8701.0,0.0,0.0,1,0,8701.0,8701.0,0.044865316393036876,2897.0,0.87,1,0,0.0,0.0,0.0
L00802,0,5,0.20833333333333334,21236.0,3997.0,5.312984738553915,0.18821812017329065,3,2,5046.6,12575.0,0.022808979787489015,913.0,0.89,1,0,0.0,0.0,0.0
L00803,0,1,0.041666666666666664,2122.0,0.0,0.0,0.0,0,1,2122.0,2122.0,0.0,2146.0,0.91,2,0,0.0,0.0,0.0
L00804,0,3,0.125,1951.0,21086.0,0.0925258465332448,10.807790876473604,2,1,7679.0,13777.0,0.20239775006959043,1539.0,0.91,1,0,0.0,0.0,0.0
L00805,0,6,0.25,27748.0,51732.0,0.5363798036031856,1.8643505838258614,4,2,13246.666666666666,41419.0,0.5400902029566524,2501.0,0.87,1,0,0.0,0.0,0.0
L00806,0,1,0.041666666666666664,0.0,2357.0,0.0,0.0,1,0,2357.0,2357.0,0.03217220387103819,2022.0,0.94,1,0,0.0,0.0,0.0
L00807,0,3,0.125,1169.0,1783.0,0.6556365675827257,1.525235243798118,1,2,984.0,1783.0,0.019181324296702707,958.0,0.88,3,0,0.0,0.0,0.0
L00808,0,2,0.08333333333333333,0.0,3527.0,0.0,0.0,2,0,1763.5,2047.0,0.026753950133124985,2215.0,0.85,4,0,0.0,0.0,0.0
L00809,0,4,0.16666666666666666,2467.0,29840.0,0.08267426273458445,12.09566274827726,2,2,8076.75,16702.0,0.16387860681216568,2628.0,0.97,4,0,0.0,0.0,0.0
L00810,0,6,0.25,9635.0,14618.0,0.6591188945136134,1.5171769590036326,3,3,4042.1666666666665,11062.0,0.09329963364352366,2595.0,0.87,3,0,0.5,0.6666666666666666,0.0
L00811,0,6,0.25,30535.0,25977.0,1.1754629094968627,0.8507286720157197,3,3,9418.666666666666,18778.0,0.12853474252972524,2879.0,0.97,3,0,0.0,0.0,0.0
L00812,0,3,0.125,985.0,8198.0,0.12015125640400097,8.322842639593908,2,1,3061.0,5832.0,0.06566542512715767,2120.0,0.94,2,0,0.5,0.0,0.0
L00813,0,2,0.08333333333333333,764.0,1361.0,0.5613519470977223,1.781413612565445,1,1,1062.5,1361.0,0.007551001159558591,1337.0,0.98,3,0,0.0,0.0,0.0
L00814,0,4,0.16666666666666666,3371.0,2499.0,1.3489395758303322,0.7413230495401958,1,3,1467.5,2499.0,0.015495752464810567,1278.0,0.99,2,0,0.0,0.0,0.0
L00815,0,6,0.25,9391.0,26351.0,0.356381162005237,2.8059844531998723,4,2,5957.0,10743.0,0.4607462582179326,2743.0,0.93,1,0,0.2,0.0,0.16666666666666666
L00816,0,3,0.125,10139.0,2292.0,4.423647469458988,0.22605779662688627,1,2,4143.666666666667,6789.0,0.037946391616032846,1463.0,0.98,2,0,0.0,0.0,0.0
L00817,0,4,0.16666666666666666,9399.0,4461.0,2.1069266980497647,0.4746249601021385,1,3,3465.0,6776.0,0.025624971278893433,930.0,0.95,1,0,0.0,0.0,0.0
L00818,0,3,0.125,7566.0,3756.0,2.0143769968051117,0.4964314036478985,2,1,3774.0,7566.0,0.017267774636231983,1447.0,0.97,2,0,0.0,0.0,0.0
L00819,0,2,0.08333333333333333,2999.0,0.0,0.0,0.0,0,2,1499.5,2374.0,0.0,1700.0,0.95,2,0,0.0,0.0,0.0
L00820,0,2,0.08333333333333333,15985.0,0.0,0.0,0.0,0,2,7992.5,14945.0,0.0,980.0,0.98,2,0,1.0,0.5,0.0
L00821,0,2,0.08333333333333333,0.0,34885.0,0.0,0.0,2,0,17442.5,34178.0,0.18674753617447257,536.0,0.88,2,0,0.0,0.0,0.0
L00822,0,1,0.041666666666666664,26993.0,0.0,0.0,0.0,0,1,26993.0,26993.0,0.0,1054.0,0.91,2,0,0.0,0.0,0.0
L00823,0,0,0.0,0.0,0.0,0.0,0.0,0,0,0.0,0.0,0.0,1777.0,1.0,2,0,0.0,0.0,0.0
L00824,0,2,0.08333333333333333,1176.0,22832.0,0.05150665732305536,19.41496598639456,1,1,12004.0,22832.0,0.1379218692424325,480.0,0.92,3,0,1.0,1.0,0.0
L00825,0,1,0.041666666666666664,0.0,1234.0,0.0,0.0,1,0,1234.0,1234.0,0.0203090798373957,2173.0,0.9,5,0,0.0,0.0,0.0
L00826,0,2,0.08333333333333333,0.0,7070.0,0.0,0.0,2,0,3535.0,5599.0,0.1469243557772236,1082.0,0.9,1,0,1.0,0.0,0.0
L00827,0,4,0.16666666666666666,2404.0,6978.0,0.34451132129550016,2.9026622296173046,2,2,2345.5,5053.0,0.08611944166759228,2659.0,0.89,4,0,0.0,0.0,0.0
L00828,0,4,0.16666666666666666,10556.0,3423.0,3.0838445807770962,0.32427055702917773,2,2,3494.75,10035.0,0.023972770630379517,1348.0,1.0,2,0,0.3333333333333333,0.5,0.0
L00829,0,2,0.08333333333333333,2277.0,11669.0,0.19513240209101038,5.124725516029864,1,1,6973.0,11669.0,0.25708305794227804,1117.0,0.88,1,0,0.0,0.0,0.0
L00830,0,6,0.25,3390.0,29320.0,0.11562073669849932,8.64896755162242,4,2,5451.666666666667,11706.0,0.4443703490398751,1253.0,0.88,1,0,0.0,0.0,0.0
L00831,0,3,0.125,1892.0,6285.0,0.30103420843277645,3.3218816067653276,1,2,2725.6666666666665,6285.0,0.02898891640952552,1285.0,0.87,2,0,0.5,0.0,0.0
L00832,0,2,0.08333333333333333,11265.0,2122.0,5.308671065032987,0.1883710608078118,1,1,6693.5,11265.0,0.014620064350330364,1745.0,0.95,1,0,0.0,0.0,0.0
L00833,0,4,0.16666666666666666,878.0,8801.0,0.09976139075105102,10.023917995444192,3,1,2419.75,5062.0,0.04387644202486714,1121.0,0.97,3,0,0.3333333333333333,0.0,0.0
L00834,0,4,0.16666666666666666,4487.0,1004.0,4.469123505976095,0.2237575217294406,1,3,1372.75,2858.0,0.012172647914645975,1303.0,0.92,3,0,0.3333333333333333,0.3333333333333333,0.0
L00835,0,6,0.25,72571.0,7668.0,9.46413667188315,0.10566204131126758,1,5,13373.166666666666,33673.0,0.05278447029668892,2323.0,0.9,1,0,0.2,0.2,0.0
L00836,0,7,0.2916666666666667,45156.0,1705.0,26.484457478005865,0.03775799450792807,1,6,6694.428571428572,22069.0,0.03778309621947436,2860.0,0.9,4,0,0.4,0.16666666666666666,0.0
L00837,0,2,0.08333333333333333,2673.0,1030.0,2.595145631067961,0.38533482977927425,1,1,1851.5,2673.0,0.02939246069115087,1814.0,0.88,2,0,0.0,0.0,0.0
L00838,0,7,0.2916666666666667,116246.0,5159.0,22.532661368482263,0.04438002167816527,1,6,17343.571428571428,36440.0,0.030244051143458458,1827.0,0.96,3,0,0.0,0.0,0.0
L00839,0,3,0.125,1924.0,3527.0,0.5455060958321519,1.8331600831600832,2,1,1817.0,1981.0,0.06183163283194839,1259.0,0.91,1,0,0.0,0.0,0.0
L00840,0,2,0.08333333333333333,0.0,10000.0,0.0,0.0,2,0,5000.0,8645.0,0.0600470769082961,2071.0,0.96,1,0,0.0,0.0,0.0
L00841,0,4,0.16666666666666666,44134.0,10124.0,4.3593441327538525,0.2293923052521865,1,3,13564.5,41011.0,0.1841195940784927,592.0,0.99,1,0,0.0,0.0,0.0
L00842,0,4,0.16666666666666666,12830.0,42485.0,0.30198893727197834,3.3113795791114575,2,2,13828.75,41143.0,0.3952607781478518,836.0,0.86,3,0,0.3333333333333333,0.0,0.0
L00843,0,2,0.08333333333333333,0.0,40877.0,0.0,0.0,2,0,20438.5,29933.0,0.255506800680068,2525.0,0.92,1,0,0.0,0.0,0.0
L00844,0,4,0.16666666666666666,1024.0,41592.0,0.024620119253702635,40.6171875,3,1,10654.0,34024.0,1.0176906701901196,1283.0,0.95,1,0,0.3333333333333333,1.0,0.0
L00845,0,2,0.08333333333333333,0.0,29299.0,0.0,0.0,2,0,14649.5,16577.0,0.31058461864631365,2223.0,0.97,3,0,0.0,0.0,0.0
L00846,0,3,0.125,6894.0,4613.0,1.4944721439410362,0.66913257905425,1,2,3835.6666666666665,5842.0,0.02318055506700904,834.0,0.97,1,0,0.0,0.0,0.0
L00847,0,2,0.08333333333333333,0.0,3208.0,0.0,0.0,2,0,1604.0,1744.0,0.02395585193371816,2775.0,0.89,2,0,0.0,0.0,0.0
L00848,0,2,0.08333333333333333,3160.0,0.0,0.0,0.0,0,2,1580.0,2069.0,0.0,2232.0,0.99,1,0,0.0,0.0,0.0
L00849,0,1,0.041666666666666664,0.0,5426.0,0.0,0.0,1,0,5426.0,5426.0,0.024832951945080093,2372.0,0.86,3,0,0.0,0.0,0.0
L00850,0,2,0.08333333333333333,0.0,1500.0,0.0,0.0,2,0,750.0,843.0,0.02167285547095115,900.0,0.93,2,0,0.0,0.0,0.0
L00851,0,2,0.08333333333333333,1721.0,2695.0,0.6385899814471243,1.5659500290528763,1,1,2208.0,2695.0,0.023202755058114508,975.0,0.9,3,0,1.0,0.0,0.0
L00852,0,4,0.16666666666666666,0.0,6803.0,0.0,0.0,4,0,1700.75,4304.0,0.12423528552384083,1887.0,0.9,1,0,0.0,0.0,0.0
L00853,0,2,0.08333333333333333,0.0,11388.0,0.0,0.0,2,0,5694.0,10956.0,0.12633260486116504,2814.0,0.89,1,0,0.0,0.0,0.0
L00854,0,0,0.0,0.0,0.0,0.0,0.0,0,0,0.0,0.0,0.0,1595.0,0.97,2,0,0.0,0.0,0.0
L00855,0,1,0.041666666666666664,0.0,2032.0,0.0,0.0,1,0,2032.0,2032.0,0.00999778592339295,2981.0,0.86,3,0,0.0,0.0,0.0
L00856,0,4,0.16666666666666666,25807.0,1584.0,16.29229797979798,0.06137869570271632,1,3,6847.75,22672.0,0.012861527468779941,2321.0,0.88,2,0,3.0,0.6666666666666666,0.0
L00857,0,2,0.08333333333333333,35748.0,9833.0,3.6355130682396015,0.275064339263735,1,1,22790.5,35748.0,0.07908918345022843,856.0,0.92,1,0,0.0,0.0,0.5
L00858,0,2,0.08333333333333333,1159.0,14008.0,0.08273843517989721,12.086281276962898,1,1,7583.5,14008.0,0.10947427651476668,429.0,0.98,1,0,0.0,0.0,0.0
L00859,0,1,0.041666666666666664,0.0,321.0,0.0,0.0,1,0,321.0,321.0,0.0021822334921854287,899.0,1.0,3,0,1.0,0.0,0.0
L00860,0,2,0.08333333333333333,536.0,1419.0,0.3777307963354475,2.6473880597014925,1,1,977.5,1419.0,0.010453577716714674,1369.0,0.91,1,0,0.0,0.0,0.0
L00861,0,1,0.041666666666666664,0.0,1211.0,0.0,0.0,1,0,1211.0,1211.0,0.013104925980434595,366.0,0.88,1,0,0.0,0.0,0.0
L00862,0,3,0.125,9048.0,9655.0,0.9371310201967892,1.0670866489832007,2,1,6234.333333333333,9048.0,0.06252266487074548,1538.0,0.96,2,0,0.5,0.0,0.0
L00863,0,3,0.125,8276.0,6204.0,1.3339780786589297,0.749637506041566,2,1,4826.666666666667,8276.0,0.08185236493172372,1586.0,0.97,4,0,0.0,0.0,0.0
L00864,0,2,0.08333333333333333,5884.0,0.0,0.0,0.0,0,2,2942.0,4613.0,0.0,1798.0,0.88,1,0,0.0,0.0,0.0
L00865,0,0,0.0,0.0,0.0,0.0,0.0,0,0,0.0,0.0,0.0,912.0,0.88,4,0,0.0,0.0,0.0
L00866,0,2,0.08333333333333333,2136.0,0.0,0.0,0.0,0,2,1068.0,1101.0,0.0,1955.0,0.97,2,0,1.0,0.5,0.0
L00867,0,2,0.08333333333333333,19751.0,0.0,0.0,0.0,0,2,9875.5,19512.0,0.0,1722.0,0.92,1,0,0.0,0.0,0.0
L00868,0,3,0.125,44898.0,2496.0,17.98798076923077,0.055592676733930244,2,1,15798.0,44898.0,0.018730863901062617,910.0,0.92,1,0,0.5,0.0,0.0
L00869,0,4,0.16666666666666666,2820.0,25371.0,0.1111505261913208,8.996808510638298,3,1,7047.75,14462.0,0.12318770210823776,2444.0,0.95,3,0,0.0,0.0,0.25
L00870,0,3,0.125,10869.0,2548.0,4.265698587127159,0.23442819026589382,1,2,4472.333333333333,10162.0,0.012346875484571251,2682.0,0.95,2,0,0.5,0.0,0.0
L00871,0,4,0.16666666666666666,28756.0,5920.0,4.857432432432432,0.2058700792878008,2,2,8669.0,27733.0,0.04317732606903996,590.0,0.95,2,0,0.3333333333333333,0.0,0.0
L00872,0,5,0.20833333333333334,3831.0,628.0,6.100318471337579,0.16392586791960323,2,3,891.8,2368.0,0.004504569125052003,1579.0,0.95,2,0,0.0,0.0,0.0
L00873,0,3,0.125,3488.0,0.0,0.0,0.0,0,3,1162.6666666666667,1553.0,0.0,2965.0,0.93,1,0,0.0,0.0,0.0
L00874,0,5,0.20833333333333334,27295.0,3631.0,7.517212889011292,0.13302802711119252,2,3,6185.2,13139.0,0.053139177520854675,2599.0,0.97,2,0,0.6666666666666666,0.3333333333333333,0.0
L00875,0,2,0.08333333333333333,14429.0,7856.0,1.8366853360488797,0.5444590754730058,1,1,11142.5,14429.0,0.0486391441095619,2425.0,0.9,1,0,1.0,0.0,0.0
L00876,0,2,0.08333333333333333,5048.0,16452.0,0.3068319961098955,3.259112519809826,1,1,10750.0,16452.0,0.36307461434908306,1350.0,0.9,2,0,0.0,0.0,0.0
L00877,0,5,0.20833333333333334,24949.0,14661.0,1.7017256667348748,0.5876387831175598,1,4,7922.0,21048.0,0.23560890945906857,405.0,0.86,3,0,0.25,0.25,0.0
L00878,0,3,0.125,31433.0,12168.0,2.583251150558843,0.3871090891737982,1,2,14533.666666666666,22692.0,0.3368864032780531,1092.0,0.99,3,0,0.0,0.0,0.0
L00879,0,3,0.125,5920.0,12283.0,0.4819669461857852,2.074831081081081,2,1,6067.666666666667,10947.0,0.0574834213937729,1661.0,0.87,3,0,0.5,0.0,0.0
L00880,0,2,0.08333333333333333,1855.0,1901.0,0.9758022093634929,1.024797843665768,1,1,1878.0,1901.0,0.009570606507609665,1729.0,0.93,1,0,0.0,0.0,0.0
L00881,0,1,0.041666666666666664,2156.0,0.0,0.0,0.0,0,1,2156.0,2156.0,0.0,1277.0,0.88,1,0,0.0,0.0,0.0
L00882,0,0,0.0,0.0,0.0,0.0,0.0,0,0,0.0,0.0,0.0,1917.0,0.91,3,0,0.0,0.0,0.0
L00883,0,5,0.20833333333333334,13724.0,3301.0,4.157528021811572,0.24052754299038182,2,3,3405.0,10743.0,0.023228648431837532,1792.0,0.94,1,0,0.25,0.0,0.0
L00884,0,3,0.125,8701.0,16851.0,0.5163491780903211,1.9366739455235031,2,1,8517.333333333334,12545.0,0.21886689526184538,519.0,0.92,2,0,0.0,0.0,0.0
L00885,0,1,0.041666666666666664,13757.0,0.0,0.0,0.0,0,1,13757.0,13757.0,0.0,2950.0,0.91,4,0,0.0,0.0,0.0
L00886,0,3,0.125,2847.0,3102.0,0.9177949709864603,1.089567966280295,2,1,1983.0,2847.0,0.03100263852242744,1868.0,0.92,2,0,0.5,0.0,0.0
L00887,0,5,0.20833333333333334,3517.0,8090.0,0.434734239802225,2.3002558999147,1,4,2321.4,8090.0,0.04368604368604369,2392.0,0.96,1,0,0.25,0.0,0.0
L00888,0,2,0.08333333333333333,0.0,10534.0,0.0,0.0,2,0,5267.0,10162.0,0.048461595082992893,931.0,0.97,3,0,0.0,0.0,0.0
L00889,0,1,0.041666666666666664,9149.0,0.0,0.0,0.0,0,1,9149.0,9149.0,0.0,2163.0,0.9,2,0,0.0,0.0,0.0
L00890,0,3,0.125,431.0,13953.0,0.03088941446283953,32.37354988399072,2,1,4794.666666666667,11762.0,0.36049605994057615,2218.0,0.92,2,0,0.0,0.0,0.0
L00891,0,5,0.20833333333333334,46926.0,19666.0,2.3861486830062035,0.4190853684524571,3,2,13318.4,36043.0,0.16269296315293105,2854.0,0.94,4,0,0.25,0.5,0.0
L00892,0,5,0.20833333333333334,3539.0,7181.0,0.4928282968945829,2.0291042667420176,3,2,2144.0,3543.0,0.09506347714425661,1724.0,0.95,1,0,0.6666666666666666,0.5,0.0
L00893,0,2,0.08333333333333333,5286.0,0.0,0.0,0.0,0,2,2643.0,3732.0,0.0,563.0,0.92,2,0,0.0,0.0,0.0
L00894,0,2,0.08333333333333333,0.0,14954.0,0.0,0.0,2,0,7477.0,14517.0,0.13818275903491994,1824.0,0.93,1,0,0.0,0.0,0.0
L00895,0,4,0.16666666666666666,2504.0,1210.0,2.069421487603306,0.48322683706070285,1,3,928.5,1632.0,0.009157301244938888,1949.0,0.98,2,0,0.0,0.0,0.0
L00896,0,2,0.08333333333333333,30788.0,521.0,59.09404990403071,0.016922177471742236,1,1,15654.5,30788.0,0.0045573030562796315,2694.0,0.93,2,0,1.0,0.0,0.0
L00897,0,2,0.08333333333333333,0.0,4203.0,0.0,0.0,2,0,2101.5,2105.0,0.04345174096435365,1845.0,0.9,2,0,1.0,0.0,0.0
L00898,0,4,0.16666666666666666,14793.0,2014.0,7.345084409136048,0.13614547421077536,2,2,4201.75,13138.0,0.010406171365977917,1768.0,0.96,1,0,0.0,0.0,0.0
L00899,0,2,0.08333333333333333,0.0,878.0,0.0,0.0,2,0,439.0,526.0,0.006222096236978244,1900.0,1.0,2,0,0.0,0.0,0.0
L00900,0,1,0.041666666666666664,1201.0,0.0,0.0,0.0,0,1,1201.0,1201.0,0.0,602.0,0.86,1,0,0.0,0.0,0.0
L00901,0,3,0.125,2110.0,2311.0,0.9130246646473388,1.095260663507109,2,1,1473.6666666666667,2110.0,0.01588283403091345,544.0,0.97,1,0,0.5,1.0,0.0
L00902,0,2,0.08333333333333333,2090.0,0.0,0.0,0.0,0,2,1045.0,1271.0,0.0,844.0,0.98,2,0,0.0,0.0,0.0
L00903,0,4,0.16666666666666666,1232.0,10347.0,0.11906832898424664,8.39853896103896,1,3,2894.75,10347.0,0.05394766341496478,2769.0,0.97,3,0,0.0,0.0,0.0
L00904,0,6,0.25,2320.0,6344.0,0.3656998738965952,2.7344827586206897,4,2,1444.0,2416.0,0.038280976575228394,1775.0,0.87,1,0,0.2,0.0,0.0
L00905,0,2,0.08333333333333333,556.0,11922.0,0.04663647039087401,21.442446043165468,1,1,6239.0,11922.0,0.160732341957316,1775.0,0.88,1,0,0.0,0.0,0.0
L00906,0,4,0.16666666666666666,2286.0,7074.0,0.3231552162849873,3.094488188976378,3,1,2340.0,5590.0,0.03651699893659856,1253.0,0.93,3,0,0.0,0.0,0.0
L00907,0,7,0.2916666666666667,20526.0,38908.0,0.5275521743600288,1.8955471109811945,3,4,8490.57142857143,25469.0,0.23151117748912597,995.0,0.99,1,0,0.0,0.0,0.0
L00908,0,3,0.125,10147.0,552.0,18.382246376811594,0.05440031536414704,1,2,3566.3333333333335,9833.0,0.012328858910504099,2531.0,0.89,1,0,0.0,0.0,0.3333333333333333
L00909,0,1,0.041666666666666664,2368.0,0.0,0.0,0.0,0,1,2368.0,2368.0,0.0,1327.0,0.9,1,0,0.0,0.0,0.0
L00910,0,2,0.08333333333333333,744.0,0.0,0.0,0.0,0,2,372.0,390.0,0.0,1785.0,0.96,1,0,0.0,0.0,0.0
L00911,0,1,0.041666666666666664,0.0,2179.0,0.0,0.0,1,0,2179.0,2179.0,0.03792071281890641,2609.0,0.87,2,0,0.0,0.0,0.0
L00912,0,2,0.08333333333333333,2468.0,934.0,2.6423982869379015,0.37844408427876824,1,1,1701.0,2468.0,0.0074639389459383865,756.0,0.9,2,0,0.0,0.0,0.0
L00913,0,1,0.041666666666666664,352.0,0.0,0.0,0.0,0,1,352.0,352.0,0.0,1390.0,0.93,2,0,0.0,0.0,0.0
L00914,0,3,0.125,411.0,21353.0,0.019247880859832343,51.95377128953771,2,1,7254.666666666667,12701.0,0.30781761305482275,833.0,0.97,2,0,0.0,0.0,0.0
L00915,0,3,0.125,0.0,11314.0,0.0,0.0,3,0,3771.3333333333335,8264.0,0.09755298418665609,2665.0,0.95,2,0,0.5,0.0,0.0
L00916,0,0,0.0,0.0,0.0,0.0,0.0,0,0,0.0,0.0,0.0,1694.0,0.86,1,0,0.0,0.0,0.0
L00917,0,4,0.16666666666666666,21605.0,6470.0,3.339258114374034,0.29946771580652626,2,2,7018.75,20127.0,0.03409983292663002,1517.0,0.96,3,0,0.0,0.0,0.0
L00918,0,2,0.08333333333333333,9277.0,1747.0,5.310246136233543,0.18831518809960116,1,1,5512.0,9277.0,0.04103539802222066,2968.0,0.98,1,0,0.0,0.0,0.0
L00919,0,4,0.16666666666666666,56559.0,4012.0,14.097457627118644,0.07093477607454163,1,3,15142.75,32153.0,0.042208031308848745,606.0,0.86,1,0,0.3333333333333333,0.3333333333333333,0.0
L00920,0,3,0.125,9417.0,0.0,0.0,0.0,0,3,3139.0,6730.0,0.0,1636.0,0.88,3,0,0.0,0.0,0.0
L00921,0,1,0.041666666666666664,0.0,244.0,0.0,0.0,1,0,244.0,244.0,0.004465592972181552,1406.0,0.86,2,0,0.0,0.0,0.0
L00922,0,1,0.041666666666666664,9180.0,0.0,0.0,0.0,0,1,9180.0,9180.0,0.0,1686.0,0.88,3,0,0.0,0.0,0.0
L00923,0,2,0.08333333333333333,0.0,23721.0,0.0,0.0,2,0,11860.5,22841.0,0.41576401304027766,2134.0,0.94,1,0,0.0,0.0,0.0
L00924,0,5,0.20833333333333334,1495.0,40639.0,0.03678732252269987,27.183277591973244,3,2,8426.8,26676.0,0.7151605807303124,596.0,0.98,1,0,0.0,0.0,0.0
L00925,0,1,0.041666666666666664,3915.0,0.0,0.0,0.0,0,1,3915.0,3915.0,0.0,653.0,0.98,1,0,1.0,1.0,0.0
L00926,0,3,0.125,8090.0,11672.0,0.6931117203564084,1.4427688504326328,2,1,6587.333333333333,11429.0,0.08227888255239357,960.0,0.92,1,0,0.5,1.0,0.0
L00927,0,3,0.125,14633.0,1018.0,14.37426326129666,0.0695687828879929,1,2,5217.0,13360.0,0.005123559313503448,2500.0,0.94,3,0,0.5,0.0,0.0
L00928,0,0,0.0,0.0,0.0,0.0,0.0,0,0,0.0,0.0,0.0,800.0,1.0,2,0,0.0,0.0,0.0
L00929,0,4,0.16666666666666666,390.0,21254.0,0.01834948715535899,54.4974358974359,3,1,5411.0,19512.0,0.162636589023905,1307.0,0.89,1,0,0.0,0.0,0.0
L00930,0,0,0.0,0.0,0.0,0.0,0.0,0,0,0.0,0.0,0.0,1105.0,0.89,2,0,0.0,0.0,0.0
L00931,0,7,0.2916666666666667,3644.0,37843.0,0.09629257722696404,10.385016465422613,4,3,5926.714285714285,31885.0,0.8335095370248007,2552.0,0.99,2,0,0.16666666666666666,0.3333333333333333,0.0
L00932,0,3,0.125,10825.0,2156.0,5.020871985157699,0.19916859122401848,1,2,4327.0,8574.0,0.01584292285760475,2524.0,0.94,1,0,0.5,0.5,0.0
L00933,0,8,0.3333333333333333,24166.0,12293.0,1.9658342145936711,0.5086898948936522,2,6,4557.375,11690.0,0.08878632923094702,1647.0,0.98,3,0,0.0,0.0,0.0
L00934,0,3,0.125,4810.0,38348.0,0.12543027015750496,7.972557172557172,2,1,14386.0,27262.0,0.36611515805352146,1496.0,0.99,2,0,0.5,0.0,0.0
L00935,0,7,0.2916666666666667,3087.0,31689.0,0.09741550695825049,10.26530612244898,4,3,4968.0,13026.0,0.22395211273577906,2291.0,0.99,5,0,0.16666666666666666,0.0,0.14285714285714285
L00936,0,4,0.16666666666666666,15154.0,7927.0,1.9116942096631764,0.5230962122211957,2,2,5770.25,13079.0,0.07194068319599231,618.0,0.96,2,0,0.0,0.0,0.0
L00937,0,0,0.0,0.0,0.0,0.0,0.0,0,0,0.0,0.0,0.0,1557.0,0.87,3,0,0.0,0.0,0.0
L00938,0,0,0.0,0.0,0.0,0.0,0.0,0,0,0.0,0.0,0.0,2163.0,0.96,2,0,0.0,0.0,0.0
L00939,0,4,0.16666666666666666,3489.0,1657.0,2.1056125528062766,0.47492118085411295,1,3,1286.5,1657.0,0.02249158431968726,2241.0,0.91,1,0,0.3333333333333333,0.0,0.0
L00940,0,2,0.08333333333333333,20201.0,0.0,0.0,0.0,0,2,10100.5,17876.0,0.0,785.0,1.0,2,0,1.0,0.5,0.0
L00941,0,2,0.08333333333333333,0.0,1357.0,0.0,0.0,2,0,678.5,877.0,0.018560564613196193,583.0,0.98,3,0,0.0,0.0,0.0
L00942,0,1,0.041666666666666664,2817.0,0.0,0.0,0.0,0,1,2817.0,2817.0,0.0,553.0,1.0,2,0,0.0,0.0,0.0
L00943,0,2,0.08333333333333333,36506.0,0.0,0.0,0.0,0,2,18253.0,34024.0,0.0,2712.0,0.92,1,0,0.0,0.0,0.0
L00944,0,8,0.3333333333333333,2954.0,18787.0,0.1572363868632565,6.359851049424509,5,3,2717.625,13768.0,0.12327994067969002,2936.0,0.91,2,0,0.14285714285714285,0.0,0.0
L00945,0,3,0.125,0.0,18229.0,0.0,0.0,3,0,6076.333333333333,10826.0,0.2619749076642283,561.0,1.0,2,0,0.0,0.0,0.0
L00946,0,7,0.2916666666666667,17449.0,3093.0,5.641448431943098,0.17725944180182246,3,4,2934.5714285714284,7886.0,0.05796694029011582,2780.0,0.97,1,0,0.4,0.25,0.0
L00947,0,5,0.20833333333333334,10965.0,43875.0,0.24991452991452992,4.001367989056088,2,3,10968.0,35989.0,0.2904052104155359,909.0,0.88,1,0,0.0,0.0,0.0
L00948,0,4,0.16666666666666666,2257.0,2222.0,1.0157515751575157,0.9844926894107222,2,2,1119.75,1832.0,0.012946303719586091,2071.0,0.97,3,0,0.0,0.0,0.0
L00949,0,3,0.125,0.0,39130.0,0.0,0.0,3,0,13043.333333333334,23388.0,0.4284416025226922,546.0,0.89,1,0,0.0,0.0,0.0
L00950,0,1,0.041666666666666664,0.0,2271.0,0.0,0.0,1,0,2271.0,2271.0,0.010529732236003246,1212.0,0.96,2,0,0.0,0.0,0.0
L00951,0,1,0.041666666666666664,11062.0,0.0,0.0,0.0,0,1,11062.0,11062.0,0.0,937.0,0.98,1,0,0.0,0.0,0.0
L00952,0,5,0.20833333333333334,14961.0,4039.0,3.7041346868036644,0.26996858498763454,2,3,3800.0,10769.0,0.037451898558115815,590.0,0.96,1,0,0.0,0.0,0.0
L00953,0,2,0.08333333333333333,0.0,4389.0,0.0,0.0,2,0,2194.5,2515.0,0.05682141839931643,798.0,0.96,1,0,0.0,0.0,0.0
L00954,0,4,0.16666666666666666,9747.0,14918.0,0.6533717656522322,1.5305222119626551,3,1,6166.25,9747.0,0.22574299376551057,1230.0,0.92,2,0,0.3333333333333333,1.0,0.25
L00955,0,5,0.20833333333333334,20009.0,8192.0,2.4425048828125,0.409415762906692,2,3,5640.2,9320.0,0.057321988356471114,615.0,0.86,2,0,0.0,0.0,0.0
L00956,0,3,0.125,11960.0,0.0,0.0,0.0,0,3,3986.6666666666665,9584.0,0.0,925.0,0.9,1,0,0.0,0.0,0.3333333333333333
L00957,0,3,0.125,3912.0,2201.0,1.777373920945025,0.5626278118609407,1,2,2037.6666666666667,2292.0,0.026699176340720793,1333.0,0.94,3,0,0.5,0.5,0.0
L00958,0,4,0.16666666666666666,2133.0,7765.0,0.2746941403734707,3.6404125644631975,2,2,2474.5,5521.0,0.06020733343154663,611.0,0.97,2,0,0.0,0.0,0.0
L00959,0,1,0.041666666666666664,1590.0,0.0,0.0,0.0,0,1,1590.0,1590.0,0.0,1439.0,0.93,2,0,0.0,0.0,0.0
L00960,0,1,0.041666666666666664,21927.0,0.0,0.0,0.0,0,1,21927.0,21927.0,0.0,1849.0,0.98,1,0,0.0,0.0,0.0
L00961,0,2,0.08333333333333333,24499.0,0.0,0.0,0.0,0,2,12249.5,20697.0,0.0,1071.0,0.95,1,0,0.0,0.0,0.0
L00962,0,5,0.20833333333333334,7825.0,10821.0,0.7231309490804917,1.3828753993610223,2,3,3729.2,9817.0,0.09646448438168592,952.0,0.93,2,0,0.25,0.3333333333333333,0.2
L00963,0,2,0.08333333333333333,1189.0,1198.0,0.9924874791318865,1.007569386038688,1,1,1193.5,1198.0,0.012936526790920675,571.0,0.97,1,0,0.0,0.0,0.0
L00964,0,2,0.08333333333333333,7362.0,0.0,0.0,0.0,0,2,3681.0,5195.0,0.0,2449.0,0.98,3,0,0.0,0.0,0.0
L00965,0,7,0.2916666666666667,26635.0,21888.0,1.21687682748538,0.8217758588323635,3,4,6931.857142857143,18420.0,0.12206860782225097,2832.0,0.89,1,0,0.16666666666666666,0.0,0.0
L00966,0,4,0.16666666666666666,2173.0,44678.0,0.048636913022069024,20.56051541647492,3,1,11712.75,37413.0,0.4274056996355218,2840.0,0.86,1,0,0.3333333333333333,1.0,0.0
L00967,0,3,0.125,404.0,30561.0,0.013219462713916429,75.64603960396039,2,1,10321.666666666666,26993.0,0.3186491220753222,1142.0,0.92,1,0,0.0,0.0,0.0
L00968,0,5,0.20833333333333334,14365.0,8815.0,1.629608621667612,0.6136442742777585,2,3,4636.0,8507.0,0.08806281781036773,2806.0,0.89,1,0,0.25,0.3333333333333333,0.0
L00969,0,5,0.20833333333333334,26926.0,218.0,123.5137614678899,0.008096263834212285,1,4,5428.8,17076.0,0.0010241377042403059,2804.0,0.87,1,0,0.0,0.0,0.0
L00970,0,2,0.08333333333333333,3838.0,0.0,0.0,0.0,0,2,1919.0,2092.0,0.0,413.0,0.85,1,0,0.0,0.0,0.0
L00971,0,1,0.041666666666666664,0.0,11301.0,0.0,0.0,1,0,11301.0,11301.0,0.12740986268010554,2066.0,0.92,1,0,0.0,0.0,0.0
L00972,0,5,0.20833333333333334,13449.0,11810.0,1.1387806943268417,0.8781322031377797,1,4,5051.8,11810.0,0.08426084474885845,2234.0,0.94,3,0,0.25,0.25,0.0
L00973,0,1,0.041666666666666664,1183.0,0.0,0.0,0.0,0,1,1183.0,1183.0,0.0,1766.0,0.89,1,0,0.0,0.0,0.0
L00974,0,4,0.16666666666666666,4157.0,25891.0,0.1605577227608049,6.228289631946115,2,2,7512.0,24826.0,0.12539350439271982,2631.0,0.94,2,0,0.0,0.0,0.0
L00975,0,4,0.16666666666666666,1591.0,11377.0,0.1398435439922651,7.150848522941546,3,1,3242.0,7353.0,0.05696132817976088,1280.0,0.93,3,0,0.0,0.0,0.0
L00976,0,5,0.20833333333333334,6098.0,1777.0,3.4316263365222284,0.29140701869465396,1,4,1575.0,2435.0,0.008415937711641652,1918.0,0.9,2,0,0.25,0.25,0.0
L00977,0,3,0.125,6135.0,11451.0,0.5357610689022793,1.8665036674816626,1,2,5862.0,11451.0,0.06129757507628071,1581.0,0.94,2,0,0.0,0.0,0.0
L00978,0,2,0.08333333333333333,3259.0,1724.0,1.890371229698376,0.5289966247315128,1,1,2491.5,3259.0,0.013319323835718037,1541.0,0.92,3,0,2.0,1.0,0.0
L00979,0,5,0.20833333333333334,3185.0,35800.0,0.08896648044692737,11.240188383045526,1,4,7797.0,35800.0,0.29257449208087477,2521.0,0.98,1,0,0.0,0.0,0.0
L00980,0,1,0.041666666666666664,0.0,41595.0,0.0,0.0,1,0,41595.0,41595.0,0.4191734437826889,1759.0,0.89,1,0,0.0,0.0,0.0
L00981,0,6,0.25,1903.0,72936.0,0.02609136777448722,38.32685233841303,5,1,12473.166666666666,40381.0,0.453734463065955,1710.0,0.99,5,0,0.5,0.0,0.0
L00982,0,1,0.041666666666666664,1053.0,0.0,0.0,0.0,0,1,1053.0,1053.0,0.0,2454.0,0.99,4,0,1.0,1.0,0.0
L00983,0,5,0.20833333333333334,16533.0,11162.0,1.481186167353521,0.6751345793261961,2,3,5539.0,12741.0,0.06433058613336406,939.0,0.95,3,0,0.0,0.0,0.2
L00984,0,0,0.0,0.0,0.0,0.0,0.0,0,0,0.0,0.0,0.0,1761.0,0.99,3,0,0.0,0.0,0.0
L00985,0,0,0.0,0.0,0.0,0.0,0.0,0,0,0.0,0.0,0.0,793.0,0.86,3,0,0.0,0.0,0.0
L00986,0,3,0.125,635.0,2920.0,0.21746575342465754,4.5984251968503935,2,1,1185.0,1596.0,0.021533764500261798,2697.0,0.88,1,0,0.0,0.0,0.0
L00987,0,2,0.08333333333333333,9885.0,3360.0,2.9419642857142856,0.33990895295902884,1,1,6622.5,9885.0,0.022687526586945218,2326.0,1.0,2,0,0.0,0.0,0.5
L00988,0,2,0.08333333333333333,14540.0,0.0,0.0,0.0,0,2,7270.0,11026.0,0.0,1667.0,0.91,2,0,0.0,0.0,0.0
L00989,0,2,0.08333333333333333,14928.0,0.0,0.0,0.0,0,2,7464.0,14692.0,0.0,2312.0,0.92,1,0,0.0,0.0,0.0
L00990,0,4,0.16666666666666666,3929.0,1678.0,2.3414779499404053,0.42708068210740646,2,2,1401.75,2014.0,0.021217945475696727,1753.0,0.97,7,0,1.0,1.0,0.0
L00991,0,3,0.125,2177.0,1071.0,2.0326797385620914,0.4919614147909968,1,2,1082.6666666666667,1805.0,0.02919688130418189,1910.0,0.89,2,0,0.0,0.0,0.0
L00992,0,3,0.125,2047.0,37549.0,0.05451543316732802,18.34342940889106,2,1,13198.666666666666,32497.0,0.7551028616244696,1534.0,0.98,1,0,0.0,0.0,0.0
L00993,0,2,0.08333333333333333,7259.0,0.0,0.0,0.0,0,2,3629.5,5334.0,0.0,1043.0,0.98,1,0,1.0,0.5,0.0
L00994,0,5,0.20833333333333334,1978.0,75330.0,0.02625779901765565,38.08392315470172,4,1,15461.6,42636.0,0.7045256867091271,2154.0,0.95,3,0,0.0,0.0,0.0
L00995,0,2,0.08333333333333333,1349.0,1778.0,0.7587176602924635,1.3180133432171979,1,1,1563.5,1778.0,0.01059203393263514,2923.0,0.94,2,0,1.0,1.0,0.0
L00996,0,5,0.20833333333333334,11211.0,3913.0,2.865065167390749,0.349032200517349,3,2,3024.8,9715.0,0.030081025814486247,2959.0,0.93,1,0,0.0,0.0,0.2
L00997,0,1,0.041666666666666664,0.0,9441.0,0.0,0.0,1,0,9441.0,9441.0,0.10002648725962812,1324.0,0.92,1,0,0.0,0.0,0.0
L00998,0,3,0.125,24387.0,2756.0,8.848693759071118,0.11301103046705212,1,2,9047.666666666666,22841.0,0.061853356374980364,1180.0,0.96,3,0,0.5,0.0,0.0
L00999,0,3,0.125,0.0,3787.0,0.0,0.0,3,0,1262.3333333333333,1843.0,0.04054907755399227,2629.0,0.9,2,0,0.5,0.0,0.0
L01000,0,3,0.125,5677.0,1058.0,5.36578449905482,0.18636603840056368,1,2,2245.0,3867.0,0.011468586046914971,2008.0,0.88,1,0,0.5,0.0,0.0
VACC_0001,0,15,0.625,690998.0,0.0,0.0,0.0,0,5,46066.53333333333,96000.0,0.0,1272.0,0.94,1,0,0.0,0.0,0.0
VACC_0002,0,1,0.041666666666666664,95999.0,0.0,0.0,0.0,0,1,95999.0,95999.0,0.0,1354.0,0.96,1,0,0.0,0.0,0.0
VACC_0003,0,8,0.3333333333333333,349000.0,0.0,0.0,0.0,0,4,43625.0,100000.0,0.0,682.0,0.88,1,0,0.0,0.0,0.0
VACC_0004,0,2,0.08333333333333333,150000.0,0.0,0.0,0.0,0,2,75000.0,100000.0,0.0,2407.0,0.89,1,0,0.0,0.0,0.0
VACC_0005,0,1,0.041666666666666664,100000.0,0.0,0.0,0.0,0,1,100000.0,100000.0,0.0,1074.0,0.94,1,0,0.0,0.0,0.0
VACC_0006,0,1,0.041666666666666664,40000.0,0.0,0.0,0.0,0,1,40000.0,40000.0,0.0,782.0,0.98,1,0,0.0,0.0,0.0
VACC_0007,0,9,0.375,511996.0,0.0,0.0,0.0,0,5,56888.444444444445,100999.0,0.0,1804.0,0.91,1,0,0.0,0.0,0.0
VACC_0008,0,1,0.041666666666666664,75999.0,0.0,0.0,0.0,0,1,75999.0,75999.0,0.0,438.0,0.89,1,0,0.0,0.0,0.0
VACC_0009,0,5,0.20833333333333334,182000.0,0.0,0.0,0.0,0,3,36400.0,75500.0,0.0,1052.0,0.91,1,0,0.0,0.0,0.0
VACC_0010,0,5,0.20833333333333334,168497.0,0.0,0.0,0.0,0,5,33699.4,95999.0,0.0,1917.0,0.91,1,0,0.0,0.0,0.0
VACC_0011,0,5,0.20833333333333334,298998.0,0.0,0.0,0.0,0,4,59799.6,100999.0,0.0,1356.0,0.96,1,0,0.0,0.0,0.0
VACC_0012,0,5,0.20833333333333334,202000.0,0.0,0.0,0.0,0,4,40400.0,75500.0,0.0,641.0,0.93,1,0,0.0,0.0,0.0
VACC_0013,0,3,0.125,151999.0,0.0,0.0,0.0,0,2,50666.333333333336,95999.0,0.0,1319.0,0.93,1,0,0.0,0.0,0.0
VACC_0014,0,1,0.041666666666666664,15999.0,0.0,0.0,0.0,0,1,15999.0,15999.0,0.0,1233.0,0.89,1,0,0.0,0.0,0.0
VACC_0015,0,5,0.20833333333333334,212999.0,0.0,0.0,0.0,0,3,42599.8,101000.0,0.0,1867.0,0.91,1,0,0.0,0.0,0.0
VACC_0016,0,6,0.25,172999.0,0.0,0.0,0.0,0,3,28833.166666666668,95000.0,0.0,1178.0,0.98,1,0,0.0,0.0,0.0
VACC_0017,0,3,0.125,112999.0,0.0,0.0,0.0,0,2,37666.333333333336,76000.0,0.0,2173.0,0.9,1,0,0.0,0.0,0.0
VACC_0018,0,10,0.4166666666666667,446499.0,0.0,0.0,0.0,0,4,44649.9,95999.0,0.0,2237.0,0.96,1,0,0.0,0.0,0.0
VACC_0019,0,2,0.08333333333333333,75999.0,0.0,0.0,0.0,0,2,37999.5,50000.0,0.0,544.0,0.91,1,0,0.0,0.0,0.0
VACC_0020,0,2,0.08333333333333333,36999.0,0.0,0.0,0.0,0,1,18499.5,26000.0,0.0,1755.0,0.9,1,0,0.0,0.0,0.0
VACC_0021,0,3,0.125,162500.0,0.0,0.0,0.0,0,3,54166.666666666664,95500.0,0.0,806.0,1.0,1,0,0.0,0.0,0.0
VACC_0022,0,8,0.3333333333333333,428499.0,0.0,0.0,0.0,0,5,53562.375,100500.0,0.0,1401.0,0.91,1,0,0.0,0.0,0.0
VACC_0023,0,5,0.20833333333333334,342999.0,0.0,0.0,0.0,0,4,68599.8,100500.0,0.0,1913.0,0.99,1,0,0.0,0.0,0.0
VACC_0024,0,2,0.08333333333333333,125999.0,0.0,0.0,0.0,0,2,62999.5,100000.0,0.0,2452.0,0.93,1,0,0.0,0.0,0.0
VACC_0025,0,5,0.20833333333333334,356500.0,0.0,0.0,0.0,0,4,71300.0,100500.0,0.0,1935.0,0.94,1,0,0.0,0.0,0.0
VACC_0026,0,4,0.16666666666666666,176499.0,0.0,0.0,0.0,0,4,44124.75,75000.0,0.0,887.0,0.97,1,0,0.0,0.0,0.0
VACC_0027,0,9,0.375,521999.0,0.0,0.0,0.0,0,5,57999.88888888889,101000.0,0.0,2294.0,0.96,1,0,0.0,0.0,0.0
VACC_0028,0,16,0.6666666666666666,787998.0,0.0,0.0,0.0,0,6,49249.875,100500.0,0.0,1203.0,0.92,1,0,0.0,0.0,0.0
VACC_0029,0,6,0.25,257500.0,0.0,0.0,0.0,0,5,42916.666666666664,95500.0,0.0,2334.0,0.93,1,0,0.0,0.0,0.0
VACC_0030,0,1,0.041666666666666664,16000.0,0.0,0.0,0.0,0,1,16000.0,16000.0,0.0,1939.0,0.99,1,0,0.0,0.0,0.0
VACC_0031,0,1,0.041666666666666664,95000.0,0.0,0.0,0.0,0,1,95000.0,95000.0,0.0,1479.0,0.95,1,0,0.0,0.0,0.0
VACC_0032,0,5,0.20833333333333334,102998.0,0.0,0.0,0.0,0,3,20599.6,40999.0,0.0,2240.0,0.89,1,0,0.0,0.0,0.0
VACC_0033,0,3,0.125,236999.0,0.0,0.0,0.0,0,2,78999.66666666667,100999.0,0.0,1972.0,0.95,1,0,0.0,0.0,0.0
VACC_0034,0,5,0.20833333333333334,227999.0,0.0,0.0,0.0,0,4,45599.8,101000.0,0.0,2014.0,0.94,1,0,0.0,0.0,0.0
VACC_0035,0,7,0.2916666666666667,405498.0,0.0,0.0,0.0,0,4,57928.28571428572,96000.0,0.0,1554.0,0.89,1,0,0.0,0.0,0.0
VACC_0036,0,4,0.16666666666666666,203499.0,0.0,0.0,0.0,0,3,50874.75,75500.0,0.0,843.0,0.92,1,0,0.0,0.0,0.0
VACC_0037,0,6,0.25,233499.0,0.0,0.0,0.0,0,5,38916.5,100500.0,0.0,1688.0,0.98,1,0,0.0,0.0,0.0
VACC_0038,0,2,0.08333333333333333,101499.0,0.0,0.0,0.0,0,2,50749.5,75999.0,0.0,1186.0,0.95,1,0,0.0,0.0,0.0
VACC_0039,0,5,0.20833333333333334,402999.0,0.0,0.0,0.0,0,5,80599.8,101000.0,0.0,2297.0,0.94,1,0,0.0,0.0,0.0
VACC_0040,0,4,0.16666666666666666,132999.0,0.0,0.0,0.0,0,4,33249.75,50500.0,0.0,1480.0,0.98,1,0,0.0,0.0,0.0
VACC_0041,0,12,0.5,568496.0,0.0,0.0,0.0,0,6,47374.666666666664,100500.0,0.0,2247.0,0.92,1,0,0.0,0.0,0.0
VACC_0042,0,9,0.375,609497.0,0.0,0.0,0.0,0,5,67721.88888888889,100000.0,0.0,1814.0,0.99,1,0,0.0,0.0,0.0
VACC_0043,0,4,0.16666666666666666,220500.0,0.0,0.0,0.0,0,3,55125.0,95000.0,0.0,835.0,0.98,1,0,0.0,0.0,0.0
VACC_0044,0,5,0.20833333333333334,142498.0,0.0,0.0,0.0,0,4,28499.6,50999.0,0.0,588.0,0.97,1,0,0.0,0.0,0.0
VACC_0045,0,2,0.08333333333333333,121000.0,0.0,0.0,0.0,0,2,60500.0,96000.0,0.0,2293.0,0.99,1,0,0.0,0.0,0.0
VACC_0046,0,7,0.2916666666666667,203500.0,0.0,0.0,0.0,0,4,29071.428571428572,50500.0,0.0,1382.0,0.92,1,0,0.0,0.0,0.0
VACC_0047,0,8,0.3333333333333333,522496.0,0.0,0.0,0.0,0,4,65312.0,100500.0,0.0,1380.0,0.91,1,0,0.0,0.0,0.0
VACC_0048,0,2,0.08333333333333333,61499.0,0.0,0.0,0.0,0,2,30749.5,40500.0,0.0,2258.0,0.96,1,0,0.0,0.0,0.0
VACC_0049,0,2,0.08333333333333333,91999.0,0.0,0.0,0.0,0,2,45999.5,76000.0,0.0,2433.0,0.93,1,0,0.0,0.0,0.0
VACC_0050,0,4,0.16666666666666666,288000.0,0.0,0.0,0.0,0,2,72000.0,100000.0,0.0,430.0,0.89,1,0,0.0,0.0,0.0
VACC_0051,0,7,0.2916666666666667,389499.0,0.0,0.0,0.0,0,3,55642.71428571428,101000.0,0.0,702.0,0.99,1,0,0.0,0.0,0.0
VACC_0052,0,4,0.16666666666666666,186000.0,0.0,0.0,0.0,0,2,46500.0,100000.0,0.0,645.0,0.97,1,0,0.0,0.0,0.0
VACC_0053,0,4,0.16666666666666666,87998.0,0.0,0.0,0.0,0,3,21999.5,25999.0,0.0,1439.0,0.89,1,0,0.0,0.0,0.0
VACC_0054,0,2,0.08333333333333333,151999.0,0.0,0.0,0.0,0,2,75999.5,76000.0,0.0,1334.0,0.89,1,0,0.0,0.0,0.0
VACC_0055,0,10,0.4166666666666667,507496.0,0.0,0.0,0.0,0,6,50749.6,100999.0,0.0,1576.0,0.97,1,0,0.0,0.0,0.0
VACC_0056,0,8,0.3333333333333333,514497.0,0.0,0.0,0.0,0,4,64312.125,100999.0,0.0,866.0,0.99,1,0,0.0,0.0,0.0
VACC_0057,0,3,0.125,207998.0,0.0,0.0,0.0,0,3,69332.66666666667,100999.0,0.0,1053.0,1.0,1,0,0.0,0.0,0.0
VACC_0058,0,6,0.25,312499.0,0.0,0.0,0.0,0,3,52083.166666666664,100000.0,0.0,2089.0,0.97,1,0,0.0,0.0,0.0
VACC_0059,0,6,0.25,281000.0,0.0,0.0,0.0,0,4,46833.333333333336,95000.0,0.0,1972.0,0.92,1,0,0.0,0.0,0.0
VACC_0060,0,4,0.16666666666666666,197499.0,0.0,0.0,0.0,0,3,49374.75,95500.0,0.0,1645.0,0.88,1,0,0.0,0.0,0.0
VACC_0061,0,3,0.125,151999.0,0.0,0.0,0.0,0,3,50666.333333333336,100500.0,0.0,2459.0,0.99,1,0,0.0,0.0,0.0
VACC_0062,0,11,0.4583333333333333,536497.0,0.0,0.0,0.0,0,4,48772.454545454544,96000.0,0.0,513.0,0.98,1,0,0.0,0.0,0.0
VACC_0063,0,1,0.041666666666666664,101000.0,0.0,0.0,0.0,0,1,101000.0,101000.0,0.0,2086.0,0.95,1,0,0.0,0.0,0.0
VACC_0064,0,14,0.5833333333333334,754498.0,0.0,0.0,0.0,0,5,53892.71428571428,101000.0,0.0,1605.0,0.99,1,0,0.0,0.0,0.0
VACC_0065,0,6,0.25,224999.0,0.0,0.0,0.0,0,4,37499.833333333336,96000.0,0.0,993.0,0.96,1,0,0.0,0.0,0.0
VACC_0066,0,2,0.08333333333333333,51500.0,0.0,0.0,0.0,0,2,25750.0,26000.0,0.0,564.0,0.99,1,0,0.0,0.0,0.0
VACC_0067,0,5,0.20833333333333334,156500.0,0.0,0.0,0.0,0,3,31300.0,50500.0,0.0,1836.0,0.97,1,0,0.0,0.0,0.0
VACC_0068,0,2,0.08333333333333333,66000.0,0.0,0.0,0.0,0,1,33000.0,50500.0,0.0,2443.0,0.96,1,0,0.0,0.0,0.0
VACC_0069,0,4,0.16666666666666666,167999.0,0.0,0.0,0.0,0,3,41999.75,95999.0,0.0,2054.0,0.97,1,0,0.0,0.0,0.0
VACC_0070,0,9,0.375,460995.0,0.0,0.0,0.0,0,4,51221.666666666664,95999.0,0.0,913.0,0.89,1,0,0.0,0.0,0.0
VACC_0071,0,2,0.08333333333333333,121499.0,0.0,0.0,0.0,0,2,60749.5,100999.0,0.0,1212.0,0.94,1,0,0.0,0.0,0.0
VACC_0072,0,4,0.16666666666666666,197499.0,0.0,0.0,0.0,0,3,49374.75,100999.0,0.0,523.0,0.98,1,0,0.0,0.0,0.0
VACC_0073,0,5,0.20833333333333334,196500.0,0.0,0.0,0.0,0,3,39300.0,75000.0,0.0,1461.0,0.91,1,0,0.0,0.0,0.0
VACC_0074,0,2,0.08333333333333333,66000.0,0.0,0.0,0.0,0,2,33000.0,50000.0,0.0,2361.0,0.88,1,0,0.0,0.0,0.0
VACC_0075,0,3,0.125,132499.0,0.0,0.0,0.0,0,2,44166.333333333336,100500.0,0.0,2327.0,0.98,1,0,0.0,0.0,0.0
VACC_0076,0,1,0.041666666666666664,100500.0,0.0,0.0,0.0,0,1,100500.0,100500.0,0.0,1609.0,0.96,1,0,0.0,0.0,0.0
VACC_0077,0,7,0.2916666666666667,330999.0,0.0,0.0,0.0,0,5,47285.57142857143,100999.0,0.0,1040.0,0.91,1,0,0.0,0.0,0.0
VACC_0078,0,7,0.2916666666666667,339000.0,0.0,0.0,0.0,0,5,48428.57142857143,100500.0,0.0,2273.0,0.95,1,0,0.0,0.0,0.0
VACC_0079,0,1,0.041666666666666664,50500.0,0.0,0.0,0.0,0,1,50500.0,50500.0,0.0,1312.0,0.92,1,0,0.0,0.0,0.0
VACC_0080,0,4,0.16666666666666666,211999.0,0.0,0.0,0.0,0,4,52999.75,95500.0,0.0,2418.0,0.95,1,0,0.0,0.0,0.0
VACC_0081,0,5,0.20833333333333334,177499.0,0.0,0.0,0.0,0,3,35499.8,76000.0,0.0,1966.0,0.89,1,0,0.0,0.0,0.0
VACC_0082,0,4,0.16666666666666666,152999.0,0.0,0.0,0.0,0,3,38249.75,95999.0,0.0,1390.0,0.89,1,0,0.0,0.0,0.0
VACC_0083,0,6,0.25,234499.0,0.0,0.0,0.0,0,5,39083.166666666664,96000.0,0.0,900.0,0.91,1,0,0.0,0.0,0.0
VACC_0084,0,7,0.2916666666666667,349498.0,0.0,0.0,0.0,0,5,49928.28571428572,101000.0,0.0,2285.0,0.88,1,0,0.0,0.0,0.0
VACC_0085,0,11,0.4583333333333333,476497.0,0.0,0.0,0.0,0,5,43317.90909090909,100500.0,0.0,469.0,0.9,1,0,0.0,0.0,0.0
VACC_0086,0,15,0.625,499996.0,0.0,0.0,0.0,0,6,33333.066666666666,101000.0,0.0,1719.0,0.91,1,0,0.0,0.0,0.0
VACC_0087,0,7,0.2916666666666667,437998.0,0.0,0.0,0.0,0,5,62571.142857142855,100000.0,0.0,2201.0,0.99,1,0,0.0,0.0,0.0
VACC_0088,0,2,0.08333333333333333,141000.0,0.0,0.0,0.0,0,2,70500.0,101000.0,0.0,1846.0,0.97,1,0,0.0,0.0,0.0
VACC_0089,0,5,0.20833333333333334,213499.0,0.0,0.0,0.0,0,4,42699.8,76000.0,0.0,2428.0,0.97,1,0,0.0,0.0,0.0
VACC_0090,0,8,0.3333333333333333,270498.0,0.0,0.0,0.0,0,5,33812.25,75000.0,0.0,1276.0,0.95,1,0,0.0,0.0,0.0
VACC_0091,0,9,0.375,465496.0,0.0,0.0,0.0,0,5,51721.77777777778,100999.0,0.0,2118.0,0.92,1,0,0.0,0.0,0.0
VACC_0092,0,3,0.125,46499.0,0.0,0.0,0.0,0,2,15499.666666666666,20999.0,0.0,1463.0,0.92,1,0,0.0,0.0,0.0
VACC_0093,0,16,0.6666666666666666,1055997.0,0.0,0.0,0.0,0,5,65999.8125,101000.0,0.0,1427.0,0.99,1,0,0.0,0.0,0.0
VACC_0094,0,1,0.041666666666666664,20000.0,0.0,0.0,0.0,0,1,20000.0,20000.0,0.0,2257.0,0.99,1,0,0.0,0.0,0.0
VACC_0095,0,7,0.2916666666666667,410498.0,0.0,0.0,0.0,0,4,58642.57142857143,101000.0,0.0,2283.0,0.9,1,0,0.0,0.0,0.0
VACC_0096,0,3,0.125,201000.0,0.0,0.0,0.0,0,3,67000.0,95500.0,0.0,1040.0,0.9,1,0,0.0,0.0,0.0
VACC_0097,0,1,0.041666666666666664,75500.0,0.0,0.0,0.0,0,1,75500.0,75500.0,0.0,2468.0,0.89,1,0,0.0,0.0,0.0
VACC_0098,0,11,0.4583333333333333,512496.0,0.0,0.0,0.0,0,5,46590.545454545456,100000.0,0.0,2448.0,0.9,1,0,0.0,0.0,0.0
VACC_0099,0,5,0.20833333333333334,223999.0,0.0,0.0,0.0,0,4,44799.8,100000.0,0.0,2214.0,0.94,1,0,0.0,0.0,0.0
VACC_0100,0,6,0.25,283498.0,0.0,0.0,0.0,0,5,47249.666666666664,95000.0,0.0,671.0,0.9,1,0,0.0,0.0,0.0
VACC_0101,0,3,0.125,130999.0,0.0,0.0,0.0,0,3,43666.333333333336,75999.0,0.0,1760.0,0.98,1,0,0.0,0.0,0.0
VACC_0102,0,13,0.5416666666666666,707495.0,0.0,0.0,0.0,0,5,54422.692307692305,100000.0,0.0,2480.0,0.99,1,0,0.0,0.0,0.0
VACC_0103,0,5,0.20833333333333334,258498.0,0.0,0.0,0.0,0,5,51699.6,100500.0,0.0,1852.0,0.96,1,0,0.0,0.0,0.0
VACC_0104,0,9,0.375,622499.0,0.0,0.0,0.0,0,4,69166.55555555556,96000.0,0.0,1409.0,0.91,1,0,0.0,0.0,0.0
VACC_0105,0,3,0.125,142999.0,0.0,0.0,0.0,0,3,47666.333333333336,101000.0,0.0,1947.0,0.91,1,0,0.0,0.0,0.0
VACC_0106,0,5,0.20833333333333334,267998.0,0.0,0.0,0.0,0,3,53599.6,95999.0,0.0,1985.0,0.93,1,0,0.0,0.0,0.0
VACC_0107,0,12,0.5,474998.0,0.0,0.0,0.0,0,5,39583.166666666664,75500.0,0.0,1631.0,0.98,1,0,0.0,0.0,0.0
VACC_0108,0,4,0.16666666666666666,230000.0,0.0,0.0,0.0,0,3,57500.0,100000.0,0.0,465.0,0.9,1,0,0.0,0.0,0.0
VACC_0109,0,6,0.25,173000.0,0.0,0.0,0.0,0,3,28833.333333333332,51000.0,0.0,1487.0,0.91,1,0,0.0,0.0,0.0
VACC_0110,0,5,0.20833333333333334,237998.0,0.0,0.0,0.0,0,4,47599.6,101000.0,0.0,2368.0,0.91,1,0,0.0,0.0,0.0
VACC_0111,0,3,0.125,217499.0,0.0,0.0,0.0,0,3,72499.66666666667,100500.0,0.0,1511.0,0.99,1,0,0.0,0.0,0.0
VACC_0112,0,16,0.6666666666666666,546992.0,0.0,0.0,0.0,0,6,34187.0,100999.0,0.0,504.0,0.94,1,0,0.0,0.0,0.0
VACC_0113,0,2,0.08333333333333333,62000.0,0.0,0.0,0.0,0,2,31000.0,41000.0,0.0,1400.0,0.92,1,0,0.0,0.0,0.0
VACC_0114,0,6,0.25,327999.0,0.0,0.0,0.0,0,4,54666.5,100500.0,0.0,1494.0,0.93,1,0,0.0,0.0,0.0
VACC_0115,0,1,0.041666666666666664,15500.0,0.0,0.0,0.0,0,1,15500.0,15500.0,0.0,1457.0,0.98,1,0,0.0,0.0,0.0
VACC_0116,0,4,0.16666666666666666,106499.0,0.0,0.0,0.0,0,4,26624.75,50999.0,0.0,1293.0,0.94,1,0,0.0,0.0,0.0
VACC_0117,0,2,0.08333333333333333,117000.0,0.0,0.0,0.0,0,2,58500.0,96000.0,0.0,1417.0,0.96,1,0,0.0,0.0,0.0
VACC_0118,0,2,0.08333333333333333,190500.0,0.0,0.0,0.0,0,2,95250.0,95500.0,0.0,996.0,0.97,1,0,0.0,0.0,0.0
VACC_0119,0,1,0.041666666666666664,20000.0,0.0,0.0,0.0,0,1,20000.0,20000.0,0.0,2494.0,0.93,1,0,0.0,0.0,0.0
VACC_0120,0,6,0.25,442499.0,0.0,0.0,0.0,0,3,73749.83333333333,96000.0,0.0,1084.0,0.99,1,0,0.0,0.0,0.0
VACC_0121,0,9,0.375,350498.0,0.0,0.0,0.0,0,6,38944.22222222222,101000.0,0.0,426.0,0.9,1,0,0.0,0.0,0.0
VACC_0122,0,5,0.20833333333333334,187000.0,0.0,0.0,0.0,0,4,37400.0,100000.0,0.0,1238.0,0.99,1,0,0.0,0.0,0.0
VACC_0123,0,9,0.375,384999.0,0.0,0.0,0.0,0,5,42777.666666666664,100000.0,0.0,476.0,1.0,1,0,0.0,0.0,0.0
VACC_0124,0,10,0.4166666666666667,510496.0,0.0,0.0,0.0,0,4,51049.6,100999.0,0.0,1251.0,0.96,1,0,0.0,0.0,0.0
VACC_0125,0,6,0.25,367999.0,0.0,0.0,0.0,0,4,61333.166666666664,101000.0,0.0,884.0,0.94,1,0,0.0,0.0,0.0
VACC_0126,0,7,0.2916666666666667,370499.0,0.0,0.0,0.0,0,4,52928.42857142857,96000.0,0.0,1969.0,1.0,1,0,0.0,0.0,0.0
VACC_0127,0,12,0.5,514496.0,0.0,0.0,0.0,0,6,42874.666666666664,100999.0,0.0,1420.0,0.97,1,0,0.0,0.0,0.0
VACC_0128,0,7,0.2916666666666667,176498.0,0.0,0.0,0.0,0,5,25214.0,50999.0,0.0,1417.0,0.98,1,0,0.0,0.0,0.0
VACC_0129,0,16,0.6666666666666666,967497.0,0.0,0.0,0.0,0,5,60468.5625,100999.0,0.0,1269.0,0.92,1,0,0.0,0.0,0.0
VACC_0130,0,14,0.5833333333333334,434495.0,0.0,0.0,0.0,0,6,31035.35714285714,100999.0,0.0,794.0,0.94,1,0,0.0,0.0,0.0
VACC_0131,0,5,0.20833333333333334,153497.0,0.0,0.0,0.0,0,4,30699.4,75999.0,0.0,1688.0,0.9,1,0,0.0,0.0,0.0
VACC_0132,0,1,0.041666666666666664,15999.0,0.0,0.0,0.0,0,1,15999.0,15999.0,0.0,2030.0,0.89,1,0,0.0,0.0,0.0
VACC_0133,0,1,0.041666666666666664,10999.0,0.0,0.0,0.0,0,1,10999.0,10999.0,0.0,395.0,0.95,1,0,0.0,0.0,0.0
VACC_0134,0,4,0.16666666666666666,218499.0,0.0,0.0,0.0,0,4,54624.75,101000.0,0.0,1342.0,0.92,1,0,0.0,0.0,0.0
VACC_0135,0,1,0.041666666666666664,16000.0,0.0,0.0,0.0,0,1,16000.0,16000.0,0.0,1494.0,0.97,1,0,0.0,0.0,0.0
VACC_0136,0,2,0.08333333333333333,46999.0,0.0,0.0,0.0,0,2,23499.5,26000.0,0.0,1047.0,0.92,1,0,0.0,0.0,0.0
VACC_0137,0,4,0.16666666666666666,348000.0,0.0,0.0,0.0,0,3,87000.0,100500.0,0.0,2155.0,0.92,1,0,0.0,0.0,0.0
VACC_0138,0,10,0.4166666666666667,484499.0,0.0,0.0,0.0,0,5,48449.9,101000.0,0.0,761.0,0.88,1,0,0.0,0.0,0.0
VACC_0139,0,1,0.041666666666666664,10000.0,0.0,0.0,0.0,0,1,10000.0,10000.0,0.0,1953.0,0.92,1,0,0.0,0.0,0.0
VACC_0140,0,4,0.16666666666666666,222499.0,0.0,0.0,0.0,0,3,55624.75,75999.0,0.0,2397.0,0.97,1,0,0.0,0.0,0.0
VACC_0141,0,3,0.125,56500.0,0.0,0.0,0.0,0,2,18833.333333333332,26000.0,0.0,1742.0,0.93,1,0,0.0,0.0,0.0
VACC_0142,0,4,0.16666666666666666,182000.0,0.0,0.0,0.0,0,3,45500.0,75500.0,0.0,980.0,0.88,1,0,0.0,0.0,0.0
VACC_0143,0,10,0.4166666666666667,616500.0,0.0,0.0,0.0,0,5,61650.0,100000.0,0.0,2378.0,0.91,1,0,0.0,0.0,0.0
VACC_0144,0,14,0.5833333333333334,529497.0,0.0,0.0,0.0,0,6,37821.21428571428,101000.0,0.0,1256.0,0.95,1,0,0.0,0.0,0.0
VACC_0145,0,3,0.125,131999.0,0.0,0.0,0.0,0,3,43999.666666666664,100500.0,0.0,1717.0,0.9,1,0,0.0,0.0,0.0
VACC_0146,0,7,0.2916666666666667,261499.0,0.0,0.0,0.0,0,4,37357.0,95500.0,0.0,1663.0,0.93,1,0,0.0,0.0,0.0
VACC_0147,0,10,0.4166666666666667,517997.0,0.0,0.0,0.0,0,5,51799.7,100999.0,0.0,692.0,0.96,1,0,0.0,0.0,0.0
VACC_0148,0,1,0.041666666666666664,95000.0,0.0,0.0,0.0,0,1,95000.0,95000.0,0.0,2438.0,0.93,1,0,0.0,0.0,0.0
VACC_0149,0,12,0.5,590497.0,0.0,0.0,0.0,0,5,49208.083333333336,95999.0,0.0,531.0,0.97,1,0,0.0,0.0,0.0
VACC_0150,0,14,0.5833333333333334,593995.0,0.0,0.0,0.0,0,5,42428.21428571428,101000.0,0.0,593.0,0.97,1,0,0.0,0.0,0.0
VACC_0151,0,1,0.041666666666666664,95000.0,0.0,0.0,0.0,0,1,95000.0,95000.0,0.0,1155.0,0.93,1,0,0.0,0.0,0.0
VACC_0152,0,7,0.2916666666666667,509499.0,0.0,0.0,0.0,0,5,72785.57142857143,101000.0,0.0,1460.0,0.91,1,0,0.0,0.0,0.0
VACC_0153,0,5,0.20833333333333334,272500.0,0.0,0.0,0.0,0,4,54500.0,101000.0,0.0,1670.0,0.95,1,0,0.0,0.0,0.0
VACC_0154,0,1,0.041666666666666664,10000.0,0.0,0.0,0.0,0,1,10000.0,10000.0,0.0,2007.0,0.93,1,0,0.0,0.0,0.0
VACC_0155,0,5,0.20833333333333334,306999.0,0.0,0.0,0.0,0,3,61399.8,100500.0,0.0,2142.0,0.89,1,0,0.0,0.0,0.0
VACC_0156,0,1,0.041666666666666664,50000.0,0.0,0.0,0.0,0,1,50000.0,50000.0,0.0,2076.0,0.94,1,0,0.0,0.0,0.0
VACC_0157,0,1,0.041666666666666664,15999.0,0.0,0.0,0.0,0,1,15999.0,15999.0,0.0,1757.0,0.98,1,0,0.0,0.0,0.0
VACC_0158,0,3,0.125,126499.0,0.0,0.0,0.0,0,3,42166.333333333336,75999.0,0.0,470.0,0.97,1,0,0.0,0.0,0.0
VACC_0159,0,2,0.08333333333333333,31000.0,0.0,0.0,0.0,0,2,15500.0,20000.0,0.0,1460.0,0.95,1,0,0.0,0.0,0.0
VACC_0160,0,9,0.375,594496.0,0.0,0.0,0.0,0,5,66055.11111111111,100999.0,0.0,810.0,0.91,1,0,0.0,0.0,0.0
VACC_0161,0,1,0.041666666666666664,20999.0,0.0,0.0,0.0,0,1,20999.0,20999.0,0.0,1138.0,0.94,1,0,0.0,0.0,0.0
VACC_0162,0,3,0.125,167500.0,0.0,0.0,0.0,0,2,55833.333333333336,100500.0,0.0,1666.0,0.99,1,0,0.0,0.0,0.0
VACC_0163,0,9,0.375,445000.0,0.0,0.0,0.0,0,4,49444.444444444445,100000.0,0.0,1492.0,0.89,1,0,0.0,0.0,0.0
VACC_0164,0,3,0.125,126998.0,0.0,0.0,0.0,0,2,42332.666666666664,75999.0,0.0,1782.0,0.97,1,0,0.0,0.0,0.0
VACC_0165,0,7,0.2916666666666667,314497.0,0.0,0.0,0.0,0,5,44928.142857142855,100500.0,0.0,443.0,0.94,1,0,0.0,0.0,0.0
VACC_0166,0,17,0.7083333333333334,664494.0,0.0,0.0,0.0,0,6,39087.882352941175,95999.0,0.0,590.0,0.97,1,0,0.0,0.0,0.0
VACC_0167,0,6,0.25,189496.0,0.0,0.0,0.0,0,3,31582.666666666668,95500.0,0.0,1106.0,0.93,1,0,0.0,0.0,0.0
VACC_0168,0,4,0.16666666666666666,312997.0,0.0,0.0,0.0,0,3,78249.25,95999.0,0.0,1068.0,0.95,1,0,0.0,0.0,0.0
VACC_0169,0,14,0.5833333333333334,728495.0,0.0,0.0,0.0,0,6,52035.357142857145,100000.0,0.0,979.0,0.92,1,0,0.0,0.0,0.0
VACC_0170,0,10,0.4166666666666667,466996.0,0.0,0.0,0.0,0,5,46699.6,95000.0,0.0,1199.0,0.91,1,0,0.0,0.0,0.0
VACC_0171,0,5,0.20833333333333334,261999.0,0.0,0.0,0.0,0,3,52399.8,95000.0,0.0,1329.0,1.0,1,0,0.0,0.0,0.0
VACC_0172,0,6,0.25,419000.0,0.0,0.0,0.0,0,3,69833.33333333333,100500.0,0.0,2441.0,0.99,1,0,0.0,0.0,0.0
VACC_0173,0,6,0.25,257999.0,0.0,0.0,0.0,0,3,42999.833333333336,100000.0,0.0,1518.0,0.88,1,0,0.0,0.0,0.0
VACC_0174,0,5,0.20833333333333334,244497.0,0.0,0.0,0.0,0,3,48899.4,100999.0,0.0,1794.0,0.97,1,0,0.0,0.0,0.0
VACC_0175,0,17,0.7083333333333334,611996.0,0.0,0.0,0.0,0,6,35999.76470588235,96000.0,0.0,1562.0,0.98,1,0,0.0,0.0,0.0
VACC_0176,0,9,0.375,370498.0,0.0,0.0,0.0,0,5,41166.444444444445,101000.0,0.0,1192.0,0.9,1,0,0.0,0.0,0.0
VACC_0177,0,8,0.3333333333333333,465497.0,0.0,0.0,0.0,0,3,58187.125,100500.0,0.0,2108.0,0.99,1,0,0.0,0.0,0.0
VACC_0178,0,3,0.125,177499.0,0.0,0.0,0.0,0,3,59166.333333333336,101000.0,0.0,2476.0,0.92,1,0,0.0,0.0,0.0
VACC_0179,0,6,0.25,187998.0,0.0,0.0,0.0,0,4,31333.0,75999.0,0.0,1198.0,0.96,1,0,0.0,0.0,0.0
VACC_0180,0,3,0.125,112500.0,0.0,0.0,0.0,0,2,37500.0,76000.0,0.0,1929.0,0.9,1,0,0.0,0.0,0.0
VACC_0181,0,10,0.4166666666666667,606998.0,0.0,0.0,0.0,0,6,60699.8,100500.0,0.0,1825.0,0.95,1,0,0.0,0.0,0.0
VACC_0182,0,10,0.4166666666666667,531997.0,0.0,0.0,0.0,0,6,53199.7,101000.0,0.0,1781.0,0.95,1,0,0.0,0.0,0.0
VACC_0183,0,6,0.25,193499.0,0.0,0.0,0.0,0,4,32249.833333333332,76000.0,0.0,1197.0,0.93,1,0,0.0,0.0,0.0
VACC_0184,0,5,0.20833333333333334,228498.0,0.0,0.0,0.0,0,4,45699.6,95999.0,0.0,562.0,0.94,1,0,0.0,0.0,0.0
VACC_0185,0,1,0.041666666666666664,75500.0,0.0,0.0,0.0,0,1,75500.0,75500.0,0.0,1928.0,0.99,1,0,0.0,0.0,0.0
VACC_0186,0,5,0.20833333333333334,248499.0,0.0,0.0,0.0,0,3,49699.8,95999.0,0.0,1044.0,0.92,1,0,0.0,0.0,0.0
VACC_0187,0,6,0.25,204500.0,0.0,0.0,0.0,0,5,34083.333333333336,51000.0,0.0,595.0,0.97,1,0,0.0,0.0,0.0
VACC_0188,0,7,0.2916666666666667,340997.0,0.0,0.0,0.0,0,4,48713.857142857145,100999.0,0.0,2481.0,0.91,1,0,0.0,0.0,0.0
VACC_0189,0,4,0.16666666666666666,212500.0,0.0,0.0,0.0,0,3,53125.0,100500.0,0.0,975.0,0.95,1,0,0.0,0.0,0.0
VACC_0190,0,6,0.25,395496.0,0.0,0.0,0.0,0,5,65916.0,100999.0,0.0,1037.0,0.91,1,0,0.0,0.0,0.0
VACC_0191,0,6,0.25,254497.0,0.0,0.0,0.0,0,3,42416.166666666664,100999.0,0.0,395.0,0.94,1,0,0.0,0.0,0.0
VACC_0192,0,5,0.20833333333333334,143999.0,0.0,0.0,0.0,0,5,28799.8,51000.0,0.0,981.0,0.88,1,0,0.0,0.0,0.0
VACC_0193,0,2,0.08333333333333333,51500.0,0.0,0.0,0.0,0,2,25750.0,26000.0,0.0,465.0,0.98,1,0,0.0,0.0,0.0
VACC_0194,0,2,0.08333333333333333,65000.0,0.0,0.0,0.0,0,2,32500.0,40000.0,0.0,1305.0,0.99,1,0,0.0,0.0,0.0
VACC_0195,0,6,0.25,278497.0,0.0,0.0,0.0,0,3,46416.166666666664,100999.0,0.0,402.0,0.96,1,0,0.0,0.0,0.0
VACC_0196,0,7,0.2916666666666667,367498.0,0.0,0.0,0.0,0,5,52499.71428571428,100000.0,0.0,2021.0,0.97,1,0,0.0,0.0,0.0
VACC_0197,0,3,0.125,146999.0,0.0,0.0,0.0,0,2,48999.666666666664,75999.0,0.0,1711.0,0.96,1,0,0.0,0.0,0.0
VACC_0198,0,3,0.125,137499.0,0.0,0.0,0.0,0,3,45833.0,100500.0,0.0,377.0,0.91,1,0,0.0,0.0,0.0
VACC_0199,0,6,0.25,303998.0,0.0,0.0,0.0,0,4,50666.333333333336,101000.0,0.0,1189.0,1.0,1,0,0.0,0.0,0.0
VACC_0200,0,5,0.20833333333333334,428997.0,0.0,0.0,0.0,0,5,85799.4,101000.0,0.0,2382.0,0.96,1,0,0.0,0.0,0.0
VACC_0201,0,2,0.08333333333333333,191999.0,0.0,0.0,0.0,0,2,95999.5,96000.0,0.0,1314.0,0.98,1,0,0.0,0.0,0.0
VACC_0202,0,1,0.041666666666666664,15500.0,0.0,0.0,0.0,0,1,15500.0,15500.0,0.0,1803.0,0.9,1,0,0.0,0.0,0.0
VACC_0203,0,3,0.125,56000.0,0.0,0.0,0.0,0,3,18666.666666666668,25500.0,0.0,2334.0,0.96,1,0,0.0,0.0,0.0
VACC_0204,0,3,0.125,182500.0,0.0,0.0,0.0,0,3,60833.333333333336,101000.0,0.0,696.0,0.92,1,0,0.0,0.0,0.0
VACC_0205,0,15,0.625,834997.0,0.0,0.0,0.0,0,6,55666.46666666667,100500.0,0.0,1989.0,0.89,1,0,0.0,0.0,0.0
VACC_0206,0,9,0.375,485499.0,0.0,0.0,0.0,0,4,53944.333333333336,101000.0,0.0,1092.0,0.89,1,0,0.0,0.0,0.0
VACC_0207,0,14,0.5833333333333334,780994.0,0.0,0.0,0.0,0,6,55785.28571428572,100999.0,0.0,1364.0,0.97,1,0,0.0,0.0,0.0
VACC_0208,0,2,0.08333333333333333,65500.0,0.0,0.0,0.0,0,2,32750.0,40500.0,0.0,1977.0,1.0,1,0,0.0,0.0,0.0
VACC_0209,0,2,0.08333333333333333,51000.0,0.0,0.0,0.0,0,2,25500.0,41000.0,0.0,1915.0,0.91,1,0,0.0,0.0,0.0
VACC_0210,0,1,0.041666666666666664,50000.0,0.0,0.0,0.0,0,1,50000.0,50000.0,0.0,578.0,0.92,1,0,0.0,0.0,0.0
VACC_0211,0,2,0.08333333333333333,121998.0,0.0,0.0,0.0,0,2,60999.0,100999.0,0.0,1342.0,0.9,1,0,0.0,0.0,0.0
VACC_0212,0,6,0.25,234000.0,0.0,0.0,0.0,0,5,39000.0,101000.0,0.0,817.0,0.9,1,0,0.0,0.0,0.0
VACC_0213,0,2,0.08333333333333333,116500.0,0.0,0.0,0.0,0,1,58250.0,75500.0,0.0,1388.0,0.89,1,0,0.0,0.0,0.0
VACC_0214,0,8,0.3333333333333333,485998.0,0.0,0.0,0.0,0,5,60749.75,95000.0,0.0,1467.0,0.94,1,0,0.0,0.0,0.0
VACC_0215,0,6,0.25,220497.0,0.0,0.0,0.0,0,5,36749.5,100500.0,0.0,765.0,0.94,1,0,0.0,0.0,0.0
VACC_0216,0,4,0.16666666666666666,137999.0,0.0,0.0,0.0,0,3,34499.75,75500.0,0.0,969.0,0.93,1,0,0.0,0.0,0.0
VACC_0217,0,10,0.4166666666666667,588999.0,0.0,0.0,0.0,0,5,58899.9,96000.0,0.0,1828.0,0.94,1,0,0.0,0.0,0.0
VACC_0218,0,4,0.16666666666666666,112997.0,0.0,0.0,0.0,0,2,28249.25,50999.0,0.0,2138.0,0.89,1,0,0.0,0.0,0.0
VACC_0219,0,5,0.20833333333333334,197997.0,0.0,0.0,0.0,0,4,39599.4,75999.0,0.0,1461.0,0.92,1,0,0.0,0.0,0.0
VACC_0220,0,7,0.2916666666666667,194000.0,0.0,0.0,0.0,0,4,27714.285714285714,50500.0,0.0,2429.0,0.99,1,0,0.0,0.0,0.0
VACC_0221,0,13,0.5416666666666666,598495.0,0.0,0.0,0.0,0,6,46038.07692307692,100999.0,0.0,977.0,0.94,1,0,0.0,0.0,0.0
VACC_0222,0,1,0.041666666666666664,15000.0,0.0,0.0,0.0,0,1,15000.0,15000.0,0.0,1206.0,0.91,1,0,0.0,0.0,0.0
VACC_0223,0,2,0.08333333333333333,91999.0,0.0,0.0,0.0,0,1,45999.5,51000.0,0.0,1223.0,0.97,1,0,0.0,0.0,0.0
VACC_0224,0,1,0.041666666666666664,75999.0,0.0,0.0,0.0,0,1,75999.0,75999.0,0.0,586.0,0.92,1,0,0.0,0.0,0.0
VACC_0225,0,4,0.16666666666666666,172498.0,0.0,0.0,0.0,0,2,43124.5,50500.0,0.0,1660.0,0.99,1,0,0.0,0.0,0.0
VACC_0226,0,1,0.041666666666666664,20999.0,0.0,0.0,0.0,0,1,20999.0,20999.0,0.0,2410.0,0.92,1,0,0.0,0.0,0.0
VACC_0227,0,7,0.2916666666666667,295999.0,0.0,0.0,0.0,0,4,42285.57142857143,95999.0,0.0,2173.0,0.9,1,0,0.0,0.0,0.0
VACC_0228,0,5,0.20833333333333334,258498.0,0.0,0.0,0.0,0,5,51699.6,100500.0,0.0,1671.0,0.97,1,0,0.0,0.0,0.0
VACC_0229,0,7,0.2916666666666667,387999.0,0.0,0.0,0.0,0,4,55428.42857142857,100000.0,0.0,801.0,0.88,1,0,0.0,0.0,0.0
VACC_0230,0,5,0.20833333333333334,113000.0,0.0,0.0,0.0,0,4,22600.0,41000.0,0.0,2354.0,0.91,1,0,0.0,0.0,0.0
VACC_0231,0,13,0.5416666666666666,813496.0,0.0,0.0,0.0,0,6,62576.61538461538,101000.0,0.0,1489.0,0.9,1,0,0.0,0.0,0.0
VACC_0232,0,4,0.16666666666666666,293498.0,0.0,0.0,0.0,0,2,73374.5,100999.0,0.0,601.0,0.98,1,0,0.0,0.0,0.0
VACC_0233,0,5,0.20833333333333334,142998.0,0.0,0.0,0.0,0,2,28599.6,50500.0,0.0,1131.0,0.97,1,0,0.0,0.0,0.0
VACC_0234,0,13,0.5416666666666666,694497.0,0.0,0.0,0.0,0,5,53422.846153846156,100500.0,0.0,1355.0,0.91,1,0,0.0,0.0,0.0
VACC_0235,0,2,0.08333333333333333,136000.0,0.0,0.0,0.0,0,2,68000.0,95000.0,0.0,860.0,0.89,1,0,0.0,0.0,0.0
VACC_0236,0,1,0.041666666666666664,50500.0,0.0,0.0,0.0,0,1,50500.0,50500.0,0.0,2437.0,0.92,1,0,0.0,0.0,0.0
VACC_0237,0,5,0.20833333333333334,321000.0,0.0,0.0,0.0,0,3,64200.0,100000.0,0.0,2302.0,0.99,1,0,0.0,0.0,0.0
VACC_0238,0,4,0.16666666666666666,58497.0,0.0,0.0,0.0,0,4,14624.25,20999.0,0.0,684.0,0.88,1,0,0.0,0.0,0.0
VACC_0239,0,15,0.625,480994.0,0.0,0.0,0.0,0,6,32066.266666666666,95500.0,0.0,2498.0,0.89,1,0,0.0,0.0,0.0
VACC_0240,0,7,0.2916666666666667,211496.0,0.0,0.0,0.0,0,5,30213.714285714286,51000.0,0.0,1623.0,1.0,1,0,0.0,0.0,0.0
VACC_0241,0,4,0.16666666666666666,216500.0,0.0,0.0,0.0,0,2,54125.0,100000.0,0.0,1363.0,0.94,1,0,0.0,0.0,0.0
VACC_0242,0,3,0.125,111998.0,0.0,0.0,0.0,0,2,37332.666666666664,50000.0,0.0,760.0,0.95,1,0,0.0,0.0,0.0
VACC_0243,0,2,0.08333333333333333,91000.0,0.0,0.0,0.0,0,2,45500.0,51000.0,0.0,905.0,0.94,1,0,0.0,0.0,0.0
VACC_0244,0,10,0.4166666666666667,468495.0,0.0,0.0,0.0,0,6,46849.5,76000.0,0.0,448.0,0.89,1,0,0.0,0.0,0.0
VACC_0245,0,1,0.041666666666666664,40999.0,0.0,0.0,0.0,0,1,40999.0,40999.0,0.0,423.0,0.98,1,0,0.0,0.0,0.0
VACC_0246,0,8,0.3333333333333333,334998.0,0.0,0.0,0.0,0,6,41874.75,101000.0,0.0,1892.0,1.0,1,0,0.0,0.0,0.0
VACC_0247,0,2,0.08333333333333333,56000.0,0.0,0.0,0.0,0,2,28000.0,40000.0,0.0,1527.0,0.97,1,0,0.0,0.0,0.0
VACC_0248,0,6,0.25,167999.0,0.0,0.0,0.0,0,5,27999.833333333332,40500.0,0.0,926.0,0.88,1,0,0.0,0.0,0.0
VACC_0249,0,4,0.16666666666666666,136500.0,0.0,0.0,0.0,0,4,34125.0,95000.0,0.0,1269.0,0.99,1,0,0.0,0.0,0.0
VACC_0250,0,5,0.20833333333333334,244497.0,0.0,0.0,0.0,0,3,48899.4,95500.0,0.0,2081.0,0.97,1,0,0.0,0.0,0.0
VACC_0251,0,2,0.08333333333333333,196999.0,0.0,0.0,0.0,0,2,98499.5,101000.0,0.0,439.0,0.88,1,0,0.0,0.0,0.0
VACC_0252,0,2,0.08333333333333333,106500.0,0.0,0.0,0.0,0,2,53250.0,96000.0,0.0,1403.0,0.9,1,0,0.0,0.0,0.0
VACC_0253,0,7,0.2916666666666667,415996.0,0.0,0.0,0.0,0,3,59428.0,100999.0,0.0,736.0,0.92,1,0,0.0,0.0,0.0
VACC_0254,0,3,0.125,272500.0,0.0,0.0,0.0,0,2,90833.33333333333,101000.0,0.0,1529.0,0.99,1,0,0.0,0.0,0.0
VACC_0255,0,7,0.2916666666666667,370498.0,0.0,0.0,0.0,0,4,52928.28571428572,101000.0,0.0,2356.0,0.93,1,0,0.0,0.0,0.0
VACC_0256,0,7,0.2916666666666667,423998.0,0.0,0.0,0.0,0,4,60571.142857142855,100999.0,0.0,465.0,0.96,1,0,0.0,0.0,0.0
VACC_0257,0,1,0.041666666666666664,96000.0,0.0,0.0,0.0,0,1,96000.0,96000.0,0.0,607.0,0.91,1,0,0.0,0.0,0.0
VACC_0258,0,9,0.375,441496.0,0.0,0.0,0.0,0,4,49055.11111111111,95999.0,0.0,1906.0,0.94,1,0,0.0,0.0,0.0
VACC_0259,0,4,0.16666666666666666,156499.0,0.0,0.0,0.0,0,4,39124.75,100999.0,0.0,976.0,0.95,1,0,0.0,0.0,0.0
VACC_0260,0,2,0.08333333333333333,200999.0,0.0,0.0,0.0,0,2,100499.5,100999.0,0.0,1787.0,0.95,1,0,0.0,0.0,0.0
VACC_0261,0,2,0.08333333333333333,35999.0,0.0,0.0,0.0,0,2,17999.5,25999.0,0.0,1544.0,0.93,1,0,0.0,0.0,0.0
VACC_0262,0,10,0.4166666666666667,495497.0,0.0,0.0,0.0,0,5,49549.7,100500.0,0.0,1804.0,0.97,1,0,0.0,0.0,0.0
VACC_0263,0,1,0.041666666666666664,10999.0,0.0,0.0,0.0,0,1,10999.0,10999.0,0.0,593.0,0.89,1,0,0.0,0.0,0.0
VACC_0264,0,8,0.3333333333333333,410499.0,0.0,0.0,0.0,0,4,51312.375,96000.0,0.0,1435.0,0.88,1,0,0.0,0.0,0.0
VACC_0265,0,4,0.16666666666666666,201000.0,0.0,0.0,0.0,0,3,50250.0,100500.0,0.0,685.0,0.99,1,0,0.0,0.0,0.0
VACC_0266,0,9,0.375,291497.0,0.0,0.0,0.0,0,4,32388.555555555555,95000.0,0.0,1751.0,0.89,1,0,0.0,0.0,0.0
VACC_0267,0,4,0.16666666666666666,188498.0,0.0,0.0,0.0,0,2,47124.5,100500.0,0.0,2307.0,0.99,1,0,0.0,0.0,0.0
VACC_0268,0,9,0.375,571997.0,0.0,0.0,0.0,0,5,63555.22222222222,101000.0,0.0,1110.0,0.89,1,0,0.0,0.0,0.0
VACC_0269,0,10,0.4166666666666667,372495.0,0.0,0.0,0.0,0,5,37249.5,100999.0,0.0,982.0,0.99,1,0,0.0,0.0,0.0
VACC_0270,0,8,0.3333333333333333,471497.0,0.0,0.0,0.0,0,5,58937.125,101000.0,0.0,1357.0,0.98,1,0,0.0,0.0,0.0
VACC_0271,0,6,0.25,219498.0,0.0,0.0,0.0,0,6,36583.0,100000.0,0.0,2475.0,0.92,1,0,0.0,0.0,0.0
VACC_0272,0,9,0.375,559998.0,0.0,0.0,0.0,0,5,62222.0,101000.0,0.0,1102.0,0.92,1,0,0.0,0.0,0.0
VACC_0273,0,5,0.20833333333333334,339997.0,0.0,0.0,0.0,0,4,67999.4,101000.0,0.0,2323.0,0.92,1,0,0.0,0.0,0.0
VACC_0274,0,5,0.20833333333333334,339997.0,0.0,0.0,0.0,0,3,67999.4,96000.0,0.0,1850.0,0.9,1,0,0.0,0.0,0.0
VACC_0275,0,6,0.25,160997.0,0.0,0.0,0.0,0,3,26832.833333333332,51000.0,0.0,1878.0,0.97,1,0,0.0,0.0,0.0
VACC_0276,0,7,0.2916666666666667,331500.0,0.0,0.0,0.0,0,4,47357.142857142855,100000.0,0.0,1395.0,0.94,1,0,0.0,0.0,0.0
VACC_0277,0,6,0.25,399498.0,0.0,0.0,0.0,0,4,66583.0,101000.0,0.0,1240.0,0.9,1,0,0.0,0.0,0.0
VACC_0278,0,13,0.5416666666666666,444497.0,0.0,0.0,0.0,0,4,34192.07692307692,96000.0,0.0,2304.0,0.9,1,0,0.0,0.0,0.0
VACC_0279,0,7,0.2916666666666667,254499.0,0.0,0.0,0.0,0,4,36357.0,75000.0,0.0,1236.0,0.98,1,0,0.0,0.0,0.0
VACC_0280,0,11,0.4583333333333333,695996.0,0.0,0.0,0.0,0,6,63272.36363636364,100999.0,0.0,2089.0,0.91,1,0,0.0,0.0,0.0
VACC_0281,0,1,0.041666666666666664,96000.0,0.0,0.0,0.0,0,1,96000.0,96000.0,0.0,767.0,0.97,1,0,0.0,0.0,0.0
VACC_0282,0,2,0.08333333333333333,91000.0,0.0,0.0,0.0,0,2,45500.0,50500.0,0.0,574.0,0.9,1,0,0.0,0.0,0.0
VACC_0283,0,7,0.2916666666666667,399498.0,0.0,0.0,0.0,0,5,57071.142857142855,101000.0,0.0,1157.0,0.97,1,0,0.0,0.0,0.0
VACC_0284,0,9,0.375,492498.0,0.0,0.0,0.0,0,4,54722.0,96000.0,0.0,699.0,0.92,1,0,0.0,0.0,0.0
VACC_0285,0,1,0.041666666666666664,96000.0,0.0,0.0,0.0,0,1,96000.0,96000.0,0.0,1579.0,0.93,1,0,0.0,0.0,0.0
VACC_0286,0,3,0.125,86999.0,0.0,0.0,0.0,0,2,28999.666666666668,50500.0,0.0,648.0,0.96,1,0,0.0,0.0,0.0
VACC_0287,0,1,0.041666666666666664,100000.0,0.0,0.0,0.0,0,1,100000.0,100000.0,0.0,1293.0,0.99,1,0,0.0,0.0,0.0
VACC_0288,0,8,0.3333333333333333,435499.0,0.0,0.0,0.0,0,4,54437.375,101000.0,0.0,1410.0,0.9,1,0,0.0,0.0,0.0
VACC_0289,0,11,0.4583333333333333,621999.0,0.0,0.0,0.0,0,6,56545.36363636364,100000.0,0.0,1847.0,0.99,1,0,0.0,0.0,0.0
VACC_0290,0,6,0.25,228998.0,0.0,0.0,0.0,0,6,38166.333333333336,100000.0,0.0,2324.0,0.99,1,0,0.0,0.0,0.0
VACC_0291,0,5,0.20833333333333334,333498.0,0.0,0.0,0.0,0,3,66699.6,100999.0,0.0,1077.0,0.96,1,0,0.0,0.0,0.0
VACC_0292,0,3,0.125,141500.0,0.0,0.0,0.0,0,2,47166.666666666664,100500.0,0.0,2102.0,0.95,1,0,0.0,0.0,0.0
VACC_0293,0,2,0.08333333333333333,106999.0,0.0,0.0,0.0,0,2,53499.5,95999.0,0.0,2257.0,0.95,1,0,0.0,0.0,0.0
VACC_0294,0,1,0.041666666666666664,26000.0,0.0,0.0,0.0,0,1,26000.0,26000.0,0.0,1624.0,0.94,1,0,0.0,0.0,0.0
VACC_0295,0,6,0.25,313498.0,0.0,0.0,0.0,0,4,52249.666666666664,95999.0,0.0,874.0,0.95,1,0,0.0,0.0,0.0
VACC_0296,0,2,0.08333333333333333,62000.0,0.0,0.0,0.0,0,2,31000.0,51000.0,0.0,501.0,0.9,1,0,0.0,0.0,0.0
VACC_0297,0,2,0.08333333333333333,121000.0,0.0,0.0,0.0,0,2,60500.0,101000.0,0.0,1587.0,0.97,1,0,0.0,0.0,0.0
VACC_0298,0,12,0.5,675997.0,0.0,0.0,0.0,0,5,56333.083333333336,100999.0,0.0,2142.0,0.99,1,0,0.0,0.0,0.0
VACC_0299,0,2,0.08333333333333333,121500.0,0.0,0.0,0.0,0,1,60750.0,96000.0,0.0,516.0,0.92,1,0,0.0,0.0,0.0
VACC_0300,0,1,0.041666666666666664,76000.0,0.0,0.0,0.0,0,1,76000.0,76000.0,0.0,2076.0,0.93,1,0,0.0,0.0,0.0
VACC_0301,0,1,0.041666666666666664,75999.0,0.0,0.0,0.0,0,1,75999.0,75999.0,0.0,925.0,0.9,1,0,0.0,0.0,0.0
VACC_0302,0,16,0.6666666666666666,684995.0,0.0,0.0,0.0,0,5,42812.1875,95500.0,0.0,785.0,0.93,1,0,0.0,0.0,0.0
VACC_0303,0,1,0.041666666666666664,10999.0,0.0,0.0,0.0,0,1,10999.0,10999.0,0.0,2283.0,0.92,1,0,0.0,0.0,0.0
VACC_0304,0,5,0.20833333333333334,237999.0,0.0,0.0,0.0,0,2,47599.8,76000.0,0.0,1762.0,0.91,1,0,0.0,0.0,0.0
VACC_0305,0,3,0.125,47499.0,0.0,0.0,0.0,0,3,15833.0,21000.0,0.0,1593.0,0.95,1,0,0.0,0.0,0.0
VACC_0306,0,4,0.16666666666666666,153498.0,0.0,0.0,0.0,0,3,38374.5,100999.0,0.0,479.0,0.94,1,0,0.0,0.0,0.0
VACC_0307,0,2,0.08333333333333333,111500.0,0.0,0.0,0.0,0,2,55750.0,100500.0,0.0,1189.0,0.93,1,0,0.0,0.0,0.0
VACC_0308,0,16,0.6666666666666666,773496.0,0.0,0.0,0.0,0,5,48343.5,100999.0,0.0,1333.0,0.99,1,0,0.0,0.0,0.0
VACC_0309,0,6,0.25,244498.0,0.0,0.0,0.0,0,3,40749.666666666664,95500.0,0.0,1285.0,0.91,1,0,0.0,0.0,0.0
VACC_0310,0,6,0.25,248499.0,0.0,0.0,0.0,0,5,41416.5,76000.0,0.0,1834.0,0.94,1,0,0.0,0.0,0.0
VACC_0311,0,3,0.125,161499.0,0.0,0.0,0.0,0,2,53833.0,95999.0,0.0,1188.0,0.9,1,0,0.0,0.0,0.0
VACC_0312,0,4,0.16666666666666666,198497.0,0.0,0.0,0.0,0,2,49624.25,95999.0,0.0,1162.0,0.96,1,0,0.0,0.0,0.0
VACC_0313,0,3,0.125,145500.0,0.0,0.0,0.0,0,2,48500.0,75000.0,0.0,1803.0,0.96,1,0,0.0,0.0,0.0
VACC_0314,0,2,0.08333333333333333,111500.0,0.0,0.0,0.0,0,2,55750.0,95500.0,0.0,1468.0,0.98,1,0,0.0,0.0,0.0
VACC_0315,0,3,0.125,86998.0,0.0,0.0,0.0,0,2,28999.333333333332,50000.0,0.0,2125.0,0.91,1,0,0.0,0.0,0.0
VACC_0316,0,11,0.4583333333333333,408995.0,0.0,0.0,0.0,0,5,37181.36363636364,95999.0,0.0,1491.0,0.94,1,0,0.0,0.0,0.0
VACC_0317,0,7,0.2916666666666667,304998.0,0.0,0.0,0.0,0,4,43571.142857142855,76000.0,0.0,931.0,0.97,1,0,0.0,0.0,0.0
VACC_0318,0,7,0.2916666666666667,415998.0,0.0,0.0,0.0,0,4,59428.28571428572,101000.0,0.0,454.0,0.94,1,0,0.0,0.0,0.0
VACC_0319,0,12,0.5,651996.0,0.0,0.0,0.0,0,5,54333.0,100999.0,0.0,1369.0,0.92,1,0,0.0,0.0,0.0
VACC_0320,0,9,0.375,386996.0,0.0,0.0,0.0,0,5,42999.555555555555,96000.0,0.0,709.0,0.94,1,0,0.0,0.0,0.0
VACC_0321,0,2,0.08333333333333333,151998.0,0.0,0.0,0.0,0,1,75999.0,75999.0,0.0,1481.0,0.91,1,0,0.0,0.0,0.0
VACC_0322,0,5,0.20833333333333334,253499.0,0.0,0.0,0.0,0,4,50699.8,96000.0,0.0,2043.0,0.9,1,0,0.0,0.0,0.0
VACC_0323,0,2,0.08333333333333333,46000.0,0.0,0.0,0.0,0,2,23000.0,25500.0,0.0,2070.0,0.96,1,0,0.0,0.0,0.0
VACC_0324,0,4,0.16666666666666666,122499.0,0.0,0.0,0.0,0,3,30624.75,75500.0,0.0,1029.0,0.88,1,0,0.0,0.0,0.0
VACC_0325,0,5,0.20833333333333334,181500.0,0.0,0.0,0.0,0,3,36300.0,95000.0,0.0,1419.0,0.99,1,0,0.0,0.0,0.0
VACC_0326,0,17,0.7083333333333334,951996.0,0.0,0.0,0.0,0,5,55999.76470588235,100500.0,0.0,1777.0,0.9,1,0,0.0,0.0,0.0
VACC_0327,0,7,0.2916666666666667,177999.0,0.0,0.0,0.0,0,5,25428.428571428572,100500.0,0.0,1759.0,0.91,1,0,0.0,0.0,0.0
VACC_0328,0,8,0.3333333333333333,516496.0,0.0,0.0,0.0,0,4,64562.0,100500.0,0.0,786.0,0.94,1,0,0.0,0.0,0.0
VACC_0329,0,3,0.125,127998.0,0.0,0.0,0.0,0,3,42666.0,75999.0,0.0,2067.0,0.91,1,0,0.0,0.0,0.0
VACC_0330,0,5,0.20833333333333334,253997.0,0.0,0.0,0.0,0,3,50799.4,100999.0,0.0,756.0,0.93,1,0,0.0,0.0,0.0
VACC_0331,0,4,0.16666666666666666,286499.0,0.0,0.0,0.0,0,4,71624.75,100999.0,0.0,2394.0,0.9,1,0,0.0,0.0,0.0
VACC_0332,0,11,0.4583333333333333,631498.0,0.0,0.0,0.0,0,5,57408.90909090909,101000.0,0.0,1770.0,0.98,1,0,0.0,0.0,0.0
VACC_0333,0,3,0.125,202999.0,0.0,0.0,0.0,0,3,67666.33333333333,96000.0,0.0,1896.0,0.98,1,0,0.0,0.0,0.0
VACC_0334,0,1,0.041666666666666664,15999.0,0.0,0.0,0.0,0,1,15999.0,15999.0,0.0,618.0,0.9,1,0,0.0,0.0,0.0
VACC_0335,0,10,0.4166666666666667,520999.0,0.0,0.0,0.0,0,4,52099.9,100000.0,0.0,1533.0,0.96,1,0,0.0,0.0,0.0
VACC_0336,0,1,0.041666666666666664,26000.0,0.0,0.0,0.0,0,1,26000.0,26000.0,0.0,530.0,0.93,1,0,0.0,0.0,0.0
VACC_0337,0,12,0.5,397997.0,0.0,0.0,0.0,0,4,33166.416666666664,75500.0,0.0,1990.0,0.9,1,0,0.0,0.0,0.0
VACC_0338,0,1,0.041666666666666664,75000.0,0.0,0.0,0.0,0,1,75000.0,75000.0,0.0,867.0,0.93,1,0,0.0,0.0,0.0
VACC_0339,0,3,0.125,142000.0,0.0,0.0,0.0,0,2,47333.333333333336,75000.0,0.0,760.0,0.97,1,0,0.0,0.0,0.0
VACC_0340,0,3,0.125,146998.0,0.0,0.0,0.0,0,2,48999.333333333336,100999.0,0.0,1339.0,0.94,1,0,0.0,0.0,0.0
VACC_0341,0,8,0.3333333333333333,353998.0,0.0,0.0,0.0,0,3,44249.75,96000.0,0.0,480.0,0.89,1,0,0.0,0.0,0.0
VACC_0342,0,13,0.5416666666666666,742995.0,0.0,0.0,0.0,0,5,57153.46153846154,101000.0,0.0,546.0,0.89,1,0,0.0,0.0,0.0
VACC_0343,0,3,0.125,135500.0,0.0,0.0,0.0,0,2,45166.666666666664,100500.0,0.0,1780.0,0.97,1,0,0.0,0.0,0.0
VACC_0344,0,2,0.08333333333333333,66000.0,0.0,0.0,0.0,0,2,33000.0,40500.0,0.0,1474.0,0.97,1,0,0.0,0.0,0.0
VACC_0345,0,10,0.4166666666666667,335999.0,0.0,0.0,0.0,0,5,33599.9,100000.0,0.0,1208.0,0.89,1,0,0.0,0.0,0.0
VACC_0346,0,2,0.08333333333333333,141000.0,0.0,0.0,0.0,0,2,70500.0,101000.0,0.0,2304.0,0.95,1,0,0.0,0.0,0.0
VACC_0347,0,1,0.041666666666666664,100999.0,0.0,0.0,0.0,0,1,100999.0,100999.0,0.0,1340.0,0.96,1,0,0.0,0.0,0.0
VACC_0348,0,6,0.25,284499.0,0.0,0.0,0.0,0,4,47416.5,96000.0,0.0,1908.0,0.97,1,0,0.0,0.0,0.0
VACC_0349,0,1,0.041666666666666664,20000.0,0.0,0.0,0.0,0,1,20000.0,20000.0,0.0,403.0,0.9,1,0,0.0,0.0,0.0
VACC_0350,0,1,0.041666666666666664,15500.0,0.0,0.0,0.0,0,1,15500.0,15500.0,0.0,2274.0,0.94,1,0,0.0,0.0,0.0
VACC_0351,0,4,0.16666666666666666,77498.0,0.0,0.0,0.0,0,4,19374.5,25500.0,0.0,2328.0,0.98,1,0,0.0,0.0,0.0
VACC_0352,0,2,0.08333333333333333,26500.0,0.0,0.0,0.0,0,1,13250.0,15500.0,0.0,2435.0,0.99,1,0,0.0,0.0,0.0
VACC_0353,0,4,0.16666666666666666,257499.0,0.0,0.0,0.0,0,4,64374.75,101000.0,0.0,2031.0,0.91,1,0,0.0,0.0,0.0
VACC_0354,0,9,0.375,420998.0,0.0,0.0,0.0,0,5,46777.555555555555,101000.0,0.0,1432.0,0.96,1,0,0.0,0.0,0.0
VACC_0355,0,6,0.25,208000.0,0.0,0.0,0.0,0,3,34666.666666666664,101000.0,0.0,1191.0,0.91,1,0,0.0,0.0,0.0
VACC_0356,0,3,0.125,156500.0,0.0,0.0,0.0,0,3,52166.666666666664,95000.0,0.0,2457.0,0.94,1,0,0.0,0.0,0.0
VACC_0357,0,2,0.08333333333333333,105000.0,0.0,0.0,0.0,0,2,52500.0,95000.0,0.0,2091.0,0.96,1,0,0.0,0.0,0.0
VACC_0358,0,12,0.5,558996.0,0.0,0.0,0.0,0,4,46583.0,100500.0,0.0,1202.0,1.0,1,0,0.0,0.0,0.0
VACC_0359,0,1,0.041666666666666664,25000.0,0.0,0.0,0.0,0,1,25000.0,25000.0,0.0,1360.0,0.94,1,0,0.0,0.0,0.0
VACC_0360,0,10,0.4166666666666667,491497.0,0.0,0.0,0.0,0,4,49149.7,101000.0,0.0,2338.0,0.97,1,0,0.0,0.0,0.0
VACC_0361,0,8,0.3333333333333333,541999.0,0.0,0.0,0.0,0,5,67749.875,100999.0,0.0,687.0,0.94,1,0,0.0,0.0,0.0
VACC_0362,0,7,0.2916666666666667,383998.0,0.0,0.0,0.0,0,3,54856.857142857145,100999.0,0.0,447.0,1.0,1,0,0.0,0.0,0.0
VACC_0363,0,11,0.4583333333333333,471997.0,0.0,0.0,0.0,0,5,42908.818181818184,100500.0,0.0,1278.0,0.94,1,0,0.0,0.0,0.0
VACC_0364,0,5,0.20833333333333334,247499.0,0.0,0.0,0.0,0,4,49499.8,100000.0,0.0,1900.0,0.97,1,0,0.0,0.0,0.0
VACC_0365,0,4,0.16666666666666666,178999.0,0.0,0.0,0.0,0,3,44749.75,101000.0,0.0,1203.0,0.93,1,0,0.0,0.0,0.0
VACC_0366,0,7,0.2916666666666667,363999.0,0.0,0.0,0.0,0,4,51999.857142857145,95000.0,0.0,657.0,0.99,1,0,0.0,0.0,0.0
VACC_0367,0,3,0.125,121500.0,0.0,0.0,0.0,0,2,40500.0,96000.0,0.0,2291.0,0.91,1,0,0.0,0.0,0.0
VACC_0368,0,2,0.08333333333333333,105500.0,0.0,0.0,0.0,0,2,52750.0,95500.0,0.0,1331.0,0.94,1,0,0.0,0.0,0.0
VACC_0369,0,10,0.4166666666666667,258496.0,0.0,0.0,0.0,0,4,25849.6,75000.0,0.0,399.0,0.98,1,0,0.0,0.0,0.0
VACC_0370,0,11,0.4583333333333333,630999.0,0.0,0.0,0.0,0,5,57363.545454545456,100500.0,0.0,1923.0,0.92,1,0,0.0,0.0,0.0
VACC_0371,0,17,0.7083333333333334,963497.0,0.0,0.0,0.0,0,5,56676.294117647056,100999.0,0.0,708.0,0.97,1,0,0.0,0.0,0.0
VACC_0372,0,2,0.08333333333333333,125500.0,0.0,0.0,0.0,0,2,62750.0,100000.0,0.0,1843.0,0.89,1,0,0.0,0.0,0.0
VACC_0373,0,4,0.16666666666666666,243499.0,0.0,0.0,0.0,0,3,60874.75,100999.0,0.0,2286.0,0.91,1,0,0.0,0.0,0.0
VACC_0374,0,2,0.08333333333333333,90500.0,0.0,0.0,0.0,0,2,45250.0,50000.0,0.0,1934.0,0.91,1,0,0.0,0.0,0.0
VACC_0375,0,5,0.20833333333333334,152498.0,0.0,0.0,0.0,0,4,30499.6,75999.0,0.0,1070.0,1.0,1,0,0.0,0.0,0.0
VACC_0376,0,5,0.20833333333333334,258998.0,0.0,0.0,0.0,0,3,51799.6,95999.0,0.0,2024.0,0.98,1,0,0.0,0.0,0.0
VACC_0377,0,15,0.625,912998.0,0.0,0.0,0.0,0,5,60866.53333333333,101000.0,0.0,937.0,0.91,1,0,0.0,0.0,0.0
VACC_0378,0,4,0.16666666666666666,242000.0,0.0,0.0,0.0,0,4,60500.0,96000.0,0.0,690.0,0.94,1,0,0.0,0.0,0.0
VACC_0379,0,6,0.25,223499.0,0.0,0.0,0.0,0,3,37249.833333333336,75500.0,0.0,2175.0,0.95,1,0,0.0,0.0,0.0
VACC_0380,0,3,0.125,213000.0,0.0,0.0,0.0,0,2,71000.0,101000.0,0.0,529.0,0.92,1,0,0.0,0.0,0.0
VACC_0381,0,6,0.25,314498.0,0.0,0.0,0.0,0,2,52416.333333333336,100000.0,0.0,1541.0,0.96,1,0,0.0,0.0,0.0
VACC_0382,0,8,0.3333333333333333,445496.0,0.0,0.0,0.0,0,5,55687.0,100000.0,0.0,456.0,0.97,1,0,0.0,0.0,0.0
VACC_0383,0,9,0.375,407498.0,0.0,0.0,0.0,0,5,45277.555555555555,101000.0,0.0,704.0,0.92,1,0,0.0,0.0,0.0
VACC_0384,0,5,0.20833333333333334,279497.0,0.0,0.0,0.0,0,2,55899.4,101000.0,0.0,1163.0,0.92,1,0,0.0,0.0,0.0
VACC_0385,0,6,0.25,234499.0,0.0,0.0,0.0,0,4,39083.166666666664,100500.0,0.0,969.0,0.91,1,0,0.0,0.0,0.0
VACC_0386,0,5,0.20833333333333334,278498.0,0.0,0.0,0.0,0,3,55699.6,101000.0,0.0,962.0,0.95,1,0,0.0,0.0,0.0
VACC_0387,0,3,0.125,152499.0,0.0,0.0,0.0,0,3,50833.0,95500.0,0.0,2242.0,0.9,1,0,0.0,0.0,0.0
VACC_0388,0,3,0.125,141999.0,0.0,0.0,0.0,0,3,47333.0,95999.0,0.0,864.0,0.89,1,0,0.0,0.0,0.0
VACC_0389,0,4,0.16666666666666666,197998.0,0.0,0.0,0.0,0,2,49499.5,100999.0,0.0,1030.0,0.95,1,0,0.0,0.0,0.0
VACC_0390,0,9,0.375,433995.0,0.0,0.0,0.0,0,5,48221.666666666664,101000.0,0.0,1444.0,0.99,1,0,0.0,0.0,0.0
VACC_0391,0,1,0.041666666666666664,50000.0,0.0,0.0,0.0,0,1,50000.0,50000.0,0.0,1532.0,0.98,1,0,0.0,0.0,0.0
VACC_0392,0,8,0.3333333333333333,548500.0,0.0,0.0,0.0,0,5,68562.5,100500.0,0.0,777.0,0.92,1,0,0.0,0.0,0.0
VACC_0393,0,3,0.125,180500.0,0.0,0.0,0.0,0,2,60166.666666666664,95000.0,0.0,1467.0,0.98,1,0,0.0,0.0,0.0
VACC_0394,0,3,0.125,36000.0,0.0,0.0,0.0,0,3,12000.0,15500.0,0.0,2050.0,0.93,1,0,0.0,0.0,0.0
VACC_0395,0,12,0.5,507997.0,0.0,0.0,0.0,0,5,42333.083333333336,100500.0,0.0,2289.0,0.9,1,0,0.0,0.0,0.0
VACC_0396,0,5,0.20833333333333334,133998.0,0.0,0.0,0.0,0,4,26799.6,51000.0,0.0,1772.0,0.9,1,0,0.0,0.0,0.0
VACC_0397,0,1,0.041666666666666664,75500.0,0.0,0.0,0.0,0,1,75500.0,75500.0,0.0,991.0,0.98,1,0,0.0,0.0,0.0
VACC_0398,0,7,0.2916666666666667,268499.0,0.0,0.0,0.0,0,3,38357.0,101000.0,0.0,1948.0,0.99,1,0,0.0,0.0,0.0
VACC_0399,0,4,0.16666666666666666,97999.0,0.0,0.0,0.0,0,4,24499.75,40000.0,0.0,841.0,0.99,1,0,0.0,0.0,0.0
VACC_0400,0,10,0.4166666666666667,488498.0,0.0,0.0,0.0,0,5,48849.8,100500.0,0.0,421.0,0.99,1,0,0.0,0.0,0.0
VACC_0401,0,5,0.20833333333333334,274498.0,0.0,0.0,0.0,0,4,54899.6,100999.0,0.0,2021.0,0.94,1,0,0.0,0.0,0.0
VACC_0402,0,4,0.16666666666666666,137498.0,0.0,0.0,0.0,0,3,34374.5,75000.0,0.0,1256.0,0.94,1,0,0.0,0.0,0.0
VACC_0403,0,11,0.4583333333333333,578995.0,0.0,0.0,0.0,0,5,52635.90909090909,101000.0,0.0,387.0,0.89,1,0,0.0,0.0,0.0
VACC_0404,0,13,0.5416666666666666,703496.0,0.0,0.0,0.0,0,5,54115.07692307692,100500.0,0.0,1169.0,0.88,1,0,0.0,0.0,0.0
VACC_0405,0,3,0.125,216999.0,0.0,0.0,0.0,0,3,72333.0,101000.0,0.0,1410.0,0.96,1,0,0.0,0.0,0.0
VACC_0406,0,2,0.08333333333333333,110999.0,0.0,0.0,0.0,0,2,55499.5,100999.0,0.0,2463.0,0.92,1,0,0.0,0.0,0.0
VACC_0407,0,5,0.20833333333333334,214498.0,0.0,0.0,0.0,0,3,42899.6,95999.0,0.0,1330.0,0.94,1,0,0.0,0.0,0.0
VACC_0408,0,8,0.3333333333333333,280999.0,0.0,0.0,0.0,0,4,35124.875,100500.0,0.0,1704.0,1.0,1,0,0.0,0.0,0.0
VACC_0409,0,9,0.375,356496.0,0.0,0.0,0.0,0,3,39610.666666666664,75999.0,0.0,915.0,0.93,1,0,0.0,0.0,0.0
VACC_0410,0,1,0.041666666666666664,40500.0,0.0,0.0,0.0,0,1,40500.0,40500.0,0.0,2187.0,0.96,1,0,0.0,0.0,0.0
VACC_0411,0,3,0.125,111000.0,0.0,0.0,0.0,0,2,37000.0,75000.0,0.0,678.0,0.89,1,0,0.0,0.0,0.0
VACC_0412,0,1,0.041666666666666664,25999.0,0.0,0.0,0.0,0,1,25999.0,25999.0,0.0,1675.0,0.95,1,0,0.0,0.0,0.0
VACC_0413,0,3,0.125,76999.0,0.0,0.0,0.0,0,1,25666.333333333332,41000.0,0.0,635.0,0.98,1,0,0.0,0.0,0.0
VACC_0414,0,8,0.3333333333333333,464997.0,0.0,0.0,0.0,0,4,58124.625,95999.0,0.0,1444.0,0.91,1,0,0.0,0.0,0.0
VACC_0415,0,1,0.041666666666666664,75000.0,0.0,0.0,0.0,0,1,75000.0,75000.0,0.0,992.0,0.97,1,0,0.0,0.0,0.0
VACC_0416,0,6,0.25,187999.0,0.0,0.0,0.0,0,3,31333.166666666668,50000.0,0.0,1445.0,0.98,1,0,0.0,0.0,0.0
VACC_0417,0,7,0.2916666666666667,370496.0,0.0,0.0,0.0,0,4,52928.0,101000.0,0.0,958.0,0.92,1,0,0.0,0.0,0.0
VACC_0418,0,9,0.375,500994.0,0.0,0.0,0.0,0,5,55666.0,100999.0,0.0,2260.0,0.95,1,0,0.0,0.0,0.0
VACC_0419,0,13,0.5416666666666666,530493.0,0.0,0.0,0.0,0,5,40807.153846153844,95999.0,0.0,2322.0,0.89,1,0,0.0,0.0,0.0
VACC_0420,0,9,0.375,432496.0,0.0,0.0,0.0,0,4,48055.11111111111,101000.0,0.0,1453.0,0.95,1,0,0.0,0.0,0.0
VACC_0421,0,4,0.16666666666666666,332999.0,0.0,0.0,0.0,0,3,83249.75,100500.0,0.0,835.0,0.92,1,0,0.0,0.0,0.0
VACC_0422,0,2,0.08333333333333333,191000.0,0.0,0.0,0.0,0,2,95500.0,96000.0,0.0,1154.0,0.93,1,0,0.0,0.0,0.0
VACC_0423,0,4,0.16666666666666666,187499.0,0.0,0.0,0.0,0,3,46874.75,100500.0,0.0,1229.0,0.96,1,0,0.0,0.0,0.0
VACC_0424,0,3,0.125,126999.0,0.0,0.0,0.0,0,2,42333.0,100500.0,0.0,388.0,0.98,1,0,0.0,0.0,0.0
VACC_0425,0,6,0.25,199000.0,0.0,0.0,0.0,0,3,33166.666666666664,75500.0,0.0,1596.0,0.96,1,0,0.0,0.0,0.0
VACC_0426,0,1,0.041666666666666664,41000.0,0.0,0.0,0.0,0,1,41000.0,41000.0,0.0,1070.0,0.94,1,0,0.0,0.0,0.0
VACC_0427,0,3,0.125,101999.0,0.0,0.0,0.0,0,2,33999.666666666664,50500.0,0.0,1311.0,0.88,1,0,0.0,0.0,0.0
VACC_0428,0,9,0.375,431997.0,0.0,0.0,0.0,0,4,47999.666666666664,101000.0,0.0,1213.0,0.88,1,0,0.0,0.0,0.0
VACC_0429,0,5,0.20833333333333334,308000.0,0.0,0.0,0.0,0,2,61600.0,101000.0,0.0,2312.0,0.96,1,0,0.0,0.0,0.0
VACC_0430,0,1,0.041666666666666664,50999.0,0.0,0.0,0.0,0,1,50999.0,50999.0,0.0,1526.0,0.97,1,0,0.0,0.0,0.0
VACC_0431,0,7,0.2916666666666667,186996.0,0.0,0.0,0.0,0,3,26713.714285714286,75999.0,0.0,790.0,0.97,1,0,0.0,0.0,0.0
VACC_0432,0,10,0.4166666666666667,483999.0,0.0,0.0,0.0,0,4,48399.9,75999.0,0.0,420.0,0.95,1,0,0.0,0.0,0.0
VACC_0433,0,1,0.041666666666666664,50999.0,0.0,0.0,0.0,0,1,50999.0,50999.0,0.0,1034.0,0.88,1,0,0.0,0.0,0.0
VACC_0434,0,13,0.5416666666666666,401496.0,0.0,0.0,0.0,0,5,30884.30769230769,95999.0,0.0,1166.0,0.98,1,0,0.0,0.0,0.0
VACC_0435,0,3,0.125,138000.0,0.0,0.0,0.0,0,2,46000.0,101000.0,0.0,704.0,0.95,1,0,0.0,0.0,0.0
VACC_0436,0,10,0.4166666666666667,477000.0,0.0,0.0,0.0,0,5,47700.0,101000.0,0.0,532.0,0.92,1,0,0.0,0.0,0.0
VACC_0437,0,3,0.125,221998.0,0.0,0.0,0.0,0,3,73999.33333333333,100999.0,0.0,2412.0,0.97,1,0,0.0,0.0,0.0
VACC_0438,0,11,0.4583333333333333,602496.0,0.0,0.0,0.0,0,5,54772.36363636364,100999.0,0.0,663.0,0.88,1,0,0.0,0.0,0.0
VACC_0439,0,9,0.375,310997.0,0.0,0.0,0.0,0,5,34555.22222222222,50999.0,0.0,1002.0,0.91,1,0,0.0,0.0,0.0
VACC_0440,0,10,0.4166666666666667,607497.0,0.0,0.0,0.0,0,5,60749.7,96000.0,0.0,1148.0,0.97,1,0,0.0,0.0,0.0
VACC_0441,0,5,0.20833333333333334,162499.0,0.0,0.0,0.0,0,4,32499.8,101000.0,0.0,2402.0,0.93,1,0,0.0,0.0,0.0
VACC_0442,0,12,0.5,470997.0,0.0,0.0,0.0,0,4,39249.75,96000.0,0.0,1094.0,0.97,1,0,0.0,0.0,0.0
VACC_0443,0,4,0.16666666666666666,222498.0,0.0,0.0,0.0,0,3,55624.5,100999.0,0.0,745.0,1.0,1,0,0.0,0.0,0.0
VACC_0444,0,7,0.2916666666666667,510996.0,0.0,0.0,0.0,0,3,72999.42857142857,100999.0,0.0,1470.0,0.88,1,0,0.0,0.0,0.0
VACC_0445,0,6,0.25,178499.0,0.0,0.0,0.0,0,3,29749.833333333332,51000.0,0.0,1892.0,0.9,1,0,0.0,0.0,0.0
VACC_0446,0,1,0.041666666666666664,51000.0,0.0,0.0,0.0,0,1,51000.0,51000.0,0.0,2361.0,0.88,1,0,0.0,0.0,0.0
VACC_0447,0,7,0.2916666666666667,389999.0,0.0,0.0,0.0,0,5,55714.142857142855,101000.0,0.0,1855.0,0.97,1,0,0.0,0.0,0.0
VACC_0448,0,2,0.08333333333333333,30999.0,0.0,0.0,0.0,0,2,15499.5,15999.0,0.0,2387.0,0.94,1,0,0.0,0.0,0.0
VACC_0449,0,13,0.5416666666666666,636998.0,0.0,0.0,0.0,0,5,48999.846153846156,100999.0,0.0,961.0,0.93,1,0,0.0,0.0,0.0
VACC_0450,0,5,0.20833333333333334,163498.0,0.0,0.0,0.0,0,4,32699.6,50999.0,0.0,2383.0,0.93,1,0,0.0,0.0,0.0
VACC_0451,0,6,0.25,143000.0,0.0,0.0,0.0,0,4,23833.333333333332,76000.0,0.0,1459.0,0.9,1,0,0.0,0.0,0.0
VACC_0452,0,6,0.25,328498.0,0.0,0.0,0.0,0,3,54749.666666666664,95999.0,0.0,1550.0,1.0,1,0,0.0,0.0,0.0
VACC_0453,0,6,0.25,414499.0,0.0,0.0,0.0,0,3,69083.16666666667,95500.0,0.0,2205.0,0.95,1,0,0.0,0.0,0.0
VACC_0454,0,2,0.08333333333333333,117000.0,0.0,0.0,0.0,0,2,58500.0,96000.0,0.0,533.0,0.95,1,0,0.0,0.0,0.0
VACC_0455,0,9,0.375,400996.0,0.0,0.0,0.0,0,5,44555.11111111111,96000.0,0.0,1808.0,0.95,1,0,0.0,0.0,0.0
VACC_0456,0,2,0.08333333333333333,120999.0,0.0,0.0,0.0,0,2,60499.5,100000.0,0.0,1936.0,0.89,1,0,0.0,0.0,0.0
VACC_0457,0,10,0.4166666666666667,379998.0,0.0,0.0,0.0,0,5,37999.8,75999.0,0.0,810.0,0.89,1,0,0.0,0.0,0.0
VACC_0458,0,3,0.125,86998.0,0.0,0.0,0.0,0,2,28999.333333333332,40999.0,0.0,1183.0,0.91,1,0,0.0,0.0,0.0
VACC_0459,0,3,0.125,190999.0,0.0,0.0,0.0,0,3,63666.333333333336,75999.0,0.0,1929.0,0.92,1,0,0.0,0.0,0.0
VACC_0460,0,2,0.08333333333333333,75999.0,0.0,0.0,0.0,0,2,37999.5,50999.0,0.0,2067.0,0.92,1,0,0.0,0.0,0.0
VACC_0461,0,4,0.16666666666666666,267998.0,0.0,0.0,0.0,0,3,66999.5,96000.0,0.0,2171.0,0.92,1,0,0.0,0.0,0.0
VACC_0462,0,16,0.6666666666666666,859497.0,0.0,0.0,0.0,0,6,53718.5625,100000.0,0.0,910.0,0.98,1,0,0.0,0.0,0.0
VACC_0463,0,3,0.125,82000.0,0.0,0.0,0.0,0,3,27333.333333333332,50000.0,0.0,1107.0,0.98,1,0,0.0,0.0,0.0
VACC_0464,0,6,0.25,289497.0,0.0,0.0,0.0,0,4,48249.5,100999.0,0.0,1453.0,0.89,1,0,0.0,0.0,0.0
VACC_0465,0,8,0.3333333333333333,406497.0,0.0,0.0,0.0,0,5,50812.125,100500.0,0.0,1147.0,0.91,1,0,0.0,0.0,0.0
VACC_0466,0,2,0.08333333333333333,26999.0,0.0,0.0,0.0,0,2,13499.5,16000.0,0.0,1884.0,0.9,1,0,0.0,0.0,0.0
VACC_0467,0,7,0.2916666666666667,240499.0,0.0,0.0,0.0,0,5,34357.0,96000.0,0.0,2198.0,0.92,1,0,0.0,0.0,0.0
VACC_0468,0,5,0.20833333333333334,363500.0,0.0,0.0,0.0,0,2,72700.0,100500.0,0.0,1981.0,0.97,1,0,0.0,0.0,0.0
VACC_0469,0,1,0.041666666666666664,10999.0,0.0,0.0,0.0,0,1,10999.0,10999.0,0.0,1281.0,0.95,1,0,0.0,0.0,0.0
VACC_0470,0,9,0.375,400497.0,0.0,0.0,0.0,0,5,44499.666666666664,100500.0,0.0,2301.0,0.96,1,0,0.0,0.0,0.0
VACC_0471,0,2,0.08333333333333333,121999.0,0.0,0.0,0.0,0,2,60999.5,96000.0,0.0,1442.0,0.99,1,0,0.0,0.0,0.0
VACC_0472,0,14,0.5833333333333334,786996.0,0.0,0.0,0.0,0,6,56214.0,100999.0,0.0,1346.0,0.94,1,0,0.0,0.0,0.0
VACC_0473,0,5,0.20833333333333334,273999.0,0.0,0.0,0.0,0,3,54799.8,100500.0,0.0,407.0,0.97,1,0,0.0,0.0,0.0
VACC_0474,0,6,0.25,247498.0,0.0,0.0,0.0,0,5,41249.666666666664,100000.0,0.0,2142.0,0.98,1,0,0.0,0.0,0.0
VACC_0475,0,3,0.125,130500.0,0.0,0.0,0.0,0,3,43500.0,75500.0,0.0,1494.0,0.89,1,0,0.0,0.0,0.0
VACC_0476,0,9,0.375,548999.0,0.0,0.0,0.0,0,5,60999.88888888889,101000.0,0.0,948.0,0.99,1,0,0.0,0.0,0.0
VACC_0477,0,1,0.041666666666666664,95500.0,0.0,0.0,0.0,0,1,95500.0,95500.0,0.0,2465.0,0.92,1,0,0.0,0.0,0.0
VACC_0478,0,15,0.625,664996.0,0.0,0.0,0.0,0,5,44333.066666666666,95999.0,0.0,1713.0,0.9,1,0,0.0,0.0,0.0
VACC_0479,0,7,0.2916666666666667,358999.0,0.0,0.0,0.0,0,4,51285.57142857143,95000.0,0.0,1527.0,0.9,1,0,0.0,0.0,0.0
VACC_0480,0,16,0.6666666666666666,720997.0,0.0,0.0,0.0,0,5,45062.3125,100000.0,0.0,1153.0,0.95,1,0,0.0,0.0,0.0
VACC_0481,0,2,0.08333333333333333,91999.0,0.0,0.0,0.0,0,2,45999.5,50999.0,0.0,1742.0,0.89,1,0,0.0,0.0,0.0
VACC_0482,0,1,0.041666666666666664,95500.0,0.0,0.0,0.0,0,1,95500.0,95500.0,0.0,1503.0,0.98,1,0,0.0,0.0,0.0
VACC_0483,0,1,0.041666666666666664,10999.0,0.0,0.0,0.0,0,1,10999.0,10999.0,0.0,2011.0,0.99,1,0,0.0,0.0,0.0
VACC_0484,0,1,0.041666666666666664,100500.0,0.0,0.0,0.0,0,1,100500.0,100500.0,0.0,1567.0,0.88,1,0,0.0,0.0,0.0
VACC_0485,0,2,0.08333333333333333,96000.0,0.0,0.0,0.0,0,2,48000.0,76000.0,0.0,2231.0,0.97,1,0,0.0,0.0,0.0
VACC_0486,0,1,0.041666666666666664,100500.0,0.0,0.0,0.0,0,1,100500.0,100500.0,0.0,1463.0,0.96,1,0,0.0,0.0,0.0
VACC_0487,0,3,0.125,217498.0,0.0,0.0,0.0,0,3,72499.33333333333,95999.0,0.0,2178.0,0.98,1,0,0.0,0.0,0.0
VACC_0488,0,5,0.20833333333333334,351500.0,0.0,0.0,0.0,0,5,70300.0,100000.0,0.0,1045.0,0.9,1,0,0.0,0.0,0.0
VACC_0489,0,7,0.2916666666666667,486996.0,0.0,0.0,0.0,0,5,69570.85714285714,101000.0,0.0,1093.0,0.9,1,0,0.0,0.0,0.0
VACC_0490,0,5,0.20833333333333334,333498.0,0.0,0.0,0.0,0,3,66699.6,100000.0,0.0,1032.0,0.91,1,0,0.0,0.0,0.0
VACC_0491,0,15,0.625,534995.0,0.0,0.0,0.0,0,6,35666.333333333336,95500.0,0.0,2497.0,0.92,1,0,0.0,0.0,0.0
VACC_0492,0,7,0.2916666666666667,400499.0,0.0,0.0,0.0,0,5,57214.142857142855,100500.0,0.0,1191.0,0.93,1,0,0.0,0.0,0.0
VACC_0493,0,3,0.125,161999.0,0.0,0.0,0.0,0,3,53999.666666666664,100999.0,0.0,2093.0,0.9,1,0,0.0,0.0,0.0
VACC_0494,0,4,0.16666666666666666,316000.0,0.0,0.0,0.0,0,3,79000.0,95500.0,0.0,2255.0,0.98,1,0,0.0,0.0,0.0
VACC_0495,0,9,0.375,535998.0,0.0,0.0,0.0,0,5,59555.333333333336,101000.0,0.0,760.0,0.92,1,0,0.0,0.0,0.0
VACC_0496,0,7,0.2916666666666667,209996.0,0.0,0.0,0.0,0,5,29999.428571428572,75000.0,0.0,814.0,0.96,1,0,0.0,0.0,0.0
VACC_0497,0,9,0.375,302995.0,0.0,0.0,0.0,0,5,33666.11111111111,100500.0,0.0,1673.0,0.99,1,0,0.0,0.0,0.0
VACC_0498,0,3,0.125,201998.0,0.0,0.0,0.0,0,3,67332.66666666667,75999.0,0.0,2214.0,0.89,1,0,0.0,0.0,0.0
VACC_0499,0,1,0.041666666666666664,76000.0,0.0,0.0,0.0,0,1,76000.0,76000.0,0.0,1598.0,0.93,1,0,0.0,0.0,0.0
VACC_0500,0,1,0.041666666666666664,40000.0,0.0,0.0,0.0,0,1,40000.0,40000.0,0.0,383.0,0.98,1,0,0.0,0.0,0.0
