txn_id,sender_id,receiver_id,amount,timestamp,channel,is_fraud,victim_id,txn_hour
TXN_04295,L00515,L00706,1333,2026-06-01 15:10:49,UPI,0,,15
TXN_03032,M00117,M00152,25000,2026-06-01 15:41:00,UPI,1,,15
TXN_02839,M00176,M00106,35000,2026-06-01 16:23:00,UPI,1,,16
TXN_02981,M00028,M00168,35000,2026-06-01 17:32:00,IMPS,1,,17
TXN_03488,M00052,M00017,50000,2026-06-01 18:04:00,UPI,1,,18
TXN_03091,M00065,M00170,60000,2026-06-01 18:18:00,IMPS,1,,18
TXN_02636,VACC_0471,M00079,96000,2026-06-01 18:41:00,UPI,1,VIC_0471,18
TXN_03622,L00782,L00631,10252,2026-06-01 18:42:00,UPI,0,,18
TXN_02933,M00045,M00080,15000,2026-06-01 18:51:00,UPI,1,,18
TXN_02637,VACC_0471,M00184,25999,2026-06-01 19:09:00,IMPS,1,VIC_0471,19
TXN_04640,L00432,L00762,1408,2026-06-01 19:25:03,IMPS,0,,19
TXN_04029,L00086,L00778,5298,2026-06-01 19:39:48,UPI,0,,19
TXN_03597,L00933,L00104,5415,2026-06-01 19:47:34,IMPS,0,,19
TXN_04988,L00486,L00981,40381,2026-06-01 19:54:04,UPI,0,,19
TXN_02318,VACC_0418,M00105,50999,2026-06-01 20:22:00,UPI,1,VIC_0418,20
TXN_02929,M00041,M00111,60000,2026-06-01 20:48:00,IMPS,1,,20
TXN_02319,VACC_0418,M00175,75000,2026-06-01 20:55:00,UPI,1,VIC_0418,20
TXN_02320,VACC_0418,M00175,100999,2026-06-01 21:11:00,UPI,1,VIC_0418,21
TXN_02532,VACC_0452,M00174,95999,2026-06-01 21:11:00,UPI,1,VIC_0452,21
TXN_03557,L00873,L00593,835,2026-06-01 21:15:48,UPI,0,,21
TXN_03485,M00020,M00195,50000,2026-06-01 21:30:00,UPI,1,,21
TXN_03402,M00029,M00099,60000,2026-06-01 21:46:00,IMPS,1,,21
TXN_02990,M00187,M00082,35000,2026-06-01 22:56:00,IMPS,1,,22
TXN_04113,L00716,L00316,511,2026-06-01 23:11:22,UPI,0,,23
TXN_00369,VACC_0074,M00043,16000,2026-06-01 23:35:00,UPI,1,VIC_0074,23
TXN_02321,VACC_0418,M00175,40999,2026-06-02 00:01:00,UPI,1,VIC_0418,0
TXN_02533,VACC_0452,M00069,50999,2026-06-02 00:05:00,UPI,1,VIC_0452,0
TXN_02322,VACC_0418,M00175,75000,2026-06-02 00:12:00,NEFT,1,VIC_0418,0
TXN_02323,VACC_0418,M00140,10999,2026-06-02 00:17:00,UPI,1,VIC_0418,0
TXN_03471,M00188,M00013,15000,2026-06-02 00:29:00,UPI,1,,0
TXN_03920,L00670,L00324,11198,2026-06-02 00:58:49,UPI,0,,0
TXN_01828,VACC_0329,M00062,75999,2026-06-02 01:01:00,UPI,1,VIC_0329,1
TXN_02998,M00035,M00175,60000,2026-06-02 01:10:00,UPI,1,,1
TXN_04429,L00308,L00048,11778,2026-06-02 01:27:28,IMPS,0,,1
TXN_02324,VACC_0418,M00035,25999,2026-06-02 01:29:00,UPI,1,VIC_0418,1
TXN_03401,M00053,M00193,50000,2026-06-02 01:35:00,UPI,1,,1
TXN_03862,L00973,L00449,1183,2026-06-02 01:51:31,IMPS,0,,1
TXN_02325,VACC_0418,M00070,100000,2026-06-02 02:00:00,NEFT,1,VIC_0418,2
TXN_04808,L00137,L00277,1772,2026-06-02 02:00:08,UPI,0,,2
TXN_00370,VACC_0074,M00008,50000,2026-06-02 02:05:00,NEFT,1,VIC_0074,2
TXN_02165,VACC_0390,M00034,40999,2026-06-02 02:14:00,NEFT,1,VIC_0390,2
TXN_01829,VACC_0329,M00167,40999,2026-06-02 02:16:00,UPI,1,VIC_0329,2
TXN_02166,VACC_0390,M00104,101000,2026-06-02 02:27:00,UPI,1,VIC_0390,2
TXN_02534,VACC_0452,M00034,26000,2026-06-02 02:35:00,UPI,1,VIC_0452,2
TXN_02535,VACC_0452,M00174,75000,2026-06-02 02:50:00,UPI,1,VIC_0452,2
TXN_03718,L00602,L00805,5031,2026-06-02 02:59:39,IMPS,0,,2
TXN_04584,L00389,L00175,2181,2026-06-02 03:01:13,UPI,0,,3
TXN_02167,VACC_0390,M00174,50999,2026-06-02 03:12:00,UPI,1,VIC_0390,3
TXN_01830,VACC_0329,M00132,11000,2026-06-02 03:37:00,IMPS,1,VIC_0329,3
TXN_02536,VACC_0452,M00034,40500,2026-06-02 03:47:00,NEFT,1,VIC_0452,3
TXN_01621,VACC_0291,M00024,100999,2026-06-02 04:02:00,UPI,1,VIC_0291,4
TXN_00503,VACC_0097,M00045,75500,2026-06-02 04:12:00,NEFT,1,VIC_0097,4
TXN_03940,L00947,L00996,1694,2026-06-02 04:12:02,UPI,0,,4
TXN_02326,VACC_0418,M00175,20999,2026-06-02 04:14:00,UPI,1,VIC_0418,4
TXN_01622,VACC_0291,M00094,100999,2026-06-02 04:20:00,UPI,1,VIC_0291,4
TXN_02168,VACC_0390,M00174,40999,2026-06-02 04:32:00,UPI,1,VIC_0390,4
TXN_01623,VACC_0291,M00024,10500,2026-06-02 04:51:00,UPI,1,VIC_0291,4
TXN_02537,VACC_0452,M00174,40000,2026-06-02 05:31:00,NEFT,1,VIC_0452,5
TXN_04719,L00104,L00442,1862,2026-06-02 05:39:04,UPI,0,,5
TXN_01624,VACC_0291,M00094,25500,2026-06-02 05:40:00,IMPS,1,VIC_0291,5
TXN_04743,L00671,L00838,5159,2026-06-02 05:42:12,IMPS,0,,5
TXN_03169,M00052,M00157,60000,2026-06-02 05:46:00,UPI,1,,5
TXN_02941,M00073,M00143,15000,2026-06-02 05:49:00,NEFT,1,,5
TXN_04770,L00171,L00614,7989,2026-06-02 06:03:21,UPI,0,,6
TXN_03547,L00433,L00353,2401,2026-06-02 06:05:21,UPI,0,,6
TXN_02169,VACC_0390,M00174,100999,2026-06-02 06:27:00,UPI,1,VIC_0390,6
TXN_01625,VACC_0291,M00199,95500,2026-06-02 06:38:00,UPI,1,VIC_0291,6
TXN_02909,M00115,M00080,25000,2026-06-02 06:58:00,IMPS,1,,6
TXN_02170,VACC_0390,M00034,51000,2026-06-02 08:36:00,IMPS,1,VIC_0390,8
TXN_02171,VACC_0390,M00139,15999,2026-06-02 08:52:00,UPI,1,VIC_0390,8
TXN_02172,VACC_0390,M00069,21000,2026-06-02 09:56:00,UPI,1,VIC_0390,9
TXN_02173,VACC_0390,M00104,11000,2026-06-02 10:48:00,UPI,1,VIC_0390,10
TXN_01750,VACC_0318,M00062,41000,2026-06-02 14:55:00,IMPS,1,VIC_0318,14
TXN_03213,M00111,M00181,60000,2026-06-02 15:20:00,UPI,1,,15
TXN_03956,L00022,L00632,3110,2026-06-02 15:44:06,UPI,0,,15
TXN_04104,L00947,L00746,6379,2026-06-02 15:47:50,UPI,0,,15
TXN_01250,VACC_0227,M00019,41000,2026-06-02 15:48:00,NEFT,1,VIC_0227,15
TXN_01124,VACC_0202,M00018,15500,2026-06-02 15:50:00,UPI,1,VIC_0202,15
TXN_01751,VACC_0318,M00027,101000,2026-06-02 16:12:00,IMPS,1,VIC_0318,16
TXN_02973,M00043,M00008,35000,2026-06-02 16:19:00,UPI,1,,16
TXN_03481,M00083,M00013,25000,2026-06-02 16:30:00,IMPS,1,,16
TXN_03550,L00931,L00207,594,2026-06-02 16:31:14,UPI,0,,16
TXN_04311,L00887,L00795,993,2026-06-02 16:36:36,NEFT,0,,16
TXN_01054,VACC_0187,M00156,21000,2026-06-02 17:02:00,UPI,1,VIC_0187,17
TXN_03926,L00639,L00378,13818,2026-06-02 17:12:20,UPI,0,,17
TXN_01752,VACC_0318,M00097,95500,2026-06-02 17:15:00,UPI,1,VIC_0318,17
TXN_01251,VACC_0227,M00089,16000,2026-06-02 17:23:00,IMPS,1,VIC_0227,17
TXN_01055,VACC_0187,M00191,16000,2026-06-02 17:30:00,UPI,1,VIC_0187,17
TXN_03787,L00892,L00211,1704,2026-06-02 17:35:13,UPI,0,,17
TXN_01056,VACC_0187,M00086,50000,2026-06-02 17:48:00,UPI,1,VIC_0187,17
TXN_03433,M00170,M00100,35000,2026-06-02 18:43:00,IMPS,1,,18
TXN_04804,L00299,L00041,8664,2026-06-02 19:03:28,IMPS,0,,19
TXN_01615,VACC_0290,M00059,100000,2026-06-02 19:15:00,IMPS,1,VIC_0290,19
TXN_02888,M00155,M00085,25000,2026-06-02 19:19:00,UPI,1,,19
TXN_03455,M00113,M00078,25000,2026-06-02 19:21:00,IMPS,1,,19
TXN_03972,L00337,L00138,40220,2026-06-02 19:30:21,UPI,0,,19
TXN_03319,M00011,M00081,15000,2026-06-02 19:32:00,IMPS,1,,19
TXN_01616,VACC_0290,M00164,40500,2026-06-02 19:39:00,NEFT,1,VIC_0290,19
TXN_03199,M00108,M00073,60000,2026-06-02 19:42:00,IMPS,1,,19
TXN_02122,VACC_0382,M00138,75999,2026-06-02 19:48:00,NEFT,1,VIC_0382,19
TXN_01252,VACC_0227,M00054,11000,2026-06-02 19:49:00,UPI,1,VIC_0227,19
TXN_01753,VACC_0318,M00062,40500,2026-06-02 19:55:00,UPI,1,VIC_0318,19
TXN_04974,L00547,L00505,9159,2026-06-02 19:56:09,IMPS,0,,19
TXN_04048,L00415,L00948,1832,2026-06-02 20:07:32,NEFT,0,,20
TXN_04365,L00705,L00611,2178,2026-06-02 20:27:25,NEFT,0,,20
TXN_04945,L00729,L00818,1293,2026-06-02 20:30:24,NEFT,0,,20
TXN_01057,VACC_0187,M00051,50500,2026-06-02 20:33:00,NEFT,1,VIC_0187,20
TXN_00087,VACC_0019,M00110,25999,2026-06-02 20:37:00,UPI,1,VIC_0019,20
TXN_04542,L00650,L00082,17472,2026-06-02 20:43:33,UPI,0,,20
TXN_03312,M00186,M00081,60000,2026-06-02 20:55:00,IMPS,1,,20
TXN_02123,VACC_0382,M00173,50999,2026-06-02 21:00:00,UPI,1,VIC_0382,21
TXN_04669,L00445,L00492,3352,2026-06-02 21:20:57,UPI,0,,21
TXN_04539,L00313,L00417,1632,2026-06-02 21:32:51,IMPS,0,,21
TXN_01754,VACC_0318,M00062,15999,2026-06-02 21:45:00,UPI,1,VIC_0318,21
TXN_00088,VACC_0019,M00075,50000,2026-06-02 22:04:00,UPI,1,VIC_0019,22
TXN_01617,VACC_0290,M00129,40500,2026-06-02 22:08:00,UPI,1,VIC_0290,22
TXN_04611,L00912,L00740,2468,2026-06-02 22:12:22,NEFT,0,,22
TXN_03376,M00143,M00038,35000,2026-06-02 22:15:00,NEFT,1,,22
TXN_01253,VACC_0227,M00194,16000,2026-06-02 22:40:00,UPI,1,VIC_0227,22
TXN_01058,VACC_0187,M00121,16000,2026-06-02 23:08:00,IMPS,1,VIC_0187,23
TXN_04798,L00873,L00226,1100,2026-06-02 23:16:02,UPI,0,,23
TXN_01618,VACC_0290,M00199,21000,2026-06-02 23:18:00,IMPS,1,VIC_0290,23
TXN_04259,L00090,L00115,1239,2026-06-02 23:21:03,UPI,0,,23
TXN_01176,VACC_0212,M00193,25500,2026-06-02 23:39:00,UPI,1,VIC_0212,23
TXN_02124,VACC_0382,M00103,100000,2026-06-02 23:58:00,NEFT,1,VIC_0382,23
TXN_04384,L00587,L00492,2270,2026-06-02 23:58:03,UPI,0,,23
TXN_04866,L00147,L00074,2333,2026-06-03 00:04:38,UPI,0,,0
TXN_01755,VACC_0318,M00167,101000,2026-06-03 00:19:00,IMPS,1,VIC_0318,0
TXN_01756,VACC_0318,M00027,20999,2026-06-03 00:27:00,UPI,1,VIC_0318,0
TXN_03273,M00026,M00096,50000,2026-06-03 00:28:00,IMPS,1,,0
TXN_02218,VACC_0400,M00139,100500,2026-06-03 00:41:00,UPI,1,VIC_0400,0
TXN_04583,L00433,L00508,8930,2026-06-03 00:43:06,UPI,0,,0
TXN_04865,L00193,L00072,10490,2026-06-03 00:45:14,IMPS,0,,0
TXN_01619,VACC_0290,M00024,15999,2026-06-03 01:02:00,NEFT,1,VIC_0290,1
TXN_01059,VACC_0187,M00121,51000,2026-06-03 01:04:00,IMPS,1,VIC_0187,1
TXN_01177,VACC_0212,M00123,25000,2026-06-03 01:23:00,IMPS,1,VIC_0212,1
TXN_03180,M00125,M00090,60000,2026-06-03 01:26:00,UPI,1,,1
TXN_01254,VACC_0227,M00089,75500,2026-06-03 01:35:00,IMPS,1,VIC_0227,1
TXN_00442,VACC_0087,M00045,15000,2026-06-03 01:38:00,UPI,1,VIC_0087,1
TXN_03881,L00714,L00049,3218,2026-06-03 01:48:13,UPI,0,,1
TXN_01255,VACC_0227,M00019,40500,2026-06-03 01:50:00,UPI,1,VIC_0227,1
TXN_02340,VACC_0420,M00140,101000,2026-06-03 02:11:00,UPI,1,VIC_0420,2
TXN_02125,VACC_0382,M00103,20999,2026-06-03 02:15:00,UPI,1,VIC_0382,2
TXN_01620,VACC_0290,M00094,10999,2026-06-03 02:22:00,UPI,1,VIC_0290,2
TXN_03194,M00039,M00179,15000,2026-06-03 02:26:00,UPI,1,,2
TXN_01178,VACC_0212,M00053,101000,2026-06-03 02:50:00,UPI,1,VIC_0212,2
TXN_02126,VACC_0382,M00173,25999,2026-06-03 02:51:00,UPI,1,VIC_0382,2
TXN_01179,VACC_0212,M00123,26000,2026-06-03 03:10:00,UPI,1,VIC_0212,3
TXN_02219,VACC_0400,M00104,10999,2026-06-03 03:17:00,UPI,1,VIC_0400,3
TXN_00443,VACC_0087,M00150,95000,2026-06-03 03:22:00,IMPS,1,VIC_0087,3
TXN_03734,L00756,L00010,259,2026-06-03 03:26:57,UPI,0,,3
TXN_02127,VACC_0382,M00033,50500,2026-06-03 03:31:00,UPI,1,VIC_0382,3
TXN_04972,L00429,L00563,1447,2026-06-03 03:31:52,UPI,0,,3
TXN_03819,L00751,L00443,268,2026-06-03 03:48:27,NEFT,0,,3
TXN_04700,L00717,L00649,27233,2026-06-03 03:51:28,IMPS,0,,3
TXN_03490,M00074,M00144,25000,2026-06-03 03:55:00,UPI,1,,3
TXN_01180,VACC_0212,M00018,15500,2026-06-03 03:58:00,IMPS,1,VIC_0212,3
TXN_04690,L00235,L00124,1827,2026-06-03 04:15:08,UPI,0,,4
TXN_02128,VACC_0382,M00068,95000,2026-06-03 04:37:00,UPI,1,VIC_0382,4
TXN_01256,VACC_0227,M00089,95999,2026-06-03 04:41:00,UPI,1,VIC_0227,4
TXN_04559,L00715,L00128,6189,2026-06-03 04:48:10,UPI,0,,4
TXN_02220,VACC_0400,M00104,10500,2026-06-03 04:57:00,UPI,1,VIC_0400,4
TXN_02341,VACC_0420,M00105,15999,2026-06-03 05:02:00,UPI,1,VIC_0420,5
TXN_02129,VACC_0382,M00138,26000,2026-06-03 05:11:00,UPI,1,VIC_0382,5
TXN_01592,VACC_0286,M00129,50500,2026-06-03 05:14:00,UPI,1,VIC_0286,5
TXN_04524,L00725,L00797,13938,2026-06-03 05:22:18,UPI,0,,5
TXN_03740,L00771,L00414,10749,2026-06-03 05:50:22,UPI,0,,5
TXN_00444,VACC_0087,M00010,75000,2026-06-03 06:00:00,IMPS,1,VIC_0087,6
TXN_03141,M00030,M00170,15000,2026-06-03 06:28:00,UPI,1,,6
TXN_02546,VACC_0455,M00050,50999,2026-06-03 06:33:00,IMPS,1,VIC_0455,6
TXN_01181,VACC_0212,M00088,41000,2026-06-03 06:34:00,UPI,1,VIC_0212,6
TXN_02342,VACC_0420,M00035,10999,2026-06-03 06:40:00,UPI,1,VIC_0420,6
TXN_00612,VACC_0114,M00012,75000,2026-06-03 06:53:00,IMPS,1,VIC_0114,6
TXN_04961,L00187,L00786,1110,2026-06-03 06:53:05,UPI,0,,6
TXN_01593,VACC_0286,M00129,20999,2026-06-03 06:59:00,UPI,1,VIC_0286,6
TXN_00613,VACC_0114,M00012,100500,2026-06-03 07:04:00,UPI,1,VIC_0114,7
TXN_00614,VACC_0114,M00047,20000,2026-06-03 07:11:00,UPI,1,VIC_0114,7
TXN_01594,VACC_0286,M00164,15500,2026-06-03 07:12:00,IMPS,1,VIC_0286,7
TXN_02343,VACC_0420,M00140,15500,2026-06-03 07:44:00,UPI,1,VIC_0420,7
TXN_02221,VACC_0400,M00174,20500,2026-06-03 07:50:00,UPI,1,VIC_0400,7
TXN_00615,VACC_0114,M00117,100500,2026-06-03 07:57:00,UPI,1,VIC_0114,7
TXN_00445,VACC_0087,M00115,15999,2026-06-03 07:59:00,UPI,1,VIC_0087,7
TXN_02344,VACC_0420,M00070,41000,2026-06-03 08:18:00,UPI,1,VIC_0420,8
TXN_00616,VACC_0114,M00117,15999,2026-06-03 08:45:00,UPI,1,VIC_0114,8
TXN_00617,VACC_0114,M00082,16000,2026-06-03 08:50:00,UPI,1,VIC_0114,8
TXN_02547,VACC_0455,M00050,40000,2026-06-03 09:16:00,UPI,1,VIC_0455,9
TXN_02345,VACC_0420,M00140,75999,2026-06-03 09:56:00,UPI,1,VIC_0420,9
TXN_00446,VACC_0087,M00185,96000,2026-06-03 10:05:00,NEFT,1,VIC_0087,10
TXN_00447,VACC_0087,M00010,40999,2026-06-03 10:14:00,IMPS,1,VIC_0087,10
TXN_02346,VACC_0420,M00105,75500,2026-06-03 10:16:00,UPI,1,VIC_0420,10
TXN_02347,VACC_0420,M00070,20500,2026-06-03 10:24:00,UPI,1,VIC_0420,10
TXN_02222,VACC_0400,M00034,95000,2026-06-03 10:29:00,UPI,1,VIC_0400,10
TXN_02223,VACC_0400,M00104,95000,2026-06-03 10:34:00,UPI,1,VIC_0400,10
TXN_02348,VACC_0420,M00035,75999,2026-06-03 11:10:00,NEFT,1,VIC_0420,11
TXN_02548,VACC_0455,M00155,25999,2026-06-03 11:37:00,UPI,1,VIC_0455,11
TXN_00448,VACC_0087,M00150,100000,2026-06-03 12:56:00,UPI,1,VIC_0087,12
TXN_02549,VACC_0455,M00120,40000,2026-06-03 12:57:00,UPI,1,VIC_0455,12
TXN_02224,VACC_0400,M00104,40000,2026-06-03 13:13:00,IMPS,1,VIC_0400,13
TXN_03055,M00177,M00072,50000,2026-06-03 14:06:00,UPI,1,,14
TXN_02943,M00065,M00030,50000,2026-06-03 14:22:00,IMPS,1,,14
TXN_02225,VACC_0400,M00139,20999,2026-06-03 14:50:00,UPI,1,VIC_0400,14
TXN_04838,L00264,L00891,10174,2026-06-03 15:08:46,IMPS,0,,15
TXN_02550,VACC_0455,M00155,75999,2026-06-03 15:35:00,IMPS,1,VIC_0455,15
TXN_03664,L00087,L00138,750,2026-06-03 15:37:22,NEFT,0,,15
TXN_03321,M00199,M00059,60000,2026-06-03 15:41:00,IMPS,1,,15
TXN_02226,VACC_0400,M00069,20000,2026-06-03 15:43:00,UPI,1,VIC_0400,15
TXN_04627,L00187,L00550,597,2026-06-03 16:02:40,UPI,0,,16
TXN_02551,VACC_0455,M00050,26000,2026-06-03 16:07:00,UPI,1,VIC_0455,16
TXN_04004,L00520,L00081,2480,2026-06-03 16:12:26,UPI,0,,16
TXN_03179,M00173,M00138,60000,2026-06-03 16:13:00,IMPS,1,,16
TXN_03389,M00134,M00064,50000,2026-06-03 16:15:00,UPI,1,,16
TXN_04001,L00563,L00852,1267,2026-06-03 16:21:53,UPI,0,,16
TXN_03097,M00121,M00051,35000,2026-06-03 16:35:00,NEFT,1,,16
TXN_03602,L00114,L00347,23152,2026-06-03 16:42:51,UPI,0,,16
TXN_01244,VACC_0224,M00088,75999,2026-06-03 16:51:00,UPI,1,VIC_0224,16
TXN_00089,VACC_0020,M00040,10999,2026-06-03 17:01:00,UPI,1,VIC_0020,17
TXN_00285,VACC_0058,M00113,95999,2026-06-03 17:14:00,NEFT,1,VIC_0058,17
TXN_00090,VACC_0020,M00040,26000,2026-06-03 17:45:00,UPI,1,VIC_0020,17
TXN_00382,VACC_0078,M00008,40000,2026-06-03 17:46:00,UPI,1,VIC_0078,17
TXN_03166,M00194,M00054,35000,2026-06-03 17:46:00,UPI,1,,17
TXN_03546,L00880,L00056,1855,2026-06-03 17:47:30,IMPS,0,,17
TXN_02901,M00073,M00143,25000,2026-06-03 17:54:00,IMPS,1,,17
TXN_03260,M00020,M00055,50000,2026-06-03 17:54:00,IMPS,1,,17
TXN_00286,VACC_0058,M00113,16000,2026-06-03 18:06:00,UPI,1,VIC_0058,18
TXN_03099,M00037,M00072,60000,2026-06-03 18:06:00,NEFT,1,,18
TXN_03129,M00148,M00043,50000,2026-06-03 18:13:00,UPI,1,,18
TXN_03860,L00562,L00673,1415,2026-06-03 18:15:42,UPI,0,,18
TXN_02434,VACC_0438,M00035,20000,2026-06-03 18:22:00,UPI,1,VIC_0438,18
TXN_03264,M00185,M00045,15000,2026-06-03 18:27:00,IMPS,1,,18
TXN_04000,L00178,L00607,2630,2026-06-03 18:35:03,UPI,0,,18
TXN_02227,VACC_0400,M00034,75000,2026-06-03 18:41:00,UPI,1,VIC_0400,18
TXN_03235,M00034,M00104,25000,2026-06-03 18:44:00,IMPS,1,,18
TXN_00399,VACC_0082,M00010,11000,2026-06-03 18:45:00,UPI,1,VIC_0082,18
TXN_00345,VACC_0069,M00148,95999,2026-06-03 18:51:00,NEFT,1,VIC_0069,18
TXN_02552,VACC_0455,M00190,25999,2026-06-03 18:56:00,UPI,1,VIC_0455,18
TXN_00346,VACC_0069,M00113,51000,2026-06-03 19:02:00,IMPS,1,VIC_0069,19
TXN_00400,VACC_0082,M00080,25500,2026-06-03 19:03:00,UPI,1,VIC_0082,19
TXN_03775,L00059,L00378,1606,2026-06-03 19:27:02,UPI,0,,19
TXN_02464,VACC_0441,M00105,20999,2026-06-03 19:29:00,IMPS,1,VIC_0441,19
TXN_02553,VACC_0455,M00085,20000,2026-06-03 19:30:00,UPI,1,VIC_0455,19
TXN_02435,VACC_0438,M00175,25500,2026-06-03 19:31:00,NEFT,1,VIC_0438,19
TXN_04223,L00679,L00554,5121,2026-06-03 19:33:58,NEFT,0,,19
TXN_00287,VACC_0058,M00078,40000,2026-06-03 19:37:00,UPI,1,VIC_0058,19
TXN_00383,VACC_0078,M00113,25500,2026-06-03 19:40:00,UPI,1,VIC_0078,19
TXN_03483,M00028,M00063,50000,2026-06-03 19:47:00,IMPS,1,,19
TXN_00401,VACC_0082,M00080,20500,2026-06-03 19:48:00,IMPS,1,VIC_0082,19
TXN_02554,VACC_0455,M00190,96000,2026-06-03 20:00:00,UPI,1,VIC_0455,20
TXN_02837,M00139,M00069,60000,2026-06-03 20:03:00,UPI,1,,20
TXN_02465,VACC_0441,M00035,101000,2026-06-03 20:06:00,UPI,1,VIC_0441,20
TXN_00288,VACC_0058,M00008,100000,2026-06-03 20:16:00,IMPS,1,VIC_0058,20
TXN_04115,L00836,L00504,22069,2026-06-03 20:20:26,IMPS,0,,20
TXN_02466,VACC_0441,M00175,20000,2026-06-03 20:29:00,NEFT,1,VIC_0441,20
TXN_02436,VACC_0438,M00175,100999,2026-06-03 20:58:00,UPI,1,VIC_0438,20
TXN_04017,L00974,L00996,1978,2026-06-03 21:02:10,UPI,0,,21
TXN_00347,VACC_0069,M00183,11000,2026-06-03 21:31:00,IMPS,1,VIC_0069,21
TXN_01312,VACC_0237,M00090,95000,2026-06-03 21:33:00,UPI,1,VIC_0237,21
TXN_00289,VACC_0058,M00113,10000,2026-06-03 21:36:00,IMPS,1,VIC_0058,21
TXN_00384,VACC_0078,M00183,11000,2026-06-03 21:41:00,UPI,1,VIC_0078,21
TXN_02467,VACC_0441,M00070,10000,2026-06-03 22:07:00,UPI,1,VIC_0441,22
TXN_00402,VACC_0082,M00115,95999,2026-06-03 22:28:00,UPI,1,VIC_0082,22
TXN_03942,L00137,L00341,2157,2026-06-03 22:45:04,UPI,0,,22
TXN_02437,VACC_0438,M00105,40999,2026-06-03 22:47:00,UPI,1,VIC_0438,22
TXN_00348,VACC_0069,M00183,10000,2026-06-03 23:04:00,UPI,1,VIC_0069,23
TXN_03856,L00335,L00687,680,2026-06-03 23:25:03,UPI,0,,23
TXN_04546,L00590,L00059,351,2026-06-03 23:31:32,UPI,0,,23
TXN_01313,VACC_0237,M00125,100000,2026-06-03 23:36:00,UPI,1,VIC_0237,23
TXN_04046,L00748,L00743,2167,2026-06-03 23:36:37,NEFT,0,,23
TXN_00290,VACC_0058,M00113,50500,2026-06-03 23:37:00,UPI,1,VIC_0058,23
TXN_03498,M00144,M00004,50000,2026-06-03 23:38:00,IMPS,1,,23
TXN_02438,VACC_0438,M00175,25500,2026-06-03 23:56:00,IMPS,1,VIC_0438,23
TXN_02011,VACC_0364,M00137,100000,2026-06-04 00:03:00,UPI,1,VIC_0364,0
TXN_03439,M00075,M00005,25000,2026-06-04 00:04:00,UPI,1,,0
TXN_01314,VACC_0237,M00090,100000,2026-06-04 00:06:00,UPI,1,VIC_0237,0
TXN_00385,VACC_0078,M00008,11000,2026-06-04 00:11:00,UPI,1,VIC_0078,0
TXN_01315,VACC_0237,M00195,10500,2026-06-04 00:20:00,NEFT,1,VIC_0237,0
TXN_00386,VACC_0078,M00043,100500,2026-06-04 00:30:00,UPI,1,VIC_0078,0
TXN_04450,L00285,L00132,13369,2026-06-04 00:42:25,UPI,0,,0
TXN_00188,VACC_0040,M00006,50500,2026-06-04 00:47:00,UPI,1,VIC_0040,0
TXN_02468,VACC_0441,M00035,10500,2026-06-04 01:00:00,UPI,1,VIC_0441,1
TXN_04168,L00388,L00626,1242,2026-06-04 01:28:53,UPI,0,,1
TXN_02012,VACC_0364,M00032,15000,2026-06-04 01:31:00,UPI,1,VIC_0364,1
TXN_01654,VACC_0299,M00096,96000,2026-06-04 01:56:00,UPI,1,VIC_0299,1
TXN_02439,VACC_0438,M00070,75999,2026-06-04 02:09:00,NEFT,1,VIC_0438,2
TXN_03380,M00150,M00115,15000,2026-06-04 02:10:00,NEFT,1,,2
TXN_03791,L00163,L00619,1009,2026-06-04 02:12:38,IMPS,0,,2
TXN_02440,VACC_0438,M00105,96000,2026-06-04 02:40:00,UPI,1,VIC_0438,2
TXN_00063,VACC_0015,M00040,10999,2026-06-04 02:42:00,UPI,1,VIC_0015,2
TXN_00189,VACC_0040,M00146,40500,2026-06-04 03:00:00,UPI,1,VIC_0040,3
TXN_03507,L00902,L00636,1271,2026-06-04 03:01:55,IMPS,0,,3
TXN_04234,L00226,L00737,2496,2026-06-04 03:09:16,IMPS,0,,3
TXN_01316,VACC_0237,M00090,15500,2026-06-04 03:12:00,UPI,1,VIC_0237,3
TXN_04352,L00058,L00099,3082,2026-06-04 03:20:38,IMPS,0,,3
TXN_00387,VACC_0078,M00148,51000,2026-06-04 03:23:00,UPI,1,VIC_0078,3
TXN_03799,L00066,L00845,12722,2026-06-04 03:35:40,UPI,0,,3
TXN_00064,VACC_0015,M00180,101000,2026-06-04 03:40:00,IMPS,1,VIC_0015,3
TXN_00997,VACC_0177,M00121,20999,2026-06-04 03:47:00,IMPS,1,VIC_0177,3
TXN_04496,L00842,L00827,5053,2026-06-04 03:51:40,UPI,0,,3
TXN_02013,VACC_0364,M00137,75500,2026-06-04 03:57:00,UPI,1,VIC_0364,3
TXN_01655,VACC_0299,M00096,25500,2026-06-04 04:40:00,UPI,1,VIC_0299,4
TXN_00190,VACC_0040,M00111,21000,2026-06-04 04:42:00,UPI,1,VIC_0040,4
TXN_02441,VACC_0438,M00105,41000,2026-06-04 04:46:00,UPI,1,VIC_0438,4
TXN_02014,VACC_0364,M00102,40999,2026-06-04 04:52:00,UPI,1,VIC_0364,4
TXN_00998,VACC_0177,M00121,100500,2026-06-04 04:57:00,UPI,1,VIC_0177,4
TXN_00388,VACC_0078,M00043,100000,2026-06-04 05:27:00,UPI,1,VIC_0078,5
TXN_04256,L00828,L00239,10035,2026-06-04 05:39:03,UPI,0,,5
TXN_04336,L00592,L00141,917,2026-06-04 05:40:18,NEFT,0,,5
TXN_00065,VACC_0015,M00180,10000,2026-06-04 05:51:00,NEFT,1,VIC_0015,5
TXN_02442,VACC_0438,M00070,25999,2026-06-04 06:05:00,UPI,1,VIC_0438,6
TXN_00734,VACC_0132,M00118,15999,2026-06-04 06:08:00,UPI,1,VIC_0132,6
TXN_02443,VACC_0438,M00035,75000,2026-06-04 06:13:00,IMPS,1,VIC_0438,6
TXN_03610,L00903,L00445,284,2026-06-04 06:20:39,IMPS,0,,6
TXN_00191,VACC_0040,M00041,20999,2026-06-04 06:22:00,IMPS,1,VIC_0040,6
TXN_01813,VACC_0327,M00027,20999,2026-06-04 06:27:00,IMPS,1,VIC_0327,6
TXN_01820,VACC_0328,M00062,50999,2026-06-04 06:40:00,UPI,1,VIC_0328,6
TXN_04307,L00751,L00957,2201,2026-06-04 06:44:02,UPI,0,,6
TXN_01814,VACC_0327,M00027,10000,2026-06-04 06:49:00,IMPS,1,VIC_0327,6
TXN_00999,VACC_0177,M00086,50500,2026-06-04 06:55:00,IMPS,1,VIC_0177,6
TXN_01379,VACC_0249,M00126,15000,2026-06-04 07:00:00,UPI,1,VIC_0249,7
TXN_01000,VACC_0177,M00086,50999,2026-06-04 07:06:00,UPI,1,VIC_0177,7
TXN_02015,VACC_0364,M00067,16000,2026-06-04 07:09:00,NEFT,1,VIC_0364,7
TXN_01001,VACC_0177,M00016,20500,2026-06-04 07:13:00,UPI,1,VIC_0177,7
TXN_01821,VACC_0328,M00167,75500,2026-06-04 07:28:00,IMPS,1,VIC_0328,7
TXN_02444,VACC_0438,M00140,75500,2026-06-04 08:03:00,UPI,1,VIC_0438,8
TXN_01815,VACC_0327,M00167,100500,2026-06-04 08:13:00,UPI,1,VIC_0327,8
TXN_01816,VACC_0327,M00167,11000,2026-06-04 08:28:00,IMPS,1,VIC_0327,8
TXN_00066,VACC_0015,M00180,40500,2026-06-04 08:37:00,NEFT,1,VIC_0015,8
TXN_01380,VACC_0249,M00161,95000,2026-06-04 09:08:00,UPI,1,VIC_0249,9
TXN_01822,VACC_0328,M00097,21000,2026-06-04 09:19:00,IMPS,1,VIC_0328,9
TXN_00067,VACC_0015,M00110,50500,2026-06-04 09:29:00,IMPS,1,VIC_0015,9
TXN_01823,VACC_0328,M00132,75999,2026-06-04 09:33:00,IMPS,1,VIC_0328,9
TXN_01381,VACC_0249,M00056,16000,2026-06-04 09:49:00,UPI,1,VIC_0249,9
TXN_01002,VACC_0177,M00121,50000,2026-06-04 09:54:00,UPI,1,VIC_0177,9
TXN_01817,VACC_0327,M00132,15000,2026-06-04 10:24:00,UPI,1,VIC_0327,10
TXN_01382,VACC_0249,M00021,10500,2026-06-04 11:24:00,UPI,1,VIC_0249,11
TXN_01824,VACC_0328,M00097,100500,2026-06-04 11:35:00,IMPS,1,VIC_0328,11
TXN_01003,VACC_0177,M00086,96000,2026-06-04 11:49:00,IMPS,1,VIC_0177,11
TXN_01818,VACC_0327,M00062,10500,2026-06-04 12:22:00,UPI,1,VIC_0327,12
TXN_01819,VACC_0327,M00097,10000,2026-06-04 12:54:00,UPI,1,VIC_0327,12
TXN_01004,VACC_0177,M00086,75999,2026-06-04 13:40:00,IMPS,1,VIC_0177,13
TXN_02991,M00002,M00037,60000,2026-06-04 14:27:00,NEFT,1,,14
TXN_01825,VACC_0328,M00097,20999,2026-06-04 14:28:00,IMPS,1,VIC_0328,14
TXN_03135,M00073,M00003,25000,2026-06-04 15:12:00,UPI,1,,15
TXN_02372,VACC_0428,M00035,15999,2026-06-04 15:50:00,UPI,1,VIC_0428,15
TXN_03722,L00349,L00811,8930,2026-06-04 15:57:25,UPI,0,,15
TXN_01826,VACC_0328,M00062,95999,2026-06-04 16:00:00,UPI,1,VIC_0328,16
TXN_03083,M00157,M00192,50000,2026-06-04 16:08:00,UPI,1,,16
TXN_02373,VACC_0428,M00070,75999,2026-06-04 16:45:00,UPI,1,VIC_0428,16
TXN_04684,L00106,L00718,608,2026-06-04 17:31:27,IMPS,0,,17
TXN_04441,L00679,L00840,8645,2026-06-04 18:04:21,UPI,0,,18
TXN_04747,L00077,L00965,2034,2026-06-04 18:20:21,IMPS,0,,18
TXN_01827,VACC_0328,M00167,75500,2026-06-04 18:23:00,UPI,1,VIC_0328,18
TXN_01174,VACC_0211,M00158,20999,2026-06-04 18:42:00,UPI,1,VIC_0211,18
TXN_02374,VACC_0428,M00105,15999,2026-06-04 18:47:00,IMPS,1,VIC_0428,18
TXN_01729,VACC_0315,M00027,50000,2026-06-04 19:02:00,UPI,1,VIC_0315,19
TXN_02955,M00065,M00100,60000,2026-06-04 19:13:00,IMPS,1,,19
TXN_01175,VACC_0211,M00018,100999,2026-06-04 19:34:00,IMPS,1,VIC_0211,19
TXN_03515,L00106,L00013,2242,2026-06-04 19:59:29,NEFT,0,,19
TXN_02666,VACC_0476,M00093,10000,2026-06-04 20:15:00,UPI,1,VIC_0476,20
TXN_03776,L00531,L00012,712,2026-06-04 20:17:31,UPI,0,,20
TXN_02667,VACC_0476,M00093,100000,2026-06-04 20:30:00,NEFT,1,VIC_0476,20
TXN_03410,M00082,M00012,15000,2026-06-04 20:30:00,NEFT,1,,20
TXN_02898,M00105,M00070,25000,2026-06-04 20:42:00,IMPS,1,,20
TXN_04391,L00306,L00586,1780,2026-06-04 20:49:03,NEFT,0,,20
TXN_04359,L00994,L00153,1978,2026-06-04 21:18:34,UPI,0,,21
TXN_01730,VACC_0315,M00097,25999,2026-06-04 21:27:00,UPI,1,VIC_0315,21
TXN_02375,VACC_0428,M00070,101000,2026-06-04 21:27:00,UPI,1,VIC_0428,21
TXN_03175,M00005,M00145,15000,2026-06-04 22:35:00,UPI,1,,22
TXN_02296,VACC_0414,M00175,95500,2026-06-04 22:44:00,UPI,1,VIC_0414,22
TXN_04249,L00387,L00933,603,2026-06-04 22:45:47,UPI,0,,22
TXN_02668,VACC_0476,M00093,101000,2026-06-04 23:14:00,NEFT,1,VIC_0476,23
TXN_03629,L00287,L00894,437,2026-06-04 23:14:43,IMPS,0,,23
TXN_02757,VACC_0492,M00021,100500,2026-06-04 23:16:00,UPI,1,VIC_0492,23
TXN_03994,L00891,L00504,10883,2026-06-04 23:38:10,UPI,0,,23
TXN_00192,VACC_0041,M00076,100500,2026-06-04 23:47:00,UPI,1,VIC_0041,23
TXN_02376,VACC_0428,M00175,50500,2026-06-05 00:02:00,UPI,1,VIC_0428,0
TXN_03646,L00539,L00712,1910,2026-06-05 00:03:10,IMPS,0,,0
TXN_04495,L00314,L00603,2324,2026-06-05 00:05:11,UPI,0,,0
TXN_00193,VACC_0041,M00146,26000,2026-06-05 00:06:00,IMPS,1,VIC_0041,0
TXN_01731,VACC_0315,M00027,10999,2026-06-05 00:22:00,UPI,1,VIC_0315,0
TXN_02297,VACC_0414,M00175,10500,2026-06-05 00:30:00,IMPS,1,VIC_0414,0
TXN_00194,VACC_0041,M00146,40999,2026-06-05 00:51:00,IMPS,1,VIC_0041,0
TXN_03659,L00436,L00911,2179,2026-06-05 01:05:33,UPI,0,,1
TXN_04876,L00394,L00022,12717,2026-06-05 01:11:48,UPI,0,,1
TXN_00195,VACC_0041,M00181,100500,2026-06-05 01:12:00,UPI,1,VIC_0041,1
TXN_02298,VACC_0414,M00175,15999,2026-06-05 01:29:00,UPI,1,VIC_0414,1
TXN_04349,L00974,L00438,2179,2026-06-05 01:39:49,UPI,0,,1
TXN_03535,L00795,L00150,1796,2026-06-05 02:03:12,UPI,0,,2
TXN_02758,VACC_0492,M00056,26000,2026-06-05 02:05:00,UPI,1,VIC_0492,2
TXN_00715,VACC_0130,M00153,16000,2026-06-05 02:06:00,UPI,1,VIC_0130,2
TXN_02669,VACC_0476,M00163,100000,2026-06-05 02:11:00,UPI,1,VIC_0476,2
TXN_00716,VACC_0130,M00188,21000,2026-06-05 02:38:00,UPI,1,VIC_0130,2
TXN_04066,L00651,L00706,2306,2026-06-05 02:39:42,UPI,0,,2
TXN_00196,VACC_0041,M00076,20999,2026-06-05 02:41:00,IMPS,1,VIC_0041,2
TXN_02882,M00067,M00172,35000,2026-06-05 02:51:00,UPI,1,,2
TXN_02377,VACC_0428,M00105,25000,2026-06-05 02:54:00,IMPS,1,VIC_0428,2
TXN_02299,VACC_0414,M00070,95999,2026-06-05 02:57:00,UPI,1,VIC_0414,2
TXN_03472,M00175,M00105,15000,2026-06-05 03:07:00,IMPS,1,,3
TXN_04237,L00920,L00687,6730,2026-06-05 03:27:43,UPI,0,,3
TXN_03320,M00199,M00129,25000,2026-06-05 03:28:00,IMPS,1,,3
TXN_02300,VACC_0414,M00035,40500,2026-06-05 03:31:00,UPI,1,VIC_0414,3
TXN_00358,VACC_0071,M00148,100999,2026-06-05 03:36:00,NEFT,1,VIC_0071,3
TXN_02670,VACC_0476,M00128,75999,2026-06-05 03:47:00,UPI,1,VIC_0476,3
TXN_02378,VACC_0428,M00035,96000,2026-06-05 03:48:00,UPI,1,VIC_0428,3
TXN_02759,VACC_0492,M00196,15500,2026-06-05 03:51:00,UPI,1,VIC_0492,3
TXN_03365,M00166,M00131,15000,2026-06-05 03:52:00,UPI,1,,3
TXN_02379,VACC_0428,M00035,11000,2026-06-05 03:56:00,IMPS,1,VIC_0428,3
TXN_02721,VACC_0486,M00166,100500,2026-06-05 04:13:00,IMPS,1,VIC_0486,4
TXN_00717,VACC_0130,M00153,20000,2026-06-05 04:27:00,UPI,1,VIC_0130,4
TXN_04110,L00276,L00767,9617,2026-06-05 04:35:27,NEFT,0,,4
TXN_02103,VACC_0378,M00138,96000,2026-06-05 04:54:00,UPI,1,VIC_0378,4
TXN_02380,VACC_0428,M00070,40500,2026-06-05 05:04:00,UPI,1,VIC_0428,5
TXN_03130,M00134,M00029,50000,2026-06-05 05:10:00,NEFT,1,,5
TXN_02760,VACC_0492,M00126,96000,2026-06-05 05:12:00,NEFT,1,VIC_0492,5
TXN_02104,VACC_0378,M00173,50500,2026-06-05 05:20:00,IMPS,1,VIC_0378,5
TXN_00359,VACC_0071,M00043,20500,2026-06-05 05:25:00,UPI,1,VIC_0071,5
TXN_03781,L00133,L00550,1294,2026-06-05 05:33:12,UPI,0,,5
TXN_00197,VACC_0041,M00111,20999,2026-06-05 05:37:00,UPI,1,VIC_0041,5
TXN_02671,VACC_0476,M00198,95500,2026-06-05 05:39:00,IMPS,1,VIC_0476,5
TXN_02105,VACC_0378,M00068,75000,2026-06-05 06:05:00,IMPS,1,VIC_0378,6
TXN_04655,L00946,L00760,6313,2026-06-05 06:08:07,UPI,0,,6
TXN_00198,VACC_0041,M00006,100000,2026-06-05 06:14:00,UPI,1,VIC_0041,6
TXN_04995,L00143,L00302,1639,2026-06-05 06:15:17,IMPS,0,,6
TXN_02301,VACC_0414,M00035,95000,2026-06-05 06:20:00,UPI,1,VIC_0414,6
TXN_04405,L00552,L00731,11131,2026-06-05 06:20:43,IMPS,0,,6
TXN_03109,M00061,M00166,15000,2026-06-05 06:27:00,IMPS,1,,6
TXN_02672,VACC_0476,M00058,21000,2026-06-05 06:54:00,UPI,1,VIC_0476,6
TXN_00199,VACC_0041,M00041,76000,2026-06-05 06:59:00,NEFT,1,VIC_0041,6
TXN_00718,VACC_0130,M00083,20000,2026-06-05 07:09:00,NEFT,1,VIC_0130,7
TXN_00747,VACC_0138,M00014,10000,2026-06-05 07:11:00,IMPS,1,VIC_0138,7
TXN_02761,VACC_0492,M00161,15999,2026-06-05 07:38:00,UPI,1,VIC_0492,7
TXN_00200,VACC_0041,M00076,15500,2026-06-05 07:53:00,UPI,1,VIC_0041,7
TXN_02106,VACC_0378,M00033,20500,2026-06-05 08:00:00,UPI,1,VIC_0378,8
TXN_02673,VACC_0476,M00198,25000,2026-06-05 08:17:00,UPI,1,VIC_0476,8
TXN_02302,VACC_0414,M00140,95999,2026-06-05 08:26:00,UPI,1,VIC_0414,8
TXN_00719,VACC_0130,M00153,40500,2026-06-05 08:46:00,UPI,1,VIC_0130,8
TXN_00748,VACC_0138,M00084,100500,2026-06-05 08:51:00,UPI,1,VIC_0138,8
TXN_00749,VACC_0138,M00014,100000,2026-06-05 09:06:00,UPI,1,VIC_0138,9
TXN_00720,VACC_0130,M00188,15500,2026-06-05 09:42:00,UPI,1,VIC_0130,9
TXN_00201,VACC_0041,M00076,10500,2026-06-05 09:43:00,UPI,1,VIC_0041,9
TXN_00202,VACC_0041,M00076,40500,2026-06-05 09:49:00,UPI,1,VIC_0041,9
TXN_02674,VACC_0476,M00058,20500,2026-06-05 09:54:00,UPI,1,VIC_0476,9
TXN_00721,VACC_0130,M00013,100999,2026-06-05 09:58:00,UPI,1,VIC_0130,9
TXN_02303,VACC_0414,M00175,15500,2026-06-05 10:02:00,UPI,1,VIC_0414,10
TXN_00203,VACC_0041,M00006,15999,2026-06-05 10:04:00,NEFT,1,VIC_0041,10
TXN_02762,VACC_0492,M00056,51000,2026-06-05 10:05:00,UPI,1,VIC_0492,10
TXN_00722,VACC_0130,M00048,50999,2026-06-05 10:19:00,IMPS,1,VIC_0130,10
TXN_00750,VACC_0138,M00049,21000,2026-06-05 10:26:00,UPI,1,VIC_0138,10
TXN_00723,VACC_0130,M00188,15999,2026-06-05 10:51:00,UPI,1,VIC_0130,10
TXN_00724,VACC_0130,M00048,10999,2026-06-05 11:18:00,UPI,1,VIC_0130,11
TXN_02763,VACC_0492,M00196,95500,2026-06-05 11:50:00,UPI,1,VIC_0492,11
TXN_00751,VACC_0138,M00049,101000,2026-06-05 12:03:00,UPI,1,VIC_0138,12
TXN_00752,VACC_0138,M00049,20500,2026-06-05 13:20:00,UPI,1,VIC_0138,13
TXN_00725,VACC_0130,M00153,11000,2026-06-05 14:05:00,UPI,1,VIC_0130,14
TXN_03305,M00053,M00158,60000,2026-06-05 14:07:00,IMPS,1,,14
TXN_02831,M00113,M00183,25000,2026-06-05 14:08:00,IMPS,1,,14
TXN_00726,VACC_0130,M00153,75999,2026-06-05 14:19:00,UPI,1,VIC_0130,14
TXN_03352,M00106,M00071,15000,2026-06-05 15:03:00,UPI,1,,15
TXN_04438,L00621,L00552,277,2026-06-05 15:10:07,IMPS,0,,15
TXN_03450,M00166,M00026,25000,2026-06-05 15:15:00,NEFT,1,,15
TXN_04287,L00697,L00467,11397,2026-06-05 15:39:52,IMPS,0,,15
TXN_00753,VACC_0138,M00049,15500,2026-06-05 15:48:00,UPI,1,VIC_0138,15
TXN_00879,VACC_0163,M00121,16000,2026-06-05 15:57:00,UPI,1,VIC_0163,15
TXN_03888,L00316,L00455,1182,2026-06-05 16:16:27,UPI,0,,16
TXN_00727,VACC_0130,M00188,15500,2026-06-05 16:39:00,UPI,1,VIC_0130,16
TXN_00880,VACC_0163,M00016,100000,2026-06-05 17:19:00,UPI,1,VIC_0163,17
TXN_02866,M00145,M00040,35000,2026-06-05 17:23:00,IMPS,1,,17
TXN_00728,VACC_0130,M00118,20000,2026-06-05 17:32:00,UPI,1,VIC_0130,17
TXN_04823,L00302,L00333,33150,2026-06-05 17:58:41,IMPS,0,,17
TXN_04776,L00996,L00711,9715,2026-06-05 18:13:02,UPI,0,,18
TXN_04112,L00767,L00408,1168,2026-06-05 18:18:29,UPI,0,,18
TXN_00754,VACC_0138,M00154,25000,2026-06-05 18:19:00,UPI,1,VIC_0138,18
TXN_02841,M00168,M00063,15000,2026-06-05 18:27:00,IMPS,1,,18
TXN_03077,M00018,M00158,25000,2026-06-05 18:30:00,IMPS,1,,18
TXN_00881,VACC_0163,M00016,10000,2026-06-05 18:57:00,UPI,1,VIC_0163,18
TXN_04455,L00666,L00926,11429,2026-06-05 19:44:35,UPI,0,,19
TXN_03045,M00195,M00125,15000,2026-06-05 19:57:00,IMPS,1,,19
TXN_03010,M00124,M00159,50000,2026-06-05 19:59:00,UPI,1,,19
TXN_00755,VACC_0138,M00119,15999,2026-06-05 20:05:00,UPI,1,VIC_0138,20
TXN_04443,L00038,L00193,10072,2026-06-05 20:11:41,UPI,0,,20
TXN_03377,M00078,M00183,50000,2026-06-05 20:14:00,IMPS,1,,20
TXN_02186,VACC_0394,M00104,10000,2026-06-05 20:20:00,IMPS,1,VIC_0394,20
TXN_03812,L00729,L00812,2366,2026-06-05 20:39:52,UPI,0,,20
TXN_00756,VACC_0138,M00119,75000,2026-06-05 21:37:00,UPI,1,VIC_0138,21
TXN_00882,VACC_0163,M00051,40500,2026-06-05 21:56:00,UPI,1,VIC_0163,21
TXN_00029,VACC_0007,M00074,95500,2026-06-05 22:18:00,UPI,1,VIC_0007,22
TXN_04415,L00820,L00322,14945,2026-06-05 22:20:48,UPI,0,,22
TXN_02557,VACC_0457,M00004,50999,2026-06-05 22:27:00,UPI,1,VIC_0457,22
TXN_00364,VACC_0073,M00078,10000,2026-06-05 22:34:00,UPI,1,VIC_0073,22
TXN_02187,VACC_0394,M00139,15500,2026-06-05 22:56:00,UPI,1,VIC_0394,22
TXN_03122,M00133,M00063,25000,2026-06-05 23:14:00,IMPS,1,,23
TXN_00883,VACC_0163,M00016,21000,2026-06-05 23:16:00,NEFT,1,VIC_0163,23
TXN_04918,L00733,L00843,10944,2026-06-05 23:20:01,UPI,0,,23
TXN_03517,L00070,L00608,1361,2026-06-05 23:55:00,IMPS,0,,23
TXN_01171,VACC_0209,M00088,10000,2026-06-06 00:03:00,IMPS,1,VIC_0209,0
TXN_03181,M00149,M00009,60000,2026-06-06 00:12:00,IMPS,1,,0
TXN_02188,VACC_0394,M00034,10500,2026-06-06 00:21:00,IMPS,1,VIC_0394,0
TXN_04911,L00233,L00438,9758,2026-06-06 00:25:48,IMPS,0,,0
TXN_02558,VACC_0457,M00144,75999,2026-06-06 00:28:00,UPI,1,VIC_0457,0
TXN_03706,L00414,L00969,218,2026-06-06 00:38:46,UPI,0,,0
TXN_00030,VACC_0007,M00074,20999,2026-06-06 00:40:00,IMPS,1,VIC_0007,0
TXN_04568,L00678,L00974,1065,2026-06-06 01:09:05,UPI,0,,1
TXN_00031,VACC_0007,M00179,50999,2026-06-06 01:10:00,IMPS,1,VIC_0007,1
TXN_01172,VACC_0209,M00018,41000,2026-06-06 01:12:00,UPI,1,VIC_0209,1
TXN_03326,M00064,M00029,15000,2026-06-06 01:26:00,IMPS,1,,1
TXN_00365,VACC_0073,M00183,40500,2026-06-06 01:31:00,IMPS,1,VIC_0073,1
TXN_00032,VACC_0007,M00004,16000,2026-06-06 01:32:00,UPI,1,VIC_0007,1
TXN_00884,VACC_0163,M00156,50500,2026-06-06 01:34:00,IMPS,1,VIC_0163,1
TXN_03435,M00101,M00171,25000,2026-06-06 01:35:00,NEFT,1,,1
TXN_03731,L00143,L00592,26051,2026-06-06 01:38:16,UPI,0,,1
TXN_02559,VACC_0457,M00004,25500,2026-06-06 01:48:00,IMPS,1,VIC_0457,1
TXN_01705,VACC_0309,M00096,15500,2026-06-06 01:53:00,IMPS,1,VIC_0309,1
TXN_02560,VACC_0457,M00144,16000,2026-06-06 02:06:00,UPI,1,VIC_0457,2
TXN_00033,VACC_0007,M00144,95500,2026-06-06 02:10:00,UPI,1,VIC_0007,2
TXN_00366,VACC_0073,M00078,75000,2026-06-06 02:11:00,NEFT,1,VIC_0073,2
TXN_04459,L00693,L00436,3328,2026-06-06 02:30:04,IMPS,0,,2
TXN_00885,VACC_0163,M00156,96000,2026-06-06 02:35:00,IMPS,1,VIC_0163,2
TXN_03893,L00952,L00256,2450,2026-06-06 03:08:21,UPI,0,,3
TXN_01706,VACC_0309,M00026,15999,2026-06-06 03:09:00,UPI,1,VIC_0309,3
TXN_02846,M00031,M00136,25000,2026-06-06 03:10:00,IMPS,1,,3
TXN_03637,L00630,L00067,2526,2026-06-06 03:17:54,IMPS,0,,3
TXN_04855,L00836,L00884,4306,2026-06-06 03:21:02,UPI,0,,3
TXN_00886,VACC_0163,M00121,11000,2026-06-06 03:22:00,UPI,1,VIC_0163,3
TXN_00887,VACC_0163,M00016,100000,2026-06-06 03:29:00,UPI,1,VIC_0163,3
TXN_01479,VACC_0269,M00091,11000,2026-06-06 03:31:00,UPI,1,VIC_0269,3
TXN_03003,M00063,M00168,35000,2026-06-06 03:53:00,IMPS,1,,3
TXN_02814,M00011,M00116,15000,2026-06-06 04:35:00,IMPS,1,,4
TXN_03829,L00644,L00551,2069,2026-06-06 04:35:05,IMPS,0,,4
TXN_00034,VACC_0007,M00109,41000,2026-06-06 04:37:00,IMPS,1,VIC_0007,4
TXN_00367,VACC_0073,M00148,50500,2026-06-06 04:38:00,IMPS,1,VIC_0073,4
TXN_02561,VACC_0457,M00004,11000,2026-06-06 04:42:00,NEFT,1,VIC_0457,4
TXN_01480,VACC_0269,M00161,50000,2026-06-06 04:53:00,UPI,1,VIC_0269,4
TXN_04267,L00977,L00390,4774,2026-06-06 05:08:24,IMPS,0,,5
TXN_01707,VACC_0309,M00026,50500,2026-06-06 06:04:00,IMPS,1,VIC_0309,6
TXN_03665,L00770,L00087,1184,2026-06-06 06:18:06,UPI,0,,6
TXN_03248,M00003,M00108,25000,2026-06-06 06:27:00,UPI,1,,6
TXN_02544,VACC_0454,M00003,96000,2026-06-06 06:29:00,UPI,1,VIC_0454,6
TXN_03588,L00203,L00291,1660,2026-06-06 06:30:02,NEFT,0,,6
TXN_02562,VACC_0457,M00074,50500,2026-06-06 06:44:00,UPI,1,VIC_0457,6
TXN_04782,L00077,L00170,598,2026-06-06 06:55:40,UPI,0,,6
TXN_01481,VACC_0269,M00161,40999,2026-06-06 07:02:00,UPI,1,VIC_0269,7
TXN_00368,VACC_0073,M00148,20500,2026-06-06 07:18:00,UPI,1,VIC_0073,7
TXN_02657,VACC_0474,M00120,15500,2026-06-06 07:21:00,IMPS,1,VIC_0474,7
TXN_00035,VACC_0007,M00144,50999,2026-06-06 07:32:00,UPI,1,VIC_0007,7
TXN_02545,VACC_0454,M00038,21000,2026-06-06 08:00:00,UPI,1,VIC_0454,8
TXN_00036,VACC_0007,M00179,40000,2026-06-06 08:23:00,UPI,1,VIC_0007,8
TXN_02658,VACC_0474,M00050,15000,2026-06-06 08:42:00,NEFT,1,VIC_0474,8
TXN_01708,VACC_0309,M00026,41000,2026-06-06 08:45:00,UPI,1,VIC_0309,8
TXN_01482,VACC_0269,M00126,25500,2026-06-06 08:56:00,IMPS,1,VIC_0269,8
TXN_02563,VACC_0457,M00004,25000,2026-06-06 09:20:00,IMPS,1,VIC_0457,9
TXN_02659,VACC_0474,M00015,25999,2026-06-06 09:29:00,UPI,1,VIC_0474,9
TXN_00037,VACC_0007,M00004,100999,2026-06-06 10:23:00,IMPS,1,VIC_0007,10
TXN_02660,VACC_0474,M00120,100000,2026-06-06 10:39:00,UPI,1,VIC_0474,10
TXN_01483,VACC_0269,M00056,15000,2026-06-06 10:52:00,IMPS,1,VIC_0269,10
TXN_01709,VACC_0309,M00026,95500,2026-06-06 10:56:00,UPI,1,VIC_0309,10
TXN_01484,VACC_0269,M00126,50999,2026-06-06 11:17:00,NEFT,1,VIC_0269,11
TXN_02564,VACC_0457,M00109,75000,2026-06-06 11:43:00,IMPS,1,VIC_0457,11
TXN_01485,VACC_0269,M00161,10999,2026-06-06 12:44:00,UPI,1,VIC_0269,12
TXN_01710,VACC_0309,M00166,25999,2026-06-06 12:54:00,UPI,1,VIC_0309,12
TXN_02661,VACC_0474,M00190,40000,2026-06-06 13:17:00,IMPS,1,VIC_0474,13
TXN_02662,VACC_0474,M00155,50999,2026-06-06 13:32:00,UPI,1,VIC_0474,13
TXN_01486,VACC_0269,M00021,25999,2026-06-06 14:00:00,UPI,1,VIC_0269,14
TXN_02565,VACC_0457,M00144,10000,2026-06-06 14:40:00,UPI,1,VIC_0457,14
TXN_02566,VACC_0457,M00179,40000,2026-06-06 14:45:00,UPI,1,VIC_0457,14
TXN_01487,VACC_0269,M00126,41000,2026-06-06 14:57:00,UPI,1,VIC_0269,14
TXN_04480,L00417,L00068,3403,2026-06-06 15:12:37,UPI,0,,15
TXN_04243,L00709,L00341,14691,2026-06-06 15:17:26,IMPS,0,,15
TXN_03342,M00174,M00104,60000,2026-06-06 15:22:00,UPI,1,,15
TXN_04736,L00394,L00090,2171,2026-06-06 15:29:50,IMPS,0,,15
TXN_03916,L00238,L00219,11985,2026-06-06 15:30:04,UPI,0,,15
TXN_03245,M00146,M00006,35000,2026-06-06 15:40:00,UPI,1,,15
TXN_01488,VACC_0269,M00021,100999,2026-06-06 15:57:00,UPI,1,VIC_0269,15
TXN_03108,M00199,M00024,35000,2026-06-06 16:20:00,IMPS,1,,16
TXN_04407,L00668,L00128,2107,2026-06-06 16:20:12,IMPS,0,,16
TXN_04216,L00816,L00090,6789,2026-06-06 16:37:05,IMPS,0,,16
TXN_04297,L00869,L00724,2820,2026-06-06 16:49:43,UPI,0,,16
TXN_04299,L00647,L00849,5426,2026-06-06 17:01:05,UPI,0,,17
TXN_00814,VACC_0149,M00121,10000,2026-06-06 17:17:00,UPI,1,VIC_0149,17
TXN_02368,VACC_0426,M00140,41000,2026-06-06 17:34:00,NEFT,1,VIC_0426,17
TXN_04067,L00378,L00714,2295,2026-06-06 17:34:32,IMPS,0,,17
TXN_03699,L00876,L00771,5048,2026-06-06 17:41:20,UPI,0,,17
TXN_04061,L00981,L00262,1903,2026-06-06 18:00:20,NEFT,0,,18
TXN_04760,L00574,L00999,1187,2026-06-06 18:09:36,IMPS,0,,18
TXN_04346,L00105,L00695,764,2026-06-06 18:13:39,NEFT,0,,18
TXN_03057,M00093,M00128,60000,2026-06-06 18:44:00,NEFT,1,,18
TXN_03983,L00211,L00553,719,2026-06-06 18:48:54,UPI,0,,18
TXN_00815,VACC_0149,M00191,75000,2026-06-06 19:36:00,UPI,1,VIC_0149,19
TXN_02904,M00178,M00073,35000,2026-06-06 19:44:00,NEFT,1,,19
TXN_03005,M00113,M00008,15000,2026-06-06 19:46:00,UPI,1,,19
TXN_00816,VACC_0149,M00191,95999,2026-06-06 19:50:00,UPI,1,VIC_0149,19
TXN_02871,M00138,M00103,25000,2026-06-06 20:25:00,IMPS,1,,20
TXN_04248,L00660,L00352,1913,2026-06-06 20:40:36,IMPS,0,,20
TXN_01212,VACC_0218,M00158,10000,2026-06-06 20:41:00,IMPS,1,VIC_0218,20
TXN_02083,VACC_0376,M00138,20500,2026-06-06 21:09:00,UPI,1,VIC_0376,21
TXN_04509,L00992,L00808,2047,2026-06-06 21:18:15,UPI,0,,21
TXN_00817,VACC_0149,M00051,50000,2026-06-06 21:22:00,UPI,1,VIC_0149,21
TXN_02084,VACC_0376,M00103,26000,2026-06-06 21:23:00,IMPS,1,VIC_0376,21
TXN_03220,M00052,M00192,15000,2026-06-06 21:34:00,IMPS,1,,21
TXN_02085,VACC_0376,M00103,95999,2026-06-06 22:12:00,UPI,1,VIC_0376,22
TXN_00818,VACC_0149,M00016,25000,2026-06-06 22:13:00,UPI,1,VIC_0149,22
TXN_04825,L00836,L00011,723,2026-06-06 22:16:53,UPI,0,,22
TXN_02086,VACC_0376,M00138,20999,2026-06-06 22:20:00,UPI,1,VIC_0376,22
TXN_04335,L00671,L00168,7076,2026-06-06 22:25:56,IMPS,0,,22
TXN_03339,M00083,M00013,60000,2026-06-06 23:04:00,IMPS,1,,23
TXN_02087,VACC_0376,M00068,95500,2026-06-06 23:28:00,IMPS,1,VIC_0376,23
TXN_01213,VACC_0218,M00158,50999,2026-06-06 23:40:00,UPI,1,VIC_0218,23
TXN_04235,L00264,L00682,34884,2026-06-07 00:05:16,IMPS,0,,0
TXN_04355,L00968,L00054,1531,2026-06-07 00:05:59,IMPS,0,,0
TXN_00819,VACC_0149,M00086,40999,2026-06-07 00:06:00,UPI,1,VIC_0149,0
TXN_03770,L00987,L00396,9885,2026-06-07 01:01:05,UPI,0,,1
TXN_00820,VACC_0149,M00016,51000,2026-06-07 01:12:00,IMPS,1,VIC_0149,1
TXN_02812,M00030,M00170,35000,2026-06-07 01:14:00,UPI,1,,1
TXN_02877,M00040,M00110,35000,2026-06-07 01:14:00,UPI,1,,1
TXN_02201,VACC_0396,M00069,11000,2026-06-07 01:19:00,UPI,1,VIC_0396,1
TXN_00821,VACC_0149,M00016,25500,2026-06-07 01:29:00,UPI,1,VIC_0149,1
TXN_00822,VACC_0149,M00051,95999,2026-06-07 02:21:00,UPI,1,VIC_0149,2
TXN_00823,VACC_0149,M00191,20000,2026-06-07 02:27:00,UPI,1,VIC_0149,2
TXN_04195,L00754,L00334,6095,2026-06-07 02:33:52,UPI,0,,2
TXN_01214,VACC_0218,M00158,40999,2026-06-07 02:39:00,UPI,1,VIC_0218,2
TXN_02202,VACC_0396,M00104,15999,2026-06-07 02:46:00,UPI,1,VIC_0396,2
TXN_01215,VACC_0218,M00123,10999,2026-06-07 03:29:00,UPI,1,VIC_0218,3
TXN_03037,M00172,M00102,25000,2026-06-07 03:45:00,NEFT,1,,3
TXN_03484,M00048,M00083,50000,2026-06-07 03:55:00,UPI,1,,3
TXN_00824,VACC_0149,M00191,75500,2026-06-07 03:57:00,NEFT,1,VIC_0149,3
TXN_00825,VACC_0149,M00191,25500,2026-06-07 04:20:00,UPI,1,VIC_0149,4
TXN_01951,VACC_0355,M00102,21000,2026-06-07 04:27:00,UPI,1,VIC_0355,4
TXN_02203,VACC_0396,M00139,40000,2026-06-07 04:49:00,NEFT,1,VIC_0396,4
TXN_03873,L00782,L00012,1106,2026-06-07 05:18:02,IMPS,0,,5
TXN_04362,L00035,L00122,10899,2026-06-07 05:25:07,UPI,0,,5
TXN_04677,L00786,L00118,4421,2026-06-07 05:26:02,UPI,0,,5
TXN_04750,L00743,L00486,2108,2026-06-07 05:56:41,NEFT,0,,5
TXN_03674,L00377,L00824,22832,2026-06-07 06:30:22,IMPS,0,,6
TXN_01952,VACC_0355,M00137,101000,2026-06-07 06:37:00,UPI,1,VIC_0355,6
TXN_01573,VACC_0282,M00059,50500,2026-06-07 06:48:00,UPI,1,VIC_0282,6
TXN_02204,VACC_0396,M00069,15999,2026-06-07 07:16:00,UPI,1,VIC_0396,7
TXN_01574,VACC_0282,M00199,40500,2026-06-07 07:29:00,UPI,1,VIC_0282,7
TXN_01953,VACC_0355,M00102,15500,2026-06-07 07:36:00,UPI,1,VIC_0355,7
TXN_02205,VACC_0396,M00034,51000,2026-06-07 08:05:00,IMPS,1,VIC_0396,8
TXN_01954,VACC_0355,M00172,10500,2026-06-07 10:14:00,UPI,1,VIC_0355,10
TXN_01955,VACC_0355,M00172,50000,2026-06-07 12:45:00,IMPS,1,VIC_0355,12
TXN_01956,VACC_0355,M00172,10000,2026-06-07 13:03:00,NEFT,1,VIC_0355,13
TXN_04130,L00191,L00206,2159,2026-06-07 15:00:18,IMPS,0,,15
TXN_02811,M00087,M00157,50000,2026-06-07 15:26:00,IMPS,1,,15
TXN_03849,L00391,L00352,364,2026-06-07 15:39:44,IMPS,0,,15
TXN_03434,M00011,M00186,50000,2026-06-07 15:53:00,IMPS,1,,15
TXN_03392,M00096,M00026,15000,2026-06-07 16:35:00,IMPS,1,,16
TXN_03390,M00021,M00161,15000,2026-06-07 16:55:00,UPI,1,,16
TXN_03012,M00155,M00120,35000,2026-06-07 17:30:00,IMPS,1,,17
TXN_04600,L00659,L00528,34298,2026-06-07 17:55:38,UPI,0,,17
TXN_04025,L00977,L00813,1361,2026-06-07 17:58:07,UPI,0,,17
TXN_03692,L00692,L00338,1275,2026-06-07 18:06:16,IMPS,0,,18
TXN_03281,M00193,M00123,60000,2026-06-07 18:31:00,UPI,1,,18
TXN_04226,L00772,L00967,3568,2026-06-07 18:55:54,IMPS,0,,18
TXN_04060,L00782,L00447,1756,2026-06-07 19:20:40,UPI,0,,19
TXN_04045,L00883,L00513,692,2026-06-07 19:35:23,NEFT,0,,19
TXN_03107,M00020,M00125,50000,2026-06-07 19:39:00,IMPS,1,,19
TXN_04111,L00215,L00953,2515,2026-06-07 20:12:55,UPI,0,,20
TXN_00304,VACC_0062,M00113,96000,2026-06-07 20:45:00,IMPS,1,VIC_0062,20
TXN_02787,VACC_0497,M00063,50999,2026-06-07 21:15:00,UPI,1,VIC_0497,21
TXN_02835,M00151,M00186,60000,2026-06-07 21:23:00,NEFT,1,,21
TXN_04933,L00615,L00186,1809,2026-06-07 21:29:11,UPI,0,,21
TXN_01906,VACC_0343,M00168,15000,2026-06-07 21:51:00,UPI,1,VIC_0343,21
TXN_03506,L00815,L00439,1717,2026-06-07 22:27:15,UPI,0,,22
TXN_01907,VACC_0343,M00133,100500,2026-06-07 23:09:00,IMPS,1,VIC_0343,23
TXN_02788,VACC_0497,M00133,15500,2026-06-07 23:17:00,IMPS,1,VIC_0497,23
TXN_00305,VACC_0062,M00113,95500,2026-06-07 23:21:00,UPI,1,VIC_0062,23
TXN_04957,L00438,L00983,1578,2026-06-07 23:33:25,UPI,0,,23
TXN_04703,L00491,L00063,39961,2026-06-07 23:37:23,IMPS,0,,23
TXN_03735,L00512,L00830,7214,2026-06-07 23:44:00,UPI,0,,23
TXN_03228,M00137,M00172,15000,2026-06-07 23:52:00,UPI,1,,23
TXN_02918,M00021,M00161,60000,2026-06-08 00:05:00,IMPS,1,,0
TXN_00027,VACC_0005,M00073,100000,2026-06-08 00:24:00,IMPS,1,VIC_0005,0
TXN_03168,M00010,M00080,60000,2026-06-08 00:34:00,IMPS,1,,0
TXN_02789,VACC_0497,M00028,21000,2026-06-08 00:47:00,UPI,1,VIC_0497,0
TXN_01908,VACC_0343,M00168,20000,2026-06-08 01:14:00,UPI,1,VIC_0343,1
TXN_03545,L00856,L00573,22672,2026-06-08 01:21:16,UPI,0,,1
TXN_00306,VACC_0062,M00148,40500,2026-06-08 01:42:00,NEFT,1,VIC_0062,1
TXN_04723,L00312,L00115,1737,2026-06-08 01:48:50,UPI,0,,1
TXN_02790,VACC_0497,M00063,10999,2026-06-08 02:03:00,UPI,1,VIC_0497,2
TXN_00307,VACC_0062,M00148,75999,2026-06-08 02:07:00,UPI,1,VIC_0062,2
TXN_03095,M00097,M00167,60000,2026-06-08 02:21:00,IMPS,1,,2
TXN_04375,L00648,L00669,2168,2026-06-08 02:27:41,UPI,0,,2
TXN_04289,L00291,L00150,23761,2026-06-08 03:45:24,UPI,0,,3
TXN_03065,M00018,M00123,50000,2026-06-08 04:00:00,UPI,1,,4
TXN_00308,VACC_0062,M00148,10999,2026-06-08 04:05:00,UPI,1,VIC_0062,4
TXN_03153,M00015,M00190,60000,2026-06-08 04:14:00,IMPS,1,,4
TXN_02791,VACC_0497,M00168,20999,2026-06-08 04:24:00,IMPS,1,VIC_0497,4
TXN_02946,M00183,M00078,35000,2026-06-08 04:47:00,NEFT,1,,4
TXN_02828,M00053,M00088,60000,2026-06-08 05:18:00,UPI,1,,5
TXN_02394,VACC_0432,M00175,75999,2026-06-08 05:56:00,UPI,1,VIC_0432,5
TXN_03206,M00154,M00014,25000,2026-06-08 06:06:00,UPI,1,,6
TXN_00309,VACC_0062,M00043,25000,2026-06-08 06:22:00,UPI,1,VIC_0062,6
TXN_02792,VACC_0497,M00098,100500,2026-06-08 06:53:00,UPI,1,VIC_0497,6
TXN_02395,VACC_0432,M00035,40500,2026-06-08 07:28:00,UPI,1,VIC_0432,7
TXN_02793,VACC_0497,M00133,51000,2026-06-08 07:30:00,UPI,1,VIC_0497,7
TXN_02396,VACC_0432,M00175,50500,2026-06-08 07:35:00,UPI,1,VIC_0432,7
TXN_00310,VACC_0062,M00113,75999,2026-06-08 08:33:00,IMPS,1,VIC_0062,8
TXN_02794,VACC_0497,M00063,10999,2026-06-08 09:40:00,UPI,1,VIC_0497,9
TXN_02397,VACC_0432,M00140,11000,2026-06-08 10:32:00,UPI,1,VIC_0432,10
TXN_02398,VACC_0432,M00175,75500,2026-06-08 11:08:00,IMPS,1,VIC_0432,11
TXN_00311,VACC_0062,M00078,75000,2026-06-08 11:26:00,UPI,1,VIC_0062,11
TXN_02795,VACC_0497,M00063,20999,2026-06-08 12:24:00,NEFT,1,VIC_0497,12
TXN_02399,VACC_0432,M00105,40000,2026-06-08 13:07:00,UPI,1,VIC_0432,13
TXN_00312,VACC_0062,M00078,10000,2026-06-08 14:18:00,UPI,1,VIC_0062,14
TXN_04998,L00565,L00996,241,2026-06-08 15:12:18,NEFT,0,,15
TXN_00313,VACC_0062,M00043,21000,2026-06-08 15:25:00,IMPS,1,VIC_0062,15
TXN_02400,VACC_0432,M00175,15500,2026-06-08 15:41:00,UPI,1,VIC_0432,15
TXN_04643,L00683,L00204,1102,2026-06-08 16:04:27,UPI,0,,16
TXN_04837,L00969,L00670,1530,2026-06-08 16:29:32,IMPS,0,,16
TXN_04654,L00514,L00744,2054,2026-06-08 16:36:34,UPI,0,,16
TXN_03250,M00135,M00100,35000,2026-06-08 18:16:00,UPI,1,,18
TXN_00314,VACC_0062,M00148,10500,2026-06-08 18:24:00,UPI,1,VIC_0062,18
TXN_02401,VACC_0432,M00105,50000,2026-06-08 18:27:00,IMPS,1,VIC_0432,18
TXN_01687,VACC_0307,M00131,100500,2026-06-08 18:33:00,IMPS,1,VIC_0307,18
TXN_01688,VACC_0307,M00096,11000,2026-06-08 18:42:00,UPI,1,VIC_0307,18
TXN_04268,L00591,L00755,31039,2026-06-08 18:47:42,UPI,0,,18
TXN_03138,M00042,M00077,25000,2026-06-08 18:53:00,NEFT,1,,18
TXN_03069,M00084,M00119,60000,2026-06-08 18:57:00,UPI,1,,18
TXN_04058,L00955,L00580,8499,2026-06-08 19:23:03,UPI,0,,19
TXN_04708,L00288,L00966,4846,2026-06-08 19:40:33,UPI,0,,19
TXN_02402,VACC_0432,M00175,75000,2026-06-08 19:42:00,NEFT,1,VIC_0432,19
TXN_02714,VACC_0481,M00002,41000,2026-06-08 20:12:00,UPI,1,VIC_0481,20
TXN_03088,M00193,M00158,50000,2026-06-08 20:15:00,IMPS,1,,20
TXN_02870,M00091,M00196,60000,2026-06-08 21:43:00,NEFT,1,,21
TXN_00274,VACC_0056,M00148,20000,2026-06-08 21:48:00,IMPS,1,VIC_0056,21
TXN_04902,L00557,L00127,9812,2026-06-08 22:07:59,UPI,0,,22
TXN_02715,VACC_0481,M00177,50999,2026-06-08 22:16:00,UPI,1,VIC_0481,22
TXN_02403,VACC_0432,M00175,50000,2026-06-08 22:20:00,IMPS,1,VIC_0432,22
TXN_03017,M00034,M00174,60000,2026-06-08 22:28:00,IMPS,1,,22
TXN_03865,L00862,L00166,9048,2026-06-08 22:30:40,UPI,0,,22
TXN_02976,M00104,M00069,15000,2026-06-08 22:33:00,UPI,1,,22
TXN_01111,VACC_0199,M00157,100000,2026-06-08 23:05:00,UPI,1,VIC_0199,23
TXN_02849,M00049,M00084,50000,2026-06-08 23:32:00,IMPS,1,,23
TXN_02859,M00098,M00063,60000,2026-06-08 23:36:00,NEFT,1,,23
TXN_00360,VACC_0072,M00043,100999,2026-06-08 23:58:00,IMPS,1,VIC_0072,23
TXN_03149,M00079,M00044,15000,2026-06-09 00:00:00,NEFT,1,,0
TXN_00275,VACC_0056,M00008,41000,2026-06-09 00:10:00,UPI,1,VIC_0056,0
TXN_01112,VACC_0199,M00157,15500,2026-06-09 00:42:00,UPI,1,VIC_0199,0
TXN_01113,VACC_0199,M00122,25500,2026-06-09 00:48:00,UPI,1,VIC_0199,0
TXN_03196,M00108,M00073,15000,2026-06-09 01:08:00,IMPS,1,,1
TXN_03964,L00511,L00304,12691,2026-06-09 01:13:13,UPI,0,,1
TXN_00276,VACC_0056,M00043,100000,2026-06-09 01:18:00,IMPS,1,VIC_0056,1
TXN_00729,VACC_0131,M00013,25999,2026-06-09 01:29:00,UPI,1,VIC_0131,1
TXN_03534,L00907,L00555,3153,2026-06-09 02:13:25,UPI,0,,2
TXN_00361,VACC_0072,M00078,40000,2026-06-09 02:47:00,UPI,1,VIC_0072,2
TXN_00277,VACC_0056,M00008,95999,2026-06-09 02:56:00,UPI,1,VIC_0056,2
TXN_00473,VACC_0092,M00080,20999,2026-06-09 02:56:00,UPI,1,VIC_0092,2
TXN_02498,VACC_0446,M00175,51000,2026-06-09 03:03:00,IMPS,1,VIC_0446,3
TXN_01114,VACC_0199,M00087,101000,2026-06-09 03:05:00,UPI,1,VIC_0199,3
TXN_03890,L00005,L00050,617,2026-06-09 03:07:40,UPI,0,,3
TXN_00278,VACC_0056,M00113,75500,2026-06-09 03:08:00,UPI,1,VIC_0056,3
TXN_03309,M00147,M00007,15000,2026-06-09 03:08:00,IMPS,1,,3
TXN_04663,L00786,L00701,598,2026-06-09 03:08:21,UPI,0,,3
TXN_04562,L00933,L00852,693,2026-06-09 03:24:22,UPI,0,,3
TXN_02431,VACC_0437,M00070,95000,2026-06-09 03:25:00,UPI,1,VIC_0437,3
TXN_04737,L00909,L00109,2368,2026-06-09 03:34:33,UPI,0,,3
TXN_00730,VACC_0131,M00013,20500,2026-06-09 03:43:00,UPI,1,VIC_0131,3
TXN_00362,VACC_0072,M00043,15500,2026-06-09 03:45:00,UPI,1,VIC_0072,3
TXN_04519,L00388,L00582,14661,2026-06-09 03:45:36,UPI,0,,3
TXN_03518,L00809,L00861,1211,2026-06-09 03:57:45,UPI,0,,3
TXN_03357,M00069,M00034,15000,2026-06-09 04:18:00,NEFT,1,,4
TXN_00363,VACC_0072,M00183,41000,2026-06-09 04:36:00,UPI,1,VIC_0072,4
TXN_00279,VACC_0056,M00043,40999,2026-06-09 04:37:00,UPI,1,VIC_0056,4
TXN_00280,VACC_0056,M00008,40000,2026-06-09 04:48:00,IMPS,1,VIC_0056,4
TXN_00474,VACC_0092,M00115,10000,2026-06-09 04:51:00,IMPS,1,VIC_0092,4
TXN_04149,L00273,L00770,23150,2026-06-09 04:54:14,UPI,0,,4
TXN_00475,VACC_0092,M00115,15500,2026-06-09 05:21:00,UPI,1,VIC_0092,5
TXN_02432,VACC_0437,M00140,25999,2026-06-09 05:51:00,UPI,1,VIC_0437,5
TXN_01115,VACC_0199,M00122,50999,2026-06-09 06:04:00,IMPS,1,VIC_0199,6
TXN_00456,VACC_0090,M00115,20500,2026-06-09 06:12:00,IMPS,1,VIC_0090,6
TXN_00731,VACC_0131,M00048,10999,2026-06-09 06:25:00,UPI,1,VIC_0131,6
TXN_00281,VACC_0056,M00113,100999,2026-06-09 07:06:00,NEFT,1,VIC_0056,7
TXN_00062,VACC_0014,M00075,15999,2026-06-09 07:24:00,UPI,1,VIC_0014,7
TXN_02433,VACC_0437,M00175,100999,2026-06-09 07:27:00,IMPS,1,VIC_0437,7
TXN_01116,VACC_0199,M00017,10999,2026-06-09 07:47:00,UPI,1,VIC_0199,7
TXN_00732,VACC_0131,M00188,20000,2026-06-09 08:30:00,IMPS,1,VIC_0131,8
TXN_00457,VACC_0090,M00010,41000,2026-06-09 09:00:00,UPI,1,VIC_0090,9
TXN_00733,VACC_0131,M00153,75999,2026-06-09 09:30:00,UPI,1,VIC_0131,9
TXN_00458,VACC_0090,M00115,10500,2026-06-09 11:53:00,UPI,1,VIC_0090,11
TXN_00459,VACC_0090,M00080,20999,2026-06-09 12:00:00,UPI,1,VIC_0090,12
TXN_00460,VACC_0090,M00010,75000,2026-06-09 13:55:00,UPI,1,VIC_0090,13
TXN_00461,VACC_0090,M00080,40999,2026-06-09 14:18:00,IMPS,1,VIC_0090,14
TXN_03724,L00867,L00193,239,2026-06-09 15:20:10,UPI,0,,15
TXN_02847,M00067,M00032,35000,2026-06-09 15:45:00,UPI,1,,15
TXN_03570,L00219,L00245,13505,2026-06-09 15:57:25,UPI,0,,15
TXN_04676,L00256,L00288,2333,2026-06-09 16:44:35,UPI,0,,16
TXN_00462,VACC_0090,M00185,10500,2026-06-09 16:45:00,IMPS,1,VIC_0090,16
TXN_02573,VACC_0460,M00090,25000,2026-06-09 17:10:00,UPI,1,VIC_0460,17
TXN_00463,VACC_0090,M00150,51000,2026-06-09 17:33:00,UPI,1,VIC_0090,17
TXN_04484,L00797,L00280,795,2026-06-09 19:06:35,UPI,0,,19
TXN_02574,VACC_0460,M00195,50999,2026-06-09 19:18:00,UPI,1,VIC_0460,19
TXN_04580,L00860,L00137,536,2026-06-09 19:55:43,UPI,0,,19
TXN_02764,VACC_0493,M00186,50000,2026-06-09 20:08:00,IMPS,1,VIC_0493,20
TXN_03941,L00790,L00711,13891,2026-06-09 20:27:59,IMPS,0,,20
TXN_00966,VACC_0174,M00086,15999,2026-06-09 20:35:00,UPI,1,VIC_0174,20
TXN_03552,L00350,L00194,9480,2026-06-09 20:45:30,IMPS,0,,20
TXN_03275,M00132,M00097,60000,2026-06-09 20:57:00,UPI,1,,20
TXN_03645,L00730,L00383,2325,2026-06-09 21:02:55,UPI,0,,21
TXN_00967,VACC_0174,M00121,100999,2026-06-09 21:28:00,UPI,1,VIC_0174,21
TXN_03634,L00745,L00084,472,2026-06-09 21:47:43,UPI,0,,21
TXN_03568,L00710,L00236,4326,2026-06-09 21:54:26,IMPS,0,,21
TXN_04541,L00866,L00093,1035,2026-06-09 21:54:45,UPI,0,,21
TXN_02765,VACC_0493,M00081,100999,2026-06-09 21:59:00,UPI,1,VIC_0493,21
TXN_04557,L00702,L00694,13585,2026-06-09 22:19:25,UPI,0,,22
TXN_02766,VACC_0493,M00011,11000,2026-06-09 22:40:00,UPI,1,VIC_0493,22
TXN_03184,M00065,M00030,60000,2026-06-09 23:13:00,UPI,1,,23
TXN_03509,L00348,L00667,748,2026-06-09 23:28:26,UPI,0,,23
TXN_00542,VACC_0103,M00116,100500,2026-06-09 23:38:00,IMPS,1,VIC_0103,23
TXN_00968,VACC_0174,M00156,96000,2026-06-09 23:41:00,UPI,1,VIC_0174,23
TXN_00543,VACC_0103,M00081,11000,2026-06-09 23:44:00,IMPS,1,VIC_0103,23
TXN_00159,VACC_0034,M00146,50999,2026-06-10 00:30:00,UPI,1,VIC_0034,0
TXN_03238,M00184,M00079,50000,2026-06-10 00:42:00,UPI,1,,0
TXN_00969,VACC_0174,M00086,15500,2026-06-10 00:50:00,UPI,1,VIC_0174,0
TXN_04551,L00011,L00986,1324,2026-06-10 00:51:26,IMPS,0,,0
TXN_00544,VACC_0103,M00011,25999,2026-06-10 01:05:00,UPI,1,VIC_0103,1
TXN_00970,VACC_0174,M00156,15999,2026-06-10 01:25:00,UPI,1,VIC_0174,1
TXN_00545,VACC_0103,M00046,100000,2026-06-10 01:40:00,IMPS,1,VIC_0103,1
TXN_03677,L00026,L00184,1403,2026-06-10 01:50:58,UPI,0,,1
TXN_03566,L00943,L00004,2482,2026-06-10 01:51:01,UPI,0,,1
TXN_00160,VACC_0034,M00076,20500,2026-06-10 01:57:00,UPI,1,VIC_0034,1
TXN_00546,VACC_0103,M00186,20999,2026-06-10 01:58:00,UPI,1,VIC_0103,1
TXN_01048,VACC_0185,M00016,75500,2026-06-10 02:19:00,NEFT,1,VIC_0185,2
TXN_02288,VACC_0410,M00104,40500,2026-06-10 02:24:00,UPI,1,VIC_0410,2
TXN_04884,L00962,L00643,897,2026-06-10 02:25:01,UPI,0,,2
TXN_00866,VACC_0160,M00016,100999,2026-06-10 02:44:00,NEFT,1,VIC_0160,2
TXN_00867,VACC_0160,M00051,20000,2026-06-10 03:16:00,UPI,1,VIC_0160,3
TXN_03977,L00425,L00664,9520,2026-06-10 03:29:15,NEFT,0,,3
TXN_04778,L00835,L00408,2218,2026-06-10 03:42:20,NEFT,0,,3
TXN_04960,L00331,L00131,627,2026-06-10 03:45:07,UPI,0,,3
TXN_00161,VACC_0034,M00181,40500,2026-06-10 04:52:00,UPI,1,VIC_0034,4
TXN_04487,L00281,L00011,752,2026-06-10 05:36:22,UPI,0,,5
TXN_01932,VACC_0351,M00170,15999,2026-06-10 05:40:00,UPI,1,VIC_0351,5
TXN_00868,VACC_0160,M00121,100999,2026-06-10 05:42:00,UPI,1,VIC_0160,5
TXN_03187,M00078,M00008,25000,2026-06-10 05:47:00,UPI,1,,5
TXN_01933,VACC_0351,M00030,10999,2026-06-10 05:58:00,UPI,1,VIC_0351,5
TXN_00162,VACC_0034,M00076,15000,2026-06-10 06:15:00,UPI,1,VIC_0034,6
TXN_04272,L00868,L00398,44898,2026-06-10 06:20:52,UPI,0,,6
TXN_04147,L00779,L00104,6398,2026-06-10 06:55:52,UPI,0,,6
TXN_01934,VACC_0351,M00100,25500,2026-06-10 07:36:00,UPI,1,VIC_0351,7
TXN_00869,VACC_0160,M00121,25000,2026-06-10 08:01:00,UPI,1,VIC_0160,8
TXN_00870,VACC_0160,M00191,75999,2026-06-10 08:42:00,UPI,1,VIC_0160,8
TXN_00163,VACC_0034,M00006,101000,2026-06-10 08:50:00,IMPS,1,VIC_0034,8
TXN_01935,VACC_0351,M00065,25000,2026-06-10 09:06:00,UPI,1,VIC_0351,9
TXN_00871,VACC_0160,M00051,95500,2026-06-10 10:24:00,UPI,1,VIC_0160,10
TXN_00872,VACC_0160,M00191,25999,2026-06-10 12:38:00,NEFT,1,VIC_0160,12
TXN_03256,M00036,M00106,60000,2026-06-10 15:14:00,IMPS,1,,15
TXN_00500,VACC_0096,M00185,10500,2026-06-10 15:15:00,IMPS,1,VIC_0096,15
TXN_00873,VACC_0160,M00051,50000,2026-06-10 15:22:00,UPI,1,VIC_0160,15
TXN_04556,L00510,L00528,1174,2026-06-10 15:35:41,IMPS,0,,15
TXN_02848,M00176,M00106,60000,2026-06-10 15:47:00,IMPS,1,,15
TXN_00501,VACC_0096,M00115,95500,2026-06-10 16:02:00,UPI,1,VIC_0096,16
TXN_03237,M00101,M00066,60000,2026-06-10 16:03:00,IMPS,1,,16
TXN_04483,L00932,L00342,8574,2026-06-10 16:31:15,IMPS,0,,16
TXN_03436,M00095,M00060,15000,2026-06-10 16:53:00,UPI,1,,16
TXN_01522,VACC_0275,M00128,15999,2026-06-10 17:16:00,UPI,1,VIC_0275,17
TXN_02906,M00169,M00064,60000,2026-06-10 17:21:00,UPI,1,,17
TXN_03330,M00026,M00061,50000,2026-06-10 17:42:00,IMPS,1,,17
TXN_00874,VACC_0160,M00086,100000,2026-06-10 17:51:00,NEFT,1,VIC_0160,17
TXN_00502,VACC_0096,M00045,95000,2026-06-10 18:02:00,UPI,1,VIC_0096,18
TXN_03846,L00075,L00655,1594,2026-06-10 18:03:02,UPI,0,,18
TXN_04922,L00105,L00980,41595,2026-06-10 18:05:03,UPI,0,,18
TXN_01523,VACC_0275,M00163,40999,2026-06-10 18:34:00,UPI,1,VIC_0275,18
TXN_01524,VACC_0275,M00023,21000,2026-06-10 18:59:00,UPI,1,VIC_0275,18
TXN_04891,L00874,L00725,10991,2026-06-10 19:14:33,IMPS,0,,19
TXN_02207,VACC_0398,M00139,50999,2026-06-10 19:33:00,IMPS,1,VIC_0398,19
TXN_04413,L00185,L00006,516,2026-06-10 20:21:06,UPI,0,,20
TXN_02803,M00147,M00077,25000,2026-06-10 20:41:00,UPI,1,,20
TXN_03322,M00150,M00115,15000,2026-06-10 20:46:00,IMPS,1,,20
TXN_02851,M00107,M00072,35000,2026-06-10 20:48:00,IMPS,1,,20
TXN_03628,L00645,L00815,3856,2026-06-10 20:52:05,IMPS,0,,20
TXN_01525,VACC_0275,M00128,16000,2026-06-10 20:57:00,UPI,1,VIC_0275,20
TXN_03417,M00025,M00200,60000,2026-06-10 20:57:00,UPI,1,,20
TXN_02208,VACC_0398,M00139,25500,2026-06-10 21:33:00,UPI,1,VIC_0398,21
TXN_01526,VACC_0275,M00163,15999,2026-06-10 21:39:00,UPI,1,VIC_0275,21
TXN_01640,VACC_0297,M00026,101000,2026-06-10 22:01:00,UPI,1,VIC_0297,22
TXN_04143,L00066,L00351,1396,2026-06-10 22:21:41,NEFT,0,,22
TXN_03259,M00199,M00129,50000,2026-06-10 22:28:00,IMPS,1,,22
TXN_01743,VACC_0317,M00132,10500,2026-06-10 22:38:00,UPI,1,VIC_0317,22
TXN_00068,VACC_0016,M00075,10000,2026-06-10 22:55:00,UPI,1,VIC_0016,22
TXN_04859,L00185,L00664,1756,2026-06-10 23:06:43,UPI,0,,23
TXN_04908,L00426,L00146,13158,2026-06-10 23:20:38,NEFT,0,,23
TXN_03763,L00107,L00692,1441,2026-06-10 23:27:17,IMPS,0,,23
TXN_02209,VACC_0398,M00069,20500,2026-06-10 23:49:00,UPI,1,VIC_0398,23
TXN_01641,VACC_0297,M00061,20000,2026-06-10 23:51:00,UPI,1,VIC_0297,23
TXN_03532,L00773,L00367,1213,2026-06-11 00:01:37,UPI,0,,0
TXN_01744,VACC_0317,M00062,51000,2026-06-11 00:03:00,UPI,1,VIC_0317,0
TXN_00628,VACC_0120,M00117,40500,2026-06-11 00:12:00,UPI,1,VIC_0120,0
TXN_04768,L00976,L00516,855,2026-06-11 00:28:01,NEFT,0,,0
TXN_01527,VACC_0275,M00163,51000,2026-06-11 00:36:00,UPI,1,VIC_0275,0
TXN_04993,L00870,L00888,10162,2026-06-11 00:51:26,UPI,0,,0
TXN_04466,L00198,L00732,947,2026-06-11 01:00:09,UPI,0,,1
TXN_00069,VACC_0016,M00040,10000,2026-06-11 01:11:00,IMPS,1,VIC_0016,1
TXN_00629,VACC_0120,M00187,95000,2026-06-11 01:35:00,UPI,1,VIC_0120,1
TXN_04379,L00125,L00501,3480,2026-06-11 01:37:52,UPI,0,,1
TXN_01745,VACC_0317,M00132,75999,2026-06-11 01:44:00,UPI,1,VIC_0317,1
TXN_02838,M00136,M00101,50000,2026-06-11 01:45:00,IMPS,1,,1
TXN_03737,L00364,L00348,5858,2026-06-11 01:46:23,UPI,0,,1
TXN_03711,L00525,L00780,12112,2026-06-11 01:49:36,UPI,0,,1
TXN_04970,L00670,L00944,835,2026-06-11 01:51:01,IMPS,0,,1
TXN_00630,VACC_0120,M00187,95000,2026-06-11 01:56:00,UPI,1,VIC_0120,1
TXN_03288,M00079,M00114,25000,2026-06-11 02:05:00,IMPS,1,,2
TXN_03955,L00014,L00239,210,2026-06-11 02:17:37,IMPS,0,,2
TXN_03399,M00033,M00173,50000,2026-06-11 02:22:00,IMPS,1,,2
TXN_00070,VACC_0016,M00075,10999,2026-06-11 02:27:00,UPI,1,VIC_0016,2
TXN_00204,VACC_0042,M00111,25500,2026-06-11 02:31:00,UPI,1,VIC_0042,2
TXN_00826,VACC_0150,M00051,40999,2026-06-11 02:32:00,UPI,1,VIC_0150,2
TXN_02210,VACC_0398,M00069,50000,2026-06-11 02:47:00,UPI,1,VIC_0398,2
TXN_02211,VACC_0398,M00174,101000,2026-06-11 02:54:00,UPI,1,VIC_0398,2
TXN_01746,VACC_0317,M00097,25500,2026-06-11 02:55:00,UPI,1,VIC_0317,2
TXN_00205,VACC_0042,M00111,50999,2026-06-11 03:03:00,UPI,1,VIC_0042,3
TXN_02212,VACC_0398,M00139,10000,2026-06-11 03:04:00,UPI,1,VIC_0398,3
TXN_00114,VACC_0026,M00041,75000,2026-06-11 03:12:00,UPI,1,VIC_0026,3
TXN_00827,VACC_0150,M00051,95999,2026-06-11 03:35:00,UPI,1,VIC_0150,3
TXN_03084,M00170,M00065,50000,2026-06-11 03:43:00,NEFT,1,,3
TXN_00071,VACC_0016,M00110,21000,2026-06-11 03:53:00,UPI,1,VIC_0016,3
TXN_00631,VACC_0120,M00012,95999,2026-06-11 04:07:00,UPI,1,VIC_0120,4
TXN_01747,VACC_0317,M00132,40000,2026-06-11 04:11:00,UPI,1,VIC_0317,4
TXN_02213,VACC_0398,M00174,10500,2026-06-11 04:29:00,UPI,1,VIC_0398,4
TXN_01748,VACC_0317,M00167,25999,2026-06-11 04:43:00,UPI,1,VIC_0317,4
TXN_00074,VACC_0017,M00145,76000,2026-06-11 04:47:00,UPI,1,VIC_0017,4
TXN_03165,M00063,M00168,35000,2026-06-11 04:57:00,IMPS,1,,4
TXN_00632,VACC_0120,M00187,96000,2026-06-11 05:22:00,UPI,1,VIC_0120,5
TXN_00206,VACC_0042,M00146,41000,2026-06-11 05:24:00,UPI,1,VIC_0042,5
TXN_00633,VACC_0120,M00012,20000,2026-06-11 05:28:00,UPI,1,VIC_0120,5
TXN_00072,VACC_0016,M00040,26000,2026-06-11 05:37:00,IMPS,1,VIC_0016,5
TXN_03068,M00112,M00007,35000,2026-06-11 05:38:00,IMPS,1,,5
TXN_04091,L00998,L00923,22841,2026-06-11 05:39:45,UPI,0,,5
TXN_02144,VACC_0385,M00034,10500,2026-06-11 05:43:00,UPI,1,VIC_0385,5
TXN_03704,L00289,L00843,29933,2026-06-11 05:46:48,UPI,0,,5
TXN_03521,L00653,L00522,14086,2026-06-11 05:57:22,UPI,0,,5
TXN_00115,VACC_0026,M00076,50999,2026-06-11 06:03:00,NEFT,1,VIC_0026,6
TXN_00828,VACC_0150,M00051,50000,2026-06-11 06:08:00,UPI,1,VIC_0150,6
TXN_00829,VACC_0150,M00051,26000,2026-06-11 06:40:00,IMPS,1,VIC_0150,6
TXN_04720,L00190,L00259,448,2026-06-11 06:46:34,IMPS,0,,6
TXN_00207,VACC_0042,M00076,95000,2026-06-11 07:23:00,UPI,1,VIC_0042,7
TXN_01749,VACC_0317,M00167,76000,2026-06-11 07:23:00,UPI,1,VIC_0317,7
TXN_00075,VACC_0017,M00145,20999,2026-06-11 07:28:00,UPI,1,VIC_0017,7
TXN_00116,VACC_0026,M00111,10500,2026-06-11 07:41:00,UPI,1,VIC_0026,7
TXN_00073,VACC_0016,M00040,95000,2026-06-11 08:10:00,UPI,1,VIC_0016,8
TXN_00830,VACC_0150,M00016,10000,2026-06-11 08:11:00,UPI,1,VIC_0150,8
TXN_02145,VACC_0385,M00174,15500,2026-06-11 08:32:00,UPI,1,VIC_0385,8
TXN_00117,VACC_0026,M00181,40000,2026-06-11 08:42:00,UPI,1,VIC_0026,8
TXN_00076,VACC_0017,M00180,16000,2026-06-11 09:31:00,UPI,1,VIC_0017,9
TXN_00208,VACC_0042,M00076,75999,2026-06-11 09:54:00,UPI,1,VIC_0042,9
TXN_00831,VACC_0150,M00086,101000,2026-06-11 10:24:00,UPI,1,VIC_0150,10
TXN_00209,VACC_0042,M00041,75999,2026-06-11 10:48:00,UPI,1,VIC_0042,10
TXN_02146,VACC_0385,M00139,15999,2026-06-11 11:27:00,IMPS,1,VIC_0385,11
TXN_00210,VACC_0042,M00076,50000,2026-06-11 12:41:00,NEFT,1,VIC_0042,12
TXN_00832,VACC_0150,M00086,10500,2026-06-11 12:53:00,NEFT,1,VIC_0150,12
TXN_00211,VACC_0042,M00111,100000,2026-06-11 13:24:00,UPI,1,VIC_0042,13
TXN_02147,VACC_0385,M00034,100500,2026-06-11 14:05:00,IMPS,1,VIC_0385,14
TXN_03495,M00040,M00005,25000,2026-06-11 14:08:00,UPI,1,,14
TXN_02853,M00107,M00177,60000,2026-06-11 14:24:00,UPI,1,,14
TXN_00833,VACC_0150,M00156,40999,2026-06-11 14:50:00,NEFT,1,VIC_0150,14
TXN_00834,VACC_0150,M00086,50999,2026-06-11 14:58:00,IMPS,1,VIC_0150,14
TXN_02148,VACC_0385,M00069,51000,2026-06-11 15:09:00,UPI,1,VIC_0385,15
TXN_04238,L00127,L00682,11215,2026-06-11 15:52:59,UPI,0,,15
TXN_02827,M00188,M00083,25000,2026-06-11 15:58:00,IMPS,1,,15
TXN_00212,VACC_0042,M00006,95000,2026-06-11 15:59:00,UPI,1,VIC_0042,15
TXN_01008,VACC_0179,M00191,10000,2026-06-11 16:11:00,UPI,1,VIC_0179,16
TXN_04816,L00996,L00378,1496,2026-06-11 16:15:18,IMPS,0,,16
TXN_00835,VACC_0150,M00086,75999,2026-06-11 16:22:00,UPI,1,VIC_0150,16
TXN_01221,VACC_0220,M00158,11000,2026-06-11 16:36:00,IMPS,1,VIC_0220,16
TXN_03113,M00041,M00146,50000,2026-06-11 16:49:00,IMPS,1,,16
TXN_02820,M00191,M00121,15000,2026-06-11 16:50:00,UPI,1,,16
TXN_02149,VACC_0385,M00139,41000,2026-06-11 16:51:00,NEFT,1,VIC_0385,16
TXN_01009,VACC_0179,M00156,40500,2026-06-11 17:35:00,IMPS,1,VIC_0179,17
TXN_04032,L00551,L00157,1292,2026-06-11 18:17:18,NEFT,0,,18
TXN_04152,L00809,L00043,1256,2026-06-11 18:31:56,UPI,0,,18
TXN_03679,L00272,L00661,33527,2026-06-11 18:37:49,IMPS,0,,18
TXN_03422,M00170,M00135,60000,2026-06-11 18:56:00,NEFT,1,,18
TXN_00836,VACC_0150,M00156,41000,2026-06-11 18:59:00,UPI,1,VIC_0150,18
TXN_00224,VACC_0046,M00042,16000,2026-06-11 19:17:00,UPI,1,VIC_0046,19
TXN_00837,VACC_0150,M00156,20000,2026-06-11 19:24:00,NEFT,1,VIC_0150,19
TXN_01222,VACC_0220,M00158,20000,2026-06-11 19:26:00,UPI,1,VIC_0220,19
TXN_01010,VACC_0179,M00051,25500,2026-06-11 20:14:00,NEFT,1,VIC_0179,20
TXN_02858,M00034,M00104,60000,2026-06-11 20:26:00,NEFT,1,,20
TXN_03790,L00681,L00487,1218,2026-06-11 20:28:26,IMPS,0,,20
TXN_04214,L00517,L00033,1518,2026-06-11 20:42:39,UPI,0,,20
TXN_04954,L01000,L00490,3867,2026-06-11 20:50:01,UPI,0,,20
TXN_01371,VACC_0247,M00161,40000,2026-06-11 20:51:00,IMPS,1,VIC_0247,20
TXN_03528,L00062,L00131,984,2026-06-11 20:58:00,UPI,0,,20
TXN_00838,VACC_0150,M00191,10000,2026-06-11 21:02:00,UPI,1,VIC_0150,21
TXN_01372,VACC_0247,M00196,16000,2026-06-11 21:05:00,IMPS,1,VIC_0247,21
TXN_03929,L00421,L00309,4190,2026-06-11 21:09:58,NEFT,0,,21
TXN_03453,M00165,M00095,50000,2026-06-11 21:19:00,IMPS,1,,21
TXN_01223,VACC_0220,M00158,16000,2026-06-11 21:33:00,IMPS,1,VIC_0220,21
TXN_00225,VACC_0046,M00007,25500,2026-06-11 21:41:00,UPI,1,VIC_0046,21
TXN_02327,VACC_0419,M00175,95999,2026-06-11 21:45:00,UPI,1,VIC_0419,21
TXN_03209,M00032,M00102,35000,2026-06-11 21:49:00,UPI,1,,21
TXN_03695,L00787,L00700,1960,2026-06-11 21:59:08,IMPS,0,,21
TXN_04357,L00666,L00347,1347,2026-06-11 21:59:08,UPI,0,,21
TXN_03297,M00072,M00177,50000,2026-06-11 22:12:00,UPI,1,,22
TXN_01879,VACC_0339,M00132,51000,2026-06-11 22:19:00,UPI,1,VIC_0339,22
TXN_03025,M00128,M00163,60000,2026-06-11 22:26:00,IMPS,1,,22
TXN_03755,L00401,L00066,4476,2026-06-11 22:27:48,UPI,0,,22
TXN_01224,VACC_0220,M00158,20500,2026-06-11 22:34:00,UPI,1,VIC_0220,22
TXN_01011,VACC_0179,M00016,75999,2026-06-11 22:42:00,IMPS,1,VIC_0179,22
TXN_02328,VACC_0419,M00175,20000,2026-06-11 23:03:00,UPI,1,VIC_0419,23
TXN_03104,M00187,M00012,60000,2026-06-11 23:14:00,IMPS,1,,23
TXN_02329,VACC_0419,M00035,26000,2026-06-11 23:38:00,UPI,1,VIC_0419,23
TXN_00839,VACC_0150,M00051,20500,2026-06-11 23:41:00,NEFT,1,VIC_0150,23
TXN_02983,M00038,M00003,50000,2026-06-11 23:50:00,IMPS,1,,23
TXN_03923,L00226,L00068,1188,2026-06-12 00:07:02,UPI,0,,0
TXN_00226,VACC_0046,M00147,20000,2026-06-12 00:33:00,UPI,1,VIC_0046,0
TXN_01880,VACC_0339,M00167,16000,2026-06-12 00:37:00,UPI,1,VIC_0339,0
TXN_01012,VACC_0179,M00016,25000,2026-06-12 01:00:00,NEFT,1,VIC_0179,1
TXN_04033,L00567,L00745,14413,2026-06-12 01:24:59,UPI,0,,1
TXN_01881,VACC_0339,M00132,75000,2026-06-12 01:25:00,UPI,1,VIC_0339,1
TXN_04547,L00087,L00762,6459,2026-06-12 01:30:03,UPI,0,,1
TXN_01225,VACC_0220,M00018,50500,2026-06-12 01:32:00,UPI,1,VIC_0220,1
TXN_04390,L00720,L00445,2193,2026-06-12 01:43:58,IMPS,0,,1
TXN_02330,VACC_0419,M00105,10999,2026-06-12 01:45:00,UPI,1,VIC_0419,1
TXN_00343,VACC_0068,M00113,15500,2026-06-12 01:56:00,UPI,1,VIC_0068,1
TXN_04082,L00254,L00617,12789,2026-06-12 01:58:57,UPI,0,,1
TXN_01013,VACC_0179,M00156,10999,2026-06-12 03:01:00,NEFT,1,VIC_0179,3
TXN_00227,VACC_0046,M00077,50000,2026-06-12 03:04:00,UPI,1,VIC_0046,3
TXN_00228,VACC_0046,M00147,20500,2026-06-12 03:14:00,IMPS,1,VIC_0046,3
TXN_01226,VACC_0220,M00123,50000,2026-06-12 03:19:00,UPI,1,VIC_0220,3
TXN_03744,L00602,L00024,12594,2026-06-12 03:33:07,UPI,0,,3
TXN_04343,L00667,L00010,2340,2026-06-12 03:33:37,UPI,0,,3
TXN_01985,VACC_0361,M00032,50500,2026-06-12 03:43:00,UPI,1,VIC_0361,3
TXN_00344,VACC_0068,M00113,50500,2026-06-12 03:53:00,UPI,1,VIC_0068,3
TXN_00493,VACC_0095,M00150,10999,2026-06-12 04:00:00,UPI,1,VIC_0095,4
TXN_01128,VACC_0204,M00088,40500,2026-06-12 04:00:00,IMPS,1,VIC_0204,4
TXN_03753,L00401,L00391,1850,2026-06-12 04:03:35,IMPS,0,,4
TXN_01227,VACC_0220,M00053,26000,2026-06-12 04:10:00,UPI,1,VIC_0220,4
TXN_01986,VACC_0361,M00137,25000,2026-06-12 04:15:00,UPI,1,VIC_0361,4
TXN_04515,L00010,L00704,1888,2026-06-12 04:18:47,UPI,0,,4
TXN_03268,M00002,M00037,50000,2026-06-12 04:35:00,IMPS,1,,4
TXN_02331,VACC_0419,M00140,51000,2026-06-12 04:44:00,UPI,1,VIC_0419,4
TXN_00229,VACC_0046,M00147,50500,2026-06-12 05:47:00,UPI,1,VIC_0046,5
TXN_02996,M00141,M00036,35000,2026-06-12 05:49:00,UPI,1,,5
TXN_03394,M00186,M00011,60000,2026-06-12 06:02:00,UPI,1,,6
TXN_04072,L00490,L00036,6658,2026-06-12 06:02:26,UPI,0,,6
TXN_03247,M00047,M00117,25000,2026-06-12 06:17:00,IMPS,1,,6
TXN_01129,VACC_0204,M00053,101000,2026-06-12 06:31:00,UPI,1,VIC_0204,6
TXN_00494,VACC_0095,M00010,50500,2026-06-12 06:53:00,UPI,1,VIC_0095,6
TXN_00230,VACC_0046,M00007,21000,2026-06-12 07:00:00,UPI,1,VIC_0046,7
TXN_01987,VACC_0361,M00067,95000,2026-06-12 07:00:00,IMPS,1,VIC_0361,7
TXN_00888,VACC_0164,M00121,75999,2026-06-12 07:19:00,IMPS,1,VIC_0164,7
TXN_02332,VACC_0419,M00105,95999,2026-06-12 07:27:00,UPI,1,VIC_0419,7
TXN_01988,VACC_0361,M00102,25000,2026-06-12 07:41:00,IMPS,1,VIC_0361,7
TXN_01989,VACC_0361,M00067,75000,2026-06-12 07:47:00,UPI,1,VIC_0361,7
TXN_01990,VACC_0361,M00172,95000,2026-06-12 08:19:00,UPI,1,VIC_0361,8
TXN_01130,VACC_0204,M00123,41000,2026-06-12 08:25:00,UPI,1,VIC_0204,8
TXN_01991,VACC_0361,M00067,100999,2026-06-12 08:39:00,IMPS,1,VIC_0361,8
TXN_02333,VACC_0419,M00140,95999,2026-06-12 09:03:00,NEFT,1,VIC_0419,9
TXN_00495,VACC_0095,M00045,76000,2026-06-12 09:44:00,IMPS,1,VIC_0095,9
TXN_00889,VACC_0164,M00121,10999,2026-06-12 09:55:00,UPI,1,VIC_0164,9
TXN_02334,VACC_0419,M00140,15000,2026-06-12 09:59:00,UPI,1,VIC_0419,9
TXN_00496,VACC_0095,M00010,20999,2026-06-12 10:13:00,UPI,1,VIC_0095,10
TXN_01992,VACC_0361,M00032,75500,2026-06-12 10:56:00,UPI,1,VIC_0361,10
TXN_00890,VACC_0164,M00051,40000,2026-06-12 11:53:00,UPI,1,VIC_0164,11
TXN_02335,VACC_0419,M00175,50999,2026-06-12 12:21:00,UPI,1,VIC_0419,12
TXN_00497,VACC_0095,M00010,76000,2026-06-12 12:50:00,IMPS,1,VIC_0095,12
TXN_03364,M00075,M00145,25000,2026-06-12 14:14:00,UPI,1,,14
TXN_02336,VACC_0419,M00175,10999,2026-06-12 15:03:00,IMPS,1,VIC_0419,15
TXN_03729,L00874,L00572,3165,2026-06-12 15:05:00,UPI,0,,15
TXN_04006,L00479,L00319,917,2026-06-12 15:20:36,IMPS,0,,15
TXN_00498,VACC_0095,M00150,101000,2026-06-12 15:34:00,UPI,1,VIC_0095,15
TXN_02337,VACC_0419,M00070,26000,2026-06-12 15:47:00,IMPS,1,VIC_0419,15
TXN_04057,L00128,L00395,2253,2026-06-12 15:53:41,UPI,0,,15
TXN_02338,VACC_0419,M00140,20999,2026-06-12 16:00:00,NEFT,1,VIC_0419,16
TXN_02339,VACC_0419,M00175,10500,2026-06-12 16:20:00,IMPS,1,VIC_0419,16
TXN_00330,VACC_0065,M00113,16000,2026-06-12 16:43:00,IMPS,1,VIC_0065,16
TXN_03750,L00819,L00618,625,2026-06-12 16:55:33,NEFT,0,,16
TXN_00331,VACC_0065,M00078,41000,2026-06-12 16:57:00,UPI,1,VIC_0065,16
TXN_01434,VACC_0262,M00126,15000,2026-06-12 17:17:00,NEFT,1,VIC_0262,17
TXN_01435,VACC_0262,M00021,40999,2026-06-12 17:31:00,IMPS,1,VIC_0262,17
TXN_00499,VACC_0095,M00185,75000,2026-06-12 17:33:00,UPI,1,VIC_0095,17
TXN_04439,L00523,L00215,1213,2026-06-12 17:38:17,UPI,0,,17
TXN_03872,L00080,L00688,10341,2026-06-12 17:47:32,UPI,0,,17
TXN_03090,M00069,M00104,50000,2026-06-12 18:08:00,IMPS,1,,18
TXN_00297,VACC_0060,M00043,75500,2026-06-12 18:09:00,UPI,1,VIC_0060,18
TXN_02020,VACC_0366,M00137,75999,2026-06-12 18:24:00,UPI,1,VIC_0366,18
TXN_03137,M00197,M00127,50000,2026-06-12 18:41:00,IMPS,1,,18
TXN_01436,VACC_0262,M00021,15999,2026-06-12 18:55:00,IMPS,1,VIC_0262,18
TXN_01437,VACC_0262,M00056,11000,2026-06-12 19:02:00,UPI,1,VIC_0262,19
TXN_02021,VACC_0366,M00102,11000,2026-06-12 19:02:00,UPI,1,VIC_0366,19
TXN_04265,L00377,L00131,1823,2026-06-12 19:04:16,UPI,0,,19
TXN_01438,VACC_0262,M00196,40999,2026-06-12 19:18:00,UPI,1,VIC_0262,19
TXN_03962,L00082,L00062,42637,2026-06-12 19:23:25,IMPS,0,,19
TXN_02802,M00013,M00153,50000,2026-06-12 19:29:00,UPI,1,,19
TXN_03366,M00157,M00122,60000,2026-06-12 19:50:00,IMPS,1,,19
TXN_00332,VACC_0065,M00183,96000,2026-06-12 19:56:00,UPI,1,VIC_0065,19
TXN_02935,M00145,M00110,25000,2026-06-12 20:01:00,IMPS,1,,20
TXN_03186,M00063,M00098,60000,2026-06-12 20:06:00,UPI,1,,20
TXN_00298,VACC_0060,M00078,95500,2026-06-12 20:10:00,UPI,1,VIC_0060,20
TXN_00333,VACC_0065,M00183,16000,2026-06-12 20:20:00,IMPS,1,VIC_0065,20
TXN_02022,VACC_0366,M00137,75000,2026-06-12 20:33:00,UPI,1,VIC_0366,20
TXN_02801,M00027,M00062,60000,2026-06-12 21:19:00,IMPS,1,,21
TXN_00625,VACC_0118,M00012,95500,2026-06-12 21:20:00,IMPS,1,VIC_0118,21
TXN_03678,L00453,L00240,2326,2026-06-12 21:25:09,UPI,0,,21
TXN_00626,VACC_0118,M00047,95000,2026-06-12 21:27:00,NEFT,1,VIC_0118,21
TXN_01439,VACC_0262,M00091,40500,2026-06-12 21:28:00,UPI,1,VIC_0262,21
TXN_00334,VACC_0065,M00008,40999,2026-06-12 21:57:00,NEFT,1,VIC_0065,21
TXN_02570,VACC_0459,M00049,75999,2026-06-12 21:59:00,UPI,1,VIC_0459,21
TXN_03840,L00785,L00799,12142,2026-06-12 22:12:17,UPI,0,,22
TXN_01416,VACC_0257,M00161,96000,2026-06-12 22:13:00,UPI,1,VIC_0257,22
TXN_01440,VACC_0262,M00126,40500,2026-06-12 22:15:00,IMPS,1,VIC_0262,22
TXN_04037,L00291,L00385,1596,2026-06-12 22:21:02,UPI,0,,22
TXN_03371,M00119,M00189,50000,2026-06-12 22:22:00,IMPS,1,,22
TXN_01441,VACC_0262,M00091,100500,2026-06-12 22:29:00,UPI,1,VIC_0262,22
TXN_04018,L00369,L00408,2033,2026-06-12 22:43:40,UPI,0,,22
TXN_01442,VACC_0262,M00196,95000,2026-06-12 22:48:00,IMPS,1,VIC_0262,22
TXN_01443,VACC_0262,M00091,95000,2026-06-12 22:56:00,NEFT,1,VIC_0262,22
TXN_00299,VACC_0060,M00078,15999,2026-06-12 22:57:00,UPI,1,VIC_0060,22
TXN_02023,VACC_0366,M00067,10500,2026-06-12 23:01:00,UPI,1,VIC_0366,23
TXN_02621,VACC_0468,M00172,41000,2026-06-12 23:08:00,UPI,1,VIC_0468,23
TXN_03796,L00470,L00283,2251,2026-06-12 23:47:48,NEFT,0,,23
TXN_02571,VACC_0459,M00154,40000,2026-06-12 23:52:00,UPI,1,VIC_0459,23
TXN_03939,L00398,L00695,2069,2026-06-12 23:52:27,NEFT,0,,23
TXN_02271,VACC_0408,M00139,40000,2026-06-13 00:15:00,UPI,1,VIC_0408,0
TXN_04454,L00267,L00391,12028,2026-06-13 00:19:17,UPI,0,,0
TXN_02622,VACC_0468,M00172,75500,2026-06-13 00:22:00,UPI,1,VIC_0468,0
TXN_01851,VACC_0333,M00027,11000,2026-06-13 00:27:00,IMPS,1,VIC_0333,0
TXN_03922,L00218,L00470,1560,2026-06-13 00:27:47,IMPS,0,,0
TXN_02572,VACC_0459,M00084,75000,2026-06-13 00:32:00,IMPS,1,VIC_0459,0
TXN_00335,VACC_0065,M00113,15000,2026-06-13 00:34:00,UPI,1,VIC_0065,0
TXN_04136,L00452,L00642,11954,2026-06-13 00:50:19,UPI,0,,0
TXN_00300,VACC_0060,M00113,10500,2026-06-13 01:16:00,UPI,1,VIC_0060,1
TXN_04666,L00351,L00440,1182,2026-06-13 01:18:56,UPI,0,,1
TXN_01852,VACC_0333,M00167,95999,2026-06-13 01:20:00,UPI,1,VIC_0333,1
TXN_04576,L00904,L00783,905,2026-06-13 01:32:30,UPI,0,,1
TXN_02024,VACC_0366,M00172,75500,2026-06-13 01:34:00,UPI,1,VIC_0366,1
TXN_04320,L00695,L00485,248,2026-06-13 01:59:54,UPI,0,,1
TXN_03835,L00506,L00422,2700,2026-06-13 02:04:03,UPI,0,,2
TXN_03467,M00012,M00152,50000,2026-06-13 02:21:00,IMPS,1,,2
TXN_02025,VACC_0366,M00102,21000,2026-06-13 02:44:00,UPI,1,VIC_0366,2
TXN_04781,L00526,L00995,1778,2026-06-13 02:44:28,NEFT,0,,2
TXN_04360,L00643,L00740,2160,2026-06-13 02:48:19,IMPS,0,,2
TXN_02272,VACC_0408,M00069,100500,2026-06-13 02:53:00,UPI,1,VIC_0408,2
TXN_01853,VACC_0333,M00062,96000,2026-06-13 02:54:00,UPI,1,VIC_0333,2
TXN_04978,L00595,L00733,11219,2026-06-13 03:01:39,IMPS,0,,3
TXN_02623,VACC_0468,M00102,96000,2026-06-13 03:11:00,IMPS,1,VIC_0468,3
TXN_03641,L00770,L00522,8820,2026-06-13 03:30:08,IMPS,0,,3
TXN_02026,VACC_0366,M00172,95000,2026-06-13 03:49:00,IMPS,1,VIC_0366,3
TXN_02624,VACC_0468,M00172,100500,2026-06-13 03:53:00,IMPS,1,VIC_0468,3
TXN_02832,M00062,M00097,25000,2026-06-13 03:59:00,IMPS,1,,3
TXN_02625,VACC_0468,M00102,50500,2026-06-13 04:06:00,UPI,1,VIC_0468,4
TXN_00580,VACC_0109,M00012,10000,2026-06-13 04:10:00,UPI,1,VIC_0109,4
TXN_04650,L00732,L00131,2163,2026-06-13 04:20:03,UPI,0,,4
TXN_00581,VACC_0109,M00047,25000,2026-06-13 04:24:00,UPI,1,VIC_0109,4
TXN_02273,VACC_0408,M00139,26000,2026-06-13 04:47:00,UPI,1,VIC_0408,4
TXN_02274,VACC_0408,M00174,10500,2026-06-13 05:22:00,UPI,1,VIC_0408,5
TXN_00582,VACC_0109,M00187,51000,2026-06-13 05:46:00,IMPS,1,VIC_0109,5
TXN_03508,L00635,L00104,1737,2026-06-13 06:15:38,UPI,0,,6
TXN_02275,VACC_0408,M00069,26000,2026-06-13 06:16:00,UPI,1,VIC_0408,6
TXN_02567,VACC_0458,M00106,25999,2026-06-13 06:33:00,UPI,1,VIC_0458,6
TXN_00740,VACC_0135,M00084,16000,2026-06-13 06:43:00,UPI,1,VIC_0135,6
TXN_00583,VACC_0109,M00012,40000,2026-06-13 07:00:00,NEFT,1,VIC_0109,7
TXN_02276,VACC_0408,M00069,21000,2026-06-13 07:23:00,UPI,1,VIC_0408,7
TXN_02568,VACC_0458,M00106,20000,2026-06-13 07:23:00,IMPS,1,VIC_0458,7
TXN_02569,VACC_0458,M00036,40999,2026-06-13 07:54:00,UPI,1,VIC_0458,7
TXN_00584,VACC_0109,M00047,26000,2026-06-13 08:51:00,UPI,1,VIC_0109,8
TXN_00585,VACC_0109,M00047,21000,2026-06-13 09:21:00,UPI,1,VIC_0109,9
TXN_02277,VACC_0408,M00069,16000,2026-06-13 10:12:00,IMPS,1,VIC_0408,10
TXN_02278,VACC_0408,M00104,40999,2026-06-13 11:24:00,UPI,1,VIC_0408,11
TXN_03457,M00190,M00015,50000,2026-06-13 14:58:00,IMPS,1,,14
TXN_04215,L00131,L00510,7389,2026-06-13 15:11:08,IMPS,0,,15
TXN_02959,M00034,M00069,60000,2026-06-13 15:58:00,IMPS,1,,15
TXN_04893,L00143,L00492,10208,2026-06-13 16:14:46,UPI,0,,16
TXN_04527,L00724,L00469,1247,2026-06-13 16:38:06,UPI,0,,16
TXN_04458,L00968,L00261,8507,2026-06-13 17:17:42,UPI,0,,17
TXN_03421,M00018,M00088,15000,2026-06-13 17:53:00,UPI,1,,17
TXN_03052,M00089,M00019,25000,2026-06-13 18:04:00,IMPS,1,,18
TXN_03060,M00181,M00006,15000,2026-06-13 18:17:00,UPI,1,,18
TXN_03655,L00917,L00208,20127,2026-06-13 19:09:39,IMPS,0,,19
TXN_01796,VACC_0326,M00167,50500,2026-06-13 19:14:00,UPI,1,VIC_0326,19
TXN_03701,L00557,L00935,1385,2026-06-13 19:45:13,IMPS,0,,19
TXN_04094,L00898,L00434,1655,2026-06-13 19:56:18,UPI,0,,19
TXN_04577,L00537,L00926,243,2026-06-13 20:18:52,IMPS,0,,20
TXN_02652,VACC_0473,M00035,100500,2026-06-13 20:58:00,UPI,1,VIC_0473,20
TXN_01249,VACC_0226,M00089,20999,2026-06-13 20:59:00,UPI,1,VIC_0226,20
TXN_00520,VACC_0100,M00185,50999,2026-06-13 21:02:00,UPI,1,VIC_0100,21
TXN_01432,VACC_0261,M00021,10000,2026-06-13 21:28:00,UPI,1,VIC_0261,21
TXN_01797,VACC_0326,M00027,10000,2026-06-13 21:28:00,UPI,1,VIC_0326,21
TXN_03310,M00033,M00068,50000,2026-06-13 21:34:00,UPI,1,,21
TXN_04315,L00835,L00676,703,2026-06-13 21:44:43,UPI,0,,21
TXN_04946,L00079,L00808,1480,2026-06-13 21:47:39,IMPS,0,,21
TXN_01274,VACC_0231,M00054,25000,2026-06-13 22:12:00,UPI,1,VIC_0231,22
TXN_02653,VACC_0473,M00140,96000,2026-06-13 22:16:00,UPI,1,VIC_0473,22
TXN_01275,VACC_0231,M00019,20999,2026-06-13 22:37:00,UPI,1,VIC_0231,22
TXN_02654,VACC_0473,M00140,21000,2026-06-13 22:58:00,UPI,1,VIC_0473,22
TXN_01433,VACC_0261,M00091,25999,2026-06-13 23:03:00,UPI,1,VIC_0261,23
TXN_04077,L00682,L00661,251,2026-06-13 23:12:46,IMPS,0,,23
TXN_03887,L00400,L00707,938,2026-06-13 23:36:29,UPI,0,,23
TXN_03046,M00032,M00137,35000,2026-06-13 23:39:00,UPI,1,,23
TXN_01798,VACC_0326,M00132,75999,2026-06-13 23:43:00,UPI,1,VIC_0326,23
TXN_03011,M00195,M00125,50000,2026-06-13 23:48:00,IMPS,1,,23
TXN_03085,M00177,M00142,35000,2026-06-13 23:54:00,IMPS,1,,23
TXN_00521,VACC_0100,M00115,40999,2026-06-13 23:59:00,UPI,1,VIC_0100,23
TXN_00301,VACC_0061,M00008,10999,2026-06-14 00:12:00,UPI,1,VIC_0061,0
TXN_03475,M00097,M00027,50000,2026-06-14 00:18:00,IMPS,1,,0
TXN_02818,M00056,M00021,60000,2026-06-14 00:23:00,UPI,1,,0
TXN_00522,VACC_0100,M00080,21000,2026-06-14 00:27:00,IMPS,1,VIC_0100,0
TXN_00523,VACC_0100,M00045,95000,2026-06-14 00:37:00,UPI,1,VIC_0100,0
TXN_01276,VACC_0231,M00019,96000,2026-06-14 00:41:00,UPI,1,VIC_0231,0
TXN_00302,VACC_0061,M00148,100500,2026-06-14 01:02:00,UPI,1,VIC_0061,1
TXN_04574,L00988,L00173,11026,2026-06-14 01:09:46,IMPS,0,,1
TXN_03901,L00065,L00226,11572,2026-06-14 01:10:31,UPI,0,,1
TXN_01242,VACC_0223,M00158,40999,2026-06-14 01:20:00,NEFT,1,VIC_0223,1
TXN_03839,L00108,L00517,2248,2026-06-14 01:32:18,UPI,0,,1
TXN_02655,VACC_0473,M00140,15500,2026-06-14 01:49:00,UPI,1,VIC_0473,1
TXN_02937,M00123,M00053,35000,2026-06-14 02:05:00,UPI,1,,2
TXN_03766,L00706,L00618,4651,2026-06-14 02:10:46,UPI,0,,2
TXN_04994,L00798,L00839,1981,2026-06-14 02:11:37,UPI,0,,2
TXN_01799,VACC_0326,M00132,40999,2026-06-14 02:22:00,UPI,1,VIC_0326,2
TXN_00524,VACC_0100,M00150,25000,2026-06-14 02:31:00,IMPS,1,VIC_0100,2
TXN_03271,M00169,M00064,25000,2026-06-14 02:39:00,IMPS,1,,2
TXN_00303,VACC_0061,M00078,40500,2026-06-14 02:42:00,UPI,1,VIC_0061,2
TXN_01277,VACC_0231,M00019,95000,2026-06-14 02:50:00,UPI,1,VIC_0231,2
TXN_00525,VACC_0100,M00045,50500,2026-06-14 02:53:00,UPI,1,VIC_0100,2
TXN_01800,VACC_0326,M00027,100500,2026-06-14 03:05:00,UPI,1,VIC_0326,3
TXN_03445,M00057,M00127,15000,2026-06-14 03:25:00,UPI,1,,3
TXN_01243,VACC_0223,M00158,51000,2026-06-14 03:32:00,IMPS,1,VIC_0223,3
TXN_02656,VACC_0473,M00175,40999,2026-06-14 03:36:00,UPI,1,VIC_0473,3
TXN_01278,VACC_0231,M00194,96000,2026-06-14 03:53:00,NEFT,1,VIC_0231,3
TXN_03440,M00026,M00061,50000,2026-06-14 03:59:00,UPI,1,,3
TXN_01279,VACC_0231,M00089,40500,2026-06-14 04:06:00,IMPS,1,VIC_0231,4
TXN_04592,L00307,L00495,1969,2026-06-14 04:09:16,UPI,0,,4
TXN_01280,VACC_0231,M00124,100500,2026-06-14 04:23:00,NEFT,1,VIC_0231,4
TXN_01769,VACC_0320,M00097,10999,2026-06-14 04:48:00,UPI,1,VIC_0320,4
TXN_01801,VACC_0326,M00167,15999,2026-06-14 04:54:00,UPI,1,VIC_0326,4
TXN_01281,VACC_0231,M00124,20999,2026-06-14 05:08:00,UPI,1,VIC_0231,5
TXN_01282,VACC_0231,M00019,100500,2026-06-14 05:25:00,UPI,1,VIC_0231,5
TXN_01426,VACC_0259,M00056,100999,2026-06-14 05:35:00,IMPS,1,VIC_0259,5
TXN_02742,VACC_0491,M00002,40500,2026-06-14 06:21:00,IMPS,1,VIC_0491,6
TXN_01717,VACC_0311,M00131,15500,2026-06-14 06:43:00,UPI,1,VIC_0311,6
TXN_04917,L00704,L00906,994,2026-06-14 06:50:56,UPI,0,,6
TXN_01718,VACC_0311,M00166,95999,2026-06-14 07:01:00,UPI,1,VIC_0311,7
TXN_01802,VACC_0326,M00062,100000,2026-06-14 07:05:00,UPI,1,VIC_0326,7
TXN_01770,VACC_0320,M00062,15000,2026-06-14 07:24:00,NEFT,1,VIC_0320,7
TXN_01719,VACC_0311,M00131,50000,2026-06-14 07:43:00,UPI,1,VIC_0311,7
TXN_01283,VACC_0231,M00019,40999,2026-06-14 07:56:00,UPI,1,VIC_0231,7
TXN_01427,VACC_0259,M00161,20000,2026-06-14 08:13:00,UPI,1,VIC_0259,8
TXN_02743,VACC_0491,M00142,40999,2026-06-14 08:25:00,IMPS,1,VIC_0491,8
TXN_01771,VACC_0320,M00132,25999,2026-06-14 08:33:00,UPI,1,VIC_0320,8
TXN_01803,VACC_0326,M00132,100000,2026-06-14 09:15:00,UPI,1,VIC_0326,9
TXN_02744,VACC_0491,M00072,25999,2026-06-14 10:23:00,IMPS,1,VIC_0491,10
TXN_01284,VACC_0231,M00089,101000,2026-06-14 10:49:00,IMPS,1,VIC_0231,10
TXN_01428,VACC_0259,M00196,25500,2026-06-14 10:55:00,UPI,1,VIC_0259,10
TXN_01772,VACC_0320,M00167,25999,2026-06-14 11:22:00,UPI,1,VIC_0320,11
TXN_01285,VACC_0231,M00159,50000,2026-06-14 11:37:00,UPI,1,VIC_0231,11
TXN_01286,VACC_0231,M00054,25999,2026-06-14 11:57:00,UPI,1,VIC_0231,11
TXN_02745,VACC_0491,M00142,15000,2026-06-14 12:04:00,UPI,1,VIC_0491,12
TXN_01804,VACC_0326,M00132,10000,2026-06-14 12:12:00,NEFT,1,VIC_0326,12
TXN_02746,VACC_0491,M00107,20999,2026-06-14 12:48:00,UPI,1,VIC_0491,12
TXN_01805,VACC_0326,M00167,75000,2026-06-14 13:00:00,IMPS,1,VIC_0326,13
TXN_01773,VACC_0320,M00027,40500,2026-06-14 13:30:00,UPI,1,VIC_0320,13
TXN_01429,VACC_0259,M00091,10000,2026-06-14 13:46:00,UPI,1,VIC_0259,13
TXN_01806,VACC_0326,M00167,100500,2026-06-14 14:08:00,IMPS,1,VIC_0326,14
TXN_01807,VACC_0326,M00132,95500,2026-06-14 14:32:00,UPI,1,VIC_0326,14
TXN_01774,VACC_0320,M00097,26000,2026-06-14 14:50:00,UPI,1,VIC_0320,14
TXN_03973,L00285,L00326,8855,2026-06-14 15:04:09,UPI,0,,15
TXN_02747,VACC_0491,M00002,95000,2026-06-14 15:09:00,UPI,1,VIC_0491,15
TXN_02830,M00074,M00039,15000,2026-06-14 15:28:00,UPI,1,,15
TXN_02078,VACC_0375,M00173,40000,2026-06-14 15:44:00,IMPS,1,VIC_0375,15
TXN_02748,VACC_0491,M00002,15500,2026-06-14 15:48:00,IMPS,1,VIC_0491,15
TXN_01808,VACC_0326,M00097,15999,2026-06-14 15:58:00,IMPS,1,VIC_0326,15
TXN_01775,VACC_0320,M00062,95500,2026-06-14 16:01:00,IMPS,1,VIC_0320,16
TXN_04080,L00967,L00698,404,2026-06-14 16:11:42,UPI,0,,16
TXN_02079,VACC_0375,M00033,15500,2026-06-14 16:23:00,UPI,1,VIC_0375,16
TXN_01960,VACC_0357,M00172,95000,2026-06-14 16:24:00,IMPS,1,VIC_0357,16
TXN_03407,M00095,M00025,35000,2026-06-14 16:33:00,IMPS,1,,16
TXN_01961,VACC_0357,M00137,10000,2026-06-14 16:35:00,UPI,1,VIC_0357,16
TXN_03649,L00486,L00275,5670,2026-06-14 17:13:33,UPI,0,,17
TXN_01809,VACC_0326,M00062,75500,2026-06-14 17:15:00,UPI,1,VIC_0326,17
TXN_03193,M00150,M00115,60000,2026-06-14 17:23:00,UPI,1,,17
TXN_04952,L00458,L00739,3432,2026-06-14 17:32:22,UPI,0,,17
TXN_01810,VACC_0326,M00027,10500,2026-06-14 17:41:00,UPI,1,VIC_0326,17
TXN_04530,L00480,L00515,379,2026-06-14 18:06:51,UPI,0,,18
TXN_03636,L00810,L00680,6268,2026-06-14 18:07:04,UPI,0,,18
TXN_02749,VACC_0491,M00177,20999,2026-06-14 18:08:00,UPI,1,VIC_0491,18
TXN_01811,VACC_0326,M00167,50000,2026-06-14 18:11:00,IMPS,1,VIC_0326,18
TXN_01812,VACC_0326,M00167,25000,2026-06-14 18:21:00,UPI,1,VIC_0326,18
TXN_00389,VACC_0079,M00113,50500,2026-06-14 18:26:00,UPI,1,VIC_0079,18
TXN_04298,L00588,L00490,903,2026-06-14 18:27:24,IMPS,0,,18
TXN_02080,VACC_0375,M00103,10000,2026-06-14 18:45:00,UPI,1,VIC_0375,18
TXN_01776,VACC_0320,M00167,50999,2026-06-14 19:00:00,UPI,1,VIC_0320,19
TXN_01777,VACC_0320,M00132,96000,2026-06-14 19:21:00,UPI,1,VIC_0320,19
TXN_02750,VACC_0491,M00107,15500,2026-06-14 19:36:00,UPI,1,VIC_0491,19
TXN_02081,VACC_0375,M00068,75999,2026-06-14 19:40:00,UPI,1,VIC_0375,19
TXN_04953,L00816,L00805,3350,2026-06-14 19:42:26,UPI,0,,19
TXN_02751,VACC_0491,M00037,21000,2026-06-14 19:44:00,IMPS,1,VIC_0491,19
TXN_00765,VACC_0142,M00014,75500,2026-06-14 20:24:00,IMPS,1,VIC_0142,20
TXN_01131,VACC_0205,M00053,25000,2026-06-14 20:59:00,UPI,1,VIC_0205,20
TXN_00766,VACC_0142,M00189,15500,2026-06-14 21:04:00,UPI,1,VIC_0142,21
TXN_02752,VACC_0491,M00177,51000,2026-06-14 21:04:00,NEFT,1,VIC_0491,21
TXN_04864,L00704,L00623,13454,2026-06-14 21:07:07,UPI,0,,21
TXN_04963,L00327,L00507,14257,2026-06-14 21:26:14,IMPS,0,,21
TXN_02082,VACC_0375,M00173,10999,2026-06-14 22:35:00,UPI,1,VIC_0375,22
TXN_03587,L00031,L00204,13811,2026-06-14 22:45:17,UPI,0,,22
TXN_00767,VACC_0142,M00119,15500,2026-06-14 22:47:00,UPI,1,VIC_0142,22
TXN_04831,L00551,L00674,934,2026-06-14 22:56:27,UPI,0,,22
TXN_02753,VACC_0491,M00142,20999,2026-06-14 23:01:00,UPI,1,VIC_0491,23
TXN_00768,VACC_0142,M00189,75500,2026-06-14 23:05:00,UPI,1,VIC_0142,23
TXN_02951,M00098,M00133,35000,2026-06-14 23:05:00,IMPS,1,,23
TXN_01132,VACC_0205,M00193,50000,2026-06-14 23:40:00,UPI,1,VIC_0205,23
TXN_03299,M00152,M00012,15000,2026-06-14 23:57:00,UPI,1,,23
TXN_03345,M00011,M00186,35000,2026-06-15 00:10:00,UPI,1,,0
TXN_02027,VACC_0367,M00067,96000,2026-06-15 00:13:00,UPI,1,VIC_0367,0
TXN_01133,VACC_0205,M00158,40000,2026-06-15 00:14:00,UPI,1,VIC_0205,0
TXN_02028,VACC_0367,M00032,10000,2026-06-15 00:20:00,UPI,1,VIC_0367,0
TXN_03586,L00045,L00999,757,2026-06-15 00:33:39,UPI,0,,0
TXN_04376,L00456,L00377,816,2026-06-15 01:17:09,UPI,0,,1
TXN_04386,L00764,L00097,2310,2026-06-15 01:30:02,UPI,0,,1
TXN_02754,VACC_0491,M00177,40500,2026-06-15 01:32:00,UPI,1,VIC_0491,1
TXN_04464,L00276,L00649,467,2026-06-15 01:43:00,UPI,0,,1
TXN_03270,M00137,M00032,50000,2026-06-15 02:15:00,IMPS,1,,2
TXN_04210,L00147,L00891,7623,2026-06-15 02:16:13,UPI,0,,2
TXN_01658,VACC_0302,M00061,10000,2026-06-15 02:54:00,UPI,1,VIC_0302,2
TXN_01134,VACC_0205,M00053,40000,2026-06-15 02:58:00,UPI,1,VIC_0205,2
TXN_01135,VACC_0205,M00158,100500,2026-06-15 03:08:00,UPI,1,VIC_0205,3
TXN_01241,VACC_0222,M00018,15000,2026-06-15 03:09:00,UPI,1,VIC_0222,3
TXN_02029,VACC_0367,M00067,15500,2026-06-15 03:17:00,UPI,1,VIC_0367,3
TXN_01680,VACC_0305,M00096,15500,2026-06-15 03:29:00,UPI,1,VIC_0305,3
TXN_01136,VACC_0205,M00053,50999,2026-06-15 03:51:00,IMPS,1,VIC_0205,3
TXN_01681,VACC_0305,M00061,21000,2026-06-15 03:53:00,NEFT,1,VIC_0305,3
TXN_01445,VACC_0264,M00091,96000,2026-06-15 04:11:00,UPI,1,VIC_0264,4
TXN_02755,VACC_0491,M00142,95500,2026-06-15 04:14:00,UPI,1,VIC_0491,4
TXN_03540,L00009,L00531,1083,2026-06-15 04:14:32,UPI,0,,4
TXN_04693,L00197,L00952,2055,2026-06-15 04:36:43,IMPS,0,,4
TXN_01137,VACC_0205,M00088,15000,2026-06-15 05:18:00,UPI,1,VIC_0205,5
TXN_01446,VACC_0264,M00126,50500,2026-06-15 05:35:00,NEFT,1,VIC_0264,5
TXN_02756,VACC_0491,M00177,15500,2026-06-15 05:36:00,UPI,1,VIC_0491,5
TXN_01659,VACC_0302,M00131,50000,2026-06-15 05:39:00,UPI,1,VIC_0302,5
TXN_01660,VACC_0302,M00166,15500,2026-06-15 05:54:00,IMPS,1,VIC_0302,5
TXN_01682,VACC_0305,M00166,10999,2026-06-15 06:00:00,UPI,1,VIC_0305,6
TXN_02719,VACC_0485,M00168,20000,2026-06-15 06:08:00,UPI,1,VIC_0485,6
TXN_04245,L00955,L00590,2190,2026-06-15 06:12:21,UPI,0,,6
TXN_01661,VACC_0302,M00061,25999,2026-06-15 06:14:00,UPI,1,VIC_0302,6
TXN_04347,L00805,L00880,1901,2026-06-15 06:19:27,UPI,0,,6
TXN_02961,M00151,M00081,15000,2026-06-15 06:25:00,IMPS,1,,6
TXN_01138,VACC_0205,M00053,100500,2026-06-15 06:39:00,UPI,1,VIC_0205,6
TXN_04874,L00013,L00618,362,2026-06-15 06:43:05,NEFT,0,,6
TXN_02720,VACC_0485,M00133,76000,2026-06-15 07:08:00,IMPS,1,VIC_0485,7
TXN_01457,VACC_0266,M00126,40999,2026-06-15 07:18:00,NEFT,1,VIC_0266,7
TXN_01447,VACC_0264,M00126,10999,2026-06-15 07:50:00,UPI,1,VIC_0264,7
TXN_01458,VACC_0266,M00126,10500,2026-06-15 07:59:00,UPI,1,VIC_0266,7
TXN_01662,VACC_0302,M00096,50999,2026-06-15 08:21:00,NEFT,1,VIC_0302,8
TXN_01663,VACC_0302,M00166,76000,2026-06-15 09:07:00,UPI,1,VIC_0302,9
TXN_01139,VACC_0205,M00193,76000,2026-06-15 09:25:00,UPI,1,VIC_0205,9
TXN_01459,VACC_0266,M00126,15500,2026-06-15 09:58:00,UPI,1,VIC_0266,9
TXN_01460,VACC_0266,M00021,95000,2026-06-15 10:13:00,UPI,1,VIC_0266,10
TXN_01448,VACC_0264,M00126,75000,2026-06-15 10:45:00,IMPS,1,VIC_0264,10
TXN_01140,VACC_0205,M00193,50000,2026-06-15 11:14:00,IMPS,1,VIC_0205,11
TXN_01664,VACC_0302,M00166,10500,2026-06-15 12:02:00,UPI,1,VIC_0302,12
TXN_01141,VACC_0205,M00123,25000,2026-06-15 12:37:00,IMPS,1,VIC_0205,12
TXN_01665,VACC_0302,M00026,25500,2026-06-15 12:50:00,UPI,1,VIC_0302,12
TXN_01461,VACC_0266,M00091,20999,2026-06-15 12:53:00,UPI,1,VIC_0266,12
TXN_01449,VACC_0264,M00056,51000,2026-06-15 13:07:00,IMPS,1,VIC_0264,13
TXN_01142,VACC_0205,M00018,75000,2026-06-15 13:29:00,UPI,1,VIC_0205,13
TXN_01462,VACC_0266,M00091,51000,2026-06-15 13:36:00,UPI,1,VIC_0266,13
TXN_01463,VACC_0266,M00196,20500,2026-06-15 14:01:00,IMPS,1,VIC_0266,14
TXN_01666,VACC_0302,M00026,75999,2026-06-15 14:15:00,UPI,1,VIC_0302,14
TXN_01667,VACC_0302,M00166,75999,2026-06-15 14:46:00,UPI,1,VIC_0302,14
TXN_03742,L00708,L00551,12088,2026-06-15 15:10:18,IMPS,0,,15
TXN_04486,L00818,L00232,7566,2026-06-15 15:26:49,IMPS,0,,15
TXN_01143,VACC_0205,M00158,95999,2026-06-15 15:28:00,UPI,1,VIC_0205,15
TXN_00390,VACC_0080,M00078,10999,2026-06-15 15:36:00,UPI,1,VIC_0080,15
TXN_01450,VACC_0264,M00056,10000,2026-06-15 15:37:00,UPI,1,VIC_0264,15
TXN_00222,VACC_0045,M00077,25000,2026-06-15 15:43:00,UPI,1,VIC_0045,15
TXN_01464,VACC_0266,M00196,15999,2026-06-15 15:50:00,UPI,1,VIC_0266,15
TXN_00223,VACC_0045,M00007,96000,2026-06-15 15:55:00,UPI,1,VIC_0045,15
TXN_01451,VACC_0264,M00196,76000,2026-06-15 16:20:00,UPI,1,VIC_0264,16
TXN_04481,L00338,L00656,7587,2026-06-15 16:49:31,IMPS,0,,16
TXN_01465,VACC_0266,M00196,21000,2026-06-15 16:56:00,UPI,1,VIC_0266,16
TXN_03672,L00462,L00479,1913,2026-06-15 17:09:08,UPI,0,,17
TXN_04106,L00112,L00652,1570,2026-06-15 17:18:40,UPI,0,,17
TXN_01668,VACC_0302,M00166,40999,2026-06-15 17:31:00,UPI,1,VIC_0302,17
TXN_02950,M00164,M00129,25000,2026-06-15 17:31:00,NEFT,1,,17
TXN_00391,VACC_0080,M00183,95000,2026-06-15 17:51:00,UPI,1,VIC_0080,17
TXN_01336,VACC_0240,M00091,26000,2026-06-15 17:53:00,UPI,1,VIC_0240,17
TXN_01144,VACC_0205,M00158,75000,2026-06-15 18:19:00,IMPS,1,VIC_0205,18
TXN_04371,L00092,L00797,981,2026-06-15 18:22:07,UPI,0,,18
TXN_01452,VACC_0264,M00056,41000,2026-06-15 18:31:00,UPI,1,VIC_0264,18
TXN_04361,L00414,L00251,241,2026-06-15 18:34:25,UPI,0,,18
TXN_01787,VACC_0324,M00062,15500,2026-06-15 18:40:00,UPI,1,VIC_0324,18
TXN_00392,VACC_0080,M00008,10500,2026-06-15 18:42:00,UPI,1,VIC_0080,18
TXN_03183,M00138,M00103,25000,2026-06-15 19:03:00,IMPS,1,,19
TXN_04585,L00383,L00994,3786,2026-06-15 19:05:42,UPI,0,,19
TXN_04137,L00935,L00640,1374,2026-06-15 19:14:25,UPI,0,,19
TXN_03227,M00164,M00059,60000,2026-06-15 19:15:00,IMPS,1,,19
TXN_01337,VACC_0240,M00126,51000,2026-06-15 19:21:00,UPI,1,VIC_0240,19
TXN_03210,M00072,M00002,15000,2026-06-15 19:29:00,IMPS,1,,19
TXN_00394,VACC_0081,M00045,76000,2026-06-15 19:38:00,IMPS,1,VIC_0081,19
TXN_01145,VACC_0205,M00193,15999,2026-06-15 19:40:00,UPI,1,VIC_0205,19
TXN_00393,VACC_0080,M00148,95500,2026-06-15 19:50:00,UPI,1,VIC_0080,19
TXN_04877,L00113,L00847,1464,2026-06-15 19:55:08,UPI,0,,19
TXN_04895,L00914,L00455,411,2026-06-15 20:17:21,UPI,0,,20
TXN_01338,VACC_0240,M00196,40999,2026-06-15 20:24:00,UPI,1,VIC_0240,20
TXN_01669,VACC_0302,M00026,41000,2026-06-15 20:25:00,UPI,1,VIC_0302,20
TXN_00395,VACC_0081,M00045,25000,2026-06-15 20:34:00,UPI,1,VIC_0081,20
TXN_01670,VACC_0302,M00061,26000,2026-06-15 20:37:00,UPI,1,VIC_0302,20
TXN_03190,M00157,M00087,60000,2026-06-15 20:57:00,UPI,1,,20
TXN_01788,VACC_0324,M00167,15999,2026-06-15 21:01:00,IMPS,1,VIC_0324,21
TXN_03950,L00600,L00460,5534,2026-06-15 21:11:34,UPI,0,,21
TXN_04207,L00752,L00395,1679,2026-06-15 22:00:09,UPI,0,,22
TXN_01339,VACC_0240,M00196,20999,2026-06-15 22:09:00,IMPS,1,VIC_0240,22
TXN_00396,VACC_0081,M00010,15500,2026-06-15 22:10:00,UPI,1,VIC_0081,22
TXN_03081,M00168,M00098,35000,2026-06-15 22:17:00,UPI,1,,22
TXN_02016,VACC_0365,M00067,51000,2026-06-15 22:36:00,UPI,1,VIC_0365,22
TXN_01671,VACC_0302,M00096,40000,2026-06-15 22:45:00,UPI,1,VIC_0302,22
TXN_03990,L00391,L00534,524,2026-06-15 22:51:06,UPI,0,,22
TXN_04871,L00742,L00540,1114,2026-06-15 23:24:34,NEFT,0,,23
TXN_01340,VACC_0240,M00161,40999,2026-06-15 23:31:00,UPI,1,VIC_0240,23
TXN_02017,VACC_0365,M00172,15999,2026-06-15 23:37:00,UPI,1,VIC_0365,23
TXN_02293,VACC_0413,M00070,20999,2026-06-15 23:37:00,UPI,1,VIC_0413,23
TXN_01789,VACC_0324,M00132,15500,2026-06-15 23:39:00,UPI,1,VIC_0324,23
TXN_03016,M00112,M00182,25000,2026-06-15 23:53:00,IMPS,1,,23
TXN_02676,VACC_0478,M00026,95000,2026-06-15 23:55:00,UPI,1,VIC_0478,23
TXN_01341,VACC_0240,M00056,10999,2026-06-16 00:16:00,UPI,1,VIC_0240,0
TXN_01790,VACC_0324,M00062,75500,2026-06-16 00:23:00,NEFT,1,VIC_0324,0
TXN_00397,VACC_0081,M00115,20999,2026-06-16 00:27:00,UPI,1,VIC_0081,0
TXN_01444,VACC_0263,M00021,10999,2026-06-16 01:20:00,UPI,1,VIC_0263,1
TXN_01342,VACC_0240,M00091,20500,2026-06-16 01:22:00,IMPS,1,VIC_0240,1
TXN_01672,VACC_0302,M00131,25000,2026-06-16 01:24:00,UPI,1,VIC_0302,1
TXN_02130,VACC_0383,M00104,40000,2026-06-16 01:28:00,UPI,1,VIC_0383,1
TXN_03593,L00568,L00252,1233,2026-06-16 01:30:09,IMPS,0,,1
TXN_01831,VACC_0330,M00132,100999,2026-06-16 01:41:00,UPI,1,VIC_0330,1
TXN_02362,VACC_0425,M00035,25500,2026-06-16 01:43:00,UPI,1,VIC_0425,1
TXN_02018,VACC_0365,M00137,11000,2026-06-16 01:44:00,UPI,1,VIC_0365,1
TXN_02294,VACC_0413,M00070,15000,2026-06-16 01:44:00,IMPS,1,VIC_0413,1
TXN_04270,L00064,L00605,10610,2026-06-16 01:54:52,UPI,0,,1
TXN_04715,L00763,L00330,1108,2026-06-16 02:01:06,UPI,0,,2
TXN_02677,VACC_0478,M00131,95999,2026-06-16 02:32:00,NEFT,1,VIC_0478,2
TXN_00398,VACC_0081,M00115,40000,2026-06-16 02:36:00,UPI,1,VIC_0081,2
TXN_02042,VACC_0370,M00137,21000,2026-06-16 02:52:00,NEFT,1,VIC_0370,2
TXN_03690,L00560,L00206,4686,2026-06-16 02:52:41,UPI,0,,2
TXN_01673,VACC_0302,M00166,95500,2026-06-16 02:53:00,NEFT,1,VIC_0302,2
TXN_02019,VACC_0365,M00067,101000,2026-06-16 02:58:00,UPI,1,VIC_0365,2
TXN_02295,VACC_0413,M00070,41000,2026-06-16 03:29:00,UPI,1,VIC_0413,3
TXN_04558,L00910,L00546,354,2026-06-16 03:32:38,UPI,0,,3
TXN_00861,VACC_0158,M00156,10000,2026-06-16 03:33:00,UPI,1,VIC_0158,3
TXN_03174,M00168,M00098,50000,2026-06-16 03:41:00,UPI,1,,3
TXN_02131,VACC_0383,M00139,25999,2026-06-16 03:52:00,NEFT,1,VIC_0383,3
TXN_01832,VACC_0330,M00062,25999,2026-06-16 04:03:00,UPI,1,VIC_0330,4
TXN_01833,VACC_0330,M00027,10500,2026-06-16 04:13:00,UPI,1,VIC_0330,4
TXN_02678,VACC_0478,M00166,76000,2026-06-16 04:22:00,UPI,1,VIC_0478,4
TXN_02363,VACC_0425,M00140,40500,2026-06-16 04:34:00,IMPS,1,VIC_0425,4
TXN_01834,VACC_0330,M00062,100500,2026-06-16 04:55:00,UPI,1,VIC_0330,4
TXN_01835,VACC_0330,M00062,15999,2026-06-16 05:12:00,UPI,1,VIC_0330,5
TXN_02043,VACC_0370,M00137,20500,2026-06-16 05:32:00,UPI,1,VIC_0370,5
TXN_00862,VACC_0158,M00121,75999,2026-06-16 05:41:00,UPI,1,VIC_0158,5
TXN_04217,L00309,L00853,10956,2026-06-16 05:41:00,UPI,0,,5
TXN_02679,VACC_0478,M00131,15000,2026-06-16 05:45:00,UPI,1,VIC_0478,5
TXN_00863,VACC_0158,M00086,40500,2026-06-16 05:55:00,IMPS,1,VIC_0158,5
TXN_02874,M00173,M00033,25000,2026-06-16 06:03:00,IMPS,1,,6
TXN_03279,M00034,M00139,60000,2026-06-16 06:07:00,IMPS,1,,6
TXN_02680,VACC_0478,M00061,25999,2026-06-16 06:08:00,IMPS,1,VIC_0478,6
TXN_02044,VACC_0370,M00137,75500,2026-06-16 06:13:00,UPI,1,VIC_0370,6
TXN_02132,VACC_0383,M00104,16000,2026-06-16 06:14:00,UPI,1,VIC_0383,6
TXN_02364,VACC_0425,M00140,75500,2026-06-16 06:21:00,UPI,1,VIC_0425,6
TXN_04328,L00100,L00135,1135,2026-06-16 06:34:11,UPI,0,,6
TXN_04296,L00127,L00281,6410,2026-06-16 06:45:31,UPI,0,,6
TXN_02387,VACC_0431,M00035,16000,2026-06-16 07:19:00,UPI,1,VIC_0431,7
TXN_02045,VACC_0370,M00032,40000,2026-06-16 08:19:00,UPI,1,VIC_0370,8
TXN_02365,VACC_0425,M00035,20500,2026-06-16 08:24:00,UPI,1,VIC_0425,8
TXN_02133,VACC_0383,M00034,26000,2026-06-16 08:38:00,UPI,1,VIC_0383,8
TXN_02366,VACC_0425,M00140,16000,2026-06-16 08:41:00,UPI,1,VIC_0425,8
TXN_02681,VACC_0478,M00096,15500,2026-06-16 08:46:00,UPI,1,VIC_0478,8
TXN_02367,VACC_0425,M00070,21000,2026-06-16 08:52:00,UPI,1,VIC_0425,8
TXN_02388,VACC_0431,M00140,20999,2026-06-16 09:06:00,UPI,1,VIC_0431,9
TXN_02389,VACC_0431,M00035,10999,2026-06-16 09:14:00,UPI,1,VIC_0431,9
TXN_02046,VACC_0370,M00032,75000,2026-06-16 09:33:00,IMPS,1,VIC_0370,9
TXN_02390,VACC_0431,M00140,75999,2026-06-16 09:40:00,UPI,1,VIC_0431,9
TXN_02047,VACC_0370,M00067,10000,2026-06-16 09:42:00,UPI,1,VIC_0370,9
TXN_02134,VACC_0383,M00174,40999,2026-06-16 09:50:00,UPI,1,VIC_0383,9
TXN_02682,VACC_0478,M00061,95999,2026-06-16 11:21:00,NEFT,1,VIC_0478,11
TXN_02048,VACC_0370,M00102,95999,2026-06-16 11:37:00,UPI,1,VIC_0370,11
TXN_02049,VACC_0370,M00137,100500,2026-06-16 11:45:00,IMPS,1,VIC_0370,11
TXN_02391,VACC_0431,M00035,21000,2026-06-16 11:50:00,IMPS,1,VIC_0431,11
TXN_02050,VACC_0370,M00172,96000,2026-06-16 11:59:00,UPI,1,VIC_0370,11
TXN_02051,VACC_0370,M00067,75500,2026-06-16 12:13:00,UPI,1,VIC_0370,12
TXN_02135,VACC_0383,M00174,95500,2026-06-16 12:29:00,NEFT,1,VIC_0383,12
TXN_02136,VACC_0383,M00034,21000,2026-06-16 12:53:00,UPI,1,VIC_0383,12
TXN_02052,VACC_0370,M00102,21000,2026-06-16 13:50:00,UPI,1,VIC_0370,13
TXN_02392,VACC_0431,M00105,21000,2026-06-16 13:51:00,IMPS,1,VIC_0431,13
TXN_02683,VACC_0478,M00026,11000,2026-06-16 13:56:00,IMPS,1,VIC_0478,13
TXN_02684,VACC_0478,M00026,26000,2026-06-16 14:24:00,UPI,1,VIC_0478,14
TXN_03486,M00107,M00177,50000,2026-06-16 14:34:00,IMPS,1,,14
TXN_03160,M00176,M00141,60000,2026-06-16 14:57:00,UPI,1,,14
TXN_02685,VACC_0478,M00166,20999,2026-06-16 15:02:00,IMPS,1,VIC_0478,15
TXN_01216,VACC_0219,M00158,50000,2026-06-16 15:11:00,UPI,1,VIC_0219,15
TXN_02137,VACC_0383,M00104,101000,2026-06-16 15:33:00,NEFT,1,VIC_0383,15
TXN_04672,L00780,L00440,7928,2026-06-16 15:39:54,UPI,0,,15
TXN_03957,L00778,L00919,4012,2026-06-16 15:54:04,IMPS,0,,15
TXN_02393,VACC_0431,M00140,20999,2026-06-16 16:05:00,UPI,1,VIC_0431,16
TXN_02138,VACC_0383,M00069,41000,2026-06-16 16:35:00,UPI,1,VIC_0383,16
TXN_04165,L00837,L00246,2673,2026-06-16 16:43:22,UPI,0,,16
TXN_04857,L00584,L00503,999,2026-06-16 16:58:31,IMPS,0,,16
TXN_00102,VACC_0023,M00075,95999,2026-06-16 17:01:00,IMPS,1,VIC_0023,17
TXN_03430,M00164,M00059,35000,2026-06-16 17:03:00,IMPS,1,,17
TXN_02686,VACC_0478,M00061,50000,2026-06-16 17:22:00,NEFT,1,VIC_0478,17
TXN_03836,L00781,L00567,3848,2026-06-16 17:28:48,UPI,0,,17
TXN_04363,L00247,L00407,7541,2026-06-16 17:38:49,UPI,0,,17
TXN_04421,L00872,L00772,208,2026-06-16 17:51:12,IMPS,0,,17
TXN_01217,VACC_0219,M00123,10000,2026-06-16 18:04:00,UPI,1,VIC_0219,18
TXN_00103,VACC_0023,M00040,25500,2026-06-16 18:24:00,IMPS,1,VIC_0023,18
TXN_03562,L00108,L00466,5799,2026-06-16 18:28:34,NEFT,0,,18
TXN_02687,VACC_0478,M00026,40500,2026-06-16 18:33:00,UPI,1,VIC_0478,18
TXN_03023,M00133,M00098,60000,2026-06-16 18:36:00,IMPS,1,,18
TXN_03007,M00199,M00094,15000,2026-06-16 19:08:00,IMPS,1,,19
TXN_02688,VACC_0478,M00026,51000,2026-06-16 19:30:00,UPI,1,VIC_0478,19
TXN_04127,L00972,L00113,7047,2026-06-16 19:30:44,NEFT,0,,19
TXN_00104,VACC_0023,M00110,100500,2026-06-16 19:39:00,UPI,1,VIC_0023,19
TXN_04488,L00101,L00387,2327,2026-06-16 20:15:34,UPI,0,,20
TXN_01218,VACC_0219,M00053,40999,2026-06-16 20:16:00,IMPS,1,VIC_0219,20
TXN_04681,L00440,L00204,265,2026-06-16 20:34:11,UPI,0,,20
TXN_01262,VACC_0229,M00194,20500,2026-06-16 20:57:00,IMPS,1,VIC_0229,20
TXN_04364,L00501,L00310,4630,2026-06-16 20:59:23,UPI,0,,20
TXN_03384,M00023,M00198,25000,2026-06-16 21:11:00,UPI,1,,21
TXN_01219,VACC_0219,M00088,20999,2026-06-16 21:17:00,IMPS,1,VIC_0219,21
TXN_00949,VACC_0171,M00086,40000,2026-06-16 21:40:00,UPI,1,VIC_0171,21
TXN_04107,L00587,L00796,1506,2026-06-16 21:40:34,IMPS,0,,21
TXN_03307,M00134,M00029,35000,2026-06-16 21:44:00,UPI,1,,21
TXN_02575,VACC_0461,M00014,20999,2026-06-16 21:57:00,NEFT,1,VIC_0461,21
TXN_03987,L00704,L00713,895,2026-06-16 21:57:22,UPI,0,,21
TXN_02689,VACC_0478,M00166,25500,2026-06-16 22:00:00,NEFT,1,VIC_0478,22
TXN_00105,VACC_0023,M00145,100500,2026-06-16 22:24:00,IMPS,1,VIC_0023,22
TXN_00950,VACC_0171,M00121,26000,2026-06-16 22:31:00,UPI,1,VIC_0171,22
TXN_02576,VACC_0461,M00014,75000,2026-06-16 22:38:00,IMPS,1,VIC_0461,22
TXN_01909,VACC_0344,M00063,25500,2026-06-16 22:39:00,UPI,1,VIC_0344,22
TXN_01430,VACC_0260,M00091,100999,2026-06-16 22:42:00,UPI,1,VIC_0260,22
TXN_03039,M00108,M00003,25000,2026-06-16 22:56:00,UPI,1,,22
TXN_02690,VACC_0478,M00131,20500,2026-06-16 23:00:00,UPI,1,VIC_0478,23
TXN_03608,L00964,L00540,5195,2026-06-16 23:08:01,UPI,0,,23
TXN_01263,VACC_0229,M00159,25500,2026-06-16 23:17:00,UPI,1,VIC_0229,23
TXN_00338,VACC_0067,M00043,50000,2026-06-16 23:24:00,UPI,1,VIC_0067,23
TXN_00106,VACC_0023,M00110,20500,2026-06-16 23:25:00,UPI,1,VIC_0023,23
TXN_01220,VACC_0219,M00123,75999,2026-06-16 23:28:00,UPI,1,VIC_0219,23
TXN_03456,M00118,M00013,50000,2026-06-16 23:32:00,UPI,1,,23
TXN_03818,L00922,L00633,9180,2026-06-16 23:33:19,UPI,0,,23
TXN_03143,M00009,M00114,25000,2026-06-16 23:38:00,UPI,1,,23
TXN_04731,L00798,L00604,1647,2026-06-16 23:57:14,UPI,0,,23
TXN_03667,L00532,L00361,867,2026-06-17 00:14:07,UPI,0,,0
TXN_02206,VACC_0397,M00174,75500,2026-06-17 00:21:00,NEFT,1,VIC_0397,0
TXN_04807,L00285,L00950,2271,2026-06-17 00:21:14,UPI,0,,0
TXN_00339,VACC_0067,M00183,15000,2026-06-17 00:48:00,UPI,1,VIC_0067,0
TXN_00951,VACC_0171,M00016,75000,2026-06-17 00:56:00,UPI,1,VIC_0171,0
TXN_02577,VACC_0461,M00189,75999,2026-06-17 00:56:00,UPI,1,VIC_0461,0
TXN_01431,VACC_0260,M00126,100000,2026-06-17 01:02:00,IMPS,1,VIC_0260,1
TXN_03715,L00741,L00768,772,2026-06-17 01:02:54,UPI,0,,1
TXN_02578,VACC_0461,M00119,96000,2026-06-17 01:12:00,UPI,1,VIC_0461,1
TXN_01910,VACC_0344,M00168,40500,2026-06-17 01:25:00,UPI,1,VIC_0344,1
TXN_03459,M00013,M00153,15000,2026-06-17 01:28:00,UPI,1,,1
TXN_03098,M00043,M00183,35000,2026-06-17 01:37:00,IMPS,1,,1
TXN_03367,M00133,M00168,60000,2026-06-17 01:51:00,UPI,1,,1
TXN_01264,VACC_0229,M00054,75999,2026-06-17 01:52:00,UPI,1,VIC_0229,1
TXN_03133,M00049,M00119,25000,2026-06-17 02:00:00,NEFT,1,,2
TXN_03359,M00083,M00118,60000,2026-06-17 02:26:00,UPI,1,,2
TXN_04501,L00565,L00278,8689,2026-06-17 02:26:45,NEFT,0,,2
TXN_00340,VACC_0067,M00008,16000,2026-06-17 02:32:00,UPI,1,VIC_0067,2
TXN_00952,VACC_0171,M00016,25999,2026-06-17 02:58:00,UPI,1,VIC_0171,2
TXN_01265,VACC_0229,M00054,100000,2026-06-17 03:00:00,UPI,1,VIC_0229,3
TXN_00231,VACC_0047,M00147,75999,2026-06-17 03:02:00,IMPS,1,VIC_0047,3
TXN_00757,VACC_0139,M00119,10000,2026-06-17 03:07:00,UPI,1,VIC_0139,3
TXN_00341,VACC_0067,M00183,25000,2026-06-17 03:17:00,UPI,1,VIC_0067,3
TXN_03556,L00710,L00340,855,2026-06-17 03:31:27,NEFT,0,,3
TXN_00232,VACC_0047,M00112,76000,2026-06-17 03:38:00,UPI,1,VIC_0047,3
TXN_00953,VACC_0171,M00121,95000,2026-06-17 03:59:00,UPI,1,VIC_0171,3
TXN_03502,L00614,L00807,1783,2026-06-17 04:08:08,UPI,0,,4
TXN_03982,L00351,L00249,863,2026-06-17 04:12:59,UPI,0,,4
TXN_03654,L00213,L00225,11110,2026-06-17 04:27:02,UPI,0,,4
TXN_04806,L00965,L00905,11922,2026-06-17 04:27:07,IMPS,0,,4
TXN_02856,M00176,M00001,50000,2026-06-17 04:41:00,IMPS,1,,4
TXN_03111,M00148,M00183,15000,2026-06-17 04:58:00,UPI,1,,4
TXN_01266,VACC_0229,M00194,100000,2026-06-17 05:03:00,UPI,1,VIC_0229,5
TXN_04872,L00141,L00745,2288,2026-06-17 05:04:41,IMPS,0,,5
TXN_03723,L00088,L00321,2168,2026-06-17 05:15:45,NEFT,0,,5
TXN_04330,L00811,L00595,931,2026-06-17 05:22:29,UPI,0,,5
TXN_00342,VACC_0067,M00043,50500,2026-06-17 05:25:00,UPI,1,VIC_0067,5
TXN_00094,VACC_0022,M00110,50500,2026-06-17 05:49:00,UPI,1,VIC_0022,5
TXN_00233,VACC_0047,M00147,100500,2026-06-17 05:57:00,UPI,1,VIC_0047,5
TXN_04943,L00956,L00272,1636,2026-06-17 06:35:57,NEFT,0,,6
TXN_01267,VACC_0229,M00159,50500,2026-06-17 06:52:00,IMPS,1,VIC_0229,6
TXN_00095,VACC_0022,M00145,10000,2026-06-17 06:55:00,UPI,1,VIC_0022,6
TXN_00234,VACC_0047,M00042,95999,2026-06-17 07:28:00,UPI,1,VIC_0047,7
TXN_00262,VACC_0054,M00113,76000,2026-06-17 07:37:00,IMPS,1,VIC_0054,7
TXN_00096,VACC_0022,M00040,15999,2026-06-17 07:40:00,UPI,1,VIC_0022,7
TXN_01268,VACC_0229,M00089,15500,2026-06-17 08:23:00,UPI,1,VIC_0229,8
TXN_00263,VACC_0054,M00183,75999,2026-06-17 08:55:00,UPI,1,VIC_0054,8
TXN_00235,VACC_0047,M00182,15999,2026-06-17 09:25:00,UPI,1,VIC_0047,9
TXN_00097,VACC_0022,M00040,15000,2026-06-17 09:31:00,UPI,1,VIC_0022,9
TXN_00236,VACC_0047,M00112,50999,2026-06-17 10:47:00,UPI,1,VIC_0047,10
TXN_00237,VACC_0047,M00182,96000,2026-06-17 11:01:00,UPI,1,VIC_0047,11
TXN_00098,VACC_0022,M00145,41000,2026-06-17 11:39:00,UPI,1,VIC_0022,11
TXN_00099,VACC_0022,M00075,100000,2026-06-17 12:00:00,IMPS,1,VIC_0022,12
TXN_00100,VACC_0022,M00180,100500,2026-06-17 13:22:00,NEFT,1,VIC_0022,13
TXN_00238,VACC_0047,M00042,11000,2026-06-17 13:55:00,UPI,1,VIC_0047,13
TXN_03300,M00075,M00110,60000,2026-06-17 14:13:00,IMPS,1,,14
TXN_04774,L00979,L00580,497,2026-06-17 15:01:59,UPI,0,,15
TXN_03745,L00582,L00805,1932,2026-06-17 15:04:22,UPI,0,,15
TXN_04868,L00466,L00931,446,2026-06-17 15:11:19,UPI,0,,15
TXN_04930,L00620,L00155,7172,2026-06-17 15:51:57,UPI,0,,15
TXN_00101,VACC_0022,M00075,95500,2026-06-17 16:10:00,UPI,1,VIC_0022,16
TXN_04613,L00364,L00010,414,2026-06-17 17:03:30,IMPS,0,,17
TXN_04799,L00304,L00726,29857,2026-06-17 17:03:46,UPI,0,,17
TXN_03952,L00656,L00760,18426,2026-06-17 17:38:51,UPI,0,,17
TXN_03832,L00715,L00744,8753,2026-06-17 17:44:00,UPI,0,,17
TXN_01088,VACC_0193,M00052,26000,2026-06-17 17:47:00,UPI,1,VIC_0193,17
TXN_04326,L00718,L00877,14661,2026-06-17 17:53:38,UPI,0,,17
TXN_04205,L00878,L00717,8741,2026-06-17 18:04:52,IMPS,0,,18
TXN_04286,L00225,L00512,402,2026-06-17 18:15:55,UPI,0,,18
TXN_03777,L00176,L00335,6431,2026-06-17 18:50:39,UPI,0,,18
TXN_03928,L00907,L00224,2337,2026-06-17 19:13:24,UPI,0,,19
TXN_00591,VACC_0111,M00012,100500,2026-06-17 20:03:00,UPI,1,VIC_0111,20
TXN_01089,VACC_0193,M00157,25500,2026-06-17 20:21:00,NEFT,1,VIC_0193,20
TXN_03173,M00061,M00131,60000,2026-06-17 20:25:00,NEFT,1,,20
TXN_02910,M00010,M00150,35000,2026-06-17 20:54:00,IMPS,1,,20
TXN_04102,L00752,L00422,8250,2026-06-17 21:00:55,IMPS,0,,21
TXN_02809,M00003,M00073,15000,2026-06-17 21:52:00,UPI,1,,21
TXN_04015,L00884,L00801,8701,2026-06-17 22:25:52,IMPS,0,,22
TXN_00592,VACC_0111,M00152,41000,2026-06-17 22:29:00,UPI,1,VIC_0111,22
TXN_03101,M00028,M00063,25000,2026-06-17 23:27:00,UPI,1,,23
TXN_04506,L00399,L00186,8177,2026-06-17 23:36:26,UPI,0,,23
TXN_00044,VACC_0010,M00180,95999,2026-06-17 23:54:00,UPI,1,VIC_0010,23
TXN_03492,M00029,M00134,60000,2026-06-18 00:04:00,IMPS,1,,0
TXN_00623,VACC_0117,M00012,21000,2026-06-18 00:09:00,UPI,1,VIC_0117,0
TXN_00593,VACC_0111,M00082,75999,2026-06-18 00:10:00,UPI,1,VIC_0111,0
TXN_00699,VACC_0129,M00153,40000,2026-06-18 00:39:00,UPI,1,VIC_0129,0
TXN_04819,L00906,L00563,2286,2026-06-18 00:44:04,UPI,0,,0
TXN_00045,VACC_0010,M00110,10500,2026-06-18 01:05:00,NEFT,1,VIC_0010,1
TXN_00016,VACC_0002,M00037,95999,2026-06-18 01:19:00,UPI,1,VIC_0002,1
TXN_00700,VACC_0129,M00048,15999,2026-06-18 01:48:00,UPI,1,VIC_0129,1
TXN_04075,L00724,L00693,627,2026-06-18 02:03:40,IMPS,0,,2
TXN_03843,L00259,L00213,2122,2026-06-18 02:04:29,IMPS,0,,2
TXN_00624,VACC_0117,M00152,96000,2026-06-18 02:10:00,UPI,1,VIC_0117,2
TXN_02000,VACC_0363,M00172,75000,2026-06-18 02:19:00,UPI,1,VIC_0363,2
TXN_02767,VACC_0494,M00170,75500,2026-06-18 02:23:00,UPI,1,VIC_0494,2
TXN_00701,VACC_0129,M00153,51000,2026-06-18 02:30:00,UPI,1,VIC_0129,2
TXN_00046,VACC_0010,M00145,15999,2026-06-18 02:59:00,UPI,1,VIC_0010,2
TXN_04414,L00569,L00458,1982,2026-06-18 03:07:41,IMPS,0,,3
TXN_02001,VACC_0363,M00102,20500,2026-06-18 03:21:00,NEFT,1,VIC_0363,3
TXN_04301,L00299,L00722,298,2026-06-18 03:44:43,UPI,0,,3
TXN_03780,L00161,L00114,2344,2026-06-18 04:01:26,UPI,0,,4
TXN_03056,M00025,M00130,15000,2026-06-18 04:02:00,IMPS,1,,4
TXN_03814,L00628,L00844,7148,2026-06-18 04:06:22,IMPS,0,,4
TXN_03018,M00115,M00185,15000,2026-06-18 04:15:00,UPI,1,,4
TXN_00702,VACC_0129,M00188,25000,2026-06-18 04:26:00,UPI,1,VIC_0129,4
TXN_02768,VACC_0494,M00030,95000,2026-06-18 04:30:00,IMPS,1,VIC_0494,4
TXN_02002,VACC_0363,M00172,25999,2026-06-18 04:35:00,IMPS,1,VIC_0363,4
TXN_04861,L00318,L00167,12965,2026-06-18 04:44:29,UPI,0,,4
TXN_02003,VACC_0363,M00032,15000,2026-06-18 04:53:00,IMPS,1,VIC_0363,4
TXN_03889,L00054,L00613,1456,2026-06-18 05:01:35,UPI,0,,5
TXN_00047,VACC_0010,M00040,20999,2026-06-18 05:24:00,UPI,1,VIC_0010,5
TXN_03290,M00151,M00046,50000,2026-06-18 05:29:00,IMPS,1,,5
TXN_00703,VACC_0129,M00188,75500,2026-06-18 05:56:00,IMPS,1,VIC_0129,5
TXN_02817,M00126,M00056,25000,2026-06-18 05:56:00,IMPS,1,,5
TXN_02499,VACC_0447,M00175,40000,2026-06-18 05:58:00,UPI,1,VIC_0447,5
TXN_02004,VACC_0363,M00102,21000,2026-06-18 06:05:00,IMPS,1,VIC_0363,6
TXN_03053,M00142,M00002,15000,2026-06-18 06:08:00,IMPS,1,,6
TXN_02769,VACC_0494,M00135,50000,2026-06-18 06:16:00,UPI,1,VIC_0494,6
TXN_02999,M00154,M00119,25000,2026-06-18 06:19:00,UPI,1,,6
TXN_02500,VACC_0447,M00105,51000,2026-06-18 06:38:00,UPI,1,VIC_0447,6
TXN_03449,M00167,M00132,50000,2026-06-18 06:55:00,IMPS,1,,6
TXN_00048,VACC_0010,M00075,25000,2026-06-18 07:07:00,UPI,1,VIC_0010,7
TXN_02005,VACC_0363,M00137,15999,2026-06-18 07:25:00,IMPS,1,VIC_0363,7
TXN_02006,VACC_0363,M00067,25500,2026-06-18 07:57:00,IMPS,1,VIC_0363,7
TXN_02770,VACC_0494,M00170,95500,2026-06-18 08:33:00,UPI,1,VIC_0494,8
TXN_00704,VACC_0129,M00118,75000,2026-06-18 08:45:00,IMPS,1,VIC_0129,8
TXN_02501,VACC_0447,M00070,101000,2026-06-18 08:58:00,NEFT,1,VIC_0447,8
TXN_02502,VACC_0447,M00035,41000,2026-06-18 09:29:00,UPI,1,VIC_0447,9
TXN_00705,VACC_0129,M00083,16000,2026-06-18 09:35:00,IMPS,1,VIC_0129,9
TXN_00706,VACC_0129,M00188,50000,2026-06-18 10:25:00,UPI,1,VIC_0129,10
TXN_02007,VACC_0363,M00032,50999,2026-06-18 10:37:00,UPI,1,VIC_0363,10
TXN_02503,VACC_0447,M00140,10500,2026-06-18 11:25:00,UPI,1,VIC_0447,11
TXN_02504,VACC_0447,M00070,50999,2026-06-18 11:51:00,UPI,1,VIC_0447,11
TXN_02008,VACC_0363,M00172,26000,2026-06-18 12:47:00,UPI,1,VIC_0363,12
TXN_00707,VACC_0129,M00118,100999,2026-06-18 13:13:00,UPI,1,VIC_0129,13
TXN_02505,VACC_0447,M00140,95500,2026-06-18 13:28:00,UPI,1,VIC_0447,13
TXN_03072,M00118,M00013,25000,2026-06-18 14:31:00,NEFT,1,,14
TXN_00708,VACC_0129,M00118,10999,2026-06-18 15:19:00,UPI,1,VIC_0129,15
TXN_00709,VACC_0129,M00188,75000,2026-06-18 15:40:00,UPI,1,VIC_0129,15
TXN_02009,VACC_0363,M00102,100500,2026-06-18 15:40:00,UPI,1,VIC_0363,15
TXN_04682,L00486,L00724,1679,2026-06-18 15:56:49,UPI,0,,15
TXN_04929,L00918,L00045,9277,2026-06-18 16:14:49,IMPS,0,,16
TXN_02010,VACC_0363,M00137,95500,2026-06-18 16:41:00,UPI,1,VIC_0363,16
TXN_03452,M00029,M00099,15000,2026-06-18 16:56:00,UPI,1,,16
TXN_02819,M00056,M00021,35000,2026-06-18 17:40:00,IMPS,1,,17
TXN_04652,L00783,L00800,3370,2026-06-18 17:54:49,IMPS,0,,17
TXN_03157,M00168,M00098,15000,2026-06-18 17:55:00,IMPS,1,,17
TXN_04604,L00633,L00869,9686,2026-06-18 18:04:20,IMPS,0,,18
TXN_04936,L00684,L00704,1530,2026-06-18 18:07:14,NEFT,0,,18
TXN_00710,VACC_0129,M00048,40000,2026-06-18 18:17:00,UPI,1,VIC_0129,18
TXN_04581,L00527,L00362,1198,2026-06-18 18:19:32,UPI,0,,18
TXN_04765,L00447,L00070,2361,2026-06-18 18:29:34,UPI,0,,18
TXN_03970,L00969,L00455,7555,2026-06-18 18:34:24,UPI,0,,18
TXN_01561,VACC_0280,M00093,75000,2026-06-18 18:35:00,UPI,1,VIC_0280,18
TXN_01562,VACC_0280,M00058,75000,2026-06-18 18:45:00,UPI,1,VIC_0280,18
TXN_01757,VACC_0319,M00097,100999,2026-06-18 19:33:00,UPI,1,VIC_0319,19
TXN_04148,L00010,L00063,474,2026-06-18 19:36:06,UPI,0,,19
TXN_03861,L00249,L00731,1271,2026-06-18 20:05:43,IMPS,0,,20
TXN_03648,L00979,L00507,601,2026-06-18 20:07:32,UPI,0,,20
TXN_01758,VACC_0319,M00027,50000,2026-06-18 20:31:00,UPI,1,VIC_0319,20
TXN_04883,L00275,L00147,5039,2026-06-18 20:51:56,NEFT,0,,20
TXN_01563,VACC_0280,M00198,100999,2026-06-18 21:02:00,UPI,1,VIC_0280,21
TXN_00711,VACC_0129,M00188,100500,2026-06-18 21:13:00,UPI,1,VIC_0129,21
TXN_02359,VACC_0424,M00105,15999,2026-06-18 21:17:00,NEFT,1,VIC_0424,21
TXN_04008,L00203,L00251,2447,2026-06-18 21:20:40,UPI,0,,21
TXN_00915,VACC_0167,M00191,95500,2026-06-18 21:25:00,UPI,1,VIC_0167,21
TXN_04394,L00731,L00931,31885,2026-06-18 21:26:17,NEFT,0,,21
TXN_00091,VACC_0021,M00040,51000,2026-06-18 21:37:00,UPI,1,VIC_0021,21
TXN_02404,VACC_0433,M00175,50999,2026-06-18 21:41:00,UPI,1,VIC_0433,21
TXN_00092,VACC_0021,M00180,95500,2026-06-18 21:46:00,UPI,1,VIC_0021,21
TXN_00093,VACC_0021,M00110,16000,2026-06-18 22:09:00,UPI,1,VIC_0021,22
TXN_04016,L00493,L00082,1879,2026-06-18 22:14:49,UPI,0,,22
TXN_03765,L00033,L00847,1744,2026-06-18 22:17:26,IMPS,0,,22
TXN_02360,VACC_0424,M00070,10500,2026-06-18 22:20:00,IMPS,1,VIC_0424,22
TXN_03115,M00200,M00060,60000,2026-06-18 22:44:00,IMPS,1,,22
TXN_02361,VACC_0424,M00070,100500,2026-06-18 22:48:00,UPI,1,VIC_0424,22
TXN_04914,L00294,L00232,12856,2026-06-18 22:51:21,UPI,0,,22
TXN_01759,VACC_0319,M00132,21000,2026-06-18 22:52:00,UPI,1,VIC_0319,22
TXN_04178,L00617,L00126,6017,2026-06-18 22:57:14,IMPS,0,,22
TXN_03161,M00133,M00168,35000,2026-06-18 23:01:00,UPI,1,,23
TXN_04588,L00256,L00852,4304,2026-06-18 23:05:05,UPI,0,,23
TXN_01564,VACC_0280,M00058,10999,2026-06-18 23:36:00,IMPS,1,VIC_0280,23
TXN_00916,VACC_0167,M00191,25999,2026-06-18 23:38:00,UPI,1,VIC_0167,23
TXN_04460,L00963,L00712,1189,2026-06-18 23:43:16,UPI,0,,23
TXN_00712,VACC_0129,M00188,100000,2026-06-18 23:47:00,UPI,1,VIC_0129,23
TXN_01565,VACC_0280,M00023,100500,2026-06-18 23:51:00,IMPS,1,VIC_0280,23
TXN_01760,VACC_0319,M00062,95999,2026-06-18 23:59:00,UPI,1,VIC_0319,23
TXN_00917,VACC_0167,M00086,20000,2026-06-19 00:08:00,IMPS,1,VIC_0167,0
TXN_01566,VACC_0280,M00093,75999,2026-06-19 00:39:00,IMPS,1,VIC_0280,0
TXN_04964,L00435,L00493,1206,2026-06-19 00:44:30,UPI,0,,0
TXN_00713,VACC_0129,M00118,95500,2026-06-19 00:57:00,UPI,1,VIC_0129,0
TXN_01761,VACC_0319,M00062,95999,2026-06-19 01:11:00,UPI,1,VIC_0319,1
TXN_01762,VACC_0319,M00132,95000,2026-06-19 01:22:00,UPI,1,VIC_0319,1
TXN_04129,L00834,L00218,1271,2026-06-19 01:30:34,UPI,0,,1
TXN_03642,L00384,L00511,44838,2026-06-19 01:36:35,UPI,0,,1
TXN_00918,VACC_0167,M00156,20999,2026-06-19 01:42:00,UPI,1,VIC_0167,1
TXN_00714,VACC_0129,M00118,96000,2026-06-19 01:57:00,UPI,1,VIC_0129,1
TXN_02445,VACC_0439,M00175,25999,2026-06-19 02:03:00,UPI,1,VIC_0439,2
TXN_04730,L00371,L00761,8636,2026-06-19 02:06:43,NEFT,0,,2
TXN_03779,L00421,L00401,1872,2026-06-19 02:15:39,IMPS,0,,2
TXN_03292,M00066,M00171,25000,2026-06-19 02:36:00,IMPS,1,,2
TXN_04125,L00203,L00499,6162,2026-06-19 02:46:18,IMPS,0,,2
TXN_04348,L00152,L00386,29587,2026-06-19 03:10:35,UPI,0,,3
TXN_02446,VACC_0439,M00140,40500,2026-06-19 03:24:00,UPI,1,VIC_0439,3
TXN_01567,VACC_0280,M00163,20000,2026-06-19 03:33:00,UPI,1,VIC_0280,3
TXN_02913,M00099,M00029,35000,2026-06-19 03:34:00,IMPS,1,,3
TXN_01350,VACC_0243,M00126,51000,2026-06-19 03:49:00,UPI,1,VIC_0243,3
TXN_01568,VACC_0280,M00093,95999,2026-06-19 03:49:00,UPI,1,VIC_0280,3
TXN_01763,VACC_0319,M00062,75500,2026-06-19 03:57:00,UPI,1,VIC_0319,3
TXN_01351,VACC_0243,M00161,40000,2026-06-19 04:01:00,UPI,1,VIC_0243,4
TXN_00919,VACC_0167,M00156,10999,2026-06-19 04:05:00,UPI,1,VIC_0167,4
TXN_00634,VACC_0121,M00012,26000,2026-06-19 04:10:00,UPI,1,VIC_0121,4
TXN_03116,M00063,M00168,15000,2026-06-19 04:19:00,IMPS,1,,4
TXN_04395,L00883,L00815,10743,2026-06-19 04:22:05,NEFT,0,,4
TXN_01575,VACC_0283,M00129,101000,2026-06-19 04:25:00,UPI,1,VIC_0283,4
TXN_04599,L00956,L00983,9584,2026-06-19 04:37:28,UPI,0,,4
TXN_02887,M00013,M00188,25000,2026-06-19 04:38:00,IMPS,1,,4
TXN_03726,L00965,L00715,9295,2026-06-19 04:54:45,UPI,0,,4
TXN_04499,L00718,L00586,8830,2026-06-19 05:03:49,UPI,0,,5
TXN_01764,VACC_0319,M00062,20000,2026-06-19 05:05:00,NEFT,1,VIC_0319,5
TXN_02447,VACC_0439,M00175,21000,2026-06-19 05:06:00,UPI,1,VIC_0439,5
TXN_01576,VACC_0283,M00129,20000,2026-06-19 05:12:00,IMPS,1,VIC_0283,5
TXN_01577,VACC_0283,M00199,40000,2026-06-19 05:34:00,UPI,1,VIC_0283,5
TXN_02925,M00061,M00131,50000,2026-06-19 05:40:00,UPI,1,,5
TXN_03627,L00254,L00055,14834,2026-06-19 05:40:02,IMPS,0,,5
TXN_00336,VACC_0066,M00183,26000,2026-06-19 05:41:00,UPI,1,VIC_0066,5
TXN_00635,VACC_0121,M00152,51000,2026-06-19 05:42:00,UPI,1,VIC_0121,5
TXN_01497,VACC_0271,M00022,20999,2026-06-19 05:47:00,UPI,1,VIC_0271,5
TXN_01569,VACC_0280,M00128,50000,2026-06-19 05:47:00,UPI,1,VIC_0280,5
TXN_02857,M00200,M00095,35000,2026-06-19 06:17:00,IMPS,1,,6
TXN_01765,VACC_0319,M00167,21000,2026-06-19 06:20:00,UPI,1,VIC_0319,6
TXN_00920,VACC_0167,M00191,15999,2026-06-19 06:23:00,UPI,1,VIC_0167,6
TXN_04603,L00475,L00914,12701,2026-06-19 06:34:46,UPI,0,,6
TXN_00337,VACC_0066,M00148,25500,2026-06-19 06:41:00,UPI,1,VIC_0066,6
TXN_01578,VACC_0283,M00164,26000,2026-06-19 07:12:00,UPI,1,VIC_0283,7
TXN_00464,VACC_0091,M00080,15000,2026-06-19 07:36:00,IMPS,1,VIC_0091,7
TXN_02448,VACC_0439,M00105,15500,2026-06-19 07:39:00,IMPS,1,VIC_0439,7
TXN_00465,VACC_0091,M00010,20000,2026-06-19 07:42:00,IMPS,1,VIC_0091,7
TXN_01498,VACC_0271,M00057,100000,2026-06-19 08:01:00,IMPS,1,VIC_0271,8
TXN_02449,VACC_0439,M00105,50999,2026-06-19 08:32:00,UPI,1,VIC_0439,8
TXN_00636,VACC_0121,M00152,75000,2026-06-19 08:34:00,IMPS,1,VIC_0121,8
TXN_01766,VACC_0319,M00062,10999,2026-06-19 08:36:00,UPI,1,VIC_0319,8
TXN_01570,VACC_0280,M00163,75500,2026-06-19 08:46:00,UPI,1,VIC_0280,8
TXN_01767,VACC_0319,M00167,25000,2026-06-19 09:07:00,IMPS,1,VIC_0319,9
TXN_00466,VACC_0091,M00010,50999,2026-06-19 09:38:00,UPI,1,VIC_0091,9
TXN_01499,VACC_0271,M00092,50999,2026-06-19 09:42:00,NEFT,1,VIC_0271,9
TXN_01579,VACC_0283,M00024,95999,2026-06-19 10:02:00,UPI,1,VIC_0283,10
TXN_01768,VACC_0319,M00167,40500,2026-06-19 10:03:00,UPI,1,VIC_0319,10
TXN_01571,VACC_0280,M00198,16000,2026-06-19 10:34:00,UPI,1,VIC_0280,10
TXN_00637,VACC_0121,M00117,10000,2026-06-19 10:49:00,UPI,1,VIC_0121,10
TXN_02450,VACC_0439,M00035,50000,2026-06-19 10:55:00,UPI,1,VIC_0439,10
TXN_02451,VACC_0439,M00140,15500,2026-06-19 11:13:00,NEFT,1,VIC_0439,11
TXN_01500,VACC_0271,M00162,16000,2026-06-19 11:19:00,NEFT,1,VIC_0271,11
TXN_00638,VACC_0121,M00082,101000,2026-06-19 11:30:00,NEFT,1,VIC_0121,11
TXN_02452,VACC_0439,M00140,50999,2026-06-19 11:34:00,IMPS,1,VIC_0439,11
TXN_00639,VACC_0121,M00187,50999,2026-06-19 11:39:00,UPI,1,VIC_0121,11
TXN_00467,VACC_0091,M00010,15500,2026-06-19 12:29:00,UPI,1,VIC_0091,12
TXN_01580,VACC_0283,M00094,75500,2026-06-19 12:44:00,UPI,1,VIC_0283,12
TXN_02453,VACC_0439,M00070,40500,2026-06-19 13:38:00,UPI,1,VIC_0439,13
TXN_01581,VACC_0283,M00164,40999,2026-06-19 13:48:00,UPI,1,VIC_0283,13
TXN_00468,VACC_0091,M00115,40999,2026-06-19 13:55:00,NEFT,1,VIC_0091,13
TXN_01501,VACC_0271,M00127,11000,2026-06-19 13:56:00,UPI,1,VIC_0271,13
TXN_00640,VACC_0121,M00117,10999,2026-06-19 14:10:00,UPI,1,VIC_0121,14
TXN_03351,M00113,M00078,50000,2026-06-19 14:30:00,NEFT,1,,14
TXN_00641,VACC_0121,M00047,10000,2026-06-19 15:17:00,UPI,1,VIC_0121,15
TXN_03006,M00069,M00139,35000,2026-06-19 15:40:00,NEFT,1,,15
TXN_01502,VACC_0271,M00197,20500,2026-06-19 15:45:00,IMPS,1,VIC_0271,15
TXN_03579,L00076,L00367,2092,2026-06-19 15:49:29,NEFT,0,,15
TXN_00469,VACC_0091,M00080,95000,2026-06-19 16:06:00,IMPS,1,VIC_0091,16
TXN_04278,L00680,L00617,1519,2026-06-19 16:11:17,IMPS,0,,16
TXN_00642,VACC_0121,M00152,15500,2026-06-19 16:49:00,UPI,1,VIC_0121,16
TXN_04763,L00645,L00735,13431,2026-06-19 16:59:47,IMPS,0,,16
TXN_04095,L00170,L00850,657,2026-06-19 17:02:02,IMPS,0,,17
TXN_03188,M00114,M00079,60000,2026-06-19 17:18:00,UPI,1,,17
TXN_00470,VACC_0091,M00045,26000,2026-06-19 17:54:00,UPI,1,VIC_0091,17
TXN_03205,M00158,M00193,50000,2026-06-19 17:56:00,NEFT,1,,17
TXN_04670,L00297,L00289,2449,2026-06-19 17:59:16,IMPS,0,,17
TXN_03564,L00933,L00044,6508,2026-06-19 18:09:18,UPI,0,,18
TXN_03661,L00161,L00958,5521,2026-06-19 18:10:52,UPI,0,,18
TXN_03378,M00094,M00199,35000,2026-06-19 18:52:00,IMPS,1,,18
TXN_04940,L00107,L00278,2181,2026-06-19 19:12:34,UPI,0,,19
TXN_02716,VACC_0482,M00030,95500,2026-06-19 19:23:00,IMPS,1,VIC_0482,19
TXN_04090,L00724,L00601,6774,2026-06-19 19:43:02,IMPS,0,,19
TXN_02815,M00033,M00173,60000,2026-06-19 19:46:00,IMPS,1,,19
TXN_02987,M00195,M00020,35000,2026-06-19 19:46:00,IMPS,1,,19
TXN_00471,VACC_0091,M00045,100999,2026-06-19 20:24:00,UPI,1,VIC_0091,20
TXN_04513,L00489,L00607,923,2026-06-19 20:41:29,NEFT,0,,20
TXN_03240,M00159,M00019,50000,2026-06-19 21:03:00,IMPS,1,,21
TXN_03212,M00056,M00021,15000,2026-06-19 21:14:00,IMPS,1,,21
TXN_00472,VACC_0091,M00185,100999,2026-06-19 21:55:00,UPI,1,VIC_0091,21
TXN_00375,VACC_0077,M00148,26000,2026-06-19 22:10:00,UPI,1,VIC_0077,22
TXN_03644,L00184,L00330,638,2026-06-19 22:15:50,UPI,0,,22
TXN_03398,M00069,M00139,60000,2026-06-19 22:38:00,IMPS,1,,22
TXN_04565,L00720,L00548,2183,2026-06-19 22:45:59,UPI,0,,22
TXN_00796,VACC_0146,M00121,41000,2026-06-19 22:59:00,UPI,1,VIC_0146,22
TXN_02638,VACC_0472,M00165,95500,2026-06-19 23:17:00,UPI,1,VIC_0472,23
TXN_04903,L00022,L00845,16577,2026-06-19 23:38:03,UPI,0,,23
TXN_01198,VACC_0216,M00088,75500,2026-06-19 23:49:00,UPI,1,VIC_0216,23
TXN_04358,L00608,L00445,9054,2026-06-20 00:08:40,IMPS,0,,0
TXN_00797,VACC_0146,M00121,15999,2026-06-20 00:14:00,UPI,1,VIC_0146,0
TXN_00376,VACC_0077,M00078,51000,2026-06-20 00:19:00,IMPS,1,VIC_0077,0
TXN_03697,L00196,L00723,22979,2026-06-20 00:20:18,UPI,0,,0
TXN_04561,L00632,L00195,11329,2026-06-20 00:23:53,UPI,0,,0
TXN_03070,M00103,M00068,50000,2026-06-20 00:42:00,IMPS,1,,0
TXN_01199,VACC_0216,M00123,25999,2026-06-20 00:48:00,UPI,1,VIC_0216,0
TXN_04432,L00301,L00675,769,2026-06-20 00:49:41,UPI,0,,0
TXN_04331,L00887,L00825,1234,2026-06-20 00:52:48,IMPS,0,,0
TXN_04941,L00939,L00512,1539,2026-06-20 01:01:04,UPI,0,,1
TXN_00377,VACC_0077,M00008,51000,2026-06-20 01:33:00,UPI,1,VIC_0077,1
TXN_04564,L00732,L00436,19520,2026-06-20 01:34:14,UPI,0,,1
TXN_04882,L00789,L00086,1148,2026-06-20 01:39:16,UPI,0,,1
TXN_01200,VACC_0216,M00123,10500,2026-06-20 01:40:00,UPI,1,VIC_0216,1
TXN_02639,VACC_0472,M00025,10000,2026-06-20 01:41:00,UPI,1,VIC_0472,1
TXN_03917,L00109,L00366,1355,2026-06-20 02:04:20,UPI,0,,2
TXN_02640,VACC_0472,M00025,95000,2026-06-20 02:24:00,UPI,1,VIC_0472,2
TXN_04031,L00308,L00610,13412,2026-06-20 02:36:00,UPI,0,,2
TXN_04687,L00194,L00876,16452,2026-06-20 02:42:53,UPI,0,,2
TXN_00798,VACC_0146,M00191,95500,2026-06-20 03:06:00,NEFT,1,VIC_0146,3
TXN_01201,VACC_0216,M00193,26000,2026-06-20 03:08:00,UPI,1,VIC_0216,3
TXN_02967,M00129,M00199,25000,2026-06-20 03:37:00,IMPS,1,,3
TXN_03318,M00092,M00162,15000,2026-06-20 03:54:00,UPI,1,,3
TXN_00378,VACC_0077,M00183,25500,2026-06-20 04:03:00,UPI,1,VIC_0077,4
TXN_01791,VACC_0325,M00132,40000,2026-06-20 04:10:00,UPI,1,VIC_0325,4
TXN_02113,VACC_0380,M00103,101000,2026-06-20 04:32:00,UPI,1,VIC_0380,4
TXN_01792,VACC_0325,M00167,15000,2026-06-20 04:33:00,UPI,1,VIC_0325,4
TXN_02114,VACC_0380,M00103,101000,2026-06-20 04:42:00,IMPS,1,VIC_0380,4
TXN_01793,VACC_0325,M00027,21000,2026-06-20 04:54:00,UPI,1,VIC_0325,4
TXN_04965,L00711,L00997,9441,2026-06-20 04:57:38,IMPS,0,,4
TXN_02641,VACC_0472,M00165,50999,2026-06-20 04:59:00,UPI,1,VIC_0472,4
TXN_01117,VACC_0200,M00017,100999,2026-06-20 05:00:00,UPI,1,VIC_0200,5
TXN_01118,VACC_0200,M00122,75999,2026-06-20 05:05:00,IMPS,1,VIC_0200,5
TXN_02718,VACC_0484,M00056,100500,2026-06-20 05:16:00,UPI,1,VIC_0484,5
TXN_01794,VACC_0325,M00167,10500,2026-06-20 05:26:00,UPI,1,VIC_0325,5
TXN_00799,VACC_0146,M00121,16000,2026-06-20 05:27:00,NEFT,1,VIC_0146,5
TXN_00556,VACC_0105,M00116,20999,2026-06-20 05:35:00,UPI,1,VIC_0105,5
TXN_00800,VACC_0146,M00051,16000,2026-06-20 05:41:00,NEFT,1,VIC_0146,5
TXN_04899,L00250,L00058,1556,2026-06-20 05:41:08,NEFT,0,,5
TXN_03332,M00124,M00194,35000,2026-06-20 05:45:00,UPI,1,,5
TXN_03341,M00200,M00060,35000,2026-06-20 05:54:00,IMPS,1,,5
TXN_04802,L00230,L00047,2255,2026-06-20 06:15:01,IMPS,0,,6
TXN_00801,VACC_0146,M00156,51000,2026-06-20 06:30:00,UPI,1,VIC_0146,6
TXN_01795,VACC_0325,M00027,95000,2026-06-20 06:33:00,UPI,1,VIC_0325,6
TXN_02642,VACC_0472,M00060,50000,2026-06-20 06:47:00,UPI,1,VIC_0472,6
TXN_00379,VACC_0077,M00043,50500,2026-06-20 07:00:00,UPI,1,VIC_0077,7
TXN_02643,VACC_0472,M00130,40999,2026-06-20 07:05:00,UPI,1,VIC_0472,7
TXN_00802,VACC_0146,M00051,26000,2026-06-20 07:07:00,UPI,1,VIC_0146,7
TXN_02115,VACC_0380,M00033,11000,2026-06-20 07:26:00,UPI,1,VIC_0380,7
TXN_01119,VACC_0200,M00087,101000,2026-06-20 07:34:00,UPI,1,VIC_0200,7
TXN_00380,VACC_0077,M00008,26000,2026-06-20 08:01:00,IMPS,1,VIC_0077,8
TXN_01120,VACC_0200,M00157,100999,2026-06-20 08:09:00,UPI,1,VIC_0200,8
TXN_00557,VACC_0105,M00186,101000,2026-06-20 08:23:00,IMPS,1,VIC_0105,8
TXN_01121,VACC_0200,M00052,50000,2026-06-20 08:54:00,IMPS,1,VIC_0200,8
TXN_00381,VACC_0077,M00148,100999,2026-06-20 09:22:00,UPI,1,VIC_0077,9
TXN_02644,VACC_0472,M00130,76000,2026-06-20 09:36:00,UPI,1,VIC_0472,9
TXN_00558,VACC_0105,M00081,21000,2026-06-20 10:27:00,UPI,1,VIC_0105,10
TXN_02645,VACC_0472,M00130,15500,2026-06-20 11:09:00,UPI,1,VIC_0472,11
TXN_02646,VACC_0472,M00200,100999,2026-06-20 13:19:00,IMPS,1,VIC_0472,13
TXN_02647,VACC_0472,M00200,75999,2026-06-20 13:34:00,UPI,1,VIC_0472,13
TXN_03094,M00180,M00040,35000,2026-06-20 14:55:00,UPI,1,,14
TXN_03953,L00239,L00516,968,2026-06-20 15:03:15,UPI,0,,15
TXN_03671,L00345,L00437,1804,2026-06-20 15:04:28,UPI,0,,15
TXN_04083,L00593,L00975,2235,2026-06-20 15:39:14,IMPS,0,,15
TXN_04076,L00029,L00715,1642,2026-06-20 15:43:28,UPI,0,,15
TXN_03803,L00933,L00583,347,2026-06-20 15:48:21,UPI,0,,15
TXN_04924,L00366,L00079,926,2026-06-20 16:02:19,UPI,0,,16
TXN_01957,VACC_0356,M00102,95000,2026-06-20 16:03:00,IMPS,1,VIC_0356,16
TXN_02072,VACC_0373,M00137,96000,2026-06-20 16:21:00,UPI,1,VIC_0373,16
TXN_02648,VACC_0472,M00060,75000,2026-06-20 16:26:00,IMPS,1,VIC_0472,16
TXN_01958,VACC_0356,M00172,40500,2026-06-20 16:31:00,NEFT,1,VIC_0356,16
TXN_03875,L00158,L00452,1406,2026-06-20 16:35:20,UPI,0,,16
TXN_02649,VACC_0472,M00165,10000,2026-06-20 16:41:00,UPI,1,VIC_0472,16
TXN_04796,L00738,L00538,802,2026-06-20 16:52:27,UPI,0,,16
TXN_02650,VACC_0472,M00095,40500,2026-06-20 16:56:00,UPI,1,VIC_0472,16
TXN_02506,VACC_0448,M00140,15000,2026-06-20 17:03:00,NEFT,1,VIC_0448,17
TXN_01959,VACC_0356,M00137,21000,2026-06-20 17:10:00,UPI,1,VIC_0356,17
TXN_02073,VACC_0373,M00067,100999,2026-06-20 17:24:00,UPI,1,VIC_0373,17
TXN_03700,L00734,L00758,22244,2026-06-20 18:14:29,UPI,0,,18
TXN_04689,L00650,L00153,3757,2026-06-20 18:22:16,IMPS,0,,18
TXN_03891,L00791,L00387,1545,2026-06-20 18:22:28,IMPS,0,,18
TXN_02507,VACC_0448,M00070,15999,2026-06-20 18:33:00,UPI,1,VIC_0448,18
TXN_03323,M00050,M00120,25000,2026-06-20 19:22:00,IMPS,1,,19
TXN_04732,L00542,L00620,9886,2026-06-20 19:22:14,IMPS,0,,19
TXN_02651,VACC_0472,M00200,50500,2026-06-20 19:29:00,UPI,1,VIC_0472,19
TXN_04426,L00176,L00434,11934,2026-06-20 19:35:37,UPI,0,,19
TXN_02074,VACC_0373,M00032,26000,2026-06-20 20:07:00,NEFT,1,VIC_0373,20
TXN_04665,L00695,L00850,843,2026-06-20 20:07:18,NEFT,0,,20
TXN_04863,L00838,L00404,36440,2026-06-20 20:58:34,IMPS,0,,20
TXN_00840,VACC_0151,M00016,95000,2026-06-20 21:54:00,UPI,1,VIC_0151,21
TXN_02934,M00171,M00101,25000,2026-06-20 22:46:00,IMPS,1,,22
TXN_02075,VACC_0373,M00137,20500,2026-06-20 22:55:00,UPI,1,VIC_0373,22
TXN_04820,L00271,L00740,8724,2026-06-20 22:58:34,UPI,0,,22
TXN_03080,M00160,M00090,35000,2026-06-20 23:23:00,UPI,1,,23
TXN_03147,M00069,M00139,15000,2026-06-20 23:55:00,UPI,1,,23
TXN_04856,L00181,L00194,1842,2026-06-21 00:04:12,UPI,0,,0
TXN_02994,M00156,M00191,25000,2026-06-21 00:13:00,UPI,1,,0
TXN_03993,L00007,L00067,2449,2026-06-21 00:38:21,NEFT,0,,0
TXN_03446,M00022,M00057,50000,2026-06-21 00:50:00,UPI,1,,0
TXN_04461,L00147,L00549,33004,2026-06-21 01:04:37,UPI,0,,1
TXN_03258,M00160,M00195,50000,2026-06-21 01:43:00,IMPS,1,,1
TXN_04944,L00831,L00929,1470,2026-06-21 02:56:34,UPI,0,,2
TXN_03859,L00070,L00085,5572,2026-06-21 03:14:42,IMPS,0,,3
TXN_02931,M00186,M00116,50000,2026-06-21 03:22:00,UPI,1,,3
TXN_04821,L00137,L00419,907,2026-06-21 03:53:08,IMPS,0,,3
TXN_03375,M00164,M00094,50000,2026-06-21 04:07:00,IMPS,1,,4
TXN_02833,M00085,M00155,50000,2026-06-21 04:40:00,IMPS,1,,4
TXN_03226,M00198,M00023,25000,2026-06-21 04:44:00,UPI,1,,4
TXN_03660,L00387,L00586,1478,2026-06-21 04:58:35,UPI,0,,4
TXN_04467,L00382,L00578,6736,2026-06-21 05:06:43,UPI,0,,5
TXN_04935,L00154,L00915,1998,2026-06-21 05:39:48,UPI,0,,5
TXN_01092,VACC_0195,M00087,25000,2026-06-21 05:46:00,UPI,1,VIC_0195,5
TXN_04668,L00756,L00009,8638,2026-06-21 06:24:10,IMPS,0,,6
TXN_01093,VACC_0195,M00157,20999,2026-06-21 07:28:00,IMPS,1,VIC_0195,7
TXN_02722,VACC_0487,M00132,25999,2026-06-21 07:41:00,UPI,1,VIC_0487,7
TXN_01094,VACC_0195,M00087,25999,2026-06-21 08:37:00,UPI,1,VIC_0195,8
TXN_02723,VACC_0487,M00167,95999,2026-06-21 09:17:00,UPI,1,VIC_0487,9
TXN_01095,VACC_0195,M00087,10500,2026-06-21 10:02:00,UPI,1,VIC_0195,10
TXN_02724,VACC_0487,M00097,95500,2026-06-21 10:42:00,IMPS,1,VIC_0487,10
TXN_01096,VACC_0195,M00017,100999,2026-06-21 12:46:00,IMPS,1,VIC_0195,12
TXN_01097,VACC_0195,M00157,95000,2026-06-21 14:10:00,IMPS,1,VIC_0195,14
TXN_03363,M00066,M00136,50000,2026-06-21 14:58:00,IMPS,1,,14
TXN_04642,L00033,L00165,757,2026-06-21 15:27:31,UPI,0,,15
TXN_03146,M00043,M00183,35000,2026-06-21 15:58:00,UPI,1,,15
TXN_04675,L00524,L00192,2025,2026-06-21 17:18:27,UPI,0,,17
TXN_04345,L00877,L00590,1073,2026-06-21 17:22:54,IMPS,0,,17
TXN_03034,M00007,M00147,25000,2026-06-21 17:23:00,UPI,1,,17
TXN_03577,L00846,L00007,5842,2026-06-21 17:38:36,UPI,0,,17
TXN_03151,M00111,M00076,60000,2026-06-21 17:56:00,UPI,1,,17
TXN_03489,M00066,M00101,15000,2026-06-21 18:06:00,IMPS,1,,18
TXN_01924,VACC_0348,M00169,51000,2026-06-21 18:20:00,UPI,1,VIC_0348,18
TXN_02844,M00171,M00031,50000,2026-06-21 18:25:00,UPI,1,,18
TXN_01925,VACC_0348,M00064,51000,2026-06-21 18:30:00,UPI,1,VIC_0348,18
TXN_04494,L00746,L00897,2098,2026-06-21 19:05:00,UPI,0,,19
TXN_00213,VACC_0043,M00042,15500,2026-06-21 19:10:00,UPI,1,VIC_0043,19
TXN_01926,VACC_0348,M00134,50500,2026-06-21 19:14:00,UPI,1,VIC_0348,19
TXN_01528,VACC_0276,M00198,100000,2026-06-21 19:32:00,UPI,1,VIC_0276,19
TXN_04036,L00314,L00465,2462,2026-06-21 19:49:42,IMPS,0,,19
TXN_04744,L00196,L00198,7703,2026-06-21 20:04:54,UPI,0,,20
TXN_01529,VACC_0276,M00023,20000,2026-06-21 20:31:00,UPI,1,VIC_0276,20
TXN_00529,VACC_0102,M00151,75999,2026-06-21 21:23:00,UPI,1,VIC_0102,21
TXN_00214,VACC_0043,M00182,95000,2026-06-21 21:35:00,UPI,1,VIC_0043,21
TXN_01927,VACC_0348,M00099,96000,2026-06-21 21:41:00,UPI,1,VIC_0348,21
TXN_01530,VACC_0276,M00198,51000,2026-06-21 21:48:00,UPI,1,VIC_0276,21
TXN_01928,VACC_0348,M00064,25000,2026-06-21 22:22:00,UPI,1,VIC_0348,22
TXN_00736,VACC_0134,M00119,26000,2026-06-21 22:26:00,IMPS,1,VIC_0134,22
TXN_01929,VACC_0348,M00134,10999,2026-06-21 22:35:00,IMPS,1,VIC_0348,22
TXN_02995,M00005,M00145,50000,2026-06-21 22:57:00,UPI,1,,22
TXN_01531,VACC_0276,M00163,20000,2026-06-21 23:09:00,UPI,1,VIC_0276,23
TXN_01541,VACC_0278,M00198,96000,2026-06-21 23:09:00,UPI,1,VIC_0278,23
TXN_00291,VACC_0059,M00008,95000,2026-06-21 23:22:00,UPI,1,VIC_0059,23
TXN_00530,VACC_0102,M00046,95000,2026-06-21 23:25:00,IMPS,1,VIC_0102,23
TXN_00215,VACC_0043,M00007,95000,2026-06-21 23:29:00,IMPS,1,VIC_0043,23
TXN_03635,L00804,L00482,1951,2026-06-21 23:29:48,IMPS,0,,23
TXN_01532,VACC_0276,M00163,25000,2026-06-21 23:35:00,UPI,1,VIC_0276,23
TXN_04648,L00564,L00508,1457,2026-06-21 23:55:19,UPI,0,,23
TXN_00737,VACC_0134,M00084,75500,2026-06-21 23:57:00,IMPS,1,VIC_0134,23
TXN_01542,VACC_0278,M00093,20999,2026-06-22 00:01:00,UPI,1,VIC_0278,0
TXN_00531,VACC_0102,M00046,25999,2026-06-22 00:06:00,UPI,1,VIC_0102,0
TXN_00292,VACC_0059,M00078,25000,2026-06-22 00:35:00,IMPS,1,VIC_0059,0
TXN_00293,VACC_0059,M00148,40000,2026-06-22 00:42:00,IMPS,1,VIC_0059,0
TXN_03073,M00070,M00105,15000,2026-06-22 00:47:00,UPI,1,,0
TXN_01533,VACC_0276,M00128,20500,2026-06-22 01:00:00,UPI,1,VIC_0276,1
TXN_00294,VACC_0059,M00183,50000,2026-06-22 01:16:00,UPI,1,VIC_0059,1
TXN_01543,VACC_0278,M00198,10999,2026-06-22 01:24:00,IMPS,1,VIC_0278,1
TXN_00532,VACC_0102,M00046,25500,2026-06-22 01:30:00,IMPS,1,VIC_0102,1
TXN_01544,VACC_0278,M00058,26000,2026-06-22 01:41:00,NEFT,1,VIC_0278,1
TXN_00216,VACC_0043,M00182,15000,2026-06-22 01:44:00,UPI,1,VIC_0043,1
TXN_01545,VACC_0278,M00163,10500,2026-06-22 01:58:00,UPI,1,VIC_0278,1
TXN_01546,VACC_0278,M00198,75500,2026-06-22 02:18:00,NEFT,1,VIC_0278,2
TXN_00738,VACC_0134,M00014,101000,2026-06-22 02:26:00,IMPS,1,VIC_0134,2
TXN_03031,M00110,M00005,35000,2026-06-22 02:41:00,IMPS,1,,2
TXN_00295,VACC_0059,M00078,20000,2026-06-22 02:55:00,NEFT,1,VIC_0059,2
TXN_04118,L00714,L00428,1693,2026-06-22 03:00:09,UPI,0,,3
TXN_03448,M00001,M00036,15000,2026-06-22 03:02:00,UPI,1,,3
TXN_03123,M00053,M00088,15000,2026-06-22 03:11:00,IMPS,1,,3
TXN_01534,VACC_0276,M00163,95000,2026-06-22 03:30:00,IMPS,1,VIC_0276,3
TXN_01547,VACC_0278,M00198,25500,2026-06-22 03:34:00,NEFT,1,VIC_0278,3
TXN_00739,VACC_0134,M00189,15999,2026-06-22 03:38:00,UPI,1,VIC_0134,3
TXN_03793,L00318,L00602,10225,2026-06-22 04:13:36,IMPS,0,,4
TXN_00533,VACC_0102,M00186,10999,2026-06-22 04:18:00,UPI,1,VIC_0102,4
TXN_01911,VACC_0345,M00168,76000,2026-06-22 04:23:00,UPI,1,VIC_0345,4
TXN_03136,M00137,M00172,60000,2026-06-22 04:28:00,UPI,1,,4
TXN_00296,VACC_0059,M00008,51000,2026-06-22 05:09:00,IMPS,1,VIC_0059,5
TXN_03284,M00037,M00072,60000,2026-06-22 05:10:00,IMPS,1,,5
TXN_03778,L00881,L00932,2156,2026-06-22 05:11:21,UPI,0,,5
TXN_04624,L00405,L00384,9396,2026-06-22 05:14:12,UPI,0,,5
TXN_04070,L00435,L00754,14634,2026-06-22 05:23:12,UPI,0,,5
TXN_01548,VACC_0278,M00198,95999,2026-06-22 05:30:00,UPI,1,VIC_0278,5
TXN_03443,M00192,M00122,35000,2026-06-22 05:34:00,IMPS,1,,5
TXN_04310,L00054,L00946,714,2026-06-22 05:46:42,UPI,0,,5
TXN_04962,L00395,L00362,1155,2026-06-22 06:02:53,IMPS,0,,6
TXN_03936,L00983,L00098,1462,2026-06-22 06:07:54,UPI,0,,6
TXN_02183,VACC_0393,M00034,75500,2026-06-22 06:32:00,IMPS,1,VIC_0393,6
TXN_03424,M00062,M00027,50000,2026-06-22 06:32:00,IMPS,1,,6
TXN_04567,L00251,L00757,19585,2026-06-22 06:41:00,UPI,0,,6
TXN_01912,VACC_0345,M00028,25999,2026-06-22 06:51:00,IMPS,1,VIC_0345,6
TXN_00534,VACC_0102,M00116,51000,2026-06-22 06:53:00,UPI,1,VIC_0102,6
TXN_01549,VACC_0278,M00058,16000,2026-06-22 06:54:00,UPI,1,VIC_0278,6
TXN_04927,L00946,L00947,7886,2026-06-22 06:58:40,UPI,0,,6
TXN_02184,VACC_0393,M00174,10000,2026-06-22 07:46:00,NEFT,1,VIC_0393,7
TXN_02418,VACC_0435,M00105,101000,2026-06-22 08:12:00,IMPS,1,VIC_0435,8
TXN_00535,VACC_0102,M00011,25999,2026-06-22 08:15:00,UPI,1,VIC_0102,8
TXN_01913,VACC_0345,M00133,10500,2026-06-22 08:43:00,UPI,1,VIC_0345,8
TXN_01550,VACC_0278,M00163,11000,2026-06-22 08:58:00,UPI,1,VIC_0278,8
TXN_01914,VACC_0345,M00168,21000,2026-06-22 09:35:00,UPI,1,VIC_0345,9
TXN_00536,VACC_0102,M00011,40000,2026-06-22 09:53:00,UPI,1,VIC_0102,9
TXN_01551,VACC_0278,M00198,20000,2026-06-22 09:59:00,IMPS,1,VIC_0278,9
TXN_02419,VACC_0435,M00105,16000,2026-06-22 10:03:00,IMPS,1,VIC_0435,10
TXN_02185,VACC_0393,M00034,95000,2026-06-22 10:28:00,UPI,1,VIC_0393,10
TXN_01915,VACC_0345,M00168,16000,2026-06-22 10:37:00,IMPS,1,VIC_0345,10
TXN_01552,VACC_0278,M00198,11000,2026-06-22 12:25:00,UPI,1,VIC_0278,12
TXN_00537,VACC_0102,M00116,95500,2026-06-22 12:39:00,UPI,1,VIC_0102,12
TXN_01553,VACC_0278,M00093,25000,2026-06-22 12:54:00,UPI,1,VIC_0278,12
TXN_01916,VACC_0345,M00133,11000,2026-06-22 12:56:00,UPI,1,VIC_0345,12
TXN_00538,VACC_0102,M00151,100000,2026-06-22 12:59:00,UPI,1,VIC_0102,12
TXN_02420,VACC_0435,M00175,21000,2026-06-22 13:01:00,IMPS,1,VIC_0435,13
TXN_00539,VACC_0102,M00011,75500,2026-06-22 13:42:00,IMPS,1,VIC_0102,13
TXN_01917,VACC_0345,M00063,15000,2026-06-22 14:36:00,IMPS,1,VIC_0345,14
TXN_03784,L00399,L00979,35800,2026-06-22 15:05:26,UPI,0,,15
TXN_03302,M00148,M00043,60000,2026-06-22 15:08:00,IMPS,1,,15
TXN_01918,VACC_0345,M00028,40500,2026-06-22 15:44:00,NEFT,1,VIC_0345,15
TXN_04225,L00217,L00175,10037,2026-06-22 15:48:24,UPI,0,,15
TXN_00540,VACC_0102,M00011,75999,2026-06-22 15:52:00,UPI,1,VIC_0102,15
TXN_03331,M00179,M00144,15000,2026-06-22 15:58:00,IMPS,1,,15
TXN_04351,L00173,L00949,23388,2026-06-22 16:05:49,IMPS,0,,16
TXN_03976,L00534,L00811,2364,2026-06-22 16:24:23,IMPS,0,,16
TXN_04322,L00401,L00074,1237,2026-06-22 16:43:05,UPI,0,,16
TXN_03334,M00023,M00093,35000,2026-06-22 17:01:00,IMPS,1,,17
TXN_03533,L00319,L00598,828,2026-06-22 17:05:35,UPI,0,,17
TXN_03820,L00469,L00394,3413,2026-06-22 17:16:28,UPI,0,,17
TXN_01919,VACC_0345,M00168,20000,2026-06-22 17:32:00,UPI,1,VIC_0345,17
TXN_02920,M00085,M00050,25000,2026-06-22 17:50:00,IMPS,1,,17
TXN_04406,L00839,L00810,1924,2026-06-22 18:01:42,IMPS,0,,18
TXN_03127,M00086,M00156,25000,2026-06-22 18:08:00,UPI,1,,18
TXN_00541,VACC_0102,M00151,10000,2026-06-22 18:27:00,UPI,1,VIC_0102,18
TXN_01125,VACC_0203,M00088,25500,2026-06-22 18:28:00,UPI,1,VIC_0203,18
TXN_03218,M00021,M00196,15000,2026-06-22 18:53:00,IMPS,1,,18
TXN_01920,VACC_0345,M00098,100000,2026-06-22 19:17:00,UPI,1,VIC_0345,19
TXN_03847,L00712,L00692,32465,2026-06-22 19:35:44,NEFT,0,,19
TXN_03360,M00042,M00112,15000,2026-06-22 19:46:00,UPI,1,,19
TXN_04313,L00500,L00745,1051,2026-06-22 21:11:54,NEFT,0,,21
TXN_04898,L00491,L00159,936,2026-06-22 21:18:43,UPI,0,,21
TXN_01126,VACC_0203,M00193,15000,2026-06-22 21:26:00,IMPS,1,VIC_0203,21
TXN_03605,L00246,L00379,320,2026-06-22 21:32:40,IMPS,0,,21
TXN_00001,VACC_0001,M00141,75500,2026-06-22 21:39:00,UPI,1,VIC_0001,21
TXN_04448,L00566,L00222,1486,2026-06-22 21:47:39,UPI,0,,21
TXN_01127,VACC_0203,M00158,15500,2026-06-22 22:29:00,UPI,1,VIC_0203,22
TXN_02907,M00105,M00035,50000,2026-06-22 22:54:00,IMPS,1,,22
TXN_00002,VACC_0001,M00106,20000,2026-06-22 22:59:00,NEFT,1,VIC_0001,22
TXN_03551,L00805,L00071,25847,2026-06-22 23:24:31,UPI,0,,23
TXN_04479,L00701,L00562,10079,2026-06-23 00:11:23,UPI,0,,0
TXN_04257,L00229,L00266,3708,2026-06-23 00:11:26,UPI,0,,0
TXN_03554,L00712,L00709,6118,2026-06-23 00:20:21,IMPS,0,,0
TXN_01974,VACC_0359,M00067,25000,2026-06-23 00:33:00,IMPS,1,VIC_0359,0
TXN_04159,L00498,L00485,13022,2026-06-23 00:40:02,UPI,0,,0
TXN_00003,VACC_0001,M00176,16000,2026-06-23 00:44:00,UPI,1,VIC_0001,0
TXN_02189,VACC_0395,M00174,95500,2026-06-23 00:47:00,UPI,1,VIC_0395,0
TXN_03630,L00130,L00872,205,2026-06-23 01:03:57,UPI,0,,1
TXN_02914,M00031,M00066,60000,2026-06-23 01:08:00,UPI,1,,1
TXN_04040,L00342,L00140,8153,2026-06-23 01:10:04,UPI,0,,1
TXN_04528,L00188,L00450,8450,2026-06-23 01:26:20,UPI,0,,1
TXN_04967,L00813,L00652,764,2026-06-23 01:37:27,UPI,0,,1
TXN_04469,L00841,L00524,41011,2026-06-23 02:05:05,UPI,0,,2
TXN_00004,VACC_0001,M00036,95000,2026-06-23 02:09:00,IMPS,1,VIC_0001,2
TXN_00005,VACC_0001,M00036,95000,2026-06-23 02:33:00,NEFT,1,VIC_0001,2
TXN_01656,VACC_0300,M00131,76000,2026-06-23 02:37:00,UPI,1,VIC_0300,2
TXN_03978,L00833,L00296,878,2026-06-23 02:55:29,UPI,0,,2
TXN_03458,M00193,M00088,25000,2026-06-23 03:00:00,NEFT,1,,3
TXN_02190,VACC_0395,M00034,50500,2026-06-23 03:01:00,IMPS,1,VIC_0395,3
TXN_00741,VACC_0136,M00154,20999,2026-06-23 03:10:00,UPI,1,VIC_0136,3
TXN_00006,VACC_0001,M00141,25999,2026-06-23 03:29:00,UPI,1,VIC_0001,3
TXN_03959,L00243,L00756,39386,2026-06-23 03:48:29,UPI,0,,3
TXN_03640,L00904,L00661,1415,2026-06-23 03:52:07,UPI,0,,3
TXN_00007,VACC_0001,M00141,25500,2026-06-23 04:40:00,UPI,1,VIC_0001,4
TXN_01169,VACC_0208,M00053,25000,2026-06-23 05:01:00,NEFT,1,VIC_0208,5
TXN_00515,VACC_0099,M00185,21000,2026-06-23 05:23:00,UPI,1,VIC_0099,5
TXN_00742,VACC_0136,M00084,26000,2026-06-23 05:33:00,UPI,1,VIC_0136,5
TXN_01383,VACC_0250,M00196,95500,2026-06-23 05:35:00,UPI,1,VIC_0250,5
TXN_02191,VACC_0395,M00139,15000,2026-06-23 05:56:00,UPI,1,VIC_0395,5
TXN_01228,VACC_0221,M00053,20999,2026-06-23 06:06:00,UPI,1,VIC_0221,6
TXN_01170,VACC_0208,M00018,40500,2026-06-23 06:23:00,IMPS,1,VIC_0208,6
TXN_03563,L00898,L00809,13138,2026-06-23 06:34:46,IMPS,0,,6
TXN_00008,VACC_0001,M00036,50000,2026-06-23 06:40:00,IMPS,1,VIC_0001,6
TXN_02349,VACC_0421,M00105,96000,2026-06-23 06:44:00,UPI,1,VIC_0421,6
TXN_01384,VACC_0250,M00161,40999,2026-06-23 07:10:00,UPI,1,VIC_0250,7
TXN_01385,VACC_0250,M00091,75999,2026-06-23 07:26:00,UPI,1,VIC_0250,7
TXN_02228,VACC_0401,M00104,100999,2026-06-23 07:27:00,IMPS,1,VIC_0401,7
TXN_02229,VACC_0401,M00034,50500,2026-06-23 07:35:00,UPI,1,VIC_0401,7
TXN_02192,VACC_0395,M00104,100500,2026-06-23 07:38:00,UPI,1,VIC_0395,7
TXN_00516,VACC_0099,M00150,41000,2026-06-23 07:50:00,UPI,1,VIC_0099,7
TXN_01229,VACC_0221,M00123,40999,2026-06-23 08:23:00,UPI,1,VIC_0221,8
TXN_00517,VACC_0099,M00010,51000,2026-06-23 08:40:00,UPI,1,VIC_0099,8
TXN_02230,VACC_0401,M00034,20999,2026-06-23 08:43:00,UPI,1,VIC_0401,8
TXN_01386,VACC_0250,M00196,21000,2026-06-23 08:59:00,UPI,1,VIC_0250,8
TXN_00009,VACC_0001,M00071,40000,2026-06-23 09:08:00,UPI,1,VIC_0001,9
TXN_02350,VACC_0421,M00175,40500,2026-06-23 09:20:00,UPI,1,VIC_0421,9
TXN_02193,VACC_0395,M00034,20500,2026-06-23 09:49:00,IMPS,1,VIC_0395,9
TXN_02231,VACC_0401,M00174,76000,2026-06-23 10:21:00,UPI,1,VIC_0401,10
TXN_02351,VACC_0421,M00140,100500,2026-06-23 10:29:00,UPI,1,VIC_0421,10
TXN_01230,VACC_0221,M00193,20000,2026-06-23 10:34:00,UPI,1,VIC_0221,10
TXN_00010,VACC_0001,M00176,20999,2026-06-23 10:58:00,UPI,1,VIC_0001,10
TXN_01387,VACC_0250,M00091,10999,2026-06-23 11:12:00,UPI,1,VIC_0250,11
TXN_00518,VACC_0099,M00185,10999,2026-06-23 11:13:00,UPI,1,VIC_0099,11
TXN_02352,VACC_0421,M00175,95999,2026-06-23 11:24:00,NEFT,1,VIC_0421,11
TXN_01231,VACC_0221,M00053,50999,2026-06-23 11:42:00,UPI,1,VIC_0221,11
TXN_02232,VACC_0401,M00069,26000,2026-06-23 12:10:00,IMPS,1,VIC_0401,12
TXN_02194,VACC_0395,M00174,21000,2026-06-23 12:12:00,UPI,1,VIC_0395,12
TXN_02195,VACC_0395,M00069,40999,2026-06-23 12:42:00,UPI,1,VIC_0395,12
TXN_00011,VACC_0001,M00176,15000,2026-06-23 12:53:00,UPI,1,VIC_0001,12
TXN_02196,VACC_0395,M00174,20500,2026-06-23 13:04:00,IMPS,1,VIC_0395,13
TXN_00519,VACC_0099,M00115,100000,2026-06-23 13:42:00,IMPS,1,VIC_0099,13
TXN_03474,M00074,M00109,50000,2026-06-23 14:32:00,IMPS,1,,14
TXN_01232,VACC_0221,M00193,11000,2026-06-23 14:35:00,NEFT,1,VIC_0221,14
TXN_00012,VACC_0001,M00036,96000,2026-06-23 14:55:00,UPI,1,VIC_0001,14
TXN_04888,L00811,L00109,18778,2026-06-23 15:00:00,UPI,0,,15
TXN_04378,L00120,L00085,10890,2026-06-23 15:03:30,UPI,0,,15
TXN_02947,M00062,M00132,15000,2026-06-23 15:26:00,UPI,1,,15
TXN_03513,L00337,L00602,11131,2026-06-23 15:28:09,UPI,0,,15
TXN_02197,VACC_0395,M00069,15999,2026-06-23 15:38:00,IMPS,1,VIC_0395,15
TXN_00013,VACC_0001,M00036,25000,2026-06-23 15:43:00,IMPS,1,VIC_0001,15
TXN_04764,L00121,L00933,11690,2026-06-23 15:59:37,UPI,0,,15
TXN_04473,L00807,L00445,834,2026-06-23 16:06:13,UPI,0,,16
TXN_00921,VACC_0168,M00051,95999,2026-06-23 16:23:00,IMPS,1,VIC_0168,16
TXN_01233,VACC_0221,M00158,25999,2026-06-23 16:24:00,UPI,1,VIC_0221,16
TXN_00014,VACC_0001,M00036,51000,2026-06-23 16:25:00,UPI,1,VIC_0001,16
TXN_01122,VACC_0201,M00087,95999,2026-06-23 16:27:00,UPI,1,VIC_0201,16
TXN_03930,L00786,L00614,263,2026-06-23 16:48:53,UPI,0,,16
TXN_01123,VACC_0201,M00017,96000,2026-06-23 16:49:00,IMPS,1,VIC_0201,16
TXN_01234,VACC_0221,M00088,76000,2026-06-23 17:03:00,IMPS,1,VIC_0221,17
TXN_03350,M00023,M00198,60000,2026-06-23 17:09:00,IMPS,1,,17
TXN_02198,VACC_0395,M00034,75500,2026-06-23 17:19:00,UPI,1,VIC_0395,17
TXN_00922,VACC_0168,M00121,95999,2026-06-23 17:26:00,IMPS,1,VIC_0168,17
TXN_00923,VACC_0168,M00051,95999,2026-06-23 17:33:00,UPI,1,VIC_0168,17
TXN_00015,VACC_0001,M00141,40000,2026-06-23 18:13:00,UPI,1,VIC_0001,18
TXN_03325,M00104,M00034,15000,2026-06-23 18:18:00,UPI,1,,18
TXN_03460,M00195,M00055,50000,2026-06-23 18:20:00,IMPS,1,,18
TXN_02612,VACC_0466,M00113,10999,2026-06-23 18:32:00,NEFT,1,VIC_0466,18
TXN_03877,L00222,L00732,2041,2026-06-23 19:01:41,UPI,0,,19
TXN_02975,M00059,M00129,50000,2026-06-23 19:12:00,IMPS,1,,19
TXN_01390,VACC_0252,M00196,10500,2026-06-23 19:20:00,UPI,1,VIC_0252,19
TXN_01626,VACC_0292,M00164,26000,2026-06-23 19:21:00,IMPS,1,VIC_0292,19
TXN_03338,M00198,M00128,60000,2026-06-23 19:21:00,IMPS,1,,19
TXN_02199,VACC_0395,M00139,10999,2026-06-23 19:41:00,NEFT,1,VIC_0395,19
TXN_03154,M00015,M00120,15000,2026-06-23 19:44:00,IMPS,1,,19
TXN_01235,VACC_0221,M00193,15000,2026-06-23 19:55:00,UPI,1,VIC_0221,19
TXN_03975,L00779,L00041,2496,2026-06-23 20:13:59,UPI,0,,20
TXN_03026,M00131,M00096,35000,2026-06-23 20:15:00,IMPS,1,,20
TXN_04063,L00770,L00740,11867,2026-06-23 20:20:46,UPI,0,,20
TXN_00924,VACC_0168,M00191,25000,2026-06-23 20:22:00,UPI,1,VIC_0168,20
TXN_02796,VACC_0498,M00112,75000,2026-06-23 20:38:00,UPI,1,VIC_0498,20
TXN_03403,M00166,M00026,35000,2026-06-23 20:40:00,IMPS,1,,20
TXN_01627,VACC_0292,M00164,100500,2026-06-23 20:46:00,UPI,1,VIC_0292,20
TXN_02200,VACC_0395,M00174,41000,2026-06-23 20:48:00,NEFT,1,VIC_0395,20
TXN_02613,VACC_0466,M00148,16000,2026-06-23 20:48:00,IMPS,1,VIC_0466,20
TXN_01391,VACC_0252,M00056,96000,2026-06-23 20:56:00,IMPS,1,VIC_0252,20
TXN_02175,VACC_0392,M00034,75500,2026-06-23 21:05:00,UPI,1,VIC_0392,21
TXN_04385,L00281,L00711,542,2026-06-23 21:18:02,UPI,0,,21
TXN_04928,L00942,L00087,2817,2026-06-23 21:21:46,UPI,0,,21
TXN_03386,M00099,M00134,50000,2026-06-23 21:27:00,IMPS,1,,21
TXN_01236,VACC_0221,M00018,100999,2026-06-23 21:29:00,IMPS,1,VIC_0221,21
TXN_03560,L00307,L00429,12937,2026-06-23 21:32:28,IMPS,0,,21
TXN_00025,VACC_0004,M00108,50000,2026-06-23 21:44:00,IMPS,1,VIC_0004,21
TXN_02176,VACC_0392,M00139,100000,2026-06-23 21:44:00,IMPS,1,VIC_0392,21
TXN_02797,VACC_0498,M00042,50999,2026-06-23 21:58:00,UPI,1,VIC_0498,21
TXN_00876,VACC_0162,M00016,26000,2026-06-23 22:12:00,UPI,1,VIC_0162,22
TXN_01237,VACC_0221,M00123,100500,2026-06-23 22:32:00,NEFT,1,VIC_0221,22
TXN_01628,VACC_0292,M00129,15000,2026-06-23 22:33:00,IMPS,1,VIC_0292,22
TXN_03526,L00249,L00141,21050,2026-06-23 22:53:38,IMPS,0,,22
TXN_03112,M00104,M00139,60000,2026-06-23 23:02:00,IMPS,1,,23
TXN_00877,VACC_0162,M00191,100500,2026-06-23 23:29:00,NEFT,1,VIC_0162,23
TXN_00878,VACC_0162,M00191,41000,2026-06-23 23:40:00,UPI,1,VIC_0162,23
TXN_04085,L00166,L00013,34081,2026-06-24 00:12:44,IMPS,0,,0
TXN_00026,VACC_0004,M00073,100000,2026-06-24 00:21:00,IMPS,1,VIC_0004,0
TXN_02177,VACC_0392,M00069,95500,2026-06-24 00:32:00,IMPS,1,VIC_0392,0
TXN_04727,L00883,L00134,2289,2026-06-24 00:37:01,UPI,0,,0
TXN_04523,L00998,L00380,1546,2026-06-24 00:47:00,UPI,0,,0
TXN_03520,L00587,L00130,1440,2026-06-24 00:47:46,UPI,0,,0
TXN_02798,VACC_0498,M00182,75999,2026-06-24 00:52:00,UPI,1,VIC_0498,0
TXN_04958,L00745,L00286,1405,2026-06-24 01:04:55,NEFT,0,,1
TXN_01238,VACC_0221,M00123,25500,2026-06-24 01:13:00,UPI,1,VIC_0221,1
TXN_03171,M00030,M00170,35000,2026-06-24 01:48:00,IMPS,1,,1
TXN_04685,L00748,L00515,7879,2026-06-24 02:04:19,NEFT,0,,2
TXN_00028,VACC_0006,M00109,40000,2026-06-24 02:22:00,IMPS,1,VIC_0006,2
TXN_02178,VACC_0392,M00034,95500,2026-06-24 02:24:00,UPI,1,VIC_0392,2
TXN_03241,M00005,M00145,25000,2026-06-24 02:25:00,IMPS,1,,2
TXN_01239,VACC_0221,M00088,95500,2026-06-24 02:47:00,UPI,1,VIC_0221,2
TXN_04889,L00556,L00754,682,2026-06-24 03:25:24,UPI,0,,3
TXN_03049,M00033,M00138,35000,2026-06-24 03:26:00,NEFT,1,,3
TXN_01240,VACC_0221,M00158,15000,2026-06-24 04:04:00,IMPS,1,VIC_0221,4
TXN_04138,L00112,L00890,11762,2026-06-24 04:05:40,UPI,0,,4
TXN_02179,VACC_0392,M00104,16000,2026-06-24 04:14:00,UPI,1,VIC_0392,4
TXN_02233,VACC_0402,M00034,25999,2026-06-24 05:10:00,IMPS,1,VIC_0402,5
TXN_04096,L00438,L00259,1463,2026-06-24 05:11:27,IMPS,0,,5
TXN_01363,VACC_0246,M00091,101000,2026-06-24 05:25:00,UPI,1,VIC_0246,5
TXN_02305,VACC_0416,M00140,50000,2026-06-24 05:42:00,IMPS,1,VIC_0416,5
TXN_02598,VACC_0464,M00194,15000,2026-06-24 06:01:00,UPI,1,VIC_0464,6
TXN_02234,VACC_0402,M00139,10999,2026-06-24 06:02:00,UPI,1,VIC_0402,6
TXN_01364,VACC_0246,M00056,40000,2026-06-24 06:23:00,UPI,1,VIC_0246,6
TXN_01049,VACC_0186,M00191,10500,2026-06-24 06:49:00,IMPS,1,VIC_0186,6
TXN_02954,M00039,M00074,60000,2026-06-24 06:50:00,IMPS,1,,6
TXN_01257,VACC_0228,M00194,75999,2026-06-24 06:56:00,UPI,1,VIC_0228,6
TXN_03114,M00078,M00183,50000,2026-06-24 06:57:00,IMPS,1,,6
TXN_04793,L00951,L00810,11062,2026-06-24 06:57:37,UPI,0,,6
TXN_02180,VACC_0392,M00139,100500,2026-06-24 07:09:00,UPI,1,VIC_0392,7
TXN_01050,VACC_0186,M00156,75500,2026-06-24 07:18:00,UPI,1,VIC_0186,7
TXN_02181,VACC_0392,M00139,40500,2026-06-24 07:58:00,IMPS,1,VIC_0392,7
TXN_01051,VACC_0186,M00051,40500,2026-06-24 08:31:00,UPI,1,VIC_0186,8
TXN_02599,VACC_0464,M00054,100999,2026-06-24 08:37:00,UPI,1,VIC_0464,8
TXN_02306,VACC_0416,M00070,26000,2026-06-24 08:38:00,IMPS,1,VIC_0416,8
TXN_02307,VACC_0416,M00070,10999,2026-06-24 08:52:00,UPI,1,VIC_0416,8
TXN_02235,VACC_0402,M00034,75000,2026-06-24 09:00:00,UPI,1,VIC_0402,9
TXN_01365,VACC_0246,M00056,15999,2026-06-24 09:01:00,IMPS,1,VIC_0246,9
TXN_01258,VACC_0228,M00019,11000,2026-06-24 09:10:00,UPI,1,VIC_0228,9
TXN_01366,VACC_0246,M00021,40500,2026-06-24 10:11:00,UPI,1,VIC_0246,10
TXN_02236,VACC_0402,M00069,25500,2026-06-24 10:32:00,UPI,1,VIC_0402,10
TXN_01052,VACC_0186,M00051,26000,2026-06-24 10:36:00,UPI,1,VIC_0186,10
TXN_02182,VACC_0392,M00174,25000,2026-06-24 10:40:00,UPI,1,VIC_0392,10
TXN_01259,VACC_0228,M00054,20999,2026-06-24 10:47:00,IMPS,1,VIC_0228,10
TXN_01053,VACC_0186,M00191,95999,2026-06-24 10:52:00,UPI,1,VIC_0186,10
TXN_02600,VACC_0464,M00194,41000,2026-06-24 11:28:00,UPI,1,VIC_0464,11
TXN_01260,VACC_0228,M00089,100500,2026-06-24 11:47:00,UPI,1,VIC_0228,11
TXN_02308,VACC_0416,M00140,26000,2026-06-24 11:47:00,UPI,1,VIC_0416,11
TXN_01367,VACC_0246,M00161,50999,2026-06-24 12:26:00,UPI,1,VIC_0246,12
TXN_01368,VACC_0246,M00196,25000,2026-06-24 13:24:00,UPI,1,VIC_0246,13
TXN_02601,VACC_0464,M00089,10999,2026-06-24 14:01:00,UPI,1,VIC_0464,14
TXN_01261,VACC_0228,M00124,50000,2026-06-24 14:25:00,UPI,1,VIC_0228,14
TXN_02309,VACC_0416,M00035,25000,2026-06-24 14:26:00,UPI,1,VIC_0416,14
TXN_02824,M00045,M00150,50000,2026-06-24 14:27:00,IMPS,1,,14
TXN_01931,VACC_0350,M00134,15500,2026-06-24 14:55:00,IMPS,1,VIC_0350,14
TXN_01369,VACC_0246,M00126,41000,2026-06-24 15:25:00,UPI,1,VIC_0246,15
TXN_02310,VACC_0416,M00140,50000,2026-06-24 16:49:00,UPI,1,VIC_0416,16
TXN_02602,VACC_0464,M00159,100500,2026-06-24 16:53:00,NEFT,1,VIC_0464,16
TXN_01370,VACC_0246,M00126,20500,2026-06-24 16:57:00,IMPS,1,VIC_0246,16
TXN_04705,L00660,L00053,1309,2026-06-24 17:18:08,IMPS,0,,17
TXN_04827,L00225,L00749,963,2026-06-24 17:20:23,UPI,0,,17
TXN_03020,M00075,M00040,35000,2026-06-24 17:42:00,UPI,1,,17
TXN_02966,M00149,M00079,60000,2026-06-24 17:44:00,IMPS,1,,17
TXN_01595,VACC_0287,M00164,100000,2026-06-24 18:10:00,UPI,1,VIC_0287,18
TXN_02603,VACC_0464,M00159,20999,2026-06-24 18:37:00,UPI,1,VIC_0464,18
TXN_04896,L00836,L00168,1982,2026-06-24 18:44:23,UPI,0,,18
TXN_04605,L00500,L00059,1557,2026-06-24 18:49:27,IMPS,0,,18
TXN_04277,L00130,L00533,9590,2026-06-24 19:11:34,UPI,0,,19
TXN_04870,L00413,L00103,12143,2026-06-24 19:15:21,UPI,0,,19
TXN_03291,M00194,M00019,35000,2026-06-24 19:20:00,UPI,1,,19
TXN_04982,L00767,L00225,7799,2026-06-24 20:06:18,UPI,0,,20
TXN_03204,M00186,M00151,50000,2026-06-24 20:48:00,IMPS,1,,20
TXN_04209,L00200,L00730,1695,2026-06-24 21:37:14,UPI,0,,21
TXN_00673,VACC_0126,M00118,15500,2026-06-24 21:41:00,IMPS,1,VIC_0126,21
TXN_04691,L00136,L00411,2231,2026-06-24 21:44:31,NEFT,0,,21
TXN_00586,VACC_0110,M00012,15999,2026-06-24 21:56:00,UPI,1,VIC_0110,21
TXN_04521,L00055,L00941,877,2026-06-24 22:20:42,UPI,0,,22
TXN_00674,VACC_0126,M00118,76000,2026-06-24 22:23:00,IMPS,1,VIC_0126,22
TXN_04538,L00090,L00971,11301,2026-06-24 23:03:23,UPI,0,,23
TXN_00675,VACC_0126,M00118,95500,2026-06-24 23:04:00,UPI,1,VIC_0126,23
TXN_03078,M00139,M00174,15000,2026-06-24 23:54:00,IMPS,1,,23
TXN_04231,L00952,L00335,10769,2026-06-25 00:01:32,UPI,0,,0
TXN_03864,L00841,L00286,2343,2026-06-25 00:15:24,UPI,0,,0
TXN_00587,VACC_0110,M00187,75000,2026-06-25 00:29:00,NEFT,1,VIC_0110,0
TXN_00676,VACC_0126,M00013,11000,2026-06-25 00:30:00,NEFT,1,VIC_0126,0
TXN_04697,L00886,L00053,2847,2026-06-25 00:43:29,UPI,0,,0
TXN_00677,VACC_0126,M00083,25999,2026-06-25 00:57:00,UPI,1,VIC_0126,0
TXN_04959,L00149,L00093,4039,2026-06-25 01:24:45,NEFT,0,,1
TXN_04843,L00333,L00276,878,2026-06-25 01:33:46,UPI,0,,1
TXN_00678,VACC_0126,M00188,96000,2026-06-25 01:35:00,NEFT,1,VIC_0126,1
TXN_04164,L00352,L00323,38792,2026-06-25 02:03:18,UPI,0,,2
TXN_04900,L00557,L00709,1803,2026-06-25 02:06:21,IMPS,0,,2
TXN_04071,L00253,L00249,732,2026-06-25 02:37:17,UPI,0,,2
TXN_03960,L00439,L00776,691,2026-06-25 02:46:31,IMPS,0,,2
TXN_00679,VACC_0126,M00118,50500,2026-06-25 02:48:00,UPI,1,VIC_0126,2
TXN_03413,M00056,M00021,60000,2026-06-25 02:48:00,UPI,1,,2
TXN_00588,VACC_0110,M00152,25000,2026-06-25 02:57:00,NEFT,1,VIC_0110,2
TXN_03295,M00102,M00067,15000,2026-06-25 02:57:00,UPI,1,,2
TXN_00149,VACC_0030,M00041,16000,2026-06-25 04:41:00,UPI,1,VIC_0030,4
TXN_04453,L00564,L00262,6383,2026-06-25 04:51:02,UPI,0,,4
TXN_03298,M00198,M00058,35000,2026-06-25 05:16:00,UPI,1,,5
TXN_00241,VACC_0049,M00148,15999,2026-06-25 05:18:00,UPI,1,VIC_0049,5
TXN_00589,VACC_0110,M00117,20999,2026-06-25 05:25:00,UPI,1,VIC_0110,5
TXN_04657,L00399,L00135,1501,2026-06-25 05:32:53,UPI,0,,5
TXN_04198,L00497,L00410,806,2026-06-25 05:47:29,IMPS,0,,5
TXN_04177,L00143,L00027,486,2026-06-25 06:30:21,UPI,0,,6
TXN_00590,VACC_0110,M00117,101000,2026-06-25 06:44:00,IMPS,1,VIC_0110,6
TXN_00242,VACC_0049,M00078,76000,2026-06-25 07:33:00,UPI,1,VIC_0049,7
TXN_03102,M00081,M00046,60000,2026-06-25 14:02:00,IMPS,1,,14
TXN_04377,L00012,L00123,1864,2026-06-25 15:23:32,UPI,0,,15
TXN_03693,L00257,L00310,1106,2026-06-25 15:31:15,UPI,0,,15
TXN_04227,L00676,L00717,9715,2026-06-25 15:38:24,UPI,0,,15
TXN_03050,M00122,M00157,50000,2026-06-25 15:44:00,IMPS,1,,15
TXN_04734,L00666,L00283,2642,2026-06-25 16:13:35,IMPS,0,,16
TXN_02614,VACC_0467,M00106,11000,2026-06-25 16:30:00,UPI,1,VIC_0467,16
TXN_04673,L00254,L00633,1604,2026-06-25 16:32:30,UPI,0,,16
TXN_04569,L00943,L00844,34024,2026-06-25 16:37:58,IMPS,0,,16
TXN_04163,L00699,L00912,934,2026-06-25 16:42:10,UPI,0,,16
TXN_04200,L00814,L00084,768,2026-06-25 16:52:35,IMPS,0,,16
TXN_03576,L00410,L00189,19574,2026-06-25 17:00:01,UPI,0,,17
TXN_04273,L00434,L00328,15164,2026-06-25 17:16:43,UPI,0,,17
TXN_03879,L00692,L00546,11218,2026-06-25 18:06:14,UPI,0,,18
TXN_03958,L00128,L00317,1122,2026-06-25 18:37:12,UPI,0,,18
TXN_01866,VACC_0337,M00132,10999,2026-06-25 18:49:00,UPI,1,VIC_0337,18
TXN_02615,VACC_0467,M00071,20999,2026-06-25 19:07:00,UPI,1,VIC_0467,19
TXN_03927,L00045,L00069,37911,2026-06-25 20:14:49,UPI,0,,20
TXN_03728,L00450,L00461,544,2026-06-25 20:40:49,UPI,0,,20
TXN_01867,VACC_0337,M00167,10000,2026-06-25 20:44:00,IMPS,1,VIC_0337,20
TXN_04846,L00879,L00771,5920,2026-06-25 20:58:35,NEFT,0,,20
TXN_01711,VACC_0310,M00026,75500,2026-06-25 21:17:00,UPI,1,VIC_0310,21
TXN_02616,VACC_0467,M00036,96000,2026-06-25 21:22:00,UPI,1,VIC_0467,21
TXN_02919,M00153,M00188,50000,2026-06-25 21:49:00,IMPS,1,,21
TXN_02481,VACC_0443,M00035,100999,2026-06-25 22:08:00,UPI,1,VIC_0443,22
TXN_03022,M00026,M00061,60000,2026-06-25 22:29:00,IMPS,1,,22
TXN_04694,L00150,L00437,3944,2026-06-25 22:37:02,NEFT,0,,22
TXN_04135,L00893,L00419,3732,2026-06-25 22:44:28,UPI,0,,22
TXN_04367,L00669,L00764,1366,2026-06-25 22:50:19,UPI,0,,22
TXN_01712,VACC_0310,M00096,10000,2026-06-25 22:54:00,NEFT,1,VIC_0310,22
TXN_03462,M00073,M00108,15000,2026-06-25 23:06:00,UPI,1,,23
TXN_02617,VACC_0467,M00176,11000,2026-06-25 23:08:00,UPI,1,VIC_0467,23
TXN_01713,VACC_0310,M00166,10500,2026-06-25 23:19:00,UPI,1,VIC_0310,23
TXN_01714,VACC_0310,M00061,76000,2026-06-25 23:28:00,UPI,1,VIC_0310,23
TXN_01868,VACC_0337,M00097,20999,2026-06-25 23:42:00,IMPS,1,VIC_0337,23
TXN_04437,L00933,L00361,4460,2026-06-26 00:09:30,IMPS,0,,0
TXN_04284,L00836,L00966,2419,2026-06-26 00:15:30,UPI,0,,0
TXN_02482,VACC_0443,M00070,15500,2026-06-26 00:17:00,UPI,1,VIC_0443,0
TXN_02483,VACC_0443,M00105,95000,2026-06-26 00:39:00,UPI,1,VIC_0443,0
TXN_01715,VACC_0310,M00131,50500,2026-06-26 00:44:00,UPI,1,VIC_0310,0
TXN_02484,VACC_0443,M00035,10999,2026-06-26 00:51:00,NEFT,1,VIC_0443,0
TXN_01716,VACC_0310,M00166,25999,2026-06-26 00:52:00,UPI,1,VIC_0310,0
TXN_02771,VACC_0495,M00129,10999,2026-06-26 01:07:00,UPI,1,VIC_0495,1
TXN_01869,VACC_0337,M00132,20500,2026-06-26 01:18:00,UPI,1,VIC_0337,1
TXN_02618,VACC_0467,M00141,41000,2026-06-26 01:18:00,IMPS,1,VIC_0467,1
TXN_03087,M00189,M00119,60000,2026-06-26 01:51:00,IMPS,1,,1
TXN_03030,M00002,M00177,15000,2026-06-26 01:54:00,UPI,1,,1
TXN_03954,L00602,L00722,1739,2026-06-26 01:57:02,UPI,0,,1
TXN_01870,VACC_0337,M00027,40999,2026-06-26 02:24:00,IMPS,1,VIC_0337,2
TXN_02772,VACC_0495,M00199,15999,2026-06-26 02:24:00,UPI,1,VIC_0495,2
TXN_03177,M00121,M00086,25000,2026-06-26 02:26:00,UPI,1,,2
TXN_02890,M00126,M00161,25000,2026-06-26 02:56:00,IMPS,1,,2
TXN_03516,L00610,L00731,1716,2026-06-26 03:00:53,UPI,0,,3
TXN_01071,VACC_0190,M00052,11000,2026-06-26 03:09:00,UPI,1,VIC_0190,3
TXN_03825,L00969,L00045,17076,2026-06-26 03:21:22,IMPS,0,,3
TXN_03662,L00863,L00384,8276,2026-06-26 03:31:07,IMPS,0,,3
TXN_00143,VACC_0029,M00181,40500,2026-06-26 03:48:00,UPI,1,VIC_0029,3
TXN_02619,VACC_0467,M00071,10000,2026-06-26 03:48:00,NEFT,1,VIC_0467,3
TXN_04842,L00453,L00226,2475,2026-06-26 04:02:00,UPI,0,,4
TXN_02773,VACC_0495,M00129,75500,2026-06-26 04:03:00,IMPS,1,VIC_0495,4
TXN_03514,L00198,L00111,555,2026-06-26 04:20:50,IMPS,0,,4
TXN_00144,VACC_0029,M00076,11000,2026-06-26 04:28:00,UPI,1,VIC_0029,4
TXN_01871,VACC_0337,M00027,75500,2026-06-26 04:56:00,UPI,1,VIC_0337,4
TXN_03191,M00104,M00139,35000,2026-06-26 04:57:00,UPI,1,,4
TXN_00145,VACC_0029,M00006,50500,2026-06-26 05:02:00,UPI,1,VIC_0029,5
TXN_01072,VACC_0190,M00087,100999,2026-06-26 05:40:00,IMPS,1,VIC_0190,5
TXN_00859,VACC_0156,M00051,50000,2026-06-26 05:41:00,IMPS,1,VIC_0156,5
TXN_04141,L00088,L00387,2199,2026-06-26 05:42:14,IMPS,0,,5
TXN_04915,L00944,L00901,1852,2026-06-26 05:46:14,IMPS,0,,5
TXN_03855,L00940,L00140,17876,2026-06-26 05:53:39,UPI,0,,5
TXN_00146,VACC_0029,M00041,10000,2026-06-26 05:54:00,IMPS,1,VIC_0029,5
TXN_04606,L00365,L00007,42969,2026-06-26 06:16:16,IMPS,0,,6
TXN_02620,VACC_0467,M00141,50500,2026-06-26 06:38:00,IMPS,1,VIC_0467,6
TXN_04695,L00019,L00632,43565,2026-06-26 06:42:10,NEFT,0,,6
TXN_01872,VACC_0337,M00097,11000,2026-06-26 06:54:00,UPI,1,VIC_0337,6
TXN_01073,VACC_0190,M00017,95500,2026-06-26 06:57:00,IMPS,1,VIC_0190,6
TXN_02774,VACC_0495,M00024,21000,2026-06-26 07:02:00,UPI,1,VIC_0495,7
TXN_00147,VACC_0029,M00181,50000,2026-06-26 07:15:00,UPI,1,VIC_0029,7
TXN_00148,VACC_0029,M00146,95500,2026-06-26 08:19:00,UPI,1,VIC_0029,8
TXN_02775,VACC_0495,M00164,75000,2026-06-26 08:33:00,UPI,1,VIC_0495,8
TXN_01873,VACC_0337,M00027,51000,2026-06-26 08:44:00,IMPS,1,VIC_0337,8
TXN_01874,VACC_0337,M00097,75500,2026-06-26 09:39:00,IMPS,1,VIC_0337,9
TXN_01074,VACC_0190,M00017,100999,2026-06-26 09:43:00,IMPS,1,VIC_0190,9
TXN_02776,VACC_0495,M00059,100500,2026-06-26 10:28:00,UPI,1,VIC_0495,10
TXN_01075,VACC_0190,M00157,75999,2026-06-26 10:56:00,UPI,1,VIC_0190,10
TXN_01875,VACC_0337,M00167,50500,2026-06-26 11:02:00,UPI,1,VIC_0337,11
TXN_01076,VACC_0190,M00192,10999,2026-06-26 11:33:00,UPI,1,VIC_0190,11
TXN_02777,VACC_0495,M00059,95500,2026-06-26 11:35:00,NEFT,1,VIC_0495,11
TXN_01876,VACC_0337,M00097,15000,2026-06-26 12:00:00,UPI,1,VIC_0337,12
TXN_01877,VACC_0337,M00132,16000,2026-06-26 13:13:00,IMPS,1,VIC_0337,13
TXN_02778,VACC_0495,M00024,40500,2026-06-26 14:29:00,UPI,1,VIC_0495,14
TXN_03257,M00135,M00170,15000,2026-06-26 15:31:00,UPI,1,,15
TXN_04166,L00964,L00370,2167,2026-06-26 15:35:16,IMPS,0,,15
TXN_03606,L00829,L00382,2277,2026-06-26 15:54:52,UPI,0,,15
TXN_03163,M00083,M00188,50000,2026-06-26 16:23:00,IMPS,1,,16
TXN_02825,M00065,M00135,25000,2026-06-26 16:30:00,NEFT,1,,16
TXN_02964,M00147,M00182,35000,2026-06-26 16:34:00,UPI,1,,16
TXN_02779,VACC_0495,M00059,101000,2026-06-26 16:35:00,UPI,1,VIC_0495,16
TXN_00779,VACC_0144,M00016,75500,2026-06-26 17:14:00,UPI,1,VIC_0144,17
TXN_04834,L00598,L00109,822,2026-06-26 17:43:54,UPI,0,,17
TXN_00780,VACC_0144,M00086,15999,2026-06-26 18:00:00,IMPS,1,VIC_0144,18
TXN_00243,VACC_0050,M00183,100000,2026-06-26 18:05:00,UPI,1,VIC_0050,18
TXN_03229,M00101,M00136,60000,2026-06-26 18:17:00,IMPS,1,,18
TXN_04005,L00437,L00743,1581,2026-06-26 18:23:11,NEFT,0,,18
TXN_04586,L00116,L00347,2078,2026-06-26 18:24:20,UPI,0,,18
TXN_00781,VACC_0144,M00051,15000,2026-06-26 18:31:00,UPI,1,VIC_0144,18
TXN_03898,L00015,L00346,5558,2026-06-26 19:31:03,UPI,0,,19
TXN_03132,M00041,M00076,60000,2026-06-26 19:34:00,NEFT,1,,19
TXN_03736,L00675,L00855,2032,2026-06-26 19:43:36,UPI,0,,19
TXN_04319,L00346,L00433,1327,2026-06-26 19:43:36,UPI,0,,19
TXN_00782,VACC_0144,M00121,25500,2026-06-26 20:03:00,UPI,1,VIC_0144,20
TXN_00244,VACC_0050,M00078,76000,2026-06-26 20:19:00,UPI,1,VIC_0050,20
TXN_02311,VACC_0417,M00070,50999,2026-06-26 20:54:00,IMPS,1,VIC_0417,20
TXN_02312,VACC_0417,M00070,95999,2026-06-26 21:00:00,UPI,1,VIC_0417,21
TXN_03572,L00787,L00976,1777,2026-06-26 21:03:29,NEFT,0,,21
TXN_04969,L00822,L00967,26993,2026-06-26 21:06:24,UPI,0,,21
TXN_03767,L00501,L00028,14752,2026-06-26 21:10:52,IMPS,0,,21
TXN_04179,L00890,L00544,431,2026-06-26 21:16:46,UPI,0,,21
TXN_03757,L00193,L00487,586,2026-06-26 21:26:29,UPI,0,,21
TXN_00245,VACC_0050,M00078,16000,2026-06-26 21:42:00,IMPS,1,VIC_0050,21
TXN_04839,L00642,L00650,612,2026-06-26 21:46:33,UPI,0,,21
TXN_04880,L00958,L00045,1248,2026-06-26 21:49:54,UPI,0,,21
TXN_00783,VACC_0144,M00156,95000,2026-06-26 21:55:00,UPI,1,VIC_0144,21
TXN_02313,VACC_0417,M00140,25999,2026-06-26 22:07:00,UPI,1,VIC_0417,22
TXN_04535,L00946,L00834,1004,2026-06-26 22:39:20,NEFT,0,,22
TXN_04433,L00547,L00456,439,2026-06-26 22:45:30,UPI,0,,22
TXN_04651,L00333,L00770,34743,2026-06-26 22:45:54,UPI,0,,22
TXN_00246,VACC_0050,M00078,96000,2026-06-26 22:48:00,IMPS,1,VIC_0050,22
TXN_00784,VACC_0144,M00156,16000,2026-06-26 23:13:00,NEFT,1,VIC_0144,23
TXN_03925,L00286,L00666,12069,2026-06-27 00:05:13,UPI,0,,0
TXN_00039,VACC_0009,M00005,10000,2026-06-27 00:26:00,UPI,1,VIC_0009,0
TXN_00667,VACC_0125,M00153,15000,2026-06-27 00:27:00,NEFT,1,VIC_0125,0
TXN_02314,VACC_0417,M00105,15000,2026-06-27 00:35:00,UPI,1,VIC_0417,0
TXN_04596,L00583,L00404,981,2026-06-27 00:48:04,UPI,0,,0
TXN_00785,VACC_0144,M00121,20999,2026-06-27 00:55:00,UPI,1,VIC_0144,0
TXN_00786,VACC_0144,M00121,21000,2026-06-27 01:31:00,UPI,1,VIC_0144,1
TXN_04253,L00658,L00804,7309,2026-06-27 02:00:05,IMPS,0,,2
TXN_02315,VACC_0417,M00070,40500,2026-06-27 02:22:00,UPI,1,VIC_0417,2
TXN_03657,L00241,L00406,1074,2026-06-27 02:36:25,UPI,0,,2
TXN_02316,VACC_0417,M00140,101000,2026-06-27 02:38:00,UPI,1,VIC_0417,2
TXN_00668,VACC_0125,M00048,50500,2026-06-27 02:40:00,IMPS,1,VIC_0125,2
TXN_03243,M00027,M00132,60000,2026-06-27 02:45:00,UPI,1,,2
TXN_03373,M00024,M00164,50000,2026-06-27 03:11:00,IMPS,1,,3
TXN_00040,VACC_0009,M00005,75500,2026-06-27 03:21:00,IMPS,1,VIC_0009,3
TXN_00559,VACC_0106,M00081,40000,2026-06-27 03:58:00,UPI,1,VIC_0106,3
TXN_02266,VACC_0407,M00069,20999,2026-06-27 03:59:00,UPI,1,VIC_0407,3
TXN_02317,VACC_0417,M00035,40999,2026-06-27 04:03:00,UPI,1,VIC_0417,4
TXN_03933,L00811,L00945,10826,2026-06-27 04:06:44,UPI,0,,4
TXN_00560,VACC_0106,M00011,95000,2026-06-27 04:09:00,UPI,1,VIC_0106,4
TXN_04023,L00444,L00779,413,2026-06-27 04:16:20,UPI,0,,4
TXN_02863,M00129,M00164,15000,2026-06-27 04:20:00,IMPS,1,,4
TXN_00787,VACC_0144,M00156,11000,2026-06-27 04:22:00,NEFT,1,VIC_0144,4
TXN_03626,L00153,L00336,466,2026-06-27 04:30:17,NEFT,0,,4
TXN_00669,VACC_0125,M00118,101000,2026-06-27 04:32:00,UPI,1,VIC_0125,4
TXN_02267,VACC_0407,M00104,21000,2026-06-27 04:46:00,IMPS,1,VIC_0407,4
TXN_00561,VACC_0106,M00046,16000,2026-06-27 05:07:00,UPI,1,VIC_0106,5
TXN_02268,VACC_0407,M00104,51000,2026-06-27 05:17:00,UPI,1,VIC_0407,5
TXN_00041,VACC_0009,M00075,15500,2026-06-27 05:30:00,IMPS,1,VIC_0009,5
TXN_00788,VACC_0144,M00191,101000,2026-06-27 05:51:00,NEFT,1,VIC_0144,5
TXN_00789,VACC_0144,M00156,40500,2026-06-27 06:02:00,UPI,1,VIC_0144,6
TXN_00042,VACC_0009,M00005,40000,2026-06-27 06:21:00,UPI,1,VIC_0009,6
TXN_00562,VACC_0106,M00046,20999,2026-06-27 06:29:00,UPI,1,VIC_0106,6
TXN_00670,VACC_0125,M00048,10000,2026-06-27 06:31:00,UPI,1,VIC_0125,6
TXN_02269,VACC_0407,M00034,95999,2026-06-27 06:36:00,IMPS,1,VIC_0407,6
TXN_00374,VACC_0076,M00043,100500,2026-06-27 06:40:00,UPI,1,VIC_0076,6
TXN_00790,VACC_0144,M00121,20500,2026-06-27 07:18:00,IMPS,1,VIC_0144,7
TXN_00043,VACC_0009,M00180,41000,2026-06-27 07:30:00,UPI,1,VIC_0009,7
TXN_00671,VACC_0125,M00083,95500,2026-06-27 07:41:00,UPI,1,VIC_0125,7
TXN_00563,VACC_0106,M00081,95999,2026-06-27 08:10:00,IMPS,1,VIC_0106,8
TXN_00672,VACC_0125,M00118,95999,2026-06-27 08:23:00,UPI,1,VIC_0125,8
TXN_00791,VACC_0144,M00051,20500,2026-06-27 08:35:00,UPI,1,VIC_0144,8
TXN_00792,VACC_0144,M00086,50999,2026-06-27 08:54:00,UPI,1,VIC_0144,8
TXN_02270,VACC_0407,M00104,25500,2026-06-27 09:09:00,UPI,1,VIC_0407,9
TXN_02892,M00100,M00065,50000,2026-06-27 14:09:00,UPI,1,,14
TXN_03886,L00919,L00106,32153,2026-06-27 15:31:15,UPI,0,,15
TXN_04938,L00838,L00294,17218,2026-06-27 15:45:14,NEFT,0,,15
TXN_01840,VACC_0332,M00062,16000,2026-06-27 16:00:00,UPI,1,VIC_0332,16
TXN_01388,VACC_0251,M00056,95999,2026-06-27 16:16:00,UPI,1,VIC_0251,16
TXN_03304,M00023,M00163,50000,2026-06-27 16:59:00,IMPS,1,,16
TXN_04616,L00087,L00542,35800,2026-06-27 17:21:06,IMPS,0,,17
TXN_01841,VACC_0332,M00167,95999,2026-06-27 18:08:00,IMPS,1,VIC_0332,18
TXN_02936,M00006,M00111,25000,2026-06-27 18:14:00,IMPS,1,,18
TXN_01389,VACC_0251,M00126,101000,2026-06-27 18:52:00,UPI,1,VIC_0251,18
TXN_01842,VACC_0332,M00027,75000,2026-06-27 19:08:00,UPI,1,VIC_0332,19
TXN_03337,M00175,M00140,50000,2026-06-27 19:29:00,IMPS,1,,19
TXN_01269,VACC_0230,M00019,15000,2026-06-27 19:36:00,UPI,1,VIC_0230,19
TXN_03202,M00078,M00008,15000,2026-06-27 19:42:00,IMPS,1,,19
TXN_04810,L00053,L00658,968,2026-06-27 20:02:02,NEFT,0,,20
TXN_01270,VACC_0230,M00194,21000,2026-06-27 20:18:00,IMPS,1,VIC_0230,20
TXN_01843,VACC_0332,M00097,20000,2026-06-27 20:32:00,UPI,1,VIC_0332,20
TXN_04463,L00645,L00751,814,2026-06-27 20:35:00,UPI,0,,20
TXN_03496,M00029,M00099,35000,2026-06-27 21:44:00,IMPS,1,,21
TXN_01271,VACC_0230,M00124,41000,2026-06-27 22:21:00,IMPS,1,VIC_0230,22
TXN_02675,VACC_0477,M00075,95500,2026-06-27 22:33:00,UPI,1,VIC_0477,22
TXN_01272,VACC_0230,M00159,20000,2026-06-27 23:02:00,UPI,1,VIC_0230,23
TXN_02604,VACC_0465,M00056,21000,2026-06-27 23:03:00,UPI,1,VIC_0465,23
TXN_04579,L00077,L00376,2235,2026-06-27 23:11:28,UPI,0,,23
TXN_01844,VACC_0332,M00097,25500,2026-06-27 23:28:00,NEFT,1,VIC_0332,23
TXN_02381,VACC_0429,M00175,50000,2026-06-27 23:37:00,IMPS,1,VIC_0429,23
TXN_01845,VACC_0332,M00167,95500,2026-06-27 23:42:00,IMPS,1,VIC_0332,23
TXN_04829,L00181,L00263,12615,2026-06-27 23:56:59,UPI,0,,23
TXN_01273,VACC_0230,M00159,16000,2026-06-27 23:59:00,IMPS,1,VIC_0230,23
TXN_01923,VACC_0347,M00169,100999,2026-06-27 23:59:00,UPI,1,VIC_0347,23
TXN_01846,VACC_0332,M00132,40999,2026-06-28 00:14:00,UPI,1,VIC_0332,0
TXN_03620,L00652,L00251,1677,2026-06-28 00:15:23,UPI,0,,0
TXN_01847,VACC_0332,M00167,21000,2026-06-28 00:30:00,IMPS,1,VIC_0332,0
TXN_03618,L00384,L00326,9138,2026-06-28 00:47:28,NEFT,0,,0
TXN_01848,VACC_0332,M00167,40000,2026-06-28 01:29:00,UPI,1,VIC_0332,1
TXN_02382,VACC_0429,M00175,50500,2026-06-28 01:29:00,UPI,1,VIC_0429,1
TXN_02605,VACC_0465,M00196,10999,2026-06-28 01:47:00,UPI,1,VIC_0465,1
TXN_02894,M00120,M00085,35000,2026-06-28 02:16:00,IMPS,1,,2
TXN_02383,VACC_0429,M00175,101000,2026-06-28 02:20:00,UPI,1,VIC_0429,2
TXN_03064,M00168,M00133,35000,2026-06-28 02:36:00,UPI,1,,2
TXN_03885,L00734,L00676,3094,2026-06-28 02:46:04,UPI,0,,2
TXN_03047,M00175,M00140,25000,2026-06-28 02:49:00,IMPS,1,,2
TXN_02606,VACC_0465,M00196,75999,2026-06-28 03:14:00,UPI,1,VIC_0465,3
TXN_02492,VACC_0445,M00175,15500,2026-06-28 03:15:00,UPI,1,VIC_0445,3
TXN_04337,L00453,L00713,1024,2026-06-28 03:24:59,UPI,0,,3
TXN_03943,L00180,L00651,953,2026-06-28 03:28:11,UPI,0,,3
TXN_01882,VACC_0340,M00132,25999,2026-06-28 03:46:00,IMPS,1,VIC_0340,3
TXN_02607,VACC_0465,M00021,100500,2026-06-28 03:56:00,NEFT,1,VIC_0465,3
TXN_02493,VACC_0445,M00035,25999,2026-06-28 04:04:00,UPI,1,VIC_0445,4
TXN_01883,VACC_0340,M00062,100999,2026-06-28 04:07:00,UPI,1,VIC_0340,4
TXN_04702,L00345,L00437,9638,2026-06-28 04:14:38,IMPS,0,,4
TXN_04452,L00433,L00077,6817,2026-06-28 04:14:56,UPI,0,,4
TXN_03170,M00064,M00099,60000,2026-06-28 04:16:00,UPI,1,,4
TXN_01849,VACC_0332,M00167,101000,2026-06-28 04:21:00,UPI,1,VIC_0332,4
TXN_02384,VACC_0429,M00140,11000,2026-06-28 04:29:00,UPI,1,VIC_0429,4
TXN_02608,VACC_0465,M00196,11000,2026-06-28 04:37:00,IMPS,1,VIC_0465,4
TXN_02609,VACC_0465,M00161,95999,2026-06-28 04:44:00,UPI,1,VIC_0465,4
TXN_02610,VACC_0465,M00161,40500,2026-06-28 04:51:00,UPI,1,VIC_0465,4
TXN_01938,VACC_0353,M00066,95500,2026-06-28 05:10:00,UPI,1,VIC_0353,5
TXN_02494,VACC_0445,M00035,21000,2026-06-28 05:14:00,IMPS,1,VIC_0445,5
TXN_01884,VACC_0340,M00062,20000,2026-06-28 06:30:00,UPI,1,VIC_0340,6
TXN_03650,L00596,L00411,16616,2026-06-28 06:41:49,UPI,0,,6
TXN_01850,VACC_0332,M00062,100500,2026-06-28 06:49:00,UPI,1,VIC_0332,6
TXN_02495,VACC_0445,M00035,50000,2026-06-28 06:53:00,UPI,1,VIC_0445,6
TXN_01939,VACC_0353,M00136,50000,2026-06-28 07:02:00,UPI,1,VIC_0353,7
TXN_02611,VACC_0465,M00091,50500,2026-06-28 07:03:00,UPI,1,VIC_0465,7
TXN_02385,VACC_0429,M00175,95500,2026-06-28 07:06:00,IMPS,1,VIC_0429,7
TXN_01940,VACC_0353,M00171,10999,2026-06-28 07:38:00,IMPS,1,VIC_0353,7
TXN_01941,VACC_0353,M00101,101000,2026-06-28 08:03:00,UPI,1,VIC_0353,8
TXN_02496,VACC_0445,M00140,15000,2026-06-28 08:46:00,UPI,1,VIC_0445,8
TXN_02497,VACC_0445,M00035,51000,2026-06-28 11:36:00,UPI,1,VIC_0445,11
TXN_03274,M00001,M00106,15000,2026-06-28 15:30:00,UPI,1,,15
TXN_02823,M00032,M00137,50000,2026-06-28 16:11:00,IMPS,1,,16
TXN_04153,L00100,L00217,763,2026-06-28 16:33:21,NEFT,0,,16
TXN_00476,VACC_0093,M00185,40000,2026-06-28 16:56:00,UPI,1,VIC_0093,16
TXN_03828,L00281,L00904,2416,2026-06-28 18:15:37,UPI,0,,18
TXN_03221,M00026,M00166,50000,2026-06-28 18:17:00,IMPS,1,,18
TXN_03479,M00167,M00132,35000,2026-06-28 18:34:00,UPI,1,,18
TXN_01470,VACC_0268,M00126,11000,2026-06-28 18:52:00,UPI,1,VIC_0268,18
TXN_01727,VACC_0314,M00097,95500,2026-06-28 18:53:00,UPI,1,VIC_0314,18
TXN_03296,M00154,M00014,60000,2026-06-28 19:44:00,IMPS,1,,19
TXN_03844,L00519,L00046,2867,2026-06-28 19:46:09,UPI,0,,19
TXN_01855,VACC_0335,M00097,75500,2026-06-28 19:49:00,UPI,1,VIC_0335,19
TXN_00477,VACC_0093,M00080,100500,2026-06-28 19:50:00,UPI,1,VIC_0093,19
TXN_00619,VACC_0116,M00082,25000,2026-06-28 19:58:00,UPI,1,VIC_0116,19
TXN_01471,VACC_0268,M00196,26000,2026-06-28 20:15:00,UPI,1,VIC_0268,20
TXN_01728,VACC_0314,M00062,16000,2026-06-28 20:22:00,IMPS,1,VIC_0314,20
TXN_01192,VACC_0215,M00193,25999,2026-06-28 20:27:00,UPI,1,VIC_0215,20
TXN_04942,L00678,L00378,2049,2026-06-28 20:39:42,UPI,0,,20
TXN_04777,L00195,L00759,985,2026-06-28 20:41:28,UPI,0,,20
TXN_03261,M00009,M00044,60000,2026-06-28 20:43:00,NEFT,1,,20
TXN_01193,VACC_0215,M00158,11000,2026-06-28 20:54:00,IMPS,1,VIC_0215,20
TXN_03203,M00084,M00049,25000,2026-06-28 20:55:00,IMPS,1,,20
TXN_01194,VACC_0215,M00053,51000,2026-06-28 21:01:00,IMPS,1,VIC_0215,21
TXN_03086,M00152,M00117,15000,2026-06-28 21:05:00,IMPS,1,,21
TXN_00898,VACC_0166,M00156,20999,2026-06-28 21:10:00,IMPS,1,VIC_0166,21
TXN_01856,VACC_0335,M00027,96000,2026-06-28 21:37:00,UPI,1,VIC_0335,21
TXN_00899,VACC_0166,M00051,10999,2026-06-28 21:51:00,UPI,1,VIC_0166,21
TXN_00478,VACC_0093,M00045,95000,2026-06-28 22:39:00,UPI,1,VIC_0093,22
TXN_00620,VACC_0116,M00012,50999,2026-06-28 22:54:00,IMPS,1,VIC_0116,22
TXN_00621,VACC_0116,M00152,20000,2026-06-28 23:04:00,UPI,1,VIC_0116,23
TXN_01472,VACC_0268,M00056,95500,2026-06-28 23:04:00,UPI,1,VIC_0268,23
TXN_00900,VACC_0166,M00086,75000,2026-06-28 23:07:00,IMPS,1,VIC_0166,23
TXN_01195,VACC_0215,M00018,20999,2026-06-28 23:10:00,NEFT,1,VIC_0215,23
TXN_00622,VACC_0116,M00187,10500,2026-06-28 23:12:00,UPI,1,VIC_0116,23
TXN_01196,VACC_0215,M00053,100500,2026-06-28 23:15:00,IMPS,1,VIC_0215,23
TXN_04055,L00419,L00907,13104,2026-06-28 23:15:17,UPI,0,,23
TXN_04591,L00121,L00298,1607,2026-06-28 23:25:56,IMPS,0,,23
TXN_01857,VACC_0335,M00027,26000,2026-06-28 23:31:00,UPI,1,VIC_0335,23
TXN_03986,L00255,L00821,34178,2026-06-28 23:35:39,UPI,0,,23
TXN_00479,VACC_0093,M00115,21000,2026-06-28 23:43:00,UPI,1,VIC_0093,23
TXN_02799,VACC_0499,M00191,76000,2026-06-28 23:50:00,UPI,1,VIC_0499,23
TXN_02860,M00146,M00076,60000,2026-06-28 23:55:00,IMPS,1,,23
TXN_03867,L00019,L00622,6405,2026-06-29 00:01:56,UPI,0,,0
TXN_01473,VACC_0268,M00161,40000,2026-06-29 00:21:00,UPI,1,VIC_0268,0
TXN_01858,VACC_0335,M00132,96000,2026-06-29 00:26:00,UPI,1,VIC_0335,0
TXN_04518,L00130,L00147,10913,2026-06-29 00:26:36,UPI,0,,0
TXN_00480,VACC_0093,M00045,10999,2026-06-29 00:37:00,UPI,1,VIC_0093,0
TXN_01197,VACC_0215,M00088,10999,2026-06-29 01:23:00,UPI,1,VIC_0215,1
TXN_00481,VACC_0093,M00045,96000,2026-06-29 01:46:00,NEFT,1,VIC_0093,1
TXN_00901,VACC_0166,M00051,15500,2026-06-29 01:46:00,NEFT,1,VIC_0166,1
TXN_01474,VACC_0268,M00021,50999,2026-06-29 01:48:00,UPI,1,VIC_0268,1
TXN_03585,L00784,L00369,11723,2026-06-29 02:29:57,NEFT,0,,2
TXN_01859,VACC_0335,M00132,25500,2026-06-29 02:33:00,UPI,1,VIC_0335,2
TXN_04610,L00006,L00359,3164,2026-06-29 02:41:19,IMPS,0,,2
TXN_00183,VACC_0039,M00076,11000,2026-06-29 02:50:00,UPI,1,VIC_0039,2
TXN_04851,L00152,L00924,26676,2026-06-29 02:55:57,UPI,0,,2
TXN_02521,VACC_0450,M00105,10999,2026-06-29 02:59:00,UPI,1,VIC_0450,2
TXN_00184,VACC_0039,M00006,95999,2026-06-29 03:07:00,UPI,1,VIC_0039,3
TXN_03262,M00008,M00043,50000,2026-06-29 03:12:00,IMPS,1,,3
TXN_03329,M00116,M00011,35000,2026-06-29 03:16:00,IMPS,1,,3
TXN_04794,L00526,L00467,606,2026-06-29 03:18:02,UPI,0,,3
TXN_00181,VACC_0038,M00111,25500,2026-06-29 03:32:00,UPI,1,VIC_0038,3
TXN_00482,VACC_0093,M00010,96000,2026-06-29 03:33:00,UPI,1,VIC_0093,3
TXN_01860,VACC_0335,M00167,50000,2026-06-29 03:40:00,IMPS,1,VIC_0335,3
TXN_01475,VACC_0268,M00161,95500,2026-06-29 03:43:00,UPI,1,VIC_0268,3
TXN_01638,VACC_0296,M00025,51000,2026-06-29 03:52:00,IMPS,1,VIC_0296,3
TXN_00902,VACC_0166,M00191,15500,2026-06-29 04:07:00,IMPS,1,VIC_0166,4
TXN_02522,VACC_0450,M00035,40500,2026-06-29 04:09:00,UPI,1,VIC_0450,4
TXN_00185,VACC_0039,M00181,100000,2026-06-29 05:03:00,UPI,1,VIC_0039,5
TXN_00186,VACC_0039,M00111,95000,2026-06-29 05:24:00,UPI,1,VIC_0039,5
TXN_01861,VACC_0335,M00167,10000,2026-06-29 05:43:00,UPI,1,VIC_0335,5
TXN_00483,VACC_0093,M00010,75000,2026-06-29 05:51:00,UPI,1,VIC_0093,5
TXN_01476,VACC_0268,M00126,100999,2026-06-29 05:55:00,UPI,1,VIC_0268,5
TXN_00182,VACC_0038,M00181,75999,2026-06-29 06:31:00,IMPS,1,VIC_0038,6
TXN_01639,VACC_0296,M00200,11000,2026-06-29 06:36:00,UPI,1,VIC_0296,6
TXN_01477,VACC_0268,M00056,101000,2026-06-29 06:37:00,UPI,1,VIC_0268,6
TXN_00484,VACC_0093,M00115,50500,2026-06-29 06:40:00,UPI,1,VIC_0093,6
TXN_00903,VACC_0166,M00121,40500,2026-06-29 06:49:00,UPI,1,VIC_0166,6
TXN_02523,VACC_0450,M00175,20000,2026-06-29 07:02:00,IMPS,1,VIC_0450,7
TXN_01862,VACC_0335,M00027,21000,2026-06-29 07:21:00,UPI,1,VIC_0335,7
TXN_00904,VACC_0166,M00191,51000,2026-06-29 07:34:00,UPI,1,VIC_0166,7
TXN_00187,VACC_0039,M00146,101000,2026-06-29 07:38:00,UPI,1,VIC_0039,7
TXN_01478,VACC_0268,M00126,50999,2026-06-29 07:47:00,UPI,1,VIC_0268,7
TXN_02524,VACC_0450,M00140,50999,2026-06-29 08:12:00,NEFT,1,VIC_0450,8
TXN_00905,VACC_0166,M00051,41000,2026-06-29 08:32:00,UPI,1,VIC_0166,8
TXN_01863,VACC_0335,M00167,20999,2026-06-29 08:51:00,IMPS,1,VIC_0335,8
TXN_00485,VACC_0093,M00185,95999,2026-06-29 09:28:00,UPI,1,VIC_0093,9
TXN_02525,VACC_0450,M00140,41000,2026-06-29 09:56:00,UPI,1,VIC_0450,9
TXN_00906,VACC_0166,M00016,95000,2026-06-29 10:21:00,UPI,1,VIC_0166,10
TXN_00907,VACC_0166,M00016,15000,2026-06-29 10:43:00,IMPS,1,VIC_0166,10
TXN_01864,VACC_0335,M00167,100000,2026-06-29 10:48:00,UPI,1,VIC_0335,10
TXN_00486,VACC_0093,M00115,50500,2026-06-29 10:52:00,UPI,1,VIC_0093,10
TXN_00908,VACC_0166,M00191,95999,2026-06-29 11:34:00,IMPS,1,VIC_0166,11
TXN_00487,VACC_0093,M00115,101000,2026-06-29 11:52:00,UPI,1,VIC_0093,11
TXN_00909,VACC_0166,M00086,50000,2026-06-29 12:46:00,UPI,1,VIC_0166,12
TXN_00910,VACC_0166,M00086,10999,2026-06-29 13:16:00,UPI,1,VIC_0166,13
TXN_00911,VACC_0166,M00051,50000,2026-06-29 13:41:00,UPI,1,VIC_0166,13
TXN_00488,VACC_0093,M00045,26000,2026-06-29 13:49:00,UPI,1,VIC_0093,13
TXN_00912,VACC_0166,M00086,20000,2026-06-29 14:35:00,UPI,1,VIC_0166,14
TXN_00489,VACC_0093,M00115,76000,2026-06-29 14:49:00,UPI,1,VIC_0093,14
TXN_00490,VACC_0093,M00045,95500,2026-06-29 14:57:00,UPI,1,VIC_0093,14
TXN_02850,M00054,M00019,35000,2026-06-29 14:58:00,IMPS,1,,14
TXN_00491,VACC_0093,M00045,25999,2026-06-29 16:31:00,IMPS,1,VIC_0093,16
TXN_04680,L00683,L00841,10124,2026-06-29 16:40:42,NEFT,0,,16
TXN_03623,L00602,L00194,1311,2026-06-29 16:47:26,UPI,0,,16
TXN_02526,VACC_0451,M00175,11000,2026-06-29 17:03:00,UPI,1,VIC_0451,17
TXN_00913,VACC_0166,M00051,40999,2026-06-29 17:19:00,NEFT,1,VIC_0166,17
TXN_03311,M00043,M00078,50000,2026-06-29 17:33:00,UPI,1,,17
TXN_02527,VACC_0451,M00140,76000,2026-06-29 17:56:00,UPI,1,VIC_0451,17
TXN_03246,M00183,M00113,50000,2026-06-29 18:11:00,IMPS,1,,18
TXN_03749,L00582,L00645,1018,2026-06-29 19:01:47,UPI,0,,19
TXN_03816,L00180,L00426,12941,2026-06-29 19:04:50,UPI,0,,19
TXN_04587,L00936,L00696,13079,2026-06-29 19:07:52,IMPS,0,,19
TXN_03503,L00676,L00639,10632,2026-06-29 19:17:50,UPI,0,,19
TXN_03225,M00098,M00063,15000,2026-06-29 19:20:00,IMPS,1,,19
TXN_00914,VACC_0166,M00156,15999,2026-06-29 19:55:00,UPI,1,VIC_0166,19
TXN_02528,VACC_0451,M00035,10000,2026-06-29 20:19:00,IMPS,1,VIC_0451,20
TXN_04228,L00092,L00109,417,2026-06-29 21:01:57,IMPS,0,,21
TXN_04470,L00620,L00168,2172,2026-06-29 21:16:20,UPI,0,,21
TXN_03408,M00008,M00148,60000,2026-06-29 22:04:00,UPI,1,,22
TXN_02529,VACC_0451,M00070,15000,2026-06-29 22:41:00,UPI,1,VIC_0451,22
TXN_02530,VACC_0451,M00175,15000,2026-06-29 22:54:00,UPI,1,VIC_0451,22
TXN_04456,L00168,L00410,1119,2026-06-29 23:07:47,UPI,0,,23
TXN_03075,M00061,M00026,50000,2026-06-29 23:21:00,IMPS,1,,23
TXN_03121,M00078,M00148,25000,2026-06-29 23:37:00,NEFT,1,,23
TXN_02508,VACC_0449,M00105,10999,2026-06-29 23:59:00,UPI,1,VIC_0449,23
TXN_02531,VACC_0451,M00140,16000,2026-06-30 00:07:00,IMPS,1,VIC_0451,0
TXN_02509,VACC_0449,M00070,51000,2026-06-30 00:43:00,IMPS,1,VIC_0449,0
TXN_04739,L00761,L00617,9713,2026-06-30 01:14:21,UPI,0,,1
TXN_03908,L00525,L00111,32832,2026-06-30 01:56:51,NEFT,0,,1
TXN_02510,VACC_0449,M00105,25500,2026-06-30 02:42:00,UPI,1,VIC_0449,2
TXN_03139,M00033,M00103,60000,2026-06-30 02:57:00,IMPS,1,,2
TXN_04593,L00301,L00272,1854,2026-06-30 03:17:10,UPI,0,,3
TXN_03783,L00761,L00071,14858,2026-06-30 03:31:32,NEFT,0,,3
TXN_03691,L00342,L00202,2127,2026-06-30 04:29:14,UPI,0,,4
TXN_02511,VACC_0449,M00105,50500,2026-06-30 04:30:00,IMPS,1,VIC_0449,4
TXN_03924,L00674,L00835,7668,2026-06-30 04:33:15,UPI,0,,4
TXN_03468,M00184,M00009,60000,2026-06-30 04:39:00,UPI,1,,4
TXN_04254,L00576,L00990,693,2026-06-30 04:54:12,UPI,0,,4
TXN_02512,VACC_0449,M00140,100500,2026-06-30 05:21:00,UPI,1,VIC_0449,5
TXN_01027,VACC_0182,M00156,96000,2026-06-30 05:25:00,NEFT,1,VIC_0182,5
TXN_02717,VACC_0483,M00005,10999,2026-06-30 05:54:00,UPI,1,VIC_0483,5
TXN_04131,L00061,L00768,19934,2026-06-30 05:55:40,NEFT,0,,5
TXN_03054,M00079,M00184,60000,2026-06-30 06:26:00,IMPS,1,,6
TXN_02513,VACC_0449,M00035,50500,2026-06-30 06:33:00,UPI,1,VIC_0449,6
TXN_04543,L00079,L00748,24985,2026-06-30 06:37:30,UPI,0,,6
TXN_04502,L00623,L00102,7351,2026-06-30 06:54:28,UPI,0,,6
TXN_01028,VACC_0182,M00156,75999,2026-06-30 06:56:00,IMPS,1,VIC_0182,6
TXN_02514,VACC_0449,M00035,10500,2026-06-30 08:33:00,UPI,1,VIC_0449,8
TXN_01029,VACC_0182,M00191,101000,2026-06-30 08:49:00,UPI,1,VIC_0182,8
TXN_02515,VACC_0449,M00140,75000,2026-06-30 09:59:00,UPI,1,VIC_0449,9
TXN_01030,VACC_0182,M00121,20000,2026-06-30 10:35:00,IMPS,1,VIC_0182,10
TXN_01031,VACC_0182,M00156,10999,2026-06-30 11:08:00,UPI,1,VIC_0182,11
TXN_02516,VACC_0449,M00070,25500,2026-06-30 11:26:00,UPI,1,VIC_0449,11
TXN_01032,VACC_0182,M00016,15500,2026-06-30 14:03:00,UPI,1,VIC_0182,14
TXN_02517,VACC_0449,M00105,10000,2026-06-30 14:05:00,IMPS,1,VIC_0449,14
TXN_03396,M00041,M00146,35000,2026-06-30 14:21:00,IMPS,1,,14
TXN_02518,VACC_0449,M00175,50000,2026-06-30 14:39:00,UPI,1,VIC_0449,14
TXN_03369,M00068,M00138,25000,2026-06-30 14:45:00,IMPS,1,,14
TXN_01033,VACC_0182,M00191,95000,2026-06-30 14:49:00,IMPS,1,VIC_0182,14
TXN_03500,M00147,M00112,15000,2026-06-30 14:52:00,IMPS,1,,14
TXN_01034,VACC_0182,M00051,21000,2026-06-30 15:26:00,UPI,1,VIC_0182,15
TXN_03148,M00126,M00196,50000,2026-06-30 15:29:00,UPI,1,,15
TXN_02519,VACC_0449,M00175,100999,2026-06-30 15:32:00,UPI,1,VIC_0449,15
TXN_02520,VACC_0449,M00140,76000,2026-06-30 15:37:00,IMPS,1,VIC_0449,15
TXN_03761,L00917,L00312,1478,2026-06-30 15:43:07,UPI,0,,15
TXN_03633,L00501,L00215,38491,2026-06-30 15:44:48,NEFT,0,,15
TXN_02930,M00132,M00097,50000,2026-06-30 15:48:00,UPI,1,,15
TXN_04783,L00449,L00769,1967,2026-06-30 15:57:43,UPI,0,,15
TXN_04626,L00439,L00914,8652,2026-06-30 16:01:54,UPI,0,,16
TXN_00988,VACC_0176,M00051,20500,2026-06-30 16:13:00,UPI,1,VIC_0176,16
TXN_02912,M00101,M00066,25000,2026-06-30 16:24:00,IMPS,1,,16
TXN_04608,L00337,L00306,8182,2026-06-30 16:24:50,UPI,0,,16
TXN_04212,L00586,L00804,13777,2026-06-30 16:52:38,UPI,0,,16
TXN_01035,VACC_0182,M00086,75999,2026-06-30 16:53:00,UPI,1,VIC_0182,16
TXN_04504,L00175,L00326,1642,2026-06-30 16:53:33,IMPS,0,,16
TXN_03374,M00027,M00167,50000,2026-06-30 17:53:00,UPI,1,,17
TXN_04334,L00312,L00469,2454,2026-06-30 17:57:44,UPI,0,,17
TXN_04525,L00256,L00695,11013,2026-06-30 17:59:38,UPI,0,,17
TXN_00989,VACC_0176,M00051,40500,2026-06-30 18:13:00,UPI,1,VIC_0176,18
TXN_02214,VACC_0399,M00069,15999,2026-06-30 18:14:00,UPI,1,VIC_0399,18
TXN_01043,VACC_0184,M00121,95999,2026-06-30 18:15:00,UPI,1,VIC_0184,18
TXN_01044,VACC_0184,M00121,50500,2026-06-30 18:34:00,IMPS,1,VIC_0184,18
TXN_02215,VACC_0399,M00104,26000,2026-06-30 18:34:00,UPI,1,VIC_0399,18
TXN_01037,VACC_0183,M00086,25500,2026-06-30 18:37:00,UPI,1,VIC_0183,18
TXN_01036,VACC_0182,M00086,20500,2026-06-30 18:38:00,UPI,1,VIC_0182,18
TXN_01373,VACC_0248,M00161,21000,2026-06-30 19:04:00,UPI,1,VIC_0248,19
TXN_03806,L00590,L00041,2229,2026-06-30 19:15:52,UPI,0,,19
TXN_01045,VACC_0184,M00156,40999,2026-06-30 19:27:00,UPI,1,VIC_0184,19
TXN_01038,VACC_0183,M00086,40999,2026-06-30 19:53:00,UPI,1,VIC_0183,19
TXN_01046,VACC_0184,M00051,16000,2026-06-30 20:01:00,UPI,1,VIC_0184,20
TXN_00990,VACC_0176,M00191,16000,2026-06-30 20:14:00,UPI,1,VIC_0176,20
TXN_01374,VACC_0248,M00021,40500,2026-06-30 20:30:00,UPI,1,VIC_0248,20
TXN_02958,M00074,M00179,25000,2026-06-30 21:14:00,UPI,1,,21
TXN_02216,VACC_0399,M00139,16000,2026-06-30 21:27:00,IMPS,1,VIC_0399,21
TXN_01245,VACC_0225,M00124,50500,2026-06-30 21:37:00,UPI,1,VIC_0225,21
TXN_01039,VACC_0183,M00016,15500,2026-06-30 21:38:00,UPI,1,VIC_0183,21
TXN_03346,M00175,M00105,60000,2026-06-30 21:38:00,UPI,1,,21
TXN_02993,M00058,M00163,60000,2026-06-30 21:42:00,IMPS,1,,21
TXN_00150,VACC_0031,M00181,95000,2026-06-30 21:57:00,UPI,1,VIC_0031,21
TXN_03720,L00480,L00740,1070,2026-06-30 21:58:39,UPI,0,,21
TXN_01047,VACC_0184,M00086,25000,2026-06-30 22:00:00,UPI,1,VIC_0184,22
TXN_00991,VACC_0176,M00086,10000,2026-06-30 22:01:00,UPI,1,VIC_0176,22
TXN_04281,L00010,L00552,4643,2026-06-30 22:01:21,UPI,0,,22
TXN_00127,VACC_0028,M00006,100500,2026-06-30 22:21:00,UPI,1,VIC_0028,22
TXN_04948,L00956,L00153,740,2026-06-30 22:25:14,IMPS,0,,22
TXN_01375,VACC_0248,M00021,25500,2026-06-30 22:31:00,UPI,1,VIC_0248,22
TXN_00841,VACC_0152,M00191,95999,2026-06-30 22:46:00,IMPS,1,VIC_0152,22
TXN_03708,L00594,L00776,2492,2026-06-30 22:46:16,IMPS,0,,22
TXN_01040,VACC_0183,M00051,76000,2026-06-30 22:51:00,IMPS,1,VIC_0183,22
TXN_00992,VACC_0176,M00016,100999,2026-06-30 22:58:00,UPI,1,VIC_0176,22
TXN_02217,VACC_0399,M00174,40000,2026-06-30 22:59:00,IMPS,1,VIC_0399,22
TXN_00128,VACC_0028,M00111,50000,2026-06-30 23:21:00,UPI,1,VIC_0028,23
TXN_01503,VACC_0272,M00022,75000,2026-06-30 23:23:00,UPI,1,VIC_0272,23
TXN_03998,L00961,L00210,3802,2026-06-30 23:25:07,UPI,0,,23
TXN_00993,VACC_0176,M00086,25999,2026-06-30 23:35:00,UPI,1,VIC_0176,23
TXN_03794,L00208,L00515,727,2026-06-30 23:36:46,UPI,0,,23
TXN_04186,L00487,L00528,2466,2026-06-30 23:37:57,UPI,0,,23
TXN_01246,VACC_0225,M00124,40999,2026-06-30 23:45:00,UPI,1,VIC_0225,23
TXN_01376,VACC_0248,M00196,20999,2026-07-01 00:01:00,UPI,1,VIC_0248,0
TXN_01377,VACC_0248,M00056,20000,2026-07-01 00:34:00,UPI,1,VIC_0248,0
TXN_01504,VACC_0272,M00197,50000,2026-07-01 00:48:00,NEFT,1,VIC_0272,0
TXN_01041,VACC_0183,M00156,10500,2026-07-01 00:57:00,UPI,1,VIC_0183,0
TXN_00994,VACC_0176,M00156,15000,2026-07-01 01:04:00,UPI,1,VIC_0176,1
TXN_03282,M00031,M00136,35000,2026-07-01 01:04:00,IMPS,1,,1
TXN_04412,L00614,L00712,482,2026-07-01 01:07:39,UPI,0,,1
TXN_00842,VACC_0152,M00051,41000,2026-07-01 01:10:00,UPI,1,VIC_0152,1
TXN_01042,VACC_0183,M00051,25000,2026-07-01 01:15:00,IMPS,1,VIC_0183,1
TXN_00995,VACC_0176,M00016,40500,2026-07-01 01:34:00,UPI,1,VIC_0176,1
TXN_01247,VACC_0225,M00124,40999,2026-07-01 01:35:00,UPI,1,VIC_0225,1
TXN_00843,VACC_0152,M00051,40500,2026-07-01 01:47:00,UPI,1,VIC_0152,1
TXN_00129,VACC_0028,M00181,95999,2026-07-01 02:04:00,UPI,1,VIC_0028,2
TXN_03105,M00032,M00172,50000,2026-07-01 02:19:00,IMPS,1,,2
TXN_00996,VACC_0176,M00051,101000,2026-07-01 02:27:00,UPI,1,VIC_0176,2
TXN_00130,VACC_0028,M00146,26000,2026-07-01 02:33:00,UPI,1,VIC_0028,2
TXN_01248,VACC_0225,M00159,40000,2026-07-01 02:40:00,UPI,1,VIC_0225,2
TXN_01378,VACC_0248,M00091,40000,2026-07-01 02:53:00,UPI,1,VIC_0248,2
TXN_01505,VACC_0272,M00022,75999,2026-07-01 03:38:00,UPI,1,VIC_0272,3
TXN_03239,M00156,M00121,35000,2026-07-01 03:38:00,IMPS,1,,3
TXN_00844,VACC_0152,M00086,41000,2026-07-01 03:47:00,IMPS,1,VIC_0152,3
TXN_01506,VACC_0272,M00092,76000,2026-07-01 04:12:00,UPI,1,VIC_0272,4
TXN_01507,VACC_0272,M00162,95500,2026-07-01 04:20:00,UPI,1,VIC_0272,4
TXN_00131,VACC_0028,M00181,51000,2026-07-01 05:01:00,UPI,1,VIC_0028,5
TXN_00845,VACC_0152,M00191,95000,2026-07-01 05:32:00,UPI,1,VIC_0152,5
TXN_04052,L00394,L00502,1524,2026-07-01 05:48:33,UPI,0,,5
TXN_00132,VACC_0028,M00076,95500,2026-07-01 06:11:00,UPI,1,VIC_0028,6
TXN_00891,VACC_0165,M00016,100500,2026-07-01 06:16:00,IMPS,1,VIC_0165,6
TXN_04074,L00371,L00647,1891,2026-07-01 06:35:55,NEFT,0,,6
TXN_00892,VACC_0165,M00086,95999,2026-07-01 07:06:00,UPI,1,VIC_0165,7
TXN_01508,VACC_0272,M00092,10999,2026-07-01 07:17:00,IMPS,1,VIC_0272,7
TXN_01936,VACC_0352,M00066,11000,2026-07-01 07:46:00,UPI,1,VIC_0352,7
TXN_00846,VACC_0152,M00121,95000,2026-07-01 08:02:00,UPI,1,VIC_0152,8
TXN_00847,VACC_0152,M00156,101000,2026-07-01 08:12:00,IMPS,1,VIC_0152,8
TXN_00133,VACC_0028,M00006,95500,2026-07-01 08:17:00,IMPS,1,VIC_0028,8
TXN_00893,VACC_0165,M00086,20999,2026-07-01 08:43:00,UPI,1,VIC_0165,8
TXN_00134,VACC_0028,M00076,26000,2026-07-01 09:08:00,UPI,1,VIC_0028,9
TXN_01509,VACC_0272,M00022,101000,2026-07-01 09:13:00,IMPS,1,VIC_0272,9
TXN_01937,VACC_0352,M00066,15500,2026-07-01 10:08:00,IMPS,1,VIC_0352,10
TXN_01510,VACC_0272,M00057,50000,2026-07-01 10:28:00,UPI,1,VIC_0272,10
TXN_00135,VACC_0028,M00146,20999,2026-07-01 10:37:00,UPI,1,VIC_0028,10
TXN_00894,VACC_0165,M00121,15000,2026-07-01 10:57:00,UPI,1,VIC_0165,10
TXN_00895,VACC_0165,M00051,40000,2026-07-01 11:20:00,NEFT,1,VIC_0165,11
TXN_01511,VACC_0272,M00057,25500,2026-07-01 11:52:00,UPI,1,VIC_0272,11
TXN_00896,VACC_0165,M00191,20999,2026-07-01 12:29:00,UPI,1,VIC_0165,12
TXN_00136,VACC_0028,M00041,10500,2026-07-01 13:12:00,UPI,1,VIC_0028,13
TXN_00897,VACC_0165,M00016,21000,2026-07-01 13:24:00,UPI,1,VIC_0165,13
TXN_00137,VACC_0028,M00146,10000,2026-07-01 14:40:00,UPI,1,VIC_0028,14
TXN_03848,L00768,L00473,6921,2026-07-01 15:00:25,UPI,0,,15
TXN_03609,L00819,L00639,2374,2026-07-01 15:20:18,UPI,0,,15
TXN_04867,L00437,L00252,278,2026-07-01 15:58:56,IMPS,0,,15
TXN_04419,L00166,L00090,14342,2026-07-01 16:09:20,UPI,0,,16
TXN_00138,VACC_0028,M00006,40000,2026-07-01 16:10:00,UPI,1,VIC_0028,16
TXN_04145,L00241,L00490,24056,2026-07-01 16:19:06,IMPS,0,,16
TXN_04445,L00877,L00853,432,2026-07-01 16:23:21,IMPS,0,,16
TXN_04158,L00273,L00955,518,2026-07-01 16:57:58,NEFT,0,,16
TXN_00139,VACC_0028,M00146,20000,2026-07-01 16:59:00,UPI,1,VIC_0028,16
TXN_03466,M00188,M00153,15000,2026-07-01 17:13:00,UPI,1,,17
TXN_04054,L00603,L00073,1820,2026-07-01 17:18:48,UPI,0,,17
TXN_02107,VACC_0379,M00103,25000,2026-07-01 17:48:00,UPI,1,VIC_0379,17
TXN_00762,VACC_0141,M00154,15000,2026-07-01 17:57:00,UPI,1,VIC_0141,17
TXN_00763,VACC_0141,M00154,26000,2026-07-01 18:02:00,IMPS,1,VIC_0141,18
TXN_00764,VACC_0141,M00084,15500,2026-07-01 18:09:00,IMPS,1,VIC_0141,18
TXN_00451,VACC_0089,M00010,21000,2026-07-01 18:12:00,UPI,1,VIC_0089,18
TXN_01067,VACC_0189,M00157,20500,2026-07-01 18:13:00,UPI,1,VIC_0189,18
TXN_04410,L00920,L00121,489,2026-07-01 18:19:43,UPI,0,,18
TXN_04170,L00365,L00895,1210,2026-07-01 18:24:04,UPI,0,,18
TXN_03223,M00096,M00061,50000,2026-07-01 18:26:00,IMPS,1,,18
TXN_00140,VACC_0028,M00111,50000,2026-07-01 19:30:00,NEFT,1,VIC_0028,19
TXN_03041,M00130,M00200,15000,2026-07-01 19:35:00,IMPS,1,,19
TXN_03842,L00462,L00169,8399,2026-07-01 19:48:47,IMPS,0,,19
TXN_04706,L00312,L00113,12126,2026-07-01 19:54:10,NEFT,0,,19
TXN_00452,VACC_0089,M00185,50999,2026-07-01 20:02:00,UPI,1,VIC_0089,20
TXN_02108,VACC_0379,M00173,10500,2026-07-01 20:12:00,UPI,1,VIC_0379,20
TXN_01399,VACC_0254,M00021,75500,2026-07-01 20:31:00,IMPS,1,VIC_0254,20
TXN_01068,VACC_0189,M00087,75500,2026-07-01 20:32:00,IMPS,1,VIC_0189,20
TXN_00453,VACC_0089,M00115,15000,2026-07-01 20:33:00,UPI,1,VIC_0089,20
TXN_04120,L00671,L00296,27076,2026-07-01 20:51:10,UPI,0,,20
TXN_01785,VACC_0323,M00062,20500,2026-07-01 20:56:00,UPI,1,VIC_0323,20
TXN_01069,VACC_0189,M00017,100500,2026-07-01 20:57:00,UPI,1,VIC_0189,20
TXN_01155,VACC_0207,M00053,96000,2026-07-01 21:32:00,NEFT,1,VIC_0207,21
TXN_04987,L00372,L00572,2819,2026-07-01 21:39:16,IMPS,0,,21
TXN_00141,VACC_0028,M00111,76000,2026-07-01 21:44:00,IMPS,1,VIC_0028,21
TXN_01070,VACC_0189,M00017,16000,2026-07-01 21:52:00,UPI,1,VIC_0189,21
TXN_02940,M00159,M00124,35000,2026-07-01 21:58:00,IMPS,1,,21
TXN_01400,VACC_0254,M00021,96000,2026-07-01 22:05:00,UPI,1,VIC_0254,22
TXN_02109,VACC_0379,M00138,75500,2026-07-01 22:15:00,IMPS,1,VIC_0379,22
TXN_03219,M00025,M00130,60000,2026-07-01 22:20:00,UPI,1,,22
TXN_02110,VACC_0379,M00173,11000,2026-07-01 22:31:00,UPI,1,VIC_0379,22
TXN_03276,M00108,M00178,35000,2026-07-01 22:33:00,IMPS,1,,22
TXN_03477,M00164,M00024,35000,2026-07-01 22:50:00,UPI,1,,22
TXN_01156,VACC_0207,M00193,21000,2026-07-01 22:52:00,UPI,1,VIC_0207,22
TXN_01786,VACC_0323,M00132,25500,2026-07-01 22:59:00,UPI,1,VIC_0323,22
TXN_04202,L00962,L00954,6094,2026-07-01 23:03:11,UPI,0,,23
TXN_00454,VACC_0089,M00150,50500,2026-07-01 23:09:00,UPI,1,VIC_0089,23
TXN_03663,L00261,L00564,1566,2026-07-01 23:33:56,NEFT,0,,23
TXN_01401,VACC_0254,M00126,101000,2026-07-01 23:47:00,UPI,1,VIC_0254,23
TXN_01157,VACC_0207,M00088,15999,2026-07-02 00:04:00,IMPS,1,VIC_0207,0
TXN_00142,VACC_0028,M00181,20000,2026-07-02 00:08:00,IMPS,1,VIC_0028,0
TXN_04306,L00216,L00869,14462,2026-07-02 00:10:00,IMPS,0,,0
TXN_00455,VACC_0089,M00010,76000,2026-07-02 00:19:00,UPI,1,VIC_0089,0
TXN_02555,VACC_0456,M00026,20999,2026-07-02 00:28:00,UPI,1,VIC_0456,0
TXN_04064,L00357,L00522,802,2026-07-02 00:45:55,UPI,0,,0
TXN_02111,VACC_0379,M00138,25999,2026-07-02 01:03:00,UPI,1,VIC_0379,1
TXN_01158,VACC_0207,M00018,100999,2026-07-02 01:14:00,UPI,1,VIC_0207,1
TXN_03355,M00093,M00198,15000,2026-07-02 01:19:00,IMPS,1,,1
TXN_03419,M00121,M00156,25000,2026-07-02 01:30:00,IMPS,1,,1
TXN_02968,M00057,M00022,50000,2026-07-02 01:43:00,IMPS,1,,1
TXN_02112,VACC_0379,M00173,75500,2026-07-02 01:49:00,UPI,1,VIC_0379,1
TXN_01582,VACC_0284,M00059,76000,2026-07-02 02:12:00,UPI,1,VIC_0284,2
TXN_04188,L00193,L00004,38339,2026-07-02 02:23:14,UPI,0,,2
TXN_01159,VACC_0207,M00018,100500,2026-07-02 02:30:00,IMPS,1,VIC_0207,2
TXN_04219,L00896,L00479,30788,2026-07-02 02:32:02,IMPS,0,,2
TXN_02556,VACC_0456,M00166,100000,2026-07-02 02:51:00,IMPS,1,VIC_0456,2
TXN_01160,VACC_0207,M00123,50000,2026-07-02 03:03:00,UPI,1,VIC_0207,3
TXN_01453,VACC_0265,M00161,20000,2026-07-02 03:05:00,NEFT,1,VIC_0265,3
TXN_03266,M00076,M00111,60000,2026-07-02 03:15:00,UPI,1,,3
TXN_01161,VACC_0207,M00193,10999,2026-07-02 03:39:00,NEFT,1,VIC_0207,3
TXN_01675,VACC_0304,M00026,25500,2026-07-02 03:55:00,NEFT,1,VIC_0304,3
TXN_01583,VACC_0284,M00199,15500,2026-07-02 04:23:00,IMPS,1,VIC_0284,4
TXN_02822,M00110,M00145,60000,2026-07-02 04:27:00,IMPS,1,,4
TXN_02369,VACC_0427,M00175,10999,2026-07-02 04:55:00,UPI,1,VIC_0427,4
TXN_01584,VACC_0284,M00199,96000,2026-07-02 05:20:00,IMPS,1,VIC_0284,5
TXN_01454,VACC_0265,M00126,40500,2026-07-02 05:21:00,IMPS,1,VIC_0265,5
TXN_04233,L00785,L00288,5330,2026-07-02 05:22:17,UPI,0,,5
TXN_01162,VACC_0207,M00053,15500,2026-07-02 05:24:00,UPI,1,VIC_0207,5
TXN_01676,VACC_0304,M00166,20000,2026-07-02 05:40:00,UPI,1,VIC_0304,5
TXN_00576,VACC_0108,M00047,15000,2026-07-02 05:49:00,UPI,1,VIC_0108,5
TXN_01108,VACC_0198,M00192,10999,2026-07-02 05:52:00,NEFT,1,VIC_0198,5
TXN_03838,L00079,L00774,12342,2026-07-02 05:57:52,IMPS,0,,5
TXN_03294,M00032,M00137,60000,2026-07-02 06:12:00,IMPS,1,,6
TXN_01585,VACC_0284,M00094,95999,2026-07-02 06:42:00,UPI,1,VIC_0284,6
TXN_01109,VACC_0198,M00087,100500,2026-07-02 06:51:00,UPI,1,VIC_0198,6
TXN_01455,VACC_0265,M00161,100500,2026-07-02 06:57:00,UPI,1,VIC_0265,6
TXN_01456,VACC_0265,M00091,40000,2026-07-02 07:29:00,UPI,1,VIC_0265,7
TXN_02370,VACC_0427,M00035,50500,2026-07-02 07:38:00,UPI,1,VIC_0427,7
TXN_01677,VACC_0304,M00026,40500,2026-07-02 07:41:00,UPI,1,VIC_0304,7
TXN_01163,VACC_0207,M00123,10999,2026-07-02 07:55:00,IMPS,1,VIC_0207,7
TXN_00577,VACC_0108,M00152,20000,2026-07-02 08:39:00,NEFT,1,VIC_0108,8
TXN_02371,VACC_0427,M00175,40500,2026-07-02 08:47:00,UPI,1,VIC_0427,8
TXN_01164,VACC_0207,M00123,100000,2026-07-02 08:48:00,UPI,1,VIC_0207,8
TXN_01678,VACC_0304,M00166,76000,2026-07-02 08:49:00,UPI,1,VIC_0304,8
TXN_01110,VACC_0198,M00017,26000,2026-07-02 08:57:00,UPI,1,VIC_0198,8
TXN_01165,VACC_0207,M00158,96000,2026-07-02 09:05:00,IMPS,1,VIC_0207,9
TXN_01586,VACC_0284,M00164,40999,2026-07-02 09:05:00,UPI,1,VIC_0284,9
TXN_01679,VACC_0304,M00166,75999,2026-07-02 09:17:00,NEFT,1,VIC_0304,9
TXN_00578,VACC_0108,M00012,95000,2026-07-02 09:19:00,UPI,1,VIC_0108,9
TXN_01166,VACC_0207,M00018,40999,2026-07-02 09:29:00,UPI,1,VIC_0207,9
TXN_01167,VACC_0207,M00123,26000,2026-07-02 09:58:00,IMPS,1,VIC_0207,9
TXN_01587,VACC_0284,M00164,75500,2026-07-02 10:40:00,UPI,1,VIC_0284,10
TXN_00579,VACC_0108,M00012,100000,2026-07-02 11:14:00,IMPS,1,VIC_0108,11
TXN_01168,VACC_0207,M00158,95999,2026-07-02 12:07:00,UPI,1,VIC_0207,12
TXN_01588,VACC_0284,M00199,26000,2026-07-02 13:14:00,UPI,1,VIC_0284,13
TXN_03272,M00083,M00153,15000,2026-07-02 14:34:00,IMPS,1,,14
TXN_03128,M00095,M00200,35000,2026-07-02 14:41:00,IMPS,1,,14
TXN_01589,VACC_0284,M00094,16000,2026-07-02 14:57:00,NEFT,1,VIC_0284,14
TXN_04134,L00266,L00924,11614,2026-07-02 15:58:25,UPI,0,,15
TXN_04338,L00495,L00299,6022,2026-07-02 16:06:34,UPI,0,,16
TXN_01590,VACC_0284,M00059,50500,2026-07-02 16:56:00,UPI,1,VIC_0284,16
TXN_04619,L00127,L00936,5555,2026-07-02 17:14:37,NEFT,0,,17
TXN_01409,VACC_0256,M00126,25000,2026-07-02 17:22:00,UPI,1,VIC_0256,17
TXN_03968,L00244,L00946,653,2026-07-02 17:22:12,UPI,0,,17
TXN_02161,VACC_0389,M00174,10999,2026-07-02 17:26:00,UPI,1,VIC_0389,17
TXN_03033,M00056,M00091,25000,2026-07-02 17:28:00,NEFT,1,,17
TXN_04051,L00761,L00383,1303,2026-07-02 17:53:23,UPI,0,,17
TXN_01554,VACC_0279,M00198,50500,2026-07-02 17:56:00,NEFT,1,VIC_0279,17
TXN_03931,L00512,L00105,1978,2026-07-02 18:06:42,IMPS,0,,18
TXN_03217,M00014,M00084,60000,2026-07-02 18:13:00,IMPS,1,,18
TXN_03771,L00291,L00211,4570,2026-07-02 18:24:14,IMPS,0,,18
TXN_04847,L00405,L00160,4148,2026-07-02 18:29:21,UPI,0,,18
TXN_04589,L00553,L00872,423,2026-07-02 19:02:56,UPI,0,,19
TXN_04766,L00495,L00430,13431,2026-07-02 19:04:27,IMPS,0,,19
TXN_02162,VACC_0389,M00174,75500,2026-07-02 19:20:00,UPI,1,VIC_0389,19
TXN_04641,L00340,L00923,880,2026-07-02 19:20:29,UPI,0,,19
TXN_04759,L00867,L00929,19512,2026-07-02 19:33:58,UPI,0,,19
TXN_01555,VACC_0279,M00163,16000,2026-07-02 19:42:00,IMPS,1,VIC_0279,19
TXN_01410,VACC_0256,M00021,96000,2026-07-02 19:45:00,IMPS,1,VIC_0256,19
TXN_04571,L00541,L00701,2454,2026-07-02 19:52:34,IMPS,0,,19
TXN_04817,L00333,L00086,40559,2026-07-02 19:54:53,UPI,0,,19
TXN_01556,VACC_0279,M00128,40000,2026-07-02 20:09:00,UPI,1,VIC_0279,20
TXN_02163,VACC_0389,M00104,100999,2026-07-02 20:57:00,UPI,1,VIC_0389,20
TXN_03370,M00065,M00030,25000,2026-07-02 21:01:00,UPI,1,,21
TXN_03197,M00186,M00116,35000,2026-07-02 21:38:00,IMPS,1,,21
TXN_01411,VACC_0256,M00196,10000,2026-07-02 21:44:00,IMPS,1,VIC_0256,21
TXN_01412,VACC_0256,M00021,100999,2026-07-02 21:55:00,IMPS,1,VIC_0256,21
TXN_02164,VACC_0389,M00104,10500,2026-07-02 22:38:00,UPI,1,VIC_0389,22
TXN_01893,VACC_0342,M00168,101000,2026-07-02 22:41:00,IMPS,1,VIC_0342,22
TXN_02962,M00196,M00091,60000,2026-07-02 22:44:00,IMPS,1,,22
TXN_01557,VACC_0279,M00023,51000,2026-07-02 22:45:00,UPI,1,VIC_0279,22
TXN_01098,VACC_0196,M00017,100000,2026-07-02 22:47:00,UPI,1,VIC_0196,22
TXN_04788,L00212,L00189,25649,2026-07-02 22:53:35,NEFT,0,,22
TXN_02737,VACC_0490,M00131,96000,2026-07-02 22:56:00,UPI,1,VIC_0490,22
TXN_01413,VACC_0256,M00021,41000,2026-07-02 23:09:00,UPI,1,VIC_0256,23
TXN_02289,VACC_0411,M00070,25000,2026-07-02 23:13:00,IMPS,1,VIC_0411,23
TXN_04926,L00122,L00370,14274,2026-07-02 23:35:26,UPI,0,,23
TXN_01414,VACC_0256,M00021,50000,2026-07-02 23:39:00,UPI,1,VIC_0256,23
TXN_01099,VACC_0196,M00122,20500,2026-07-02 23:45:00,IMPS,1,VIC_0196,23
TXN_01558,VACC_0279,M00023,75000,2026-07-02 23:58:00,UPI,1,VIC_0279,23
TXN_01894,VACC_0342,M00063,95999,2026-07-03 00:31:00,UPI,1,VIC_0342,0
TXN_01559,VACC_0279,M00128,11000,2026-07-03 00:39:00,IMPS,1,VIC_0279,0
TXN_01415,VACC_0256,M00056,100999,2026-07-03 00:50:00,UPI,1,VIC_0256,0
TXN_02290,VACC_0411,M00070,11000,2026-07-03 00:59:00,UPI,1,VIC_0411,0
TXN_02738,VACC_0490,M00131,10500,2026-07-03 01:03:00,NEFT,1,VIC_0490,1
TXN_04124,L00721,L00138,1601,2026-07-03 01:08:01,IMPS,0,,1
TXN_04932,L00544,L00343,755,2026-07-03 01:12:37,NEFT,0,,1
TXN_01895,VACC_0342,M00133,51000,2026-07-03 01:31:00,IMPS,1,VIC_0342,1
TXN_02852,M00186,M00116,60000,2026-07-03 01:43:00,IMPS,1,,1
TXN_01100,VACC_0196,M00087,10999,2026-07-03 01:45:00,UPI,1,VIC_0196,1
TXN_04250,L00735,L00761,9995,2026-07-03 01:46:54,UPI,0,,1
TXN_02291,VACC_0411,M00035,75000,2026-07-03 02:25:00,UPI,1,VIC_0411,2
TXN_01720,VACC_0312,M00061,95999,2026-07-03 02:33:00,UPI,1,VIC_0312,2
TXN_01896,VACC_0342,M00063,15999,2026-07-03 02:58:00,IMPS,1,VIC_0342,2
TXN_02292,VACC_0412,M00140,25999,2026-07-03 02:58:00,UPI,1,VIC_0412,2
TXN_01560,VACC_0279,M00023,10999,2026-07-03 03:00:00,UPI,1,VIC_0279,3
TXN_04522,L00743,L00655,997,2026-07-03 03:04:34,IMPS,0,,3
TXN_00282,VACC_0057,M00043,96000,2026-07-03 03:08:00,UPI,1,VIC_0057,3
TXN_04477,L00277,L00128,240,2026-07-03 03:11:18,NEFT,0,,3
TXN_02884,M00167,M00062,15000,2026-07-03 03:16:00,UPI,1,,3
TXN_01101,VACC_0196,M00157,25000,2026-07-03 03:32:00,UPI,1,VIC_0196,3
TXN_03591,L00737,L00179,2410,2026-07-03 03:36:55,UPI,0,,3
TXN_04762,L00375,L00460,1787,2026-07-03 03:37:39,UPI,0,,3
TXN_02739,VACC_0490,M00061,75999,2026-07-03 03:47:00,UPI,1,VIC_0490,3
TXN_03686,L00284,L00949,14424,2026-07-03 03:49:45,UPI,0,,3
TXN_03703,L00789,L00307,416,2026-07-03 03:58:05,IMPS,0,,3
TXN_00643,VACC_0122,M00188,11000,2026-07-03 04:03:00,UPI,1,VIC_0122,4
TXN_04845,L00645,L00828,1133,2026-07-03 04:04:55,UPI,0,,4
TXN_04204,L00488,L00675,2249,2026-07-03 04:05:48,IMPS,0,,4
TXN_02740,VACC_0490,M00061,100000,2026-07-03 04:35:00,NEFT,1,VIC_0490,4
TXN_01975,VACC_0360,M00067,26000,2026-07-03 04:38:00,IMPS,1,VIC_0360,4
TXN_01897,VACC_0342,M00063,40000,2026-07-03 04:46:00,UPI,1,VIC_0342,4
TXN_01102,VACC_0196,M00052,95999,2026-07-03 04:52:00,UPI,1,VIC_0196,4
TXN_01721,VACC_0312,M00166,20999,2026-07-03 04:57:00,IMPS,1,VIC_0312,4
TXN_02741,VACC_0490,M00166,50999,2026-07-03 04:58:00,NEFT,1,VIC_0490,4
TXN_02905,M00058,M00093,50000,2026-07-03 05:00:00,UPI,1,,5
TXN_00283,VACC_0057,M00078,10999,2026-07-03 05:21:00,UPI,1,VIC_0057,5
TXN_02868,M00035,M00140,25000,2026-07-03 05:22:00,IMPS,1,,5
TXN_04554,L00955,L00749,9320,2026-07-03 05:27:22,UPI,0,,5
TXN_03126,M00178,M00003,35000,2026-07-03 05:33:00,UPI,1,,5
TXN_04034,L00180,L00264,496,2026-07-03 05:35:42,UPI,0,,5
TXN_03808,L00295,L00662,411,2026-07-03 05:39:14,UPI,0,,5
TXN_01722,VACC_0312,M00061,40500,2026-07-03 05:43:00,UPI,1,VIC_0312,5
TXN_04128,L00462,L00581,11329,2026-07-03 06:19:29,UPI,0,,6
TXN_01103,VACC_0196,M00052,100000,2026-07-03 06:37:00,UPI,1,VIC_0196,6
TXN_03702,L00268,L00009,943,2026-07-03 06:41:10,UPI,0,,6
TXN_00644,VACC_0122,M00013,20500,2026-07-03 06:43:00,UPI,1,VIC_0122,6
TXN_01104,VACC_0196,M00052,15000,2026-07-03 07:23:00,UPI,1,VIC_0196,7
TXN_01976,VACC_0360,M00102,10999,2026-07-03 07:27:00,UPI,1,VIC_0360,7
TXN_01898,VACC_0342,M00098,95500,2026-07-03 07:31:00,UPI,1,VIC_0342,7
TXN_00284,VACC_0057,M00183,100999,2026-07-03 07:40:00,NEFT,1,VIC_0057,7
TXN_01723,VACC_0312,M00166,40999,2026-07-03 07:57:00,IMPS,1,VIC_0312,7
TXN_01977,VACC_0360,M00032,100500,2026-07-03 08:27:00,UPI,1,VIC_0360,8
TXN_01899,VACC_0342,M00063,20500,2026-07-03 09:26:00,UPI,1,VIC_0342,9
TXN_01978,VACC_0360,M00067,20000,2026-07-03 09:29:00,UPI,1,VIC_0360,9
TXN_01900,VACC_0342,M00063,40000,2026-07-03 09:35:00,NEFT,1,VIC_0342,9
TXN_00645,VACC_0122,M00153,40000,2026-07-03 09:40:00,UPI,1,VIC_0122,9
TXN_01901,VACC_0342,M00098,100999,2026-07-03 11:31:00,UPI,1,VIC_0342,11
TXN_01979,VACC_0360,M00032,25999,2026-07-03 11:56:00,UPI,1,VIC_0360,11
TXN_00646,VACC_0122,M00048,100000,2026-07-03 12:09:00,UPI,1,VIC_0122,12
TXN_00647,VACC_0122,M00013,15500,2026-07-03 12:45:00,UPI,1,VIC_0122,12
TXN_01902,VACC_0342,M00028,10000,2026-07-03 12:45:00,IMPS,1,VIC_0342,12
TXN_01980,VACC_0360,M00032,75000,2026-07-03 13:26:00,UPI,1,VIC_0360,13
TXN_01903,VACC_0342,M00028,20999,2026-07-03 14:08:00,IMPS,1,VIC_0342,14
TXN_01981,VACC_0360,M00137,95999,2026-07-03 14:38:00,UPI,1,VIC_0360,14
TXN_04901,L00274,L00643,5610,2026-07-03 15:04:17,UPI,0,,15
TXN_01982,VACC_0360,M00032,10500,2026-07-03 15:17:00,UPI,1,VIC_0360,15
TXN_03368,M00062,M00167,60000,2026-07-03 15:33:00,IMPS,1,,15
TXN_04308,L00830,L00231,2385,2026-07-03 15:36:28,IMPS,0,,15
TXN_03207,M00174,M00069,15000,2026-07-03 15:37:00,UPI,1,,15
TXN_02972,M00132,M00027,50000,2026-07-03 15:38:00,IMPS,1,,15
TXN_02845,M00168,M00133,50000,2026-07-03 15:40:00,NEFT,1,,15
TXN_03741,L00782,L00798,44337,2026-07-03 15:45:26,UPI,0,,15
TXN_01983,VACC_0360,M00137,101000,2026-07-03 16:29:00,UPI,1,VIC_0360,16
TXN_04699,L00538,L00314,1870,2026-07-03 16:39:31,UPI,0,,16
TXN_02927,M00071,M00176,15000,2026-07-03 16:48:00,UPI,1,,16
TXN_01904,VACC_0342,M00168,100000,2026-07-03 16:57:00,UPI,1,VIC_0342,16
TXN_04187,L00424,L00677,11870,2026-07-03 17:53:46,UPI,0,,17
TXN_01984,VACC_0360,M00032,25500,2026-07-03 18:02:00,UPI,1,VIC_0360,18
TXN_03578,L00372,L00011,13992,2026-07-03 18:08:16,UPI,0,,18
TXN_03463,M00014,M00049,60000,2026-07-03 18:37:00,IMPS,1,,18
TXN_04748,L00560,L00634,1721,2026-07-03 19:17:03,UPI,0,,19
TXN_04184,L00634,L00703,3478,2026-07-03 19:33:31,UPI,0,,19
TXN_01905,VACC_0342,M00168,50999,2026-07-03 19:40:00,UPI,1,VIC_0342,19
TXN_01604,VACC_0289,M00024,25500,2026-07-03 20:12:00,UPI,1,VIC_0289,20
TXN_00803,VACC_0147,M00051,20999,2026-07-03 20:26:00,UPI,1,VIC_0147,20
TXN_04623,L00232,L00482,2037,2026-07-03 20:37:18,UPI,0,,20
TXN_00804,VACC_0147,M00086,16000,2026-07-03 21:18:00,UPI,1,VIC_0147,21
TXN_03512,L00465,L00530,11973,2026-07-03 21:42:24,IMPS,0,,21
TXN_03538,L00352,L00299,1059,2026-07-03 22:12:10,UPI,0,,22
TXN_02691,VACC_0479,M00003,95000,2026-07-03 22:13:00,UPI,1,VIC_0479,22
TXN_04741,L00601,L00992,5052,2026-07-03 22:15:52,UPI,0,,22
TXN_02963,M00193,M00088,60000,2026-07-03 22:23:00,NEFT,1,,22
TXN_00805,VACC_0147,M00121,41000,2026-07-03 22:46:00,IMPS,1,VIC_0147,22
TXN_01605,VACC_0289,M00199,100000,2026-07-03 23:00:00,UPI,1,VIC_0289,23
TXN_03473,M00030,M00135,15000,2026-07-03 23:01:00,IMPS,1,,23
TXN_04258,L00119,L00298,273,2026-07-03 23:18:30,UPI,0,,23
TXN_02692,VACC_0479,M00038,75500,2026-07-03 23:24:00,UPI,1,VIC_0479,23
TXN_00806,VACC_0147,M00191,40500,2026-07-03 23:27:00,UPI,1,VIC_0147,23
TXN_01606,VACC_0289,M00164,96000,2026-07-03 23:27:00,NEFT,1,VIC_0289,23
TXN_03561,L00337,L00167,30936,2026-07-04 00:09:41,UPI,0,,0
TXN_03024,M00193,M00123,35000,2026-07-04 00:53:00,IMPS,1,,0
TXN_01466,VACC_0267,M00196,40999,2026-07-04 01:05:00,UPI,1,VIC_0267,1
TXN_00807,VACC_0147,M00121,100500,2026-07-04 01:07:00,UPI,1,VIC_0147,1
TXN_01607,VACC_0289,M00059,50500,2026-07-04 01:13:00,UPI,1,VIC_0289,1
TXN_03283,M00128,M00198,35000,2026-07-04 01:21:00,UPI,1,,1
TXN_00808,VACC_0147,M00156,100999,2026-07-04 01:28:00,UPI,1,VIC_0147,1
TXN_03348,M00033,M00173,25000,2026-07-04 01:57:00,UPI,1,,1
TXN_00648,VACC_0123,M00118,15500,2026-07-04 02:03:00,IMPS,1,VIC_0123,2
TXN_01467,VACC_0267,M00161,100500,2026-07-04 02:04:00,IMPS,1,VIC_0267,2
TXN_03189,M00129,M00094,60000,2026-07-04 02:09:00,UPI,1,,2
TXN_02693,VACC_0479,M00073,75000,2026-07-04 02:16:00,UPI,1,VIC_0479,2
TXN_03531,L00983,L00668,2330,2026-07-04 02:20:38,UPI,0,,2
TXN_00809,VACC_0147,M00156,20500,2026-07-04 02:42:00,UPI,1,VIC_0147,2
TXN_01468,VACC_0267,M00196,21000,2026-07-04 03:25:00,UPI,1,VIC_0267,3
TXN_01608,VACC_0289,M00024,20999,2026-07-04 03:37:00,UPI,1,VIC_0289,3
TXN_03565,L00508,L00225,536,2026-07-04 03:37:16,UPI,0,,3
TXN_00649,VACC_0123,M00188,75000,2026-07-04 03:48:00,UPI,1,VIC_0123,3
TXN_02694,VACC_0479,M00178,50500,2026-07-04 04:21:00,UPI,1,VIC_0479,4
TXN_04252,L00391,L00670,5512,2026-07-04 04:31:39,IMPS,0,,4
TXN_02695,VACC_0479,M00178,26000,2026-07-04 04:42:00,UPI,1,VIC_0479,4
TXN_01469,VACC_0267,M00161,25999,2026-07-04 04:52:00,UPI,1,VIC_0267,4
TXN_02696,VACC_0479,M00073,20999,2026-07-04 04:57:00,UPI,1,VIC_0479,4
TXN_03510,L00961,L00692,20697,2026-07-04 05:05:27,UPI,0,,5
TXN_00810,VACC_0147,M00086,100500,2026-07-04 05:07:00,IMPS,1,VIC_0147,5
TXN_00939,VACC_0170,M00121,20000,2026-07-04 05:30:00,UPI,1,VIC_0170,5
TXN_01609,VACC_0289,M00059,100000,2026-07-04 06:00:00,UPI,1,VIC_0289,6
TXN_00650,VACC_0123,M00188,41000,2026-07-04 06:06:00,UPI,1,VIC_0123,6
TXN_01343,VACC_0241,M00091,100000,2026-07-04 06:06:00,IMPS,1,VIC_0241,6
TXN_03511,L00802,L00027,12575,2026-07-04 06:06:20,UPI,0,,6
TXN_04653,L00903,L00410,468,2026-07-04 06:06:39,UPI,0,,6
TXN_04618,L00158,L00421,7035,2026-07-04 06:20:09,IMPS,0,,6
TXN_03385,M00132,M00097,25000,2026-07-04 06:27:00,IMPS,1,,6
TXN_03857,L00767,L00476,22439,2026-07-04 06:27:21,IMPS,0,,6
TXN_02697,VACC_0479,M00178,16000,2026-07-04 06:40:00,UPI,1,VIC_0479,6
TXN_03478,M00015,M00085,15000,2026-07-04 06:45:00,IMPS,1,,6
TXN_00940,VACC_0170,M00121,76000,2026-07-04 06:52:00,IMPS,1,VIC_0170,6
TXN_04878,L00014,L00782,14460,2026-07-04 06:52:41,UPI,0,,6
TXN_00651,VACC_0123,M00083,50000,2026-07-04 07:35:00,UPI,1,VIC_0123,7
TXN_00811,VACC_0147,M00156,50999,2026-07-04 07:55:00,NEFT,1,VIC_0147,7
TXN_00941,VACC_0170,M00191,16000,2026-07-04 08:22:00,IMPS,1,VIC_0170,8
TXN_01344,VACC_0241,M00196,15000,2026-07-04 08:44:00,IMPS,1,VIC_0241,8
TXN_01610,VACC_0289,M00164,96000,2026-07-04 08:48:00,UPI,1,VIC_0289,8
TXN_00652,VACC_0123,M00013,21000,2026-07-04 08:50:00,UPI,1,VIC_0123,8
TXN_01611,VACC_0289,M00129,20500,2026-07-04 09:27:00,IMPS,1,VIC_0289,9
TXN_01345,VACC_0241,M00091,75500,2026-07-04 10:00:00,NEFT,1,VIC_0241,10
TXN_00653,VACC_0123,M00013,10999,2026-07-04 10:28:00,UPI,1,VIC_0123,10
TXN_00812,VACC_0147,M00086,26000,2026-07-04 10:37:00,UPI,1,VIC_0147,10
TXN_00942,VACC_0170,M00086,40999,2026-07-04 10:53:00,NEFT,1,VIC_0170,10
TXN_01612,VACC_0289,M00094,15500,2026-07-04 11:09:00,UPI,1,VIC_0289,11
TXN_00654,VACC_0123,M00118,100000,2026-07-04 11:33:00,UPI,1,VIC_0123,11
TXN_01346,VACC_0241,M00091,26000,2026-07-04 11:37:00,UPI,1,VIC_0241,11
TXN_00655,VACC_0123,M00083,21000,2026-07-04 12:15:00,IMPS,1,VIC_0123,12
TXN_00656,VACC_0123,M00048,50500,2026-07-04 12:37:00,UPI,1,VIC_0123,12
TXN_00943,VACC_0170,M00086,25999,2026-07-04 12:48:00,UPI,1,VIC_0170,12
TXN_01613,VACC_0289,M00059,76000,2026-07-04 13:19:00,NEFT,1,VIC_0289,13
TXN_01674,VACC_0303,M00061,10999,2026-07-04 14:40:00,IMPS,1,VIC_0303,14
TXN_04532,L00976,L00439,2160,2026-07-04 15:22:16,UPI,0,,15
TXN_00944,VACC_0170,M00156,95000,2026-07-04 15:32:00,UPI,1,VIC_0170,15
TXN_01614,VACC_0289,M00094,21000,2026-07-04 15:40:00,UPI,1,VIC_0289,15
TXN_04431,L00927,L00802,1273,2026-07-04 16:01:45,UPI,0,,16
TXN_03607,L00677,L00176,16652,2026-07-04 16:03:00,UPI,0,,16
TXN_03676,L00280,L00392,1555,2026-07-04 16:08:14,UPI,0,,16
TXN_01005,VACC_0178,M00191,50500,2026-07-04 16:47:00,UPI,1,VIC_0178,16
TXN_04098,L00513,L00991,1071,2026-07-04 16:47:09,UPI,0,,16
TXN_01006,VACC_0178,M00051,101000,2026-07-04 17:05:00,IMPS,1,VIC_0178,17
TXN_02982,M00107,M00177,35000,2026-07-04 17:56:00,IMPS,1,,17
TXN_04181,L00717,L00770,11523,2026-07-04 17:57:27,UPI,0,,17
TXN_00945,VACC_0170,M00051,51000,2026-07-04 18:13:00,IMPS,1,VIC_0170,18
TXN_04841,L00212,L00837,1030,2026-07-04 18:23:44,IMPS,0,,18
TXN_03789,L00838,L00727,18389,2026-07-04 18:27:08,UPI,0,,18
TXN_04491,L00108,L00802,2132,2026-07-04 18:47:13,UPI,0,,18
TXN_04321,L00357,L00776,1307,2026-07-04 18:54:03,UPI,0,,18
TXN_03682,L00302,L00863,4762,2026-07-04 19:15:37,UPI,0,,19
TXN_01007,VACC_0178,M00086,25999,2026-07-04 19:26:00,NEFT,1,VIC_0178,19
TXN_03287,M00162,M00127,35000,2026-07-04 19:41:00,IMPS,1,,19
TXN_00946,VACC_0170,M00086,75999,2026-07-04 20:22:00,IMPS,1,VIC_0170,20
TXN_04275,L00817,L00696,6776,2026-07-04 20:35:14,IMPS,0,,20
TXN_03144,M00188,M00083,25000,2026-07-04 21:13:00,UPI,1,,21
TXN_04246,L00785,L00947,35989,2026-07-04 21:24:35,NEFT,0,,21
TXN_04370,L00687,L00675,6463,2026-07-04 21:27:01,IMPS,0,,21
TXN_03487,M00142,M00072,25000,2026-07-04 22:02:00,IMPS,1,,22
TXN_03216,M00099,M00064,50000,2026-07-04 22:16:00,UPI,1,,22
TXN_04809,L00895,L00810,1632,2026-07-04 22:18:01,UPI,0,,22
TXN_00947,VACC_0170,M00156,40000,2026-07-04 22:49:00,UPI,1,VIC_0170,22
TXN_03491,M00016,M00156,15000,2026-07-04 23:30:00,UPI,1,,23
TXN_03172,M00066,M00101,15000,2026-07-04 23:52:00,IMPS,1,,23
TXN_00948,VACC_0170,M00191,25999,2026-07-05 00:06:00,NEFT,1,VIC_0170,0
TXN_00627,VACC_0119,M00187,20000,2026-07-05 01:47:00,IMPS,1,VIC_0119,1
TXN_04038,L00576,L00621,2021,2026-07-05 02:04:28,UPI,0,,2
TXN_03675,L00510,L00325,1425,2026-07-05 02:26:04,UPI,0,,2
TXN_03002,M00082,M00117,35000,2026-07-05 02:46:00,IMPS,1,,2
TXN_04073,L00944,L00833,322,2026-07-05 03:13:16,IMPS,0,,3
TXN_03882,L00857,L00651,35748,2026-07-05 03:13:18,UPI,0,,3
TXN_02979,M00085,M00050,35000,2026-07-05 03:20:00,IMPS,1,,3
TXN_03821,L00933,L00675,6743,2026-07-05 03:23:47,UPI,0,,3
TXN_03932,L00730,L00550,1822,2026-07-05 03:44:02,IMPS,0,,3
TXN_04050,L00405,L00994,1094,2026-07-05 03:55:20,UPI,0,,3
TXN_00247,VACC_0051,M00043,76000,2026-07-05 04:30:00,UPI,1,VIC_0051,4
TXN_04757,L00913,L00899,352,2026-07-05 04:30:29,UPI,0,,4
TXN_02840,M00051,M00086,50000,2026-07-05 05:29:00,IMPS,1,,5
TXN_03851,L00877,L00200,21048,2026-07-05 05:57:55,UPI,0,,5
TXN_00248,VACC_0051,M00078,21000,2026-07-05 06:30:00,NEFT,1,VIC_0051,6
TXN_03211,M00096,M00026,35000,2026-07-05 06:32:00,IMPS,1,,6
TXN_04333,L00958,L00727,885,2026-07-05 06:38:45,NEFT,0,,6
TXN_04514,L00131,L00266,916,2026-07-05 06:41:49,UPI,0,,6
TXN_02944,M00036,M00071,35000,2026-07-05 06:47:00,IMPS,1,,6
TXN_00249,VACC_0051,M00148,40999,2026-07-05 06:49:00,UPI,1,VIC_0051,6
TXN_02800,VACC_0500,M00098,40000,2026-07-05 07:35:00,NEFT,1,VIC_0500,7
TXN_01014,VACC_0180,M00086,26000,2026-07-05 07:49:00,IMPS,1,VIC_0180,7
TXN_00250,VACC_0051,M00148,101000,2026-07-05 08:45:00,NEFT,1,VIC_0051,8
TXN_00251,VACC_0051,M00043,50000,2026-07-05 09:21:00,UPI,1,VIC_0051,9
TXN_01015,VACC_0180,M00191,10500,2026-07-05 10:22:00,UPI,1,VIC_0180,10
TXN_00252,VACC_0051,M00148,75000,2026-07-05 12:09:00,IMPS,1,VIC_0051,12
TXN_01016,VACC_0180,M00191,76000,2026-07-05 12:38:00,UPI,1,VIC_0180,12
TXN_02932,M00062,M00027,60000,2026-07-05 14:58:00,IMPS,1,,14
TXN_00253,VACC_0051,M00043,25500,2026-07-05 15:05:00,IMPS,1,VIC_0051,15
TXN_04552,L00972,L00435,5136,2026-07-05 15:31:44,UPI,0,,15
TXN_03255,M00106,M00001,60000,2026-07-05 15:46:00,IMPS,1,,15
TXN_04114,L00007,L00173,978,2026-07-05 16:03:50,NEFT,0,,16
TXN_04002,L00815,L00955,7674,2026-07-05 17:18:21,UPI,0,,17
TXN_04848,L00457,L00238,10931,2026-07-05 18:08:42,UPI,0,,18
TXN_04123,L00384,L00191,443,2026-07-05 18:18:23,UPI,0,,18
TXN_02158,VACC_0388,M00104,25000,2026-07-05 18:20:00,IMPS,1,VIC_0388,18
TXN_02865,M00187,M00152,50000,2026-07-05 18:25:00,IMPS,1,,18
TXN_00860,VACC_0157,M00086,15999,2026-07-05 18:36:00,NEFT,1,VIC_0157,18
TXN_00156,VACC_0033,M00006,40000,2026-07-05 18:47:00,UPI,1,VIC_0033,18
TXN_03306,M00182,M00007,15000,2026-07-05 18:59:00,UPI,1,,18
TXN_02984,M00178,M00143,15000,2026-07-05 19:45:00,IMPS,1,,19
TXN_02159,VACC_0388,M00139,21000,2026-07-05 19:46:00,UPI,1,VIC_0388,19
TXN_04241,L00743,L00504,457,2026-07-05 19:49:59,UPI,0,,19
TXN_03989,L00623,L00894,14517,2026-07-05 19:59:04,IMPS,0,,19
TXN_02855,M00082,M00117,15000,2026-07-05 20:01:00,IMPS,1,,20
TXN_03797,L00207,L00008,1666,2026-07-05 20:20:47,UPI,0,,20
TXN_04282,L00873,L00472,1553,2026-07-05 20:22:16,UPI,0,,20
TXN_03651,L00654,L00944,1506,2026-07-05 20:37:41,UPI,0,,20
TXN_04890,L00838,L00347,31946,2026-07-05 20:38:54,UPI,0,,20
TXN_04511,L00609,L00904,1727,2026-07-05 20:55:59,IMPS,0,,20
TXN_00157,VACC_0033,M00041,96000,2026-07-05 21:13:00,UPI,1,VIC_0033,21
TXN_02160,VACC_0388,M00034,95999,2026-07-05 21:20:00,IMPS,1,VIC_0388,21
TXN_03313,M00169,M00134,50000,2026-07-05 21:25:00,IMPS,1,,21
TXN_04065,L00727,L00501,1279,2026-07-05 21:34:02,UPI,0,,21
TXN_03308,M00147,M00182,35000,2026-07-05 21:35:00,UPI,1,,21
TXN_00864,VACC_0159,M00016,11000,2026-07-05 21:41:00,UPI,1,VIC_0159,21
TXN_03522,L00263,L00364,841,2026-07-05 21:43:41,UPI,0,,21
TXN_03267,M00115,M00185,35000,2026-07-05 22:03:00,UPI,1,,22
TXN_04220,L00173,L00918,1747,2026-07-05 22:15:15,UPI,0,,22
TXN_03418,M00048,M00153,60000,2026-07-05 22:35:00,IMPS,1,,22
TXN_04805,L00655,L00152,476,2026-07-05 23:04:47,IMPS,0,,23
TXN_04140,L00082,L00301,5270,2026-07-05 23:07:07,UPI,0,,23
TXN_03918,L00332,L00178,8388,2026-07-05 23:10:51,IMPS,0,,23
TXN_00158,VACC_0033,M00006,100999,2026-07-05 23:17:00,NEFT,1,VIC_0033,23
TXN_02174,VACC_0391,M00069,50000,2026-07-05 23:41:00,IMPS,1,VIC_0391,23
TXN_00865,VACC_0159,M00191,20000,2026-07-05 23:42:00,IMPS,1,VIC_0159,23
TXN_04822,L00920,L00627,2198,2026-07-05 23:50:02,UPI,0,,23
TXN_04042,L00201,L00159,2189,2026-07-05 23:58:09,IMPS,0,,23
TXN_02843,M00027,M00167,15000,2026-07-06 00:23:00,IMPS,1,,0
TXN_02698,VACC_0480,M00098,50000,2026-07-06 00:43:00,UPI,1,VIC_0480,0
TXN_03639,L00398,L00770,1676,2026-07-06 01:01:53,UPI,0,,1
TXN_02916,M00166,M00061,15000,2026-07-06 01:07:00,IMPS,1,,1
TXN_02699,VACC_0480,M00028,10500,2026-07-06 01:36:00,IMPS,1,VIC_0480,1
TXN_04213,L00878,L00734,22692,2026-07-06 02:05:40,UPI,0,,2
TXN_00171,VACC_0036,M00006,51000,2026-07-06 02:14:00,UPI,1,VIC_0036,2
TXN_04416,L00126,L00041,10608,2026-07-06 02:27:58,UPI,0,,2
TXN_00172,VACC_0036,M00111,50999,2026-07-06 03:01:00,UPI,1,VIC_0036,3
TXN_01184,VACC_0214,M00193,10999,2026-07-06 03:06:00,UPI,1,VIC_0214,3
TXN_00173,VACC_0036,M00111,26000,2026-07-06 03:33:00,UPI,1,VIC_0036,3
TXN_04108,L00817,L00353,1121,2026-07-06 03:40:44,IMPS,0,,3
TXN_02700,VACC_0480,M00028,25500,2026-07-06 03:48:00,NEFT,1,VIC_0480,3
TXN_00174,VACC_0036,M00041,75500,2026-07-06 03:52:00,UPI,1,VIC_0036,3
TXN_04304,L00342,L00157,14130,2026-07-06 04:48:44,UPI,0,,4
TXN_01185,VACC_0214,M00088,76000,2026-07-06 04:59:00,IMPS,1,VIC_0214,4
TXN_03328,M00092,M00127,15000,2026-07-06 05:11:00,IMPS,1,,5
TXN_02088,VACC_0377,M00103,95000,2026-07-06 05:26:00,UPI,1,VIC_0377,5
TXN_00017,VACC_0003,M00107,15000,2026-07-06 05:32:00,IMPS,1,VIC_0003,5
TXN_01186,VACC_0214,M00018,40999,2026-07-06 05:32:00,UPI,1,VIC_0214,5
TXN_02701,VACC_0480,M00133,40000,2026-07-06 06:00:00,UPI,1,VIC_0480,6
TXN_00526,VACC_0101,M00185,40000,2026-07-06 06:05:00,UPI,1,VIC_0101,6
TXN_02816,M00191,M00121,35000,2026-07-06 06:06:00,UPI,1,,6
TXN_02702,VACC_0480,M00028,15999,2026-07-06 06:41:00,UPI,1,VIC_0480,6
TXN_02703,VACC_0480,M00098,100000,2026-07-06 06:49:00,NEFT,1,VIC_0480,6
TXN_02089,VACC_0377,M00068,95500,2026-07-06 07:06:00,IMPS,1,VIC_0377,7
TXN_00018,VACC_0003,M00142,100000,2026-07-06 07:25:00,IMPS,1,VIC_0003,7
TXN_02704,VACC_0480,M00133,10500,2026-07-06 07:33:00,UPI,1,VIC_0480,7
TXN_01187,VACC_0214,M00123,95000,2026-07-06 07:53:00,IMPS,1,VIC_0214,7
TXN_00019,VACC_0003,M00142,76000,2026-07-06 08:01:00,UPI,1,VIC_0003,8
TXN_01188,VACC_0214,M00158,16000,2026-07-06 08:46:00,NEFT,1,VIC_0214,8
TXN_00527,VACC_0101,M00115,75999,2026-07-06 08:47:00,IMPS,1,VIC_0101,8
TXN_02090,VACC_0377,M00033,40000,2026-07-06 08:50:00,UPI,1,VIC_0377,8
TXN_02705,VACC_0480,M00133,41000,2026-07-06 09:38:00,UPI,1,VIC_0480,9
TXN_00528,VACC_0101,M00010,15000,2026-07-06 09:52:00,UPI,1,VIC_0101,9
TXN_00020,VACC_0003,M00177,96000,2026-07-06 10:00:00,UPI,1,VIC_0003,10
TXN_01189,VACC_0214,M00123,95000,2026-07-06 10:51:00,IMPS,1,VIC_0214,10
TXN_02091,VACC_0377,M00138,15000,2026-07-06 10:56:00,UPI,1,VIC_0377,10
TXN_00021,VACC_0003,M00177,10000,2026-07-06 11:05:00,UPI,1,VIC_0003,11
TXN_02092,VACC_0377,M00103,16000,2026-07-06 11:15:00,IMPS,1,VIC_0377,11
TXN_02093,VACC_0377,M00138,51000,2026-07-06 12:03:00,UPI,1,VIC_0377,12
TXN_02706,VACC_0480,M00063,51000,2026-07-06 12:30:00,UPI,1,VIC_0480,12
TXN_01190,VACC_0214,M00018,76000,2026-07-06 12:45:00,UPI,1,VIC_0214,12
TXN_02707,VACC_0480,M00133,41000,2026-07-06 12:55:00,UPI,1,VIC_0480,12
TXN_02094,VACC_0377,M00173,75500,2026-07-06 12:57:00,IMPS,1,VIC_0377,12
TXN_02095,VACC_0377,M00173,75999,2026-07-06 13:24:00,UPI,1,VIC_0377,13
TXN_00022,VACC_0003,M00142,10500,2026-07-06 14:00:00,UPI,1,VIC_0003,14
TXN_03383,M00001,M00141,15000,2026-07-06 14:21:00,UPI,1,,14
TXN_01191,VACC_0214,M00018,76000,2026-07-06 14:24:00,UPI,1,VIC_0214,14
TXN_02708,VACC_0480,M00133,50999,2026-07-06 14:43:00,UPI,1,VIC_0480,14
TXN_02096,VACC_0377,M00103,100000,2026-07-06 15:00:00,NEFT,1,VIC_0377,15
TXN_03705,L00355,L00802,592,2026-07-06 15:09:33,IMPS,0,,15
TXN_04840,L00619,L00565,6078,2026-07-06 15:15:58,UPI,0,,15
TXN_00960,VACC_0173,M00086,11000,2026-07-06 15:27:00,UPI,1,VIC_0173,15
TXN_00023,VACC_0003,M00177,15500,2026-07-06 15:47:00,UPI,1,VIC_0003,15
TXN_02813,M00144,M00039,25000,2026-07-06 16:00:00,IMPS,1,,16
TXN_00416,VACC_0085,M00010,11000,2026-07-06 16:02:00,UPI,1,VIC_0085,16
TXN_02709,VACC_0480,M00063,25500,2026-07-06 16:21:00,IMPS,1,VIC_0480,16
TXN_00024,VACC_0003,M00037,26000,2026-07-06 16:25:00,UPI,1,VIC_0003,16
TXN_00961,VACC_0173,M00156,15999,2026-07-06 16:37:00,IMPS,1,VIC_0173,16
TXN_04647,L00432,L00501,1760,2026-07-06 16:40:33,UPI,0,,16
TXN_04990,L00113,L00062,1976,2026-07-06 16:51:05,UPI,0,,16
TXN_00417,VACC_0085,M00185,15500,2026-07-06 16:55:00,UPI,1,VIC_0085,16
TXN_04873,L00769,L00828,2290,2026-07-06 17:24:04,UPI,0,,17
TXN_02097,VACC_0377,M00138,10500,2026-07-06 17:35:00,UPI,1,VIC_0377,17
TXN_00962,VACC_0173,M00086,41000,2026-07-06 17:48:00,UPI,1,VIC_0173,17
TXN_00418,VACC_0085,M00045,40500,2026-07-06 18:03:00,UPI,1,VIC_0085,18
TXN_04021,L00433,L00518,6664,2026-07-06 18:16:57,UPI,0,,18
TXN_04043,L00939,L00195,628,2026-07-06 18:25:46,UPI,0,,18
TXN_04996,L00472,L00148,1334,2026-07-06 18:35:12,UPI,0,,18
TXN_02710,VACC_0480,M00133,96000,2026-07-06 18:44:00,UPI,1,VIC_0480,18
TXN_00419,VACC_0085,M00115,100500,2026-07-06 18:46:00,UPI,1,VIC_0085,18
TXN_02098,VACC_0377,M00173,101000,2026-07-06 19:13:00,IMPS,1,VIC_0377,19
TXN_04191,L00330,L00018,1878,2026-07-06 19:33:59,UPI,0,,19
TXN_02099,VACC_0377,M00173,20000,2026-07-06 19:36:00,UPI,1,VIC_0377,19
TXN_01105,VACC_0197,M00052,20000,2026-07-06 19:42:00,UPI,1,VIC_0197,19
TXN_02100,VACC_0377,M00033,40999,2026-07-06 19:48:00,UPI,1,VIC_0377,19
TXN_03852,L00407,L00039,1459,2026-07-06 19:52:30,UPI,0,,19
TXN_01106,VACC_0197,M00122,51000,2026-07-06 20:03:00,UPI,1,VIC_0197,20
TXN_04155,L00008,L00385,1217,2026-07-06 20:17:16,UPI,0,,20
TXN_00610,VACC_0113,M00012,21000,2026-07-06 20:25:00,UPI,1,VIC_0113,20
TXN_00420,VACC_0085,M00045,40500,2026-07-06 20:27:00,UPI,1,VIC_0085,20
TXN_02711,VACC_0480,M00168,16000,2026-07-06 20:32:00,NEFT,1,VIC_0480,20
TXN_00963,VACC_0173,M00086,75000,2026-07-06 20:33:00,IMPS,1,VIC_0173,20
TXN_03324,M00132,M00167,60000,2026-07-06 20:33:00,IMPS,1,,20
TXN_02712,VACC_0480,M00028,96000,2026-07-06 20:45:00,UPI,1,VIC_0480,20
TXN_01629,VACC_0293,M00095,11000,2026-07-06 20:57:00,UPI,1,VIC_0293,20
TXN_00611,VACC_0113,M00117,41000,2026-07-06 21:05:00,IMPS,1,VIC_0113,21
TXN_02101,VACC_0377,M00068,76000,2026-07-06 21:26:00,UPI,1,VIC_0377,21
TXN_03621,L00944,L00048,780,2026-07-06 21:28:12,IMPS,0,,21
TXN_00964,VACC_0173,M00191,15000,2026-07-06 21:36:00,IMPS,1,VIC_0173,21
TXN_01630,VACC_0293,M00025,95999,2026-07-06 21:45:00,UPI,1,VIC_0293,21
TXN_02102,VACC_0377,M00103,100500,2026-07-06 21:47:00,UPI,1,VIC_0377,21
TXN_04086,L00120,L00790,2205,2026-07-06 21:54:19,UPI,0,,21
TXN_00965,VACC_0173,M00086,100000,2026-07-06 22:13:00,IMPS,1,VIC_0173,22
TXN_03611,L00900,L00729,1201,2026-07-06 22:23:33,IMPS,0,,22
TXN_01107,VACC_0197,M00052,75999,2026-07-06 22:36:00,UPI,1,VIC_0197,22
TXN_03244,M00087,M00192,50000,2026-07-06 22:46:00,IMPS,1,,22
TXN_02713,VACC_0480,M00098,50999,2026-07-06 23:06:00,UPI,1,VIC_0480,23
TXN_02952,M00078,M00148,35000,2026-07-06 23:15:00,IMPS,1,,23
TXN_00421,VACC_0085,M00080,20000,2026-07-06 23:20:00,NEFT,1,VIC_0085,23
TXN_03425,M00158,M00193,25000,2026-07-06 23:36:00,IMPS,1,,23
TXN_00422,VACC_0085,M00045,100500,2026-07-06 23:39:00,UPI,1,VIC_0085,23
TXN_04030,L00929,L00944,390,2026-07-06 23:42:52,IMPS,0,,23
TXN_03461,M00120,M00085,25000,2026-07-07 00:07:00,IMPS,1,,0
TXN_04976,L00842,L00236,7777,2026-07-07 00:19:51,IMPS,0,,0
TXN_00423,VACC_0085,M00080,40999,2026-07-07 00:25:00,UPI,1,VIC_0085,0
TXN_00349,VACC_0070,M00148,50000,2026-07-07 00:52:00,UPI,1,VIC_0070,0
TXN_00424,VACC_0085,M00080,75999,2026-07-07 00:57:00,UPI,1,VIC_0085,0
TXN_03685,L00081,L00805,41419,2026-07-07 01:13:54,UPI,0,,1
TXN_00350,VACC_0070,M00183,95999,2026-07-07 01:21:00,IMPS,1,VIC_0070,1
TXN_03530,L00447,L00526,1530,2026-07-07 02:04:02,IMPS,0,,2
TXN_00425,VACC_0085,M00185,20999,2026-07-07 02:10:00,IMPS,1,VIC_0085,2
TXN_00426,VACC_0085,M00010,10000,2026-07-07 02:38:00,UPI,1,VIC_0085,2
TXN_04991,L00934,L00358,4810,2026-07-07 02:47:58,UPI,0,,2
TXN_01077,VACC_0191,M00122,16000,2026-07-07 03:30:00,UPI,1,VIC_0191,3
TXN_03043,M00195,M00055,50000,2026-07-07 03:41:00,UPI,1,,3
TXN_00351,VACC_0070,M00148,95500,2026-07-07 04:18:00,UPI,1,VIC_0070,4
TXN_04869,L00661,L00994,27814,2026-07-07 04:27:19,UPI,0,,4
TXN_04497,L00502,L00098,1812,2026-07-07 04:36:31,NEFT,0,,4
TXN_04372,L00475,L00886,2326,2026-07-07 04:51:50,UPI,0,,4
TXN_00352,VACC_0070,M00078,20999,2026-07-07 04:56:00,UPI,1,VIC_0070,4
TXN_03303,M00102,M00172,25000,2026-07-07 05:31:00,UPI,1,,5
TXN_02780,VACC_0496,M00076,75000,2026-07-07 05:45:00,UPI,1,VIC_0496,5
TXN_03974,L00660,L00806,2357,2026-07-07 05:45:34,UPI,0,,5
TXN_00175,VACC_0037,M00006,15000,2026-07-07 05:51:00,UPI,1,VIC_0037,5
TXN_03782,L00429,L00490,1303,2026-07-07 05:58:38,UPI,0,,5
TXN_01083,VACC_0192,M00192,10999,2026-07-07 06:00:00,IMPS,1,VIC_0192,6
TXN_03710,L00484,L00670,41246,2026-07-07 06:04:39,UPI,0,,6
TXN_01078,VACC_0191,M00122,100999,2026-07-07 06:27:00,UPI,1,VIC_0191,6
TXN_02781,VACC_0496,M00111,20000,2026-07-07 06:32:00,IMPS,1,VIC_0496,6
TXN_00353,VACC_0070,M00113,10999,2026-07-07 07:00:00,UPI,1,VIC_0070,7
TXN_01084,VACC_0192,M00122,20500,2026-07-07 07:00:00,UPI,1,VIC_0192,7
TXN_00504,VACC_0098,M00185,15999,2026-07-07 07:03:00,IMPS,1,VIC_0098,7
TXN_00354,VACC_0070,M00148,20500,2026-07-07 07:16:00,UPI,1,VIC_0070,7
TXN_00176,VACC_0037,M00076,15999,2026-07-07 07:24:00,UPI,1,VIC_0037,7
TXN_00355,VACC_0070,M00148,50999,2026-07-07 07:42:00,UPI,1,VIC_0070,7
TXN_02782,VACC_0496,M00181,15999,2026-07-07 07:49:00,UPI,1,VIC_0496,7
TXN_00177,VACC_0037,M00076,10000,2026-07-07 07:52:00,UPI,1,VIC_0037,7
TXN_00505,VACC_0098,M00080,40999,2026-07-07 07:57:00,IMPS,1,VIC_0098,7
TXN_02783,VACC_0496,M00146,11000,2026-07-07 08:31:00,NEFT,1,VIC_0496,8
TXN_01085,VACC_0192,M00157,41000,2026-07-07 08:34:00,UPI,1,VIC_0192,8
TXN_01079,VACC_0191,M00087,50999,2026-07-07 09:14:00,UPI,1,VIC_0191,9
TXN_01086,VACC_0192,M00017,20500,2026-07-07 09:21:00,UPI,1,VIC_0192,9
TXN_00356,VACC_0070,M00183,20000,2026-07-07 09:41:00,UPI,1,VIC_0070,9
TXN_00357,VACC_0070,M00183,95999,2026-07-07 09:48:00,UPI,1,VIC_0070,9
TXN_01087,VACC_0192,M00087,51000,2026-07-07 09:50:00,UPI,1,VIC_0192,9
TXN_00178,VACC_0037,M00111,100500,2026-07-07 09:54:00,UPI,1,VIC_0037,9
TXN_01080,VACC_0191,M00052,40999,2026-07-07 09:57:00,UPI,1,VIC_0191,9
TXN_02784,VACC_0496,M00111,50999,2026-07-07 10:16:00,NEFT,1,VIC_0496,10
TXN_00506,VACC_0098,M00150,41000,2026-07-07 10:41:00,UPI,1,VIC_0098,10
TXN_00179,VACC_0037,M00181,76000,2026-07-07 10:42:00,UPI,1,VIC_0037,10
TXN_00507,VACC_0098,M00185,76000,2026-07-07 11:04:00,UPI,1,VIC_0098,11
TXN_01081,VACC_0191,M00087,25500,2026-07-07 11:53:00,UPI,1,VIC_0191,11
TXN_02785,VACC_0496,M00146,25999,2026-07-07 12:09:00,UPI,1,VIC_0496,12
TXN_01082,VACC_0191,M00052,20000,2026-07-07 12:12:00,IMPS,1,VIC_0191,12
TXN_00180,VACC_0037,M00041,16000,2026-07-07 12:39:00,UPI,1,VIC_0037,12
TXN_02786,VACC_0496,M00041,10999,2026-07-07 13:13:00,UPI,1,VIC_0496,13
TXN_00508,VACC_0098,M00080,100000,2026-07-07 13:36:00,UPI,1,VIC_0098,13
TXN_02805,M00065,M00100,25000,2026-07-07 15:02:00,IMPS,1,,15
TXN_00509,VACC_0098,M00080,40999,2026-07-07 15:54:00,UPI,1,VIC_0098,15
TXN_04465,L00714,L00662,6800,2026-07-07 16:05:07,UPI,0,,16
TXN_03480,M00021,M00126,25000,2026-07-07 16:22:00,UPI,1,,16
TXN_04462,L00209,L00073,279,2026-07-07 16:47:43,IMPS,0,,16
TXN_03758,L00112,L00337,9588,2026-07-07 16:57:49,UPI,0,,16
TXN_03454,M00060,M00025,35000,2026-07-07 17:12:00,NEFT,1,,17
TXN_00510,VACC_0098,M00045,100000,2026-07-07 17:50:00,UPI,1,VIC_0098,17
TXN_03076,M00147,M00077,60000,2026-07-07 18:05:00,IMPS,1,,18
TXN_04436,L00321,L00536,1142,2026-07-07 18:44:01,UPI,0,,18
TXN_02878,M00006,M00111,50000,2026-07-07 19:05:00,UPI,1,,19
TXN_03600,L00389,L00671,7562,2026-07-07 19:11:36,UPI,0,,19
TXN_00511,VACC_0098,M00150,20500,2026-07-07 19:21:00,UPI,1,VIC_0098,19
TXN_03912,L00640,L00213,3831,2026-07-07 19:41:31,NEFT,0,,19
TXN_03668,L00236,L00598,907,2026-07-07 19:50:38,IMPS,0,,19
TXN_03559,L00344,L00631,279,2026-07-07 19:51:16,UPI,0,,19
TXN_00512,VACC_0098,M00115,15999,2026-07-07 19:56:00,UPI,1,VIC_0098,19
TXN_03980,L00235,L00868,1105,2026-07-07 19:59:45,UPI,0,,19
TXN_03234,M00115,M00150,25000,2026-07-07 20:03:00,UPI,1,,20
TXN_02579,VACC_0462,M00009,100000,2026-07-07 21:31:00,UPI,1,VIC_0462,21
TXN_03801,L00827,L00253,1045,2026-07-07 21:32:48,UPI,0,,21
TXN_00513,VACC_0098,M00080,21000,2026-07-07 21:41:00,IMPS,1,VIC_0098,21
TXN_04678,L00885,L00270,13757,2026-07-07 21:43:50,UPI,0,,21
TXN_03831,L00939,L00069,1322,2026-07-07 22:33:56,UPI,0,,22
TXN_02580,VACC_0462,M00184,95500,2026-07-07 22:50:00,UPI,1,VIC_0462,22
TXN_04493,L00180,L00540,2177,2026-07-07 22:50:21,UPI,0,,22
TXN_00514,VACC_0098,M00150,40000,2026-07-07 22:51:00,UPI,1,VIC_0098,22
TXN_03252,M00012,M00152,35000,2026-07-07 23:22:00,IMPS,1,,23
TXN_04975,L00546,L00550,1270,2026-07-07 23:23:46,UPI,0,,23
TXN_04529,L00363,L00818,2463,2026-07-07 23:32:50,UPI,0,,23
TXN_00217,VACC_0044,M00182,20000,2026-07-08 00:08:00,UPI,1,VIC_0044,0
TXN_02902,M00114,M00079,35000,2026-07-08 00:10:00,UPI,1,,0
TXN_04263,L00763,L00965,1434,2026-07-08 00:15:23,IMPS,0,,0
TXN_02957,M00129,M00094,35000,2026-07-08 00:20:00,UPI,1,,0
TXN_03967,L00658,L00039,5808,2026-07-08 00:31:58,UPI,0,,0
TXN_03809,L00903,L00941,480,2026-07-08 01:04:17,UPI,0,,1
TXN_04773,L00297,L00047,2076,2026-07-08 01:14:53,IMPS,0,,1
TXN_02581,VACC_0462,M00114,50500,2026-07-08 01:21:00,UPI,1,VIC_0462,1
TXN_00218,VACC_0044,M00147,20500,2026-07-08 01:27:00,UPI,1,VIC_0044,1
TXN_04772,L00991,L00133,372,2026-07-08 01:47:00,UPI,0,,1
TXN_02582,VACC_0462,M00184,10500,2026-07-08 02:21:00,UPI,1,VIC_0462,2
TXN_04435,L00503,L00712,1522,2026-07-08 02:29:04,IMPS,0,,2
TXN_02150,VACC_0386,M00174,50500,2026-07-08 02:36:00,UPI,1,VIC_0386,2
TXN_04047,L00384,L00504,2022,2026-07-08 02:53:19,UPI,0,,2
TXN_00219,VACC_0044,M00077,50999,2026-07-08 02:58:00,UPI,1,VIC_0044,2
TXN_04312,L00184,L00878,12168,2026-07-08 03:02:08,IMPS,0,,3
TXN_00220,VACC_0044,M00077,25999,2026-07-08 03:18:00,UPI,1,VIC_0044,3
TXN_04020,L00483,L00452,1242,2026-07-08 03:36:07,UPI,0,,3
TXN_04674,L00157,L00747,5122,2026-07-08 03:42:00,NEFT,0,,3
TXN_02583,VACC_0462,M00114,41000,2026-07-08 03:47:00,IMPS,1,VIC_0462,3
TXN_00221,VACC_0044,M00042,25000,2026-07-08 04:07:00,UPI,1,VIC_0044,4
TXN_03176,M00004,M00074,15000,2026-07-08 04:19:00,IMPS,1,,4
TXN_03289,M00097,M00132,35000,2026-07-08 04:29:00,UPI,1,,4
TXN_02584,VACC_0462,M00114,96000,2026-07-08 04:41:00,UPI,1,VIC_0462,4
TXN_04758,L00778,L00874,3191,2026-07-08 04:47:39,IMPS,0,,4
TXN_02151,VACC_0386,M00139,95999,2026-07-08 04:54:00,UPI,1,VIC_0386,4
TXN_04420,L00576,L00263,4800,2026-07-08 04:57:56,UPI,0,,4
TXN_02152,VACC_0386,M00104,101000,2026-07-08 05:52:00,UPI,1,VIC_0386,5
TXN_03314,M00042,M00077,25000,2026-07-08 05:54:00,IMPS,1,,5
TXN_04517,L00160,L00674,2479,2026-07-08 05:54:09,NEFT,0,,5
TXN_02585,VACC_0462,M00149,95999,2026-07-08 06:08:00,NEFT,1,VIC_0462,6
TXN_02153,VACC_0386,M00104,20000,2026-07-08 06:09:00,UPI,1,VIC_0386,6
TXN_02586,VACC_0462,M00114,10000,2026-07-08 06:54:00,UPI,1,VIC_0462,6
TXN_00449,VACC_0088,M00150,101000,2026-07-08 07:55:00,NEFT,1,VIC_0088,7
TXN_02587,VACC_0462,M00079,21000,2026-07-08 08:07:00,UPI,1,VIC_0462,8
TXN_00450,VACC_0088,M00045,40000,2026-07-08 08:22:00,UPI,1,VIC_0088,8
TXN_02154,VACC_0386,M00139,10999,2026-07-08 08:37:00,NEFT,1,VIC_0386,8
TXN_02588,VACC_0462,M00044,10500,2026-07-08 08:37:00,NEFT,1,VIC_0462,8
TXN_02589,VACC_0462,M00149,75500,2026-07-08 09:48:00,UPI,1,VIC_0462,9
TXN_02590,VACC_0462,M00149,95999,2026-07-08 10:30:00,IMPS,1,VIC_0462,10
TXN_02591,VACC_0462,M00184,20999,2026-07-08 13:03:00,UPI,1,VIC_0462,13
TXN_02592,VACC_0462,M00184,20000,2026-07-08 15:05:00,UPI,1,VIC_0462,15
TXN_00692,VACC_0128,M00083,26000,2026-07-08 15:09:00,UPI,1,VIC_0128,15
TXN_03689,L00369,L00040,956,2026-07-08 15:53:00,UPI,0,,15
TXN_03631,L00521,L00992,32497,2026-07-08 16:22:39,NEFT,0,,16
TXN_02938,M00170,M00065,25000,2026-07-08 16:25:00,IMPS,1,,16
TXN_04039,L00493,L00074,1248,2026-07-08 17:37:15,UPI,0,,17
TXN_02593,VACC_0462,M00079,95500,2026-07-08 17:53:00,UPI,1,VIC_0462,17
TXN_00693,VACC_0128,M00188,11000,2026-07-08 18:04:00,UPI,1,VIC_0128,18
TXN_03042,M00003,M00038,35000,2026-07-08 18:26:00,UPI,1,,18
TXN_04683,L00802,L00830,8661,2026-07-08 18:50:14,UPI,0,,18
TXN_03251,M00057,M00197,25000,2026-07-08 18:59:00,NEFT,1,,18
TXN_04291,L00870,L00821,707,2026-07-08 19:51:06,UPI,0,,19
TXN_03381,M00074,M00179,60000,2026-07-08 19:57:00,IMPS,1,,19
TXN_02594,VACC_0462,M00149,20500,2026-07-08 20:12:00,UPI,1,VIC_0462,20
TXN_00694,VACC_0128,M00188,50999,2026-07-08 20:58:00,NEFT,1,VIC_0128,20
TXN_00695,VACC_0128,M00153,21000,2026-07-08 21:54:00,IMPS,1,VIC_0128,21
TXN_05000,L00432,L00249,1203,2026-07-08 21:58:01,UPI,0,,21
TXN_03388,M00149,M00114,15000,2026-07-08 22:05:00,NEFT,1,,22
TXN_04482,L00092,L00372,12060,2026-07-08 22:06:48,UPI,0,,22
TXN_03984,L00056,L00929,272,2026-07-08 22:07:38,UPI,0,,22
TXN_03601,L00807,L00907,335,2026-07-08 22:29:36,UPI,0,,22
TXN_03004,M00027,M00097,15000,2026-07-08 22:36:00,IMPS,1,,22
TXN_02956,M00011,M00081,25000,2026-07-08 22:44:00,IMPS,1,,22
TXN_03125,M00177,M00142,25000,2026-07-08 22:57:00,UPI,1,,22
TXN_01309,VACC_0235,M00159,95000,2026-07-08 23:31:00,NEFT,1,VIC_0235,23
TXN_04779,L00507,L00702,8935,2026-07-08 23:33:24,UPI,0,,23
TXN_01352,VACC_0244,M00161,20999,2026-07-08 23:37:00,IMPS,1,VIC_0244,23
TXN_00109,VACC_0025,M00040,100500,2026-07-09 00:00:00,NEFT,1,VIC_0025,0
TXN_04408,L00772,L00213,13541,2026-07-09 00:07:24,UPI,0,,0
TXN_01836,VACC_0331,M00097,100999,2026-07-09 00:25:00,NEFT,1,VIC_0331,0
TXN_00696,VACC_0128,M00048,25500,2026-07-09 00:30:00,UPI,1,VIC_0128,0
TXN_04244,L00893,L00230,1554,2026-07-09 00:30:22,IMPS,0,,0
TXN_01837,VACC_0331,M00167,95000,2026-07-09 00:42:00,IMPS,1,VIC_0331,0
TXN_03883,L00831,L00536,422,2026-07-09 00:42:39,UPI,0,,0
TXN_04285,L00304,L00858,14008,2026-07-09 00:49:13,UPI,0,,0
TXN_04189,L00654,L00981,1349,2026-07-09 01:16:31,UPI,0,,1
TXN_03921,L00013,L00399,27191,2026-07-09 01:18:24,UPI,0,,1
TXN_01310,VACC_0235,M00019,41000,2026-07-09 01:21:00,UPI,1,VIC_0235,1
TXN_03537,L00317,L00618,2420,2026-07-09 01:29:40,IMPS,0,,1
TXN_03019,M00182,M00042,35000,2026-07-09 01:31:00,UPI,1,,1
TXN_00110,VACC_0025,M00005,21000,2026-07-09 01:35:00,UPI,1,VIC_0025,1
TXN_04116,L00002,L00100,814,2026-07-09 01:41:26,UPI,0,,1
TXN_00697,VACC_0128,M00118,21000,2026-07-09 01:50:00,UPI,1,VIC_0128,1
TXN_00111,VACC_0025,M00040,100000,2026-07-09 02:09:00,UPI,1,VIC_0025,2
TXN_03670,L00525,L00637,249,2026-07-09 02:25:38,IMPS,0,,2
TXN_01353,VACC_0244,M00126,41000,2026-07-09 02:32:00,UPI,1,VIC_0244,2
TXN_01838,VACC_0331,M00027,15000,2026-07-09 02:43:00,UPI,1,VIC_0331,2
TXN_03231,M00117,M00187,15000,2026-07-09 02:44:00,UPI,1,,2
TXN_04316,L00935,L00869,1223,2026-07-09 02:48:15,UPI,0,,2
TXN_01724,VACC_0313,M00061,50000,2026-07-09 02:56:00,UPI,1,VIC_0313,2
TXN_04920,L00504,L00174,29404,2026-07-09 02:56:40,IMPS,0,,2
TXN_03067,M00095,M00165,50000,2026-07-09 03:12:00,NEFT,1,,3
TXN_02421,VACC_0436,M00035,15500,2026-07-09 03:24:00,UPI,1,VIC_0436,3
TXN_00112,VACC_0025,M00075,95000,2026-07-09 03:32:00,UPI,1,VIC_0025,3
TXN_03343,M00014,M00154,60000,2026-07-09 03:38:00,NEFT,1,,3
TXN_03935,L00176,L00258,1506,2026-07-09 03:51:57,UPI,0,,3
TXN_00698,VACC_0128,M00118,20999,2026-07-09 03:52:00,UPI,1,VIC_0128,3
TXN_01354,VACC_0244,M00056,75999,2026-07-09 04:16:00,UPI,1,VIC_0244,4
TXN_03845,L00474,L00028,1595,2026-07-09 04:23:27,UPI,0,,4
TXN_01725,VACC_0313,M00166,20500,2026-07-09 04:28:00,UPI,1,VIC_0313,4
TXN_04844,L00209,L00596,2113,2026-07-09 04:40:01,IMPS,0,,4
TXN_02422,VACC_0436,M00105,101000,2026-07-09 05:01:00,UPI,1,VIC_0436,5
TXN_04303,L00061,L00830,11706,2026-07-09 05:13:56,UPI,0,,5
TXN_01839,VACC_0331,M00132,75500,2026-07-09 05:30:00,UPI,1,VIC_0331,5
TXN_01726,VACC_0313,M00061,75000,2026-07-09 05:45:00,UPI,1,VIC_0313,5
TXN_03048,M00171,M00066,15000,2026-07-09 05:55:00,IMPS,1,,5
TXN_03009,M00032,M00137,50000,2026-07-09 05:58:00,UPI,1,,5
TXN_00113,VACC_0025,M00180,40000,2026-07-09 06:07:00,UPI,1,VIC_0025,6
TXN_01355,VACC_0244,M00056,16000,2026-07-09 06:16:00,UPI,1,VIC_0244,6
TXN_02423,VACC_0436,M00175,75000,2026-07-09 06:24:00,UPI,1,VIC_0436,6
TXN_03963,L00141,L00384,19078,2026-07-09 06:27:00,UPI,0,,6
TXN_01356,VACC_0244,M00126,76000,2026-07-09 06:36:00,IMPS,1,VIC_0244,6
TXN_01993,VACC_0362,M00137,26000,2026-07-09 06:41:00,UPI,1,VIC_0362,6
TXN_03444,M00053,M00088,35000,2026-07-09 06:47:00,IMPS,1,,6
TXN_04117,L00072,L00793,1257,2026-07-09 06:47:23,UPI,0,,6
TXN_01357,VACC_0244,M00126,75000,2026-07-09 06:48:00,IMPS,1,VIC_0244,6
TXN_01358,VACC_0244,M00091,20999,2026-07-09 07:44:00,UPI,1,VIC_0244,7
TXN_01994,VACC_0362,M00172,95999,2026-07-09 08:02:00,UPI,1,VIC_0362,8
TXN_01995,VACC_0362,M00172,20500,2026-07-09 08:12:00,UPI,1,VIC_0362,8
TXN_02424,VACC_0436,M00035,40500,2026-07-09 09:19:00,NEFT,1,VIC_0436,9
TXN_01996,VACC_0362,M00067,100999,2026-07-09 09:36:00,UPI,1,VIC_0362,9
TXN_01359,VACC_0244,M00196,40500,2026-07-09 09:57:00,UPI,1,VIC_0244,9
TXN_02425,VACC_0436,M00070,11000,2026-07-09 10:34:00,UPI,1,VIC_0436,10
TXN_01360,VACC_0244,M00021,75999,2026-07-09 10:42:00,IMPS,1,VIC_0244,10
TXN_01997,VACC_0362,M00172,75000,2026-07-09 11:04:00,UPI,1,VIC_0362,11
TXN_01361,VACC_0244,M00091,25999,2026-07-09 12:21:00,UPI,1,VIC_0244,12
TXN_02426,VACC_0436,M00105,96000,2026-07-09 12:27:00,UPI,1,VIC_0436,12
TXN_02427,VACC_0436,M00105,15500,2026-07-09 13:04:00,UPI,1,VIC_0436,13
TXN_01998,VACC_0362,M00172,25000,2026-07-09 13:07:00,IMPS,1,VIC_0362,13
TXN_02908,M00107,M00177,25000,2026-07-09 14:10:00,UPI,1,,14
TXN_03029,M00067,M00172,50000,2026-07-09 14:49:00,IMPS,1,,14
TXN_02428,VACC_0436,M00140,41000,2026-07-09 14:57:00,IMPS,1,VIC_0436,14
TXN_01999,VACC_0362,M00137,40500,2026-07-09 15:34:00,IMPS,1,VIC_0362,15
TXN_03214,M00100,M00030,50000,2026-07-09 15:56:00,IMPS,1,,15
TXN_03432,M00029,M00169,25000,2026-07-09 15:59:00,IMPS,1,,15
TXN_03451,M00145,M00005,35000,2026-07-09 16:05:00,UPI,1,,16
TXN_04520,L00754,L00274,725,2026-07-09 16:20:42,UPI,0,,16
TXN_00769,VACC_0143,M00155,96000,2026-07-09 16:21:00,UPI,1,VIC_0143,16
TXN_03815,L00830,L00871,1005,2026-07-09 16:21:42,UPI,0,,16
TXN_03356,M00184,M00114,35000,2026-07-09 16:31:00,UPI,1,,16
TXN_04881,L00136,L00255,1604,2026-07-09 16:54:25,NEFT,0,,16
TXN_03544,L00520,L00839,1546,2026-07-09 16:56:49,UPI,0,,16
TXN_00770,VACC_0143,M00155,100000,2026-07-09 17:07:00,UPI,1,VIC_0143,17
TXN_02429,VACC_0436,M00140,40500,2026-07-09 17:11:00,NEFT,1,VIC_0436,17
TXN_04717,L00484,L00287,3708,2026-07-09 17:21:51,UPI,0,,17
TXN_01591,VACC_0285,M00059,96000,2026-07-09 17:47:00,UPI,1,VIC_0285,17
TXN_04811,L00255,L00844,420,2026-07-09 18:00:34,UPI,0,,18
TXN_03574,L00827,L00758,1359,2026-07-09 18:24:59,UPI,0,,18
TXN_04966,L00424,L00617,9750,2026-07-09 18:33:59,UPI,0,,18
TXN_00771,VACC_0143,M00085,95500,2026-07-09 18:55:00,UPI,1,VIC_0143,18
TXN_00813,VACC_0148,M00191,95000,2026-07-09 19:09:00,UPI,1,VIC_0148,19
TXN_02945,M00195,M00125,60000,2026-07-09 19:10:00,UPI,1,,19
TXN_00853,VACC_0154,M00086,10000,2026-07-09 19:34:00,UPI,1,VIC_0154,19
TXN_03966,L00385,L00210,30340,2026-07-09 20:02:40,UPI,0,,20
TXN_02430,VACC_0436,M00035,41000,2026-07-09 20:03:00,UPI,1,VIC_0436,20
TXN_03746,L00033,L00945,981,2026-07-09 20:08:07,IMPS,0,,20
TXN_04753,L00158,L00045,738,2026-07-09 20:19:26,IMPS,0,,20
TXN_00772,VACC_0143,M00120,20500,2026-07-09 21:03:00,IMPS,1,VIC_0143,21
TXN_02978,M00050,M00190,35000,2026-07-09 21:51:00,IMPS,1,,21
TXN_02485,VACC_0444,M00070,100999,2026-07-09 22:06:00,UPI,1,VIC_0444,22
TXN_00773,VACC_0143,M00050,16000,2026-07-09 22:36:00,UPI,1,VIC_0143,22
TXN_03813,L00305,L00401,1307,2026-07-09 22:58:20,NEFT,0,,22
TXN_03709,L00672,L00013,459,2026-07-09 23:04:54,UPI,0,,23
TXN_04160,L00776,L00346,21746,2026-07-09 23:14:29,UPI,0,,23
TXN_03040,M00130,M00095,60000,2026-07-09 23:21:00,IMPS,1,,23
TXN_03733,L00313,L00966,37413,2026-07-09 23:21:16,UPI,0,,23
TXN_04698,L00390,L00418,1403,2026-07-09 23:37:11,IMPS,0,,23
TXN_03263,M00037,M00107,25000,2026-07-09 23:55:00,UPI,1,,23
TXN_04100,L00908,L00392,314,2026-07-10 00:02:49,UPI,0,,0
TXN_00774,VACC_0143,M00190,95500,2026-07-10 00:18:00,IMPS,1,VIC_0143,0
TXN_03431,M00156,M00121,25000,2026-07-10 00:36:00,IMPS,1,,0
TXN_02486,VACC_0444,M00105,15500,2026-07-10 00:37:00,UPI,1,VIC_0444,0
TXN_04434,L00144,L00591,2326,2026-07-10 00:46:32,UPI,0,,0
TXN_02487,VACC_0444,M00105,75500,2026-07-10 00:52:00,UPI,1,VIC_0444,0
TXN_04791,L00607,L00714,1001,2026-07-10 01:11:40,UPI,0,,1
TXN_04472,L00158,L00324,2667,2026-07-10 01:15:37,UPI,0,,1
TXN_04329,L00332,L00771,2371,2026-07-10 01:26:28,UPI,0,,1
TXN_00618,VACC_0115,M00047,15500,2026-07-10 02:21:00,UPI,1,VIC_0115,2
TXN_02488,VACC_0444,M00070,96000,2026-07-10 02:31:00,NEFT,1,VIC_0444,2
TXN_03504,L00011,L00465,1742,2026-07-10 02:34:49,UPI,0,,2
TXN_00775,VACC_0143,M00085,96000,2026-07-10 02:46:00,UPI,1,VIC_0143,2
TXN_01182,VACC_0213,M00193,41000,2026-07-10 02:59:00,UPI,1,VIC_0213,2
TXN_03379,M00032,M00067,15000,2026-07-10 03:14:00,UPI,1,,3
TXN_03349,M00094,M00164,25000,2026-07-10 03:51:00,UPI,1,,3
TXN_00776,VACC_0143,M00155,10500,2026-07-10 03:53:00,UPI,1,VIC_0143,3
TXN_00777,VACC_0143,M00190,76000,2026-07-10 04:07:00,UPI,1,VIC_0143,4
TXN_01183,VACC_0213,M00193,75500,2026-07-10 04:12:00,UPI,1,VIC_0213,4
TXN_03395,M00160,M00020,25000,2026-07-10 04:20:00,UPI,1,,4
TXN_02386,VACC_0430,M00105,50999,2026-07-10 04:47:00,NEFT,1,VIC_0430,4
TXN_02489,VACC_0444,M00105,50999,2026-07-10 05:07:00,UPI,1,VIC_0444,5
TXN_03286,M00064,M00169,15000,2026-07-10 05:57:00,NEFT,1,,5
TXN_00778,VACC_0143,M00085,10500,2026-07-10 06:08:00,UPI,1,VIC_0143,6
TXN_01392,VACC_0253,M00021,20500,2026-07-10 06:09:00,IMPS,1,VIC_0253,6
TXN_02490,VACC_0444,M00070,75999,2026-07-10 06:20:00,IMPS,1,VIC_0444,6
TXN_04985,L00003,L00209,539,2026-07-10 06:30:48,IMPS,0,,6
TXN_01865,VACC_0336,M00097,26000,2026-07-10 06:35:00,NEFT,1,VIC_0336,6
TXN_01393,VACC_0253,M00196,51000,2026-07-10 06:38:00,UPI,1,VIC_0253,6
TXN_03164,M00137,M00067,60000,2026-07-10 06:39:00,UPI,1,,6
TXN_03567,L00655,L00229,2259,2026-07-10 06:39:45,NEFT,0,,6
TXN_01394,VACC_0253,M00021,100999,2026-07-10 07:33:00,UPI,1,VIC_0253,7
TXN_02491,VACC_0444,M00035,95999,2026-07-10 07:47:00,UPI,1,VIC_0444,7
TXN_01395,VACC_0253,M00196,25500,2026-07-10 08:03:00,UPI,1,VIC_0253,8
TXN_01396,VACC_0253,M00161,75999,2026-07-10 08:50:00,UPI,1,VIC_0253,8
TXN_01397,VACC_0253,M00021,40999,2026-07-10 09:16:00,NEFT,1,VIC_0253,9
TXN_01398,VACC_0253,M00021,100999,2026-07-10 10:51:00,UPI,1,VIC_0253,10
TXN_03134,M00196,M00126,15000,2026-07-10 15:12:00,UPI,1,,15
TXN_04590,L00785,L00879,1336,2026-07-10 15:26:16,UPI,0,,15
TXN_04485,L00150,L00890,2191,2026-07-10 15:34:36,IMPS,0,,15
TXN_02538,VACC_0453,M00125,75999,2026-07-10 15:48:00,UPI,1,VIC_0453,15
TXN_03596,L00864,L00269,1271,2026-07-10 16:07:02,UPI,0,,16
TXN_00657,VACC_0124,M00118,100999,2026-07-10 16:09:00,UPI,1,VIC_0124,16
TXN_02539,VACC_0453,M00090,95500,2026-07-10 16:15:00,UPI,1,VIC_0453,16
TXN_01321,VACC_0239,M00195,10999,2026-07-10 16:49:00,UPI,1,VIC_0239,16
TXN_03747,L00143,L00158,9552,2026-07-10 17:10:35,UPI,0,,17
TXN_01596,VACC_0288,M00094,40500,2026-07-10 17:15:00,UPI,1,VIC_0288,17
TXN_04373,L00838,L00666,936,2026-07-10 17:29:35,UPI,0,,17
TXN_04010,L00621,L00255,7813,2026-07-10 17:36:53,UPI,0,,17
TXN_03404,M00032,M00102,50000,2026-07-10 17:41:00,UPI,1,,17
TXN_03015,M00012,M00117,60000,2026-07-10 17:44:00,IMPS,1,,17
TXN_04607,L00631,L00472,1644,2026-07-10 17:44:55,UPI,0,,17
TXN_00658,VACC_0124,M00153,15500,2026-07-10 17:52:00,UPI,1,VIC_0124,17
TXN_01597,VACC_0288,M00199,50000,2026-07-10 18:01:00,UPI,1,VIC_0288,18
TXN_03614,L00947,L00134,2892,2026-07-10 18:05:10,IMPS,0,,18
TXN_02540,VACC_0453,M00020,76000,2026-07-10 18:10:00,UPI,1,VIC_0453,18
TXN_01322,VACC_0239,M00195,75999,2026-07-10 18:47:00,UPI,1,VIC_0239,18
TXN_03315,M00057,M00022,60000,2026-07-10 18:51:00,IMPS,1,,18
TXN_01598,VACC_0288,M00024,26000,2026-07-10 19:07:00,UPI,1,VIC_0288,19
TXN_04280,L00110,L00405,3940,2026-07-10 19:08:25,UPI,0,,19
TXN_02541,VACC_0453,M00020,75500,2026-07-10 19:33:00,IMPS,1,VIC_0453,19
TXN_02992,M00158,M00088,60000,2026-07-10 19:48:00,IMPS,1,,19
TXN_01323,VACC_0239,M00090,95500,2026-07-10 19:53:00,UPI,1,VIC_0239,19
TXN_04447,L00138,L00617,10960,2026-07-10 20:01:50,NEFT,0,,20
TXN_04399,L00404,L00570,398,2026-07-10 20:03:02,UPI,0,,20
TXN_04767,L00537,L00954,8468,2026-07-10 20:13:54,NEFT,0,,20
TXN_00659,VACC_0124,M00118,40999,2026-07-10 20:15:00,UPI,1,VIC_0124,20
TXN_03361,M00027,M00167,25000,2026-07-10 20:28:00,IMPS,1,,20
TXN_02873,M00128,M00198,15000,2026-07-10 20:34:00,IMPS,1,,20
TXN_03727,L00428,L00215,6628,2026-07-10 20:42:45,NEFT,0,,20
TXN_01599,VACC_0288,M00094,51000,2026-07-10 20:43:00,UPI,1,VIC_0288,20
TXN_03996,L00198,L00054,448,2026-07-10 20:58:13,IMPS,0,,20
TXN_04146,L00497,L00689,1098,2026-07-10 21:15:13,IMPS,0,,21
TXN_00660,VACC_0124,M00013,40000,2026-07-10 21:28:00,UPI,1,VIC_0124,21
TXN_02542,VACC_0453,M00125,16000,2026-07-10 21:31:00,UPI,1,VIC_0453,21
TXN_01324,VACC_0239,M00125,41000,2026-07-10 21:50:00,UPI,1,VIC_0239,21
TXN_02974,M00101,M00171,60000,2026-07-10 22:01:00,NEFT,1,,22
TXN_01600,VACC_0288,M00024,101000,2026-07-10 22:19:00,IMPS,1,VIC_0288,22
TXN_04081,L00151,L00261,1401,2026-07-10 22:21:17,UPI,0,,22
TXN_02953,M00072,M00037,60000,2026-07-10 22:35:00,UPI,1,,22
TXN_03811,L00718,L00863,1442,2026-07-10 22:45:12,IMPS,0,,22
TXN_03732,L00895,L00132,593,2026-07-10 23:14:42,IMPS,0,,23
TXN_02543,VACC_0453,M00125,75500,2026-07-10 23:16:00,UPI,1,VIC_0453,23
TXN_00661,VACC_0124,M00083,25999,2026-07-10 23:21:00,IMPS,1,VIC_0124,23
TXN_04633,L00766,L00445,238,2026-07-10 23:49:07,UPI,0,,23
TXN_04980,L00592,L00796,16259,2026-07-10 23:51:10,UPI,0,,23
TXN_03896,L00094,L00017,17548,2026-07-10 23:52:44,IMPS,0,,23
TXN_03167,M00062,M00132,60000,2026-07-10 23:53:00,IMPS,1,,23
TXN_01601,VACC_0288,M00199,76000,2026-07-11 00:10:00,IMPS,1,VIC_0288,0
TXN_01325,VACC_0239,M00125,20500,2026-07-11 00:14:00,IMPS,1,VIC_0239,0
TXN_00662,VACC_0124,M00013,95999,2026-07-11 00:16:00,UPI,1,VIC_0124,0
TXN_02829,M00009,M00149,50000,2026-07-11 00:49:00,IMPS,1,,0
TXN_03236,M00135,M00030,15000,2026-07-11 00:56:00,UPI,1,,0
TXN_00663,VACC_0124,M00153,100000,2026-07-11 01:24:00,UPI,1,VIC_0124,1
TXN_03714,L00234,L00233,2337,2026-07-11 01:27:47,NEFT,0,,1
TXN_02053,VACC_0371,M00067,51000,2026-07-11 01:51:00,UPI,1,VIC_0371,1
TXN_03850,L00764,L00409,1062,2026-07-11 01:55:36,IMPS,0,,1
TXN_00925,VACC_0169,M00086,15999,2026-07-11 02:03:00,UPI,1,VIC_0169,2
TXN_03499,M00124,M00194,25000,2026-07-11 02:20:00,IMPS,1,,2
TXN_03536,L00151,L00481,268,2026-07-11 02:29:45,NEFT,0,,2
TXN_00971,VACC_0175,M00121,10000,2026-07-11 02:41:00,UPI,1,VIC_0175,2
TXN_01326,VACC_0239,M00020,11000,2026-07-11 02:41:00,IMPS,1,VIC_0239,2
TXN_02054,VACC_0371,M00137,95500,2026-07-11 02:44:00,IMPS,1,VIC_0371,2
TXN_01602,VACC_0288,M00199,75000,2026-07-11 02:54:00,IMPS,1,VIC_0288,2
TXN_03523,L00432,L00493,1204,2026-07-11 02:56:17,UPI,0,,2
TXN_03092,M00185,M00080,25000,2026-07-11 03:19:00,UPI,1,,3
TXN_03411,M00080,M00115,50000,2026-07-11 03:23:00,IMPS,1,,3
TXN_01362,VACC_0245,M00196,40999,2026-07-11 03:32:00,UPI,1,VIC_0245,3
TXN_03293,M00048,M00153,25000,2026-07-11 03:46:00,IMPS,1,,3
TXN_00664,VACC_0124,M00118,20000,2026-07-11 03:59:00,IMPS,1,VIC_0124,3
TXN_01603,VACC_0288,M00129,15999,2026-07-11 04:01:00,UPI,1,VIC_0288,4
TXN_04180,L00287,L00974,24826,2026-07-11 04:11:51,IMPS,0,,4
TXN_00926,VACC_0169,M00086,75500,2026-07-11 04:19:00,UPI,1,VIC_0169,4
TXN_01327,VACC_0239,M00195,16000,2026-07-11 04:36:00,UPI,1,VIC_0239,4
TXN_01328,VACC_0239,M00055,25500,2026-07-11 04:48:00,UPI,1,VIC_0239,4
TXN_00059,VACC_0013,M00075,40500,2026-07-11 04:59:00,UPI,1,VIC_0013,4
TXN_04667,L01000,L00612,1810,2026-07-11 05:00:48,UPI,0,,5
TXN_00972,VACC_0175,M00086,75999,2026-07-11 05:02:00,UPI,1,VIC_0175,5
TXN_00927,VACC_0169,M00121,20000,2026-07-11 05:05:00,UPI,1,VIC_0169,5
TXN_02055,VACC_0371,M00032,10000,2026-07-11 05:06:00,UPI,1,VIC_0371,5
TXN_00928,VACC_0169,M00156,40500,2026-07-11 05:13:00,UPI,1,VIC_0169,5
TXN_01329,VACC_0239,M00195,10999,2026-07-11 05:17:00,UPI,1,VIC_0239,5
TXN_02867,M00079,M00044,60000,2026-07-11 05:21:00,IMPS,1,,5
TXN_04211,L00533,L00898,1459,2026-07-11 05:36:08,UPI,0,,5
TXN_04389,L00496,L00661,3864,2026-07-11 06:02:13,UPI,0,,6
TXN_02056,VACC_0371,M00137,15000,2026-07-11 06:20:00,UPI,1,VIC_0371,6
TXN_02897,M00151,M00046,15000,2026-07-11 06:30:00,UPI,1,,6
TXN_00665,VACC_0124,M00083,20500,2026-07-11 06:32:00,UPI,1,VIC_0124,6
TXN_00060,VACC_0013,M00180,15500,2026-07-11 06:54:00,UPI,1,VIC_0013,6
TXN_00973,VACC_0175,M00121,16000,2026-07-11 07:05:00,UPI,1,VIC_0175,7
TXN_01330,VACC_0239,M00055,10000,2026-07-11 07:08:00,UPI,1,VIC_0239,7
TXN_02057,VACC_0371,M00032,51000,2026-07-11 07:19:00,UPI,1,VIC_0371,7
TXN_00929,VACC_0169,M00086,75000,2026-07-11 07:47:00,UPI,1,VIC_0169,7
TXN_00061,VACC_0013,M00180,95999,2026-07-11 08:15:00,UPI,1,VIC_0013,8
TXN_00930,VACC_0169,M00191,50999,2026-07-11 09:02:00,UPI,1,VIC_0169,9
TXN_00666,VACC_0124,M00118,50500,2026-07-11 09:03:00,NEFT,1,VIC_0124,9
TXN_02058,VACC_0371,M00067,10500,2026-07-11 09:07:00,UPI,1,VIC_0371,9
TXN_02059,VACC_0371,M00137,95999,2026-07-11 09:21:00,IMPS,1,VIC_0371,9
TXN_00974,VACC_0175,M00156,50000,2026-07-11 09:25:00,UPI,1,VIC_0175,9
TXN_01331,VACC_0239,M00195,25500,2026-07-11 10:01:00,UPI,1,VIC_0239,10
TXN_00975,VACC_0175,M00086,15999,2026-07-11 10:20:00,UPI,1,VIC_0175,10
TXN_01332,VACC_0239,M00125,20999,2026-07-11 10:25:00,UPI,1,VIC_0239,10
TXN_00931,VACC_0169,M00121,75999,2026-07-11 10:45:00,IMPS,1,VIC_0169,10
TXN_02060,VACC_0371,M00102,75000,2026-07-11 10:58:00,UPI,1,VIC_0371,10
TXN_00976,VACC_0175,M00086,26000,2026-07-11 11:34:00,UPI,1,VIC_0175,11
TXN_01333,VACC_0239,M00195,20999,2026-07-11 12:10:00,UPI,1,VIC_0239,12
TXN_00932,VACC_0169,M00016,41000,2026-07-11 12:43:00,UPI,1,VIC_0169,12
TXN_00933,VACC_0169,M00156,40000,2026-07-11 13:03:00,UPI,1,VIC_0169,13
TXN_02061,VACC_0371,M00067,26000,2026-07-11 13:14:00,UPI,1,VIC_0371,13
TXN_01334,VACC_0239,M00160,75000,2026-07-11 13:34:00,UPI,1,VIC_0239,13
TXN_00977,VACC_0175,M00016,20500,2026-07-11 13:35:00,UPI,1,VIC_0175,13
TXN_03185,M00196,M00161,35000,2026-07-11 14:14:00,UPI,1,,14
TXN_00934,VACC_0169,M00016,51000,2026-07-11 14:22:00,NEFT,1,VIC_0169,14
TXN_03391,M00132,M00062,60000,2026-07-11 14:43:00,NEFT,1,,14
TXN_00978,VACC_0175,M00156,20500,2026-07-11 14:51:00,UPI,1,VIC_0175,14
TXN_03494,M00108,M00073,15000,2026-07-11 15:18:00,IMPS,1,,15
TXN_01335,VACC_0239,M00055,20999,2026-07-11 15:36:00,UPI,1,VIC_0239,15
TXN_02062,VACC_0371,M00032,25999,2026-07-11 15:44:00,UPI,1,VIC_0371,15
TXN_00935,VACC_0169,M00051,40500,2026-07-11 15:48:00,UPI,1,VIC_0169,15
TXN_04919,L00924,L00116,709,2026-07-11 15:50:43,UPI,0,,15
TXN_00979,VACC_0175,M00191,40999,2026-07-11 15:51:00,UPI,1,VIC_0175,15
TXN_03773,L00676,L00537,14798,2026-07-11 16:03:42,NEFT,0,,16
TXN_02063,VACC_0371,M00172,75000,2026-07-11 16:51:00,UPI,1,VIC_0371,16
TXN_00936,VACC_0169,M00016,75999,2026-07-11 17:00:00,UPI,1,VIC_0169,17
TXN_04629,L00112,L00450,1633,2026-07-11 17:26:13,UPI,0,,17
TXN_04492,L00948,L00127,812,2026-07-11 17:32:13,IMPS,0,,17
TXN_04894,L00778,L00577,1956,2026-07-11 18:19:03,UPI,0,,18
TXN_00980,VACC_0175,M00051,40500,2026-07-11 18:20:00,IMPS,1,VIC_0175,18
TXN_00981,VACC_0175,M00156,40999,2026-07-11 18:40:00,IMPS,1,VIC_0175,18
TXN_04154,L00535,L00811,14683,2026-07-11 18:40:28,UPI,0,,18
TXN_01173,VACC_0210,M00123,50000,2026-07-11 18:44:00,UPI,1,VIC_0210,18
TXN_04119,L00538,L00427,491,2026-07-11 18:48:18,IMPS,0,,18
TXN_00937,VACC_0169,M00121,100000,2026-07-11 18:56:00,IMPS,1,VIC_0169,18
TXN_02469,VACC_0442,M00035,15999,2026-07-11 19:15:00,NEFT,1,VIC_0442,19
TXN_00316,VACC_0064,M00113,95500,2026-07-11 19:39:00,UPI,1,VIC_0064,19
TXN_02470,VACC_0442,M00035,10000,2026-07-11 19:42:00,UPI,1,VIC_0442,19
TXN_02064,VACC_0371,M00032,20000,2026-07-11 19:50:00,UPI,1,VIC_0371,19
TXN_02065,VACC_0371,M00137,95000,2026-07-11 20:19:00,UPI,1,VIC_0371,20
TXN_00982,VACC_0175,M00016,15500,2026-07-11 20:44:00,IMPS,1,VIC_0175,20
TXN_02066,VACC_0371,M00102,100500,2026-07-11 20:55:00,UPI,1,VIC_0371,20
TXN_00938,VACC_0169,M00086,25999,2026-07-11 21:23:00,IMPS,1,VIC_0169,21
TXN_03624,L00875,L00549,14429,2026-07-11 21:29:14,IMPS,0,,21
TXN_04879,L00851,L00660,1721,2026-07-11 21:37:32,NEFT,0,,21
TXN_03895,L00245,L00205,1549,2026-07-11 21:44:18,UPI,0,,21
TXN_04185,L00675,L00891,1869,2026-07-11 21:49:45,UPI,0,,21
TXN_01632,VACC_0295,M00200,95999,2026-07-11 22:04:00,NEFT,1,VIC_0295,22
TXN_00594,VACC_0112,M00152,40999,2026-07-11 22:20:00,UPI,1,VIC_0112,22
TXN_04755,L00429,L00564,411,2026-07-11 22:33:38,UPI,0,,22
TXN_00317,VACC_0064,M00113,101000,2026-07-11 22:35:00,UPI,1,VIC_0064,22
TXN_02471,VACC_0442,M00175,50000,2026-07-11 22:41:00,UPI,1,VIC_0442,22
TXN_00983,VACC_0175,M00016,26000,2026-07-11 22:42:00,UPI,1,VIC_0175,22
TXN_00984,VACC_0175,M00016,96000,2026-07-11 22:56:00,IMPS,1,VIC_0175,22
TXN_00318,VACC_0064,M00148,50500,2026-07-11 23:01:00,UPI,1,VIC_0064,23
TXN_01017,VACC_0181,M00051,50500,2026-07-11 23:02:00,UPI,1,VIC_0181,23
TXN_02067,VACC_0371,M00102,16000,2026-07-11 23:15:00,IMPS,1,VIC_0371,23
TXN_04156,L00618,L00533,2234,2026-07-11 23:19:40,UPI,0,,23
TXN_01633,VACC_0295,M00025,21000,2026-07-11 23:30:00,UPI,1,VIC_0295,23
TXN_02068,VACC_0371,M00032,100999,2026-07-11 23:34:00,UPI,1,VIC_0371,23
TXN_02069,VACC_0371,M00067,100000,2026-07-12 00:10:00,UPI,1,VIC_0371,0
TXN_00985,VACC_0175,M00086,50500,2026-07-12 00:16:00,IMPS,1,VIC_0175,0
TXN_01778,VACC_0321,M00167,75999,2026-07-12 00:24:00,UPI,1,VIC_0321,0
TXN_02900,M00046,M00011,60000,2026-07-12 00:24:00,IMPS,1,,0
TXN_00595,VACC_0112,M00187,10999,2026-07-12 00:27:00,IMPS,1,VIC_0112,0
TXN_02279,VACC_0409,M00139,20500,2026-07-12 00:29:00,UPI,1,VIC_0409,0
TXN_01631,VACC_0294,M00200,26000,2026-07-12 00:30:00,UPI,1,VIC_0294,0
TXN_04400,L00838,L00550,11317,2026-07-12 00:31:20,UPI,0,,0
TXN_04444,L00146,L00307,1103,2026-07-12 00:33:51,NEFT,0,,0
TXN_04905,L00558,L00304,845,2026-07-12 00:41:52,UPI,0,,0
TXN_00319,VACC_0064,M00043,20500,2026-07-12 00:57:00,NEFT,1,VIC_0064,0
TXN_02472,VACC_0442,M00105,10999,2026-07-12 01:06:00,UPI,1,VIC_0442,1
TXN_04193,L00895,L00047,279,2026-07-12 01:12:53,UPI,0,,1
TXN_03906,L00742,L00172,7519,2026-07-12 01:14:37,UPI,0,,1
TXN_01634,VACC_0295,M00165,40999,2026-07-12 01:26:00,UPI,1,VIC_0295,1
TXN_04418,L00212,L00669,2167,2026-07-12 01:33:42,UPI,0,,1
TXN_02280,VACC_0409,M00069,40500,2026-07-12 01:40:00,UPI,1,VIC_0409,1
TXN_01018,VACC_0181,M00051,75500,2026-07-12 01:54:00,UPI,1,VIC_0181,1
TXN_02030,VACC_0368,M00172,95500,2026-07-12 01:56:00,UPI,1,VIC_0368,1
TXN_01930,VACC_0349,M00099,20000,2026-07-12 01:57:00,UPI,1,VIC_0349,1
TXN_04887,L00010,L00981,2014,2026-07-12 02:03:36,UPI,0,,2
TXN_02663,VACC_0475,M00173,75500,2026-07-12 02:08:00,IMPS,1,VIC_0475,2
TXN_04236,L00488,L00975,7353,2026-07-12 02:08:12,UPI,0,,2
TXN_00986,VACC_0175,M00051,16000,2026-07-12 02:18:00,UPI,1,VIC_0175,2
TXN_01635,VACC_0295,M00200,50000,2026-07-12 02:27:00,UPI,1,VIC_0295,2
TXN_04570,L00902,L00968,819,2026-07-12 02:29:23,UPI,0,,2
TXN_04656,L00864,L00846,4613,2026-07-12 02:36:01,UPI,0,,2
TXN_02664,VACC_0475,M00103,15000,2026-07-12 02:43:00,UPI,1,VIC_0475,2
TXN_01779,VACC_0321,M00167,75999,2026-07-12 02:52:00,UPI,1,VIC_0321,2
TXN_02665,VACC_0475,M00138,40000,2026-07-12 02:59:00,UPI,1,VIC_0475,2
TXN_02985,M00109,M00004,25000,2026-07-12 03:00:00,IMPS,1,,3
TXN_00320,VACC_0064,M00148,41000,2026-07-12 03:03:00,UPI,1,VIC_0064,3
TXN_01019,VACC_0181,M00121,50500,2026-07-12 03:03:00,UPI,1,VIC_0181,3
TXN_04428,L00001,L00255,12795,2026-07-12 03:05:21,IMPS,0,,3
TXN_02473,VACC_0442,M00035,76000,2026-07-12 03:07:00,UPI,1,VIC_0442,3
TXN_00596,VACC_0112,M00117,41000,2026-07-12 03:08:00,IMPS,1,VIC_0112,3
TXN_02474,VACC_0442,M00175,15000,2026-07-12 03:30:00,UPI,1,VIC_0442,3
TXN_00987,VACC_0175,M00016,50500,2026-07-12 03:44:00,UPI,1,VIC_0175,3
TXN_00597,VACC_0112,M00047,15999,2026-07-12 03:45:00,IMPS,1,VIC_0112,3
TXN_00321,VACC_0064,M00043,25000,2026-07-12 03:48:00,IMPS,1,VIC_0064,3
TXN_02842,M00150,M00010,25000,2026-07-12 03:50:00,IMPS,1,,3
TXN_03905,L00681,L00172,775,2026-07-12 04:02:29,IMPS,0,,4
TXN_03497,M00028,M00168,50000,2026-07-12 04:04:00,NEFT,1,,4
TXN_02031,VACC_0368,M00102,10000,2026-07-12 04:05:00,UPI,1,VIC_0368,4
TXN_01636,VACC_0295,M00130,10000,2026-07-12 04:06:00,UPI,1,VIC_0295,4
TXN_03858,L00497,L00473,1389,2026-07-12 04:14:55,UPI,0,,4
TXN_00598,VACC_0112,M00012,50999,2026-07-12 04:16:00,UPI,1,VIC_0112,4
TXN_02281,VACC_0409,M00069,20999,2026-07-12 04:17:00,UPI,1,VIC_0409,4
TXN_04126,L00187,L00515,10308,2026-07-12 04:31:29,UPI,0,,4
TXN_01020,VACC_0181,M00051,76000,2026-07-12 04:32:00,IMPS,1,VIC_0181,4
TXN_01021,VACC_0181,M00086,15999,2026-07-12 04:52:00,IMPS,1,VIC_0181,4
TXN_00322,VACC_0064,M00148,40999,2026-07-12 05:06:00,NEFT,1,VIC_0064,5
TXN_03979,L00769,L00025,3647,2026-07-12 05:21:26,UPI,0,,5
TXN_03712,L00975,L00153,1591,2026-07-12 05:48:25,UPI,0,,5
TXN_01022,VACC_0181,M00016,15500,2026-07-12 05:56:00,UPI,1,VIC_0181,5
TXN_00599,VACC_0112,M00047,15500,2026-07-12 06:12:00,UPI,1,VIC_0112,6
TXN_01637,VACC_0295,M00025,95500,2026-07-12 06:21:00,UPI,1,VIC_0295,6
TXN_02475,VACC_0442,M00105,96000,2026-07-12 06:23:00,UPI,1,VIC_0442,6
TXN_00323,VACC_0064,M00078,11000,2026-07-12 06:37:00,UPI,1,VIC_0064,6
TXN_02924,M00033,M00103,25000,2026-07-12 06:51:00,UPI,1,,6
TXN_02282,VACC_0409,M00174,10999,2026-07-12 07:00:00,UPI,1,VIC_0409,7
TXN_02283,VACC_0409,M00069,75999,2026-07-12 07:16:00,UPI,1,VIC_0409,7
TXN_01023,VACC_0181,M00051,100500,2026-07-12 07:40:00,UPI,1,VIC_0181,7
TXN_02284,VACC_0409,M00069,50999,2026-07-12 07:48:00,UPI,1,VIC_0409,7
TXN_02285,VACC_0409,M00174,75000,2026-07-12 08:01:00,UPI,1,VIC_0409,8
TXN_00600,VACC_0112,M00047,25500,2026-07-12 08:28:00,UPI,1,VIC_0112,8
TXN_01024,VACC_0181,M00156,76000,2026-07-12 08:31:00,NEFT,1,VIC_0181,8
TXN_00601,VACC_0112,M00152,21000,2026-07-12 08:48:00,IMPS,1,VIC_0112,8
TXN_01025,VACC_0181,M00191,50999,2026-07-12 08:53:00,UPI,1,VIC_0181,8
TXN_02476,VACC_0442,M00175,40500,2026-07-12 08:54:00,UPI,1,VIC_0442,8
TXN_02477,VACC_0442,M00070,95999,2026-07-12 09:05:00,UPI,1,VIC_0442,9
TXN_01026,VACC_0181,M00086,95500,2026-07-12 09:08:00,UPI,1,VIC_0181,9
TXN_00324,VACC_0064,M00078,20999,2026-07-12 09:28:00,NEFT,1,VIC_0064,9
TXN_02286,VACC_0409,M00069,11000,2026-07-12 09:32:00,IMPS,1,VIC_0409,9
TXN_00325,VACC_0064,M00148,100500,2026-07-12 09:44:00,UPI,1,VIC_0064,9
TXN_02287,VACC_0409,M00069,50500,2026-07-12 10:35:00,UPI,1,VIC_0409,10
TXN_00602,VACC_0112,M00082,20500,2026-07-12 10:50:00,UPI,1,VIC_0112,10
TXN_02478,VACC_0442,M00070,10500,2026-07-12 10:56:00,UPI,1,VIC_0442,10
TXN_00326,VACC_0064,M00113,101000,2026-07-12 11:03:00,UPI,1,VIC_0064,11
TXN_00327,VACC_0064,M00148,20000,2026-07-12 11:12:00,UPI,1,VIC_0064,11
TXN_02479,VACC_0442,M00105,40000,2026-07-12 11:20:00,UPI,1,VIC_0442,11
TXN_00603,VACC_0112,M00117,100999,2026-07-12 12:06:00,UPI,1,VIC_0112,12
TXN_02480,VACC_0442,M00175,10000,2026-07-12 12:29:00,IMPS,1,VIC_0442,12
TXN_00328,VACC_0064,M00113,50500,2026-07-12 13:17:00,UPI,1,VIC_0064,13
TXN_00604,VACC_0112,M00082,15000,2026-07-12 13:45:00,IMPS,1,VIC_0112,13
TXN_03062,M00011,M00151,35000,2026-07-12 14:15:00,NEFT,1,,14
TXN_04132,L00188,L00829,11669,2026-07-12 15:02:22,UPI,0,,15
TXN_00239,VACC_0048,M00042,20999,2026-07-12 15:29:00,NEFT,1,VIC_0048,15
TXN_02076,VACC_0374,M00103,40500,2026-07-12 15:40:00,IMPS,1,VIC_0374,15
TXN_04688,L00606,L00645,933,2026-07-12 15:41:17,UPI,0,,15
TXN_00605,VACC_0112,M00117,15999,2026-07-12 15:42:00,IMPS,1,VIC_0112,15
TXN_00329,VACC_0064,M00008,76000,2026-07-12 16:10:00,UPI,1,VIC_0064,16
TXN_04645,L00983,L00682,12741,2026-07-12 16:14:50,NEFT,0,,16
TXN_00240,VACC_0048,M00147,40500,2026-07-12 16:15:00,UPI,1,VIC_0048,16
TXN_04828,L00989,L00287,14692,2026-07-12 16:15:40,UPI,0,,16
TXN_04531,L00294,L00283,574,2026-07-12 16:38:29,UPI,0,,16
TXN_00606,VACC_0112,M00047,15000,2026-07-12 16:43:00,UPI,1,VIC_0112,16
TXN_02889,M00167,M00097,35000,2026-07-12 16:47:00,IMPS,1,,16
TXN_04103,L00771,L00898,555,2026-07-12 17:06:46,UPI,0,,17
TXN_04290,L00765,L00682,1201,2026-07-12 17:18:26,UPI,0,,17
TXN_04526,L00624,L00429,320,2026-07-12 17:27:57,UPI,0,,17
TXN_00607,VACC_0112,M00047,95999,2026-07-12 17:50:00,UPI,1,VIC_0112,17
TXN_03242,M00147,M00112,25000,2026-07-12 17:52:00,UPI,1,,17
TXN_04775,L00063,L00814,2499,2026-07-12 17:56:49,NEFT,0,,17
TXN_02077,VACC_0374,M00068,50000,2026-07-12 18:05:00,UPI,1,VIC_0374,18
TXN_00608,VACC_0112,M00187,50999,2026-07-12 18:51:00,UPI,1,VIC_0112,18
TXN_04430,L00969,L00532,765,2026-07-12 18:54:31,NEFT,0,,18
TXN_00609,VACC_0112,M00012,10500,2026-07-12 19:07:00,UPI,1,VIC_0112,19
TXN_03938,L00647,L00714,7848,2026-07-12 19:07:30,IMPS,0,,19
TXN_00409,VACC_0084,M00010,101000,2026-07-12 19:10:00,UPI,1,VIC_0084,19
TXN_00410,VACC_0084,M00080,10500,2026-07-12 19:18:00,UPI,1,VIC_0084,19
TXN_01683,VACC_0306,M00061,25500,2026-07-12 19:30:00,UPI,1,VIC_0306,19
TXN_00411,VACC_0084,M00080,100999,2026-07-12 20:04:00,UPI,1,VIC_0084,20
TXN_01962,VACC_0358,M00102,15999,2026-07-12 20:41:00,UPI,1,VIC_0358,20
TXN_01684,VACC_0306,M00061,10999,2026-07-12 21:36:00,UPI,1,VIC_0306,21
TXN_04745,L00722,L00457,4407,2026-07-12 21:37:23,UPI,0,,21
TXN_01963,VACC_0358,M00172,50999,2026-07-12 21:45:00,UPI,1,VIC_0358,21
TXN_01685,VACC_0306,M00096,100999,2026-07-12 21:49:00,UPI,1,VIC_0306,21
TXN_00412,VACC_0084,M00185,10000,2026-07-12 21:54:00,UPI,1,VIC_0084,21
TXN_04401,L00803,L00832,2122,2026-07-12 22:11:59,UPI,0,,22
TXN_02826,M00059,M00129,25000,2026-07-12 22:13:00,IMPS,1,,22
TXN_03027,M00115,M00010,25000,2026-07-12 22:34:00,UPI,1,,22
TXN_04374,L00392,L00282,30639,2026-07-12 22:52:00,UPI,0,,22
TXN_04923,L00979,L00289,691,2026-07-12 23:16:42,UPI,0,,23
TXN_01964,VACC_0358,M00137,100500,2026-07-12 23:24:00,UPI,1,VIC_0358,23
TXN_00413,VACC_0084,M00045,100500,2026-07-12 23:36:00,UPI,1,VIC_0084,23
TXN_04555,L00140,L00492,14800,2026-07-12 23:59:55,NEFT,0,,23
TXN_03539,L00378,L00994,42636,2026-07-13 00:01:04,UPI,0,,0
TXN_01686,VACC_0306,M00026,16000,2026-07-13 00:27:00,IMPS,1,VIC_0306,0
TXN_00414,VACC_0084,M00150,10999,2026-07-13 00:32:00,UPI,1,VIC_0084,0
TXN_04892,L00088,L00208,2599,2026-07-13 00:35:17,UPI,0,,0
TXN_02883,M00034,M00104,60000,2026-07-13 01:00:00,NEFT,1,,1
TXN_04354,L00486,L00184,8631,2026-07-13 01:19:09,IMPS,0,,1
TXN_01965,VACC_0358,M00032,40000,2026-07-13 01:43:00,UPI,1,VIC_0358,1
TXN_03899,L00841,L00197,780,2026-07-13 02:08:43,IMPS,0,,2
TXN_00415,VACC_0084,M00185,15500,2026-07-13 02:17:00,UPI,1,VIC_0084,2
TXN_04069,L00395,L00949,1318,2026-07-13 03:04:45,UPI,0,,3
TXN_04500,L00887,L00289,637,2026-07-13 03:05:42,UPI,0,,3
TXN_04852,L00491,L00096,44504,2026-07-13 03:15:37,UPI,0,,3
TXN_01966,VACC_0358,M00102,20500,2026-07-13 03:17:00,IMPS,1,VIC_0358,3
TXN_01967,VACC_0358,M00102,95999,2026-07-13 03:31:00,UPI,1,VIC_0358,3
TXN_00564,VACC_0107,M00081,40000,2026-07-13 03:39:00,UPI,1,VIC_0107,3
TXN_03525,L00456,L00191,890,2026-07-13 03:58:07,IMPS,0,,3
TXN_04578,L00231,L00180,974,2026-07-13 04:13:25,UPI,0,,4
TXN_00565,VACC_0107,M00046,20000,2026-07-13 04:38:00,UPI,1,VIC_0107,4
TXN_01968,VACC_0358,M00102,15500,2026-07-13 04:47:00,NEFT,1,VIC_0358,4
TXN_01317,VACC_0238,M00055,15999,2026-07-13 05:26:00,IMPS,1,VIC_0238,5
TXN_02915,M00078,M00008,60000,2026-07-13 05:28:00,UPI,1,,5
TXN_01318,VACC_0238,M00160,10500,2026-07-13 05:35:00,IMPS,1,VIC_0238,5
TXN_01202,VACC_0217,M00053,96000,2026-07-13 05:48:00,IMPS,1,VIC_0217,5
TXN_04317,L00164,L00023,9838,2026-07-13 06:07:08,UPI,0,,6
TXN_01969,VACC_0358,M00102,40500,2026-07-13 06:12:00,UPI,1,VIC_0358,6
TXN_01970,VACC_0358,M00137,20999,2026-07-13 06:19:00,IMPS,1,VIC_0358,6
TXN_04602,L00037,L00958,2244,2026-07-13 06:38:55,IMPS,0,,6
TXN_00566,VACC_0107,M00046,75500,2026-07-13 07:33:00,IMPS,1,VIC_0107,7
TXN_00567,VACC_0107,M00151,50999,2026-07-13 07:38:00,UPI,1,VIC_0107,7
TXN_01203,VACC_0217,M00123,50000,2026-07-13 07:42:00,UPI,1,VIC_0217,7
TXN_01319,VACC_0238,M00020,10999,2026-07-13 07:50:00,UPI,1,VIC_0238,7
TXN_00568,VACC_0107,M00046,75500,2026-07-13 08:35:00,UPI,1,VIC_0107,8
TXN_02070,VACC_0372,M00102,25500,2026-07-13 08:47:00,UPI,1,VIC_0372,8
TXN_01971,VACC_0358,M00137,51000,2026-07-13 09:12:00,IMPS,1,VIC_0358,9
TXN_01320,VACC_0238,M00125,20999,2026-07-13 09:37:00,UPI,1,VIC_0238,9
TXN_02071,VACC_0372,M00067,100000,2026-07-13 09:54:00,IMPS,1,VIC_0372,9
TXN_01204,VACC_0217,M00053,50500,2026-07-13 10:17:00,UPI,1,VIC_0217,10
TXN_00569,VACC_0107,M00151,25500,2026-07-13 10:31:00,UPI,1,VIC_0107,10
TXN_00570,VACC_0107,M00081,40000,2026-07-13 11:01:00,UPI,1,VIC_0107,11
TXN_00571,VACC_0107,M00186,20000,2026-07-13 11:28:00,UPI,1,VIC_0107,11
TXN_01972,VACC_0358,M00102,96000,2026-07-13 11:28:00,UPI,1,VIC_0358,11
TXN_00572,VACC_0107,M00186,50000,2026-07-13 12:01:00,IMPS,1,VIC_0107,12
TXN_01973,VACC_0358,M00172,11000,2026-07-13 12:52:00,IMPS,1,VIC_0358,12
TXN_01205,VACC_0217,M00018,75999,2026-07-13 12:56:00,UPI,1,VIC_0217,12
TXN_00573,VACC_0107,M00116,20999,2026-07-13 13:51:00,IMPS,1,VIC_0107,13
TXN_00574,VACC_0107,M00186,15500,2026-07-13 14:16:00,UPI,1,VIC_0107,14
TXN_02903,M00059,M00199,25000,2026-07-13 14:25:00,IMPS,1,,14
TXN_00575,VACC_0107,M00081,41000,2026-07-13 14:37:00,IMPS,1,VIC_0107,14
TXN_03653,L00666,L00038,2088,2026-07-13 15:07:12,UPI,0,,15
TXN_01206,VACC_0217,M00123,41000,2026-07-13 15:28:00,UPI,1,VIC_0217,15
TXN_04068,L00060,L00667,6476,2026-07-13 16:02:58,NEFT,0,,16
TXN_03162,M00043,M00183,15000,2026-07-13 16:09:00,UPI,1,,16
TXN_03892,L00786,L00207,1380,2026-07-13 16:14:45,UPI,0,,16
TXN_04620,L00500,L00008,1138,2026-07-13 16:19:59,UPI,0,,16
TXN_04314,L00402,L00307,892,2026-07-13 16:46:51,NEFT,0,,16
TXN_01207,VACC_0217,M00088,50000,2026-07-13 16:48:00,UPI,1,VIC_0217,16
TXN_01208,VACC_0217,M00088,10000,2026-07-13 17:02:00,IMPS,1,VIC_0217,17
TXN_03903,L00099,L00817,4461,2026-07-13 17:42:41,UPI,0,,17
TXN_04139,L00652,L00171,1663,2026-07-13 17:48:07,IMPS,0,,17
TXN_03910,L00331,L00576,5930,2026-07-13 18:11:22,IMPS,0,,18
TXN_04194,L00993,L00827,1925,2026-07-13 18:12:15,UPI,0,,18
TXN_02864,M00073,M00178,15000,2026-07-13 18:43:00,UPI,1,,18
TXN_04612,L00191,L00412,2292,2026-07-13 18:57:30,UPI,0,,18
TXN_01209,VACC_0217,M00018,25000,2026-07-13 19:14:00,IMPS,1,VIC_0217,19
TXN_01311,VACC_0236,M00159,50500,2026-07-13 19:52:00,UPI,1,VIC_0236,19
TXN_01210,VACC_0217,M00193,95000,2026-07-13 19:59:00,UPI,1,VIC_0217,19
TXN_04725,L00014,L00700,25587,2026-07-13 20:12:24,IMPS,0,,20
TXN_03876,L00367,L00183,5751,2026-07-13 20:17:07,UPI,0,,20
TXN_03612,L00067,L00122,1452,2026-07-13 21:15:21,NEFT,0,,21
TXN_00049,VACC_0011,M00110,41000,2026-07-13 21:29:00,UPI,1,VIC_0011,21
TXN_00050,VACC_0011,M00075,100999,2026-07-13 21:47:00,UPI,1,VIC_0011,21
TXN_03725,L00440,L00789,6700,2026-07-13 21:47:57,IMPS,0,,21
TXN_03152,M00117,M00187,15000,2026-07-13 22:44:00,IMPS,1,,22
TXN_01211,VACC_0217,M00018,95500,2026-07-13 22:48:00,IMPS,1,VIC_0217,22
TXN_00854,VACC_0155,M00191,100000,2026-07-13 23:19:00,IMPS,1,VIC_0155,23
TXN_00735,VACC_0133,M00188,10999,2026-07-13 23:28:00,NEFT,1,VIC_0133,23
TXN_03140,M00167,M00097,25000,2026-07-13 23:37:00,IMPS,1,,23
TXN_00051,VACC_0011,M00145,75000,2026-07-13 23:47:00,UPI,1,VIC_0011,23
TXN_03907,L00046,L00426,14455,2026-07-13 23:55:01,NEFT,0,,23
TXN_04951,L00152,L00400,1914,2026-07-14 00:07:08,UPI,0,,0
TXN_04022,L00625,L00753,415,2026-07-14 00:27:18,NEFT,0,,0
TXN_00680,VACC_0127,M00118,25999,2026-07-14 00:31:00,UPI,1,VIC_0127,0
TXN_00855,VACC_0155,M00191,100500,2026-07-14 00:40:00,UPI,1,VIC_0155,0
TXN_03934,L00871,L00583,27733,2026-07-14 00:48:26,IMPS,0,,0
TXN_00052,VACC_0011,M00180,40999,2026-07-14 01:03:00,UPI,1,VIC_0011,1
TXN_03106,M00076,M00146,50000,2026-07-14 01:24:00,UPI,1,,1
TXN_03119,M00157,M00017,15000,2026-07-14 01:27:00,UPI,1,,1
TXN_00053,VACC_0011,M00075,41000,2026-07-14 01:45:00,IMPS,1,VIC_0011,1
TXN_03409,M00081,M00046,35000,2026-07-14 01:50:00,IMPS,1,,1
TXN_04199,L00757,L00628,1342,2026-07-14 01:56:48,IMPS,0,,1
TXN_01689,VACC_0308,M00166,10999,2026-07-14 01:57:00,NEFT,1,VIC_0308,1
TXN_00681,VACC_0127,M00048,100999,2026-07-14 02:16:00,IMPS,1,VIC_0127,2
TXN_03316,M00118,M00188,50000,2026-07-14 02:22:00,IMPS,1,,2
TXN_01732,VACC_0316,M00132,15000,2026-07-14 02:23:00,UPI,1,VIC_0316,2
TXN_01690,VACC_0308,M00166,25500,2026-07-14 02:32:00,UPI,1,VIC_0308,2
TXN_03117,M00042,M00182,15000,2026-07-14 02:35:00,IMPS,1,,2
TXN_01733,VACC_0316,M00132,75500,2026-07-14 02:36:00,UPI,1,VIC_0316,2
TXN_00856,VACC_0155,M00191,40000,2026-07-14 02:43:00,UPI,1,VIC_0155,2
TXN_02988,M00007,M00147,60000,2026-07-14 02:44:00,IMPS,1,,2
TXN_02821,M00118,M00048,60000,2026-07-14 03:05:00,UPI,1,,3
TXN_00682,VACC_0127,M00013,21000,2026-07-14 03:10:00,IMPS,1,VIC_0127,3
TXN_04475,L00988,L00619,3514,2026-07-14 03:33:52,UPI,0,,3
TXN_02969,M00049,M00154,50000,2026-07-14 03:35:00,IMPS,1,,3
TXN_01691,VACC_0308,M00096,11000,2026-07-14 03:57:00,UPI,1,VIC_0308,3
TXN_01734,VACC_0316,M00027,40999,2026-07-14 04:07:00,UPI,1,VIC_0316,4
TXN_00151,VACC_0032,M00181,15000,2026-07-14 04:52:00,UPI,1,VIC_0032,4
TXN_04853,L00508,L00186,12873,2026-07-14 04:53:25,UPI,0,,4
TXN_04742,L00935,L00906,490,2026-07-14 05:06:41,IMPS,0,,5
TXN_00857,VACC_0155,M00016,50500,2026-07-14 05:08:00,UPI,1,VIC_0155,5
TXN_03823,L00583,L00098,12651,2026-07-14 05:40:44,UPI,0,,5
TXN_01692,VACC_0308,M00096,100999,2026-07-14 05:41:00,UPI,1,VIC_0308,5
TXN_00683,VACC_0127,M00083,100500,2026-07-14 05:44:00,UPI,1,VIC_0127,5
TXN_01735,VACC_0316,M00097,10500,2026-07-14 05:54:00,UPI,1,VIC_0316,5
TXN_01736,VACC_0316,M00167,95999,2026-07-14 06:06:00,NEFT,1,VIC_0316,6
TXN_01693,VACC_0308,M00061,20000,2026-07-14 06:28:00,UPI,1,VIC_0308,6
TXN_00858,VACC_0155,M00156,15999,2026-07-14 06:33:00,UPI,1,VIC_0155,6
TXN_02626,VACC_0469,M00168,10999,2026-07-14 06:46:00,UPI,1,VIC_0469,6
TXN_00684,VACC_0127,M00153,96000,2026-07-14 06:53:00,UPI,1,VIC_0127,6
TXN_01694,VACC_0308,M00096,100000,2026-07-14 07:00:00,UPI,1,VIC_0308,7
TXN_00685,VACC_0127,M00083,20000,2026-07-14 07:19:00,UPI,1,VIC_0127,7
TXN_01737,VACC_0316,M00097,95999,2026-07-14 07:42:00,UPI,1,VIC_0316,7
TXN_00152,VACC_0032,M00181,40999,2026-07-14 07:47:00,UPI,1,VIC_0032,7
TXN_00686,VACC_0127,M00083,10999,2026-07-14 07:53:00,IMPS,1,VIC_0127,7
TXN_00153,VACC_0032,M00041,20000,2026-07-14 09:05:00,UPI,1,VIC_0032,9
TXN_01695,VACC_0308,M00061,75999,2026-07-14 09:47:00,UPI,1,VIC_0308,9
TXN_00154,VACC_0032,M00181,15999,2026-07-14 10:24:00,UPI,1,VIC_0032,10
TXN_00687,VACC_0127,M00188,41000,2026-07-14 10:38:00,IMPS,1,VIC_0127,10
TXN_01738,VACC_0316,M00097,11000,2026-07-14 10:39:00,UPI,1,VIC_0316,10
TXN_00688,VACC_0127,M00048,15500,2026-07-14 11:48:00,UPI,1,VIC_0127,11
TXN_00689,VACC_0127,M00083,25999,2026-07-14 12:04:00,UPI,1,VIC_0127,12
TXN_01739,VACC_0316,M00167,16000,2026-07-14 12:15:00,UPI,1,VIC_0316,12
TXN_00155,VACC_0032,M00111,11000,2026-07-14 12:17:00,UPI,1,VIC_0032,12
TXN_01696,VACC_0308,M00131,100999,2026-07-14 12:33:00,UPI,1,VIC_0308,12
TXN_00690,VACC_0127,M00188,41000,2026-07-14 13:42:00,UPI,1,VIC_0127,13
TXN_01697,VACC_0308,M00096,15000,2026-07-14 13:59:00,UPI,1,VIC_0308,13
TXN_01740,VACC_0316,M00062,10999,2026-07-14 14:48:00,NEFT,1,VIC_0316,14
TXN_00691,VACC_0127,M00118,15500,2026-07-14 15:03:00,UPI,1,VIC_0127,15
TXN_03625,L00302,L00809,16702,2026-07-14 15:11:25,UPI,0,,15
TXN_04925,L00631,L00342,1146,2026-07-14 15:32:49,UPI,0,,15
TXN_04229,L00446,L00733,479,2026-07-14 15:37:35,UPI,0,,15
TXN_01698,VACC_0308,M00096,100500,2026-07-14 16:33:00,NEFT,1,VIC_0308,16
TXN_04931,L00183,L00439,1625,2026-07-14 16:34:59,UPI,0,,16
TXN_02116,VACC_0381,M00033,20500,2026-07-14 16:57:00,UPI,1,VIC_0381,16
TXN_01489,VACC_0270,M00021,10999,2026-07-14 17:00:00,IMPS,1,VIC_0270,17
TXN_01942,VACC_0354,M00101,76000,2026-07-14 17:12:00,NEFT,1,VIC_0354,17
TXN_03759,L00584,L00986,1596,2026-07-14 17:20:56,UPI,0,,17
TXN_01699,VACC_0308,M00131,15500,2026-07-14 17:23:00,UPI,1,VIC_0308,17
TXN_04752,L00547,L00739,13182,2026-07-14 17:27:45,IMPS,0,,17
TXN_01741,VACC_0316,M00132,25999,2026-07-14 17:39:00,UPI,1,VIC_0316,17
TXN_03884,L00657,L00679,422,2026-07-14 18:04:47,IMPS,0,,18
TXN_02627,VACC_0470,M00082,10500,2026-07-14 18:15:00,IMPS,1,VIC_0470,18
TXN_04835,L00740,L00764,1547,2026-07-14 18:30:07,IMPS,0,,18
TXN_02628,VACC_0470,M00152,75000,2026-07-14 18:39:00,UPI,1,VIC_0470,18
TXN_01490,VACC_0270,M00126,21000,2026-07-14 18:51:00,UPI,1,VIC_0270,18
TXN_02117,VACC_0381,M00068,16000,2026-07-14 18:55:00,UPI,1,VIC_0381,18
TXN_04380,L00657,L00685,20064,2026-07-14 19:05:30,IMPS,0,,19
TXN_01700,VACC_0308,M00096,50500,2026-07-14 19:21:00,UPI,1,VIC_0308,19
TXN_04912,L00395,L00151,40019,2026-07-14 19:46:44,UPI,0,,19
TXN_03900,L00697,L00686,4277,2026-07-14 19:54:11,UPI,0,,19
TXN_02942,M00125,M00160,35000,2026-07-14 19:55:00,IMPS,1,,19
TXN_02139,VACC_0384,M00069,40500,2026-07-14 19:58:00,IMPS,1,VIC_0384,19
TXN_01943,VACC_0354,M00171,20500,2026-07-14 20:04:00,UPI,1,VIC_0354,20
TXN_01742,VACC_0316,M00167,11000,2026-07-14 20:16:00,UPI,1,VIC_0316,20
TXN_02118,VACC_0381,M00033,40999,2026-07-14 20:19:00,UPI,1,VIC_0381,20
TXN_04474,L00389,L00027,1958,2026-07-14 20:21:08,UPI,0,,20
TXN_02629,VACC_0470,M00082,15999,2026-07-14 20:27:00,UPI,1,VIC_0470,20
TXN_04274,L00790,L00374,1948,2026-07-14 20:37:40,NEFT,0,,20
TXN_02140,VACC_0384,M00139,10999,2026-07-14 20:39:00,UPI,1,VIC_0384,20
TXN_02355,VACC_0423,M00070,100500,2026-07-14 20:53:00,UPI,1,VIC_0423,20
TXN_01491,VACC_0270,M00161,101000,2026-07-14 21:25:00,UPI,1,VIC_0270,21
TXN_04632,L00144,L00363,253,2026-07-14 21:27:25,UPI,0,,21
TXN_01944,VACC_0354,M00136,50000,2026-07-14 21:30:00,UPI,1,VIC_0354,21
TXN_02119,VACC_0381,M00033,100000,2026-07-14 21:41:00,UPI,1,VIC_0381,21
TXN_01492,VACC_0270,M00021,76000,2026-07-14 21:44:00,UPI,1,VIC_0270,21
TXN_02141,VACC_0384,M00069,50999,2026-07-14 22:14:00,NEFT,1,VIC_0384,22
TXN_02248,VACC_0404,M00034,10999,2026-07-14 22:16:00,UPI,1,VIC_0404,22
TXN_01701,VACC_0308,M00131,75500,2026-07-14 22:20:00,UPI,1,VIC_0308,22
TXN_00164,VACC_0035,M00076,95999,2026-07-14 22:24:00,UPI,1,VIC_0035,22
TXN_04909,L00002,L00935,7531,2026-07-14 22:25:16,UPI,0,,22
TXN_02630,VACC_0470,M00012,100500,2026-07-14 22:29:00,UPI,1,VIC_0470,22
TXN_02960,M00012,M00152,25000,2026-07-14 22:57:00,IMPS,1,,22
TXN_02631,VACC_0470,M00012,25999,2026-07-14 22:59:00,UPI,1,VIC_0470,22
TXN_03841,L00334,L00420,2194,2026-07-14 23:07:42,NEFT,0,,23
TXN_02142,VACC_0384,M00069,75999,2026-07-14 23:12:00,UPI,1,VIC_0384,23
TXN_03569,L00478,L00639,1720,2026-07-14 23:12:57,IMPS,0,,23
TXN_00165,VACC_0035,M00076,51000,2026-07-14 23:28:00,NEFT,1,VIC_0035,23
TXN_02356,VACC_0423,M00070,25999,2026-07-14 23:33:00,UPI,1,VIC_0423,23
TXN_04850,L00445,L00378,13950,2026-07-14 23:53:47,UPI,0,,23
TXN_02120,VACC_0381,M00068,40999,2026-07-14 23:54:00,UPI,1,VIC_0381,23
TXN_01945,VACC_0354,M00066,10500,2026-07-15 00:21:00,UPI,1,VIC_0354,0
TXN_01493,VACC_0270,M00021,95999,2026-07-15 00:27:00,IMPS,1,VIC_0270,0
TXN_03406,M00142,M00072,50000,2026-07-15 00:27:00,UPI,1,,0
TXN_02632,VACC_0470,M00047,50999,2026-07-15 00:29:00,UPI,1,VIC_0470,0
TXN_02249,VACC_0404,M00034,96000,2026-07-15 00:34:00,IMPS,1,VIC_0404,0
TXN_02357,VACC_0423,M00035,51000,2026-07-15 00:54:00,UPI,1,VIC_0423,0
TXN_01702,VACC_0308,M00026,20000,2026-07-15 00:55:00,UPI,1,VIC_0308,0
TXN_02121,VACC_0381,M00033,96000,2026-07-15 00:55:00,UPI,1,VIC_0381,0
TXN_01494,VACC_0270,M00161,25500,2026-07-15 00:59:00,UPI,1,VIC_0270,0
TXN_01703,VACC_0308,M00166,11000,2026-07-15 01:01:00,UPI,1,VIC_0308,1
TXN_02633,VACC_0470,M00152,10500,2026-07-15 01:21:00,UPI,1,VIC_0470,1
TXN_00166,VACC_0035,M00111,25000,2026-07-15 01:25:00,IMPS,1,VIC_0035,1
TXN_03721,L00834,L00473,2858,2026-07-15 01:48:47,UPI,0,,1
TXN_02250,VACC_0404,M00139,100000,2026-07-15 01:52:00,UPI,1,VIC_0404,1
TXN_02143,VACC_0384,M00069,101000,2026-07-15 01:53:00,UPI,1,VIC_0384,1
TXN_04545,L00096,L00170,1653,2026-07-15 01:56:40,IMPS,0,,1
TXN_01704,VACC_0308,M00096,40000,2026-07-15 02:18:00,UPI,1,VIC_0308,2
TXN_02358,VACC_0423,M00105,10000,2026-07-15 02:30:00,UPI,1,VIC_0423,2
TXN_00167,VACC_0035,M00111,75999,2026-07-15 02:31:00,UPI,1,VIC_0035,2
TXN_00371,VACC_0075,M00078,11000,2026-07-15 02:31:00,UPI,1,VIC_0075,2
TXN_00793,VACC_0145,M00086,100500,2026-07-15 02:31:00,UPI,1,VIC_0145,2
TXN_02725,VACC_0488,M00124,95000,2026-07-15 02:49:00,UPI,1,VIC_0488,2
TXN_02634,VACC_0470,M00047,15500,2026-07-15 02:55:00,UPI,1,VIC_0470,2
TXN_01946,VACC_0354,M00066,101000,2026-07-15 03:02:00,IMPS,1,VIC_0354,3
TXN_00372,VACC_0075,M00113,100500,2026-07-15 03:03:00,UPI,1,VIC_0075,3
TXN_01495,VACC_0270,M00056,40000,2026-07-15 03:05:00,UPI,1,VIC_0270,3
TXN_01947,VACC_0354,M00101,25000,2026-07-15 03:29:00,IMPS,1,VIC_0354,3
TXN_03192,M00081,M00116,15000,2026-07-15 03:33:00,UPI,1,,3
TXN_02726,VACC_0488,M00194,100000,2026-07-15 03:36:00,NEFT,1,VIC_0488,3
TXN_04714,L00054,L00677,5460,2026-07-15 03:49:20,UPI,0,,3
TXN_02635,VACC_0470,M00117,95500,2026-07-15 03:50:00,UPI,1,VIC_0470,3
TXN_00794,VACC_0145,M00121,15500,2026-07-15 04:04:00,UPI,1,VIC_0145,4
TXN_00168,VACC_0035,M00111,50500,2026-07-15 04:10:00,UPI,1,VIC_0035,4
TXN_02251,VACC_0404,M00104,15500,2026-07-15 04:10:00,NEFT,1,VIC_0404,4
TXN_04813,L00119,L00002,1879,2026-07-15 04:10:28,IMPS,0,,4
TXN_00373,VACC_0075,M00078,20999,2026-07-15 04:12:00,UPI,1,VIC_0075,4
TXN_04027,L00781,L00391,1792,2026-07-15 04:17:54,UPI,0,,4
TXN_02727,VACC_0488,M00019,50500,2026-07-15 04:18:00,UPI,1,VIC_0488,4
TXN_03632,L00599,L00908,552,2026-07-15 04:30:00,UPI,0,,4
TXN_04423,L00128,L00519,2466,2026-07-15 05:15:58,NEFT,0,,5
TXN_04323,L00541,L00745,11981,2026-07-15 05:19:43,UPI,0,,5
TXN_01948,VACC_0354,M00031,76000,2026-07-15 05:22:00,IMPS,1,VIC_0354,5
TXN_00264,VACC_0055,M00008,100500,2026-07-15 05:24:00,IMPS,1,VIC_0055,5
TXN_00795,VACC_0145,M00051,15999,2026-07-15 05:29:00,IMPS,1,VIC_0145,5
TXN_00265,VACC_0055,M00008,50999,2026-07-15 05:42:00,UPI,1,VIC_0055,5
TXN_01496,VACC_0270,M00196,100999,2026-07-15 05:45:00,IMPS,1,VIC_0270,5
TXN_00169,VACC_0035,M00041,96000,2026-07-15 05:52:00,IMPS,1,VIC_0035,5
TXN_03089,M00168,M00028,35000,2026-07-15 05:53:00,IMPS,1,,5
TXN_01949,VACC_0354,M00101,10999,2026-07-15 06:03:00,UPI,1,VIC_0354,6
TXN_00266,VACC_0055,M00113,50500,2026-07-15 06:11:00,IMPS,1,VIC_0055,6
TXN_00427,VACC_0086,M00185,51000,2026-07-15 06:16:00,UPI,1,VIC_0086,6
TXN_04575,L00691,L00953,1874,2026-07-15 06:18:22,NEFT,0,,6
TXN_01950,VACC_0354,M00101,50999,2026-07-15 06:19:00,IMPS,1,VIC_0354,6
TXN_03870,L00548,L00760,2737,2026-07-15 06:24:42,UPI,0,,6
TXN_03124,M00101,M00171,25000,2026-07-15 06:28:00,NEFT,1,,6
TXN_02728,VACC_0488,M00159,11000,2026-07-15 06:39:00,NEFT,1,VIC_0488,6
TXN_02252,VACC_0404,M00104,95999,2026-07-15 06:42:00,UPI,1,VIC_0404,6
TXN_02729,VACC_0488,M00089,95000,2026-07-15 07:06:00,UPI,1,VIC_0488,7
TXN_00170,VACC_0035,M00181,11000,2026-07-15 08:06:00,UPI,1,VIC_0035,8
TXN_00267,VACC_0055,M00113,75999,2026-07-15 08:32:00,UPI,1,VIC_0055,8
TXN_00428,VACC_0086,M00010,20500,2026-07-15 08:43:00,UPI,1,VIC_0086,8
TXN_02253,VACC_0404,M00034,75000,2026-07-15 09:14:00,UPI,1,VIC_0404,9
TXN_00429,VACC_0086,M00010,50500,2026-07-15 09:31:00,IMPS,1,VIC_0086,9
TXN_00430,VACC_0086,M00080,25999,2026-07-15 10:01:00,NEFT,1,VIC_0086,10
TXN_00268,VACC_0055,M00043,25500,2026-07-15 10:57:00,UPI,1,VIC_0055,10
TXN_02254,VACC_0404,M00104,40500,2026-07-15 11:08:00,UPI,1,VIC_0404,11
TXN_00431,VACC_0086,M00115,101000,2026-07-15 11:21:00,UPI,1,VIC_0086,11
TXN_00432,VACC_0086,M00185,15999,2026-07-15 12:15:00,IMPS,1,VIC_0086,12
TXN_02255,VACC_0404,M00069,20000,2026-07-15 12:17:00,UPI,1,VIC_0404,12
TXN_00269,VACC_0055,M00148,100999,2026-07-15 12:38:00,UPI,1,VIC_0055,12
TXN_00270,VACC_0055,M00078,40999,2026-07-15 13:00:00,UPI,1,VIC_0055,13
TXN_00433,VACC_0086,M00080,20500,2026-07-15 13:05:00,UPI,1,VIC_0086,13
TXN_02256,VACC_0404,M00174,20999,2026-07-15 13:23:00,UPI,1,VIC_0404,13
TXN_00271,VACC_0055,M00183,16000,2026-07-15 14:21:00,UPI,1,VIC_0055,14
TXN_02257,VACC_0404,M00104,51000,2026-07-15 14:54:00,UPI,1,VIC_0404,14
TXN_03830,L00299,L00683,19480,2026-07-15 15:05:02,UPI,0,,15
TXN_04785,L00576,L00799,1774,2026-07-15 15:12:36,UPI,0,,15
TXN_02258,VACC_0404,M00174,50999,2026-07-15 15:14:00,UPI,1,VIC_0404,15
TXN_00434,VACC_0086,M00010,40500,2026-07-15 15:42:00,UPI,1,VIC_0086,15
TXN_04984,L00241,L00371,1435,2026-07-15 15:42:43,UPI,0,,15
TXN_04122,L00175,L00181,4073,2026-07-15 15:52:23,IMPS,0,,15
TXN_00435,VACC_0086,M00080,20999,2026-07-15 16:13:00,UPI,1,VIC_0086,16
TXN_02155,VACC_0387,M00104,15999,2026-07-15 16:22:00,IMPS,1,VIC_0387,16
TXN_00272,VACC_0055,M00183,21000,2026-07-15 17:11:00,IMPS,1,VIC_0055,17
TXN_04617,L00527,L00921,244,2026-07-15 17:38:18,UPI,0,,17
TXN_00436,VACC_0086,M00150,15500,2026-07-15 17:39:00,UPI,1,VIC_0086,17
TXN_04269,L00002,L00319,18599,2026-07-15 17:45:45,UPI,0,,17
TXN_02156,VACC_0387,M00069,41000,2026-07-15 17:53:00,UPI,1,VIC_0387,17
TXN_02259,VACC_0404,M00069,26000,2026-07-15 18:03:00,UPI,1,VIC_0404,18
TXN_04242,L00093,L00815,9977,2026-07-15 18:17:09,NEFT,0,,18
TXN_04014,L00207,L00279,1487,2026-07-15 18:20:39,IMPS,0,,18
TXN_03792,L00589,L00962,1004,2026-07-15 18:25:25,UPI,0,,18
TXN_02260,VACC_0404,M00174,100500,2026-07-15 18:40:00,UPI,1,VIC_0404,18
TXN_02157,VACC_0387,M00174,95500,2026-07-15 19:00:00,UPI,1,VIC_0387,19
TXN_00273,VACC_0055,M00078,25000,2026-07-15 19:03:00,UPI,1,VIC_0055,19
TXN_02971,M00174,M00034,35000,2026-07-15 19:27:00,NEFT,1,,19
TXN_03683,L00514,L00526,1613,2026-07-15 19:39:41,UPI,0,,19
TXN_02405,VACC_0434,M00140,15500,2026-07-15 19:41:00,UPI,1,VIC_0434,19
TXN_03442,M00103,M00173,60000,2026-07-15 19:52:00,IMPS,1,,19
TXN_02939,M00048,M00118,25000,2026-07-15 20:14:00,UPI,1,,20
TXN_04507,L00354,L00826,5599,2026-07-15 20:16:13,IMPS,0,,20
TXN_01060,VACC_0188,M00016,100500,2026-07-15 20:24:00,UPI,1,VIC_0188,20
TXN_02595,VACC_0463,M00017,16000,2026-07-15 20:32:00,UPI,1,VIC_0463,20
TXN_00437,VACC_0086,M00045,20500,2026-07-15 20:35:00,NEFT,1,VIC_0086,20
TXN_04133,L00778,L00197,3016,2026-07-15 20:35:05,UPI,0,,20
TXN_04544,L00246,L00968,7996,2026-07-15 20:39:10,IMPS,0,,20
TXN_03155,M00083,M00048,15000,2026-07-15 20:44:00,IMPS,1,,20
TXN_04756,L00729,L00259,654,2026-07-15 20:45:22,UPI,0,,20
TXN_00758,VACC_0140,M00119,75000,2026-07-15 20:49:00,UPI,1,VIC_0140,20
TXN_02264,VACC_0406,M00034,100999,2026-07-15 21:28:00,UPI,1,VIC_0406,21
TXN_02406,VACC_0434,M00070,10000,2026-07-15 21:32:00,IMPS,1,VIC_0434,21
TXN_02989,M00154,M00049,60000,2026-07-15 21:51:00,IMPS,1,,21
TXN_01878,VACC_0338,M00062,75000,2026-07-15 22:01:00,UPI,1,VIC_0338,22
TXN_01061,VACC_0188,M00016,95999,2026-07-15 22:02:00,NEFT,1,VIC_0188,22
TXN_00759,VACC_0140,M00119,75999,2026-07-15 22:04:00,UPI,1,VIC_0140,22
TXN_02596,VACC_0463,M00122,50000,2026-07-15 22:04:00,UPI,1,VIC_0463,22
TXN_00438,VACC_0086,M00115,50000,2026-07-15 22:12:00,UPI,1,VIC_0086,22
TXN_03786,L00212,L00134,3632,2026-07-15 22:21:15,UPI,0,,22
TXN_04340,L00215,L00224,260,2026-07-15 22:22:46,UPI,0,,22
TXN_04712,L00049,L00187,2248,2026-07-15 22:40:40,UPI,0,,22
TXN_01062,VACC_0188,M00016,10999,2026-07-15 22:44:00,UPI,1,VIC_0188,22
TXN_01063,VACC_0188,M00016,11000,2026-07-15 22:49:00,UPI,1,VIC_0188,22
TXN_02597,VACC_0463,M00087,16000,2026-07-15 22:56:00,UPI,1,VIC_0463,22
TXN_00439,VACC_0086,M00115,20999,2026-07-15 23:01:00,NEFT,1,VIC_0086,23
TXN_03582,L00298,L00451,1549,2026-07-15 23:01:22,UPI,0,,23
TXN_02265,VACC_0406,M00104,10000,2026-07-15 23:15:00,IMPS,1,VIC_0406,23
TXN_03428,M00132,M00027,60000,2026-07-15 23:20:00,IMPS,1,,23
TXN_04716,L00218,L00293,2449,2026-07-15 23:36:35,UPI,0,,23
TXN_02834,M00186,M00151,50000,2026-07-15 23:38:00,IMPS,1,,23
TXN_02407,VACC_0434,M00175,15500,2026-07-15 23:52:00,UPI,1,VIC_0434,23
TXN_00760,VACC_0140,M00014,50500,2026-07-16 00:09:00,UPI,1,VIC_0140,0
TXN_01064,VACC_0188,M00051,10500,2026-07-16 00:27:00,UPI,1,VIC_0188,0
TXN_00440,VACC_0086,M00080,25500,2026-07-16 01:08:00,IMPS,1,VIC_0086,1
TXN_00441,VACC_0086,M00185,20500,2026-07-16 01:21:00,UPI,1,VIC_0086,1
TXN_01065,VACC_0188,M00121,100999,2026-07-16 01:28:00,UPI,1,VIC_0188,1
TXN_02408,VACC_0434,M00105,25000,2026-07-16 01:35:00,UPI,1,VIC_0434,1
TXN_01066,VACC_0188,M00191,11000,2026-07-16 01:36:00,UPI,1,VIC_0188,1
TXN_00761,VACC_0140,M00049,21000,2026-07-16 02:08:00,UPI,1,VIC_0140,2
TXN_04049,L00426,L00963,1198,2026-07-16 02:12:23,IMPS,0,,2
TXN_03253,M00192,M00017,50000,2026-07-16 02:16:00,NEFT,1,,2
TXN_02409,VACC_0434,M00035,40500,2026-07-16 02:28:00,UPI,1,VIC_0434,2
TXN_00038,VACC_0008,M00074,75999,2026-07-16 03:31:00,UPI,1,VIC_0008,3
TXN_01642,VACC_0298,M00166,15999,2026-07-16 03:40:00,UPI,1,VIC_0298,3
TXN_02410,VACC_0434,M00035,10000,2026-07-16 03:46:00,UPI,1,VIC_0434,3
TXN_01643,VACC_0298,M00061,15500,2026-07-16 04:04:00,UPI,1,VIC_0298,4
TXN_01644,VACC_0298,M00096,95999,2026-07-16 04:16:00,UPI,1,VIC_0298,4
TXN_03327,M00034,M00174,35000,2026-07-16 04:23:00,IMPS,1,,4
TXN_02411,VACC_0434,M00035,10999,2026-07-16 04:32:00,IMPS,1,VIC_0434,4
TXN_04622,L00673,L00257,42204,2026-07-16 04:35:41,UPI,0,,4
TXN_03874,L00694,L00280,1454,2026-07-16 04:45:27,UPI,0,,4
TXN_02854,M00184,M00114,35000,2026-07-16 04:55:00,IMPS,1,,4
TXN_00954,VACC_0172,M00086,96000,2026-07-16 05:29:00,IMPS,1,VIC_0172,5
TXN_03195,M00039,M00179,15000,2026-07-16 06:04:00,UPI,1,,6
TXN_03317,M00036,M00106,25000,2026-07-16 06:28:00,UPI,1,,6
TXN_02412,VACC_0434,M00070,26000,2026-07-16 06:37:00,UPI,1,VIC_0434,6
TXN_03937,L00615,L00333,285,2026-07-16 06:44:12,UPI,0,,6
TXN_03684,L00560,L00660,7812,2026-07-16 06:47:16,UPI,0,,6
TXN_02806,M00039,M00004,50000,2026-07-16 06:51:00,IMPS,1,,6
TXN_03426,M00042,M00147,15000,2026-07-16 06:56:00,IMPS,1,,6
TXN_01645,VACC_0298,M00131,100500,2026-07-16 07:01:00,UPI,1,VIC_0298,7
TXN_02413,VACC_0434,M00175,20000,2026-07-16 07:24:00,UPI,1,VIC_0434,7
TXN_00955,VACC_0172,M00191,75000,2026-07-16 08:11:00,UPI,1,VIC_0172,8
TXN_01646,VACC_0298,M00131,100500,2026-07-16 08:22:00,UPI,1,VIC_0298,8
TXN_00956,VACC_0172,M00191,10500,2026-07-16 08:38:00,IMPS,1,VIC_0172,8
TXN_02414,VACC_0434,M00140,40999,2026-07-16 09:00:00,UPI,1,VIC_0434,9
TXN_02415,VACC_0434,M00105,40000,2026-07-16 09:10:00,UPI,1,VIC_0434,9
TXN_02416,VACC_0434,M00175,50999,2026-07-16 09:22:00,UPI,1,VIC_0434,9
TXN_01647,VACC_0298,M00096,20000,2026-07-16 09:44:00,UPI,1,VIC_0298,9
TXN_00957,VACC_0172,M00016,100500,2026-07-16 10:39:00,UPI,1,VIC_0172,10
TXN_02417,VACC_0434,M00035,95999,2026-07-16 11:33:00,UPI,1,VIC_0434,11
TXN_01648,VACC_0298,M00131,10000,2026-07-16 11:43:00,UPI,1,VIC_0298,11
TXN_00958,VACC_0172,M00191,96000,2026-07-16 12:30:00,UPI,1,VIC_0172,12
TXN_01649,VACC_0298,M00026,100999,2026-07-16 13:19:00,UPI,1,VIC_0298,13
TXN_03438,M00186,M00151,50000,2026-07-16 14:56:00,NEFT,1,,14
TXN_02261,VACC_0405,M00034,101000,2026-07-16 14:59:00,UPI,1,VIC_0405,14
TXN_00959,VACC_0172,M00191,41000,2026-07-16 15:23:00,UPI,1,VIC_0172,15
TXN_01650,VACC_0298,M00026,75000,2026-07-16 16:05:00,NEFT,1,VIC_0298,16
TXN_03795,L00734,L00702,1485,2026-07-16 16:20:33,IMPS,0,,16
TXN_01657,VACC_0301,M00131,75999,2026-07-16 16:46:00,UPI,1,VIC_0301,16
TXN_04092,L00083,L00531,14910,2026-07-16 16:46:35,UPI,0,,16
TXN_04704,L00523,L00438,3416,2026-07-16 16:53:40,UPI,0,,16
TXN_04628,L00832,L00276,11265,2026-07-16 16:58:24,UPI,0,,16
TXN_03082,M00118,M00188,50000,2026-07-16 17:02:00,UPI,1,,17
TXN_02262,VACC_0405,M00174,95999,2026-07-16 17:07:00,UPI,1,VIC_0405,17
TXN_04746,L00948,L00102,1445,2026-07-16 17:18:52,NEFT,0,,17
TXN_02730,VACC_0489,M00183,95999,2026-07-16 17:25:00,IMPS,1,VIC_0489,17
TXN_02263,VACC_0405,M00104,20000,2026-07-16 17:36:00,UPI,1,VIC_0405,17
TXN_01651,VACC_0298,M00166,20000,2026-07-16 17:38:00,UPI,1,VIC_0298,17
TXN_01652,VACC_0298,M00166,21000,2026-07-16 17:53:00,UPI,1,VIC_0298,17
TXN_03420,M00138,M00033,50000,2026-07-16 18:16:00,IMPS,1,,18
TXN_03946,L00872,L00683,2368,2026-07-16 18:41:58,IMPS,0,,18
TXN_03008,M00003,M00073,25000,2026-07-16 18:42:00,IMPS,1,,18
TXN_01653,VACC_0298,M00026,100500,2026-07-16 19:14:00,UPI,1,VIC_0298,19
TXN_03680,L00078,L00368,8262,2026-07-16 19:34:42,UPI,0,,19
TXN_02731,VACC_0489,M00043,21000,2026-07-16 19:58:00,IMPS,1,VIC_0489,19
TXN_01287,VACC_0232,M00089,100999,2026-07-16 20:20:00,UPI,1,VIC_0232,20
TXN_04505,L00970,L00770,2092,2026-07-16 20:28:30,UPI,0,,20
TXN_01288,VACC_0232,M00089,100500,2026-07-16 21:27:00,UPI,1,VIC_0232,21
TXN_02861,M00144,M00074,50000,2026-07-16 21:52:00,UPI,1,,21
TXN_02732,VACC_0489,M00008,76000,2026-07-16 21:53:00,NEFT,1,VIC_0489,21
TXN_02733,VACC_0489,M00183,75999,2026-07-16 22:04:00,UPI,1,VIC_0489,22
TXN_03764,L00567,L00182,2237,2026-07-16 23:08:41,UPI,0,,23
TXN_04973,L00510,L00552,418,2026-07-16 23:19:57,UPI,0,,23
TXN_03688,L00122,L00074,14513,2026-07-16 23:33:02,UPI,0,,23
TXN_03110,M00148,M00183,35000,2026-07-16 23:52:00,IMPS,1,,23
TXN_04084,L00679,L00862,1645,2026-07-16 23:54:59,IMPS,0,,23
TXN_02734,VACC_0489,M00078,95999,2026-07-16 23:56:00,UPI,1,VIC_0489,23
TXN_01289,VACC_0232,M00194,15999,2026-07-17 00:03:00,UPI,1,VIC_0232,0
TXN_04044,L00005,L00014,43291,2026-07-17 00:19:07,UPI,0,,0
TXN_00118,VACC_0027,M00006,95500,2026-07-17 00:48:00,UPI,1,VIC_0027,0
TXN_01417,VACC_0258,M00091,95999,2026-07-17 01:03:00,IMPS,1,VIC_0258,1
TXN_01290,VACC_0232,M00089,76000,2026-07-17 01:07:00,IMPS,1,VIC_0232,1
TXN_02735,VACC_0489,M00113,101000,2026-07-17 01:07:00,IMPS,1,VIC_0489,1
TXN_03590,L00907,L00269,12317,2026-07-17 01:15:01,IMPS,0,,1
TXN_04614,L00104,L00442,876,2026-07-17 01:23:20,UPI,0,,1
TXN_02736,VACC_0489,M00008,20999,2026-07-17 01:36:00,UPI,1,VIC_0489,1
TXN_04293,L00036,L00614,7479,2026-07-17 01:49:20,UPI,0,,1
TXN_03897,L00432,L00029,9630,2026-07-17 02:05:38,IMPS,0,,2
TXN_03995,L00072,L00977,11451,2026-07-17 02:08:00,UPI,0,,2
TXN_04968,L00342,L00142,17086,2026-07-17 02:49:13,UPI,0,,2
TXN_02926,M00129,M00094,15000,2026-07-17 03:03:00,NEFT,1,,3
TXN_01418,VACC_0258,M00021,40999,2026-07-17 03:05:00,UPI,1,VIC_0258,3
TXN_00119,VACC_0027,M00076,76000,2026-07-17 03:13:00,UPI,1,VIC_0027,3
TXN_04079,L00620,L00467,3756,2026-07-17 03:33:39,UPI,0,,3
TXN_00120,VACC_0027,M00041,11000,2026-07-17 03:55:00,UPI,1,VIC_0027,3
TXN_03178,M00003,M00073,50000,2026-07-17 04:28:00,UPI,1,,4
TXN_03277,M00172,M00137,50000,2026-07-17 04:34:00,IMPS,1,,4
TXN_00121,VACC_0027,M00181,21000,2026-07-17 04:38:00,IMPS,1,VIC_0027,4
TXN_01419,VACC_0258,M00126,50000,2026-07-17 05:14:00,NEFT,1,VIC_0258,5
TXN_04986,L00872,L00018,1255,2026-07-17 06:24:46,IMPS,0,,6
TXN_03871,L00401,L00173,5746,2026-07-17 06:27:42,IMPS,0,,6
TXN_01420,VACC_0258,M00056,40999,2026-07-17 06:51:00,UPI,1,VIC_0258,6
TXN_03617,L00388,L00712,1466,2026-07-17 06:55:54,IMPS,0,,6
TXN_00122,VACC_0027,M00146,40000,2026-07-17 07:07:00,IMPS,1,VIC_0027,7
TXN_00123,VACC_0027,M00006,75999,2026-07-17 07:58:00,NEFT,1,VIC_0027,7
TXN_01402,VACC_0255,M00126,25999,2026-07-17 08:02:00,IMPS,1,VIC_0255,8
TXN_00124,VACC_0027,M00076,101000,2026-07-17 09:22:00,UPI,1,VIC_0027,9
TXN_01421,VACC_0258,M00126,21000,2026-07-17 09:44:00,IMPS,1,VIC_0258,9
TXN_00125,VACC_0027,M00076,26000,2026-07-17 10:05:00,UPI,1,VIC_0027,10
TXN_01403,VACC_0255,M00056,101000,2026-07-17 10:41:00,UPI,1,VIC_0255,10
TXN_01422,VACC_0258,M00056,76000,2026-07-17 11:56:00,IMPS,1,VIC_0258,11
TXN_00126,VACC_0027,M00006,75500,2026-07-17 12:05:00,UPI,1,VIC_0027,12
TXN_01423,VACC_0258,M00021,50999,2026-07-17 12:37:00,UPI,1,VIC_0258,12
TXN_01404,VACC_0255,M00196,41000,2026-07-17 13:02:00,IMPS,1,VIC_0255,13
TXN_02886,M00029,M00099,25000,2026-07-17 14:21:00,UPI,1,,14
TXN_01405,VACC_0255,M00196,10500,2026-07-17 14:28:00,NEFT,1,VIC_0255,14
TXN_03393,M00099,M00029,15000,2026-07-17 14:37:00,UPI,1,,14
TXN_01424,VACC_0258,M00021,15500,2026-07-17 15:16:00,IMPS,1,VIC_0258,15
TXN_03615,L00814,L00195,892,2026-07-17 16:16:25,UPI,0,,16
TXN_04937,L00309,L00640,1462,2026-07-17 16:31:34,UPI,0,,16
TXN_03603,L00959,L00216,1590,2026-07-17 16:34:47,UPI,0,,16
TXN_01406,VACC_0255,M00091,95000,2026-07-17 17:09:00,UPI,1,VIC_0255,17
TXN_01425,VACC_0258,M00021,50000,2026-07-17 17:21:00,UPI,1,VIC_0258,17
TXN_01921,VACC_0346,M00064,40000,2026-07-17 17:31:00,UPI,1,VIC_0346,17
TXN_03001,M00117,M00012,25000,2026-07-17 17:37:00,UPI,1,,17
TXN_01407,VACC_0255,M00196,75999,2026-07-17 17:39:00,UPI,1,VIC_0255,17
TXN_01408,VACC_0255,M00196,21000,2026-07-17 17:46:00,UPI,1,VIC_0255,17
TXN_01572,VACC_0281,M00198,96000,2026-07-17 17:54:00,UPI,1,VIC_0281,17
TXN_04934,L00696,L00436,1440,2026-07-17 18:31:56,UPI,0,,18
TXN_04790,L00586,L00224,10934,2026-07-17 18:46:46,UPI,0,,18
TXN_04549,L00952,L00505,1742,2026-07-17 18:54:06,UPI,0,,18
TXN_01922,VACC_0346,M00169,101000,2026-07-17 19:09:00,UPI,1,VIC_0346,19
TXN_03100,M00135,M00170,15000,2026-07-17 19:39:00,IMPS,1,,19
TXN_03988,L00737,L00228,850,2026-07-17 19:40:27,UPI,0,,19
TXN_04771,L00281,L00714,8256,2026-07-17 19:44:04,IMPS,0,,19
TXN_04283,L00324,L00149,10714,2026-07-17 19:50:01,IMPS,0,,19
TXN_04013,L00991,L00651,1805,2026-07-17 20:00:11,UPI,0,,20
TXN_04726,L00566,L00789,951,2026-07-17 20:13:07,UPI,0,,20
TXN_03415,M00077,M00042,35000,2026-07-17 20:16:00,IMPS,1,,20
TXN_02928,M00093,M00128,35000,2026-07-17 20:26:00,UPI,1,,20
TXN_03914,L00405,L00962,9817,2026-07-17 20:26:47,IMPS,0,,20
TXN_03336,M00131,M00061,60000,2026-07-17 20:31:00,UPI,1,,20
TXN_04630,L00673,L00860,1419,2026-07-17 21:20:52,UPI,0,,21
TXN_03752,L00588,L00888,372,2026-07-17 22:38:54,UPI,0,,22
TXN_03580,L00031,L00569,14546,2026-07-17 23:29:28,UPI,0,,23
TXN_04203,L00965,L00954,356,2026-07-17 23:50:49,UPI,0,,23
TXN_04197,L00240,L00622,1124,2026-07-18 01:12:52,UPI,0,,1
TXN_04646,L00273,L00122,5934,2026-07-18 01:49:28,NEFT,0,,1
TXN_04300,L00221,L00507,571,2026-07-18 02:49:35,UPI,0,,2
TXN_00254,VACC_0052,M00148,15000,2026-07-18 03:00:00,UPI,1,VIC_0052,3
TXN_04598,L00313,L00952,1984,2026-07-18 03:03:34,UPI,0,,3
TXN_00848,VACC_0153,M00121,41000,2026-07-18 04:07:00,IMPS,1,VIC_0153,4
TXN_02807,M00185,M00115,25000,2026-07-18 04:08:00,IMPS,1,,4
TXN_04471,L00430,L00842,1342,2026-07-18 04:17:51,NEFT,0,,4
TXN_03524,L00743,L00636,828,2026-07-18 04:44:37,UPI,0,,4
TXN_01296,VACC_0234,M00194,41000,2026-07-18 05:09:00,IMPS,1,VIC_0234,5
TXN_03222,M00049,M00119,15000,2026-07-18 05:12:00,UPI,1,,5
TXN_00255,VACC_0052,M00008,100000,2026-07-18 05:51:00,UPI,1,VIC_0052,5
TXN_04498,L00542,L00358,10374,2026-07-18 05:51:00,NEFT,0,,5
TXN_03412,M00011,M00151,60000,2026-07-18 05:58:00,UPI,1,,5
TXN_04950,L00151,L00328,1456,2026-07-18 06:21:06,UPI,0,,6
TXN_04662,L00513,L00014,899,2026-07-18 06:38:59,UPI,0,,6
TXN_00256,VACC_0052,M00008,50500,2026-07-18 06:53:00,IMPS,1,VIC_0052,6
TXN_00849,VACC_0153,M00016,101000,2026-07-18 07:04:00,IMPS,1,VIC_0153,7
TXN_01297,VACC_0234,M00124,15500,2026-07-18 07:14:00,IMPS,1,VIC_0234,7
TXN_00258,VACC_0053,M00148,25999,2026-07-18 07:17:00,UPI,1,VIC_0053,7
TXN_00257,VACC_0052,M00148,20500,2026-07-18 07:36:00,UPI,1,VIC_0052,7
TXN_01298,VACC_0234,M00054,15000,2026-07-18 07:58:00,UPI,1,VIC_0234,7
TXN_01299,VACC_0234,M00054,50999,2026-07-18 08:28:00,UPI,1,VIC_0234,8
TXN_00259,VACC_0053,M00148,15500,2026-07-18 08:36:00,UPI,1,VIC_0053,8
TXN_01300,VACC_0234,M00019,95500,2026-07-18 08:40:00,UPI,1,VIC_0234,8
TXN_00260,VACC_0053,M00008,25999,2026-07-18 09:07:00,UPI,1,VIC_0053,9
TXN_00850,VACC_0153,M00016,10000,2026-07-18 09:16:00,IMPS,1,VIC_0153,9
TXN_01301,VACC_0234,M00089,41000,2026-07-18 09:17:00,IMPS,1,VIC_0234,9
TXN_01302,VACC_0234,M00089,20999,2026-07-18 10:29:00,UPI,1,VIC_0234,10
TXN_00851,VACC_0153,M00156,25000,2026-07-18 10:42:00,NEFT,1,VIC_0153,10
TXN_01303,VACC_0234,M00194,95500,2026-07-18 11:42:00,IMPS,1,VIC_0234,11
TXN_00261,VACC_0053,M00183,20500,2026-07-18 11:51:00,IMPS,1,VIC_0053,11
TXN_00852,VACC_0153,M00191,95500,2026-07-18 13:00:00,IMPS,1,VIC_0153,13
TXN_01304,VACC_0234,M00089,100500,2026-07-18 14:08:00,UPI,1,VIC_0234,14
TXN_02921,M00002,M00142,15000,2026-07-18 14:23:00,IMPS,1,,14
TXN_03233,M00127,M00057,60000,2026-07-18 14:27:00,IMPS,1,,14
TXN_03387,M00171,M00066,25000,2026-07-18 14:40:00,IMPS,1,,14
TXN_04722,L00373,L00343,906,2026-07-18 15:10:09,UPI,0,,15
TXN_03131,M00096,M00166,15000,2026-07-18 15:12:00,IMPS,1,,15
TXN_04795,L00516,L00725,2048,2026-07-18 15:27:19,UPI,0,,15
TXN_03969,L00743,L00613,411,2026-07-18 15:59:52,UPI,0,,15
TXN_01305,VACC_0234,M00124,16000,2026-07-18 16:01:00,UPI,1,VIC_0234,16
TXN_04563,L00764,L00008,14513,2026-07-18 16:18:47,UPI,0,,16
TXN_03280,M00161,M00021,35000,2026-07-18 16:24:00,IMPS,1,,16
TXN_02922,M00029,M00134,25000,2026-07-18 16:41:00,NEFT,1,,16
TXN_04780,L00546,L00892,3082,2026-07-18 16:44:07,UPI,0,,16
TXN_04728,L00340,L00370,5960,2026-07-18 16:58:50,UPI,0,,16
TXN_04011,L00311,L00293,38064,2026-07-18 17:09:57,UPI,0,,17
TXN_04151,L00682,L00597,528,2026-07-18 17:59:48,UPI,0,,17
TXN_01306,VACC_0234,M00089,100500,2026-07-18 18:52:00,UPI,1,VIC_0234,18
TXN_04176,L00910,L00948,390,2026-07-18 19:04:59,UPI,0,,19
TXN_03594,L00183,L00201,369,2026-07-18 19:13:47,IMPS,0,,19
TXN_04183,L00378,L00463,1025,2026-07-18 19:17:10,IMPS,0,,19
TXN_04318,L00562,L00402,11493,2026-07-18 19:24:31,UPI,0,,19
TXN_03613,L00148,L00904,1148,2026-07-18 19:42:21,UPI,0,,19
TXN_03382,M00049,M00119,35000,2026-07-18 20:05:00,UPI,1,,20
TXN_04566,L00768,L00354,13873,2026-07-18 20:15:45,IMPS,0,,20
TXN_04749,L00352,L00309,502,2026-07-18 20:31:14,NEFT,0,,20
TXN_01307,VACC_0234,M00089,76000,2026-07-18 20:35:00,UPI,1,VIC_0234,20
TXN_03948,L00344,L00019,15872,2026-07-18 21:16:14,NEFT,0,,21
TXN_04735,L00216,L00599,455,2026-07-18 21:17:40,UPI,0,,21
TXN_03230,M00111,M00076,25000,2026-07-18 21:18:00,IMPS,1,,21
TXN_02032,VACC_0369,M00067,11000,2026-07-18 21:39:00,IMPS,1,VIC_0369,21
TXN_01512,VACC_0273,M00022,100999,2026-07-18 21:50:00,UPI,1,VIC_0273,21
TXN_04635,L00905,L00892,556,2026-07-18 21:57:00,UPI,0,,21
TXN_03971,L00757,L00899,526,2026-07-18 22:02:20,IMPS,0,,22
TXN_03201,M00183,M00043,35000,2026-07-18 22:24:00,UPI,1,,22
TXN_04594,L00219,L00003,14502,2026-07-18 22:24:15,UPI,0,,22
TXN_01308,VACC_0234,M00124,25999,2026-07-18 22:29:00,UPI,1,VIC_0234,22
TXN_04382,L00231,L00024,2512,2026-07-18 22:34:30,UPI,0,,22
TXN_04733,L00381,L00244,11806,2026-07-18 22:50:11,NEFT,0,,22
TXN_01513,VACC_0273,M00162,101000,2026-07-18 22:56:00,UPI,1,VIC_0273,22
TXN_02911,M00103,M00173,25000,2026-07-18 22:58:00,IMPS,1,,22
TXN_04824,L00059,L00641,7637,2026-07-18 22:59:06,IMPS,0,,22
TXN_00107,VACC_0024,M00075,25999,2026-07-18 23:14:00,UPI,1,VIC_0024,23
TXN_03013,M00124,M00054,60000,2026-07-18 23:25:00,IMPS,1,,23
TXN_02033,VACC_0369,M00032,15999,2026-07-18 23:27:00,UPI,1,VIC_0369,23
TXN_03643,L00532,L00476,11697,2026-07-18 23:43:50,NEFT,0,,23
TXN_00875,VACC_0161,M00086,20999,2026-07-19 00:10:00,UPI,1,VIC_0161,0
TXN_02034,VACC_0369,M00032,26000,2026-07-19 00:10:00,UPI,1,VIC_0369,0
TXN_01514,VACC_0273,M00057,15999,2026-07-19 00:25:00,UPI,1,VIC_0273,0
TXN_03335,M00174,M00069,50000,2026-07-19 00:28:00,IMPS,1,,0
TXN_03482,M00177,M00037,60000,2026-07-19 00:31:00,NEFT,1,,0
TXN_04910,L00230,L00025,1268,2026-07-19 00:45:51,IMPS,0,,0
TXN_01515,VACC_0273,M00127,26000,2026-07-19 00:58:00,IMPS,1,VIC_0273,0
TXN_03837,L00125,L00378,432,2026-07-19 01:18:07,UPI,0,,1
TXN_01516,VACC_0273,M00127,95999,2026-07-19 01:33:00,NEFT,1,VIC_0273,1
TXN_00108,VACC_0024,M00110,100000,2026-07-19 01:35:00,IMPS,1,VIC_0024,1
TXN_04713,L00042,L00001,1346,2026-07-19 01:36:58,UPI,0,,1
TXN_02035,VACC_0369,M00032,25999,2026-07-19 02:29:00,UPI,1,VIC_0369,2
TXN_04182,L00835,L00255,33673,2026-07-19 02:48:08,UPI,0,,2
TXN_02353,VACC_0422,M00175,95000,2026-07-19 03:06:00,NEFT,1,VIC_0422,3
TXN_03553,L00684,L00488,835,2026-07-19 03:10:05,IMPS,0,,3
TXN_03673,L00443,L00419,4924,2026-07-19 03:11:22,IMPS,0,,3
TXN_03965,L00207,L00156,34159,2026-07-19 03:13:27,NEFT,0,,3
TXN_04955,L00835,L00069,2322,2026-07-19 03:18:33,NEFT,0,,3
TXN_03028,M00078,M00113,35000,2026-07-19 03:38:00,UPI,1,,3
TXN_03447,M00141,M00106,35000,2026-07-19 03:55:00,IMPS,1,,3
TXN_02036,VACC_0369,M00032,75000,2026-07-19 04:15:00,NEFT,1,VIC_0369,4
TXN_00054,VACC_0012,M00145,25000,2026-07-19 04:20:00,UPI,1,VIC_0012,4
TXN_01854,VACC_0334,M00167,15999,2026-07-19 04:37:00,UPI,1,VIC_0334,4
TXN_03063,M00021,M00126,35000,2026-07-19 04:38:00,UPI,1,,4
TXN_02354,VACC_0422,M00035,96000,2026-07-19 05:28:00,IMPS,1,VIC_0422,5
TXN_03945,L00705,L00326,535,2026-07-19 06:18:35,UPI,0,,6
TXN_00055,VACC_0012,M00075,50000,2026-07-19 06:44:00,UPI,1,VIC_0012,6
TXN_02037,VACC_0369,M00102,10999,2026-07-19 06:52:00,IMPS,1,VIC_0369,6
TXN_03232,M00006,M00146,25000,2026-07-19 06:53:00,IMPS,1,,6
TXN_02038,VACC_0369,M00137,10999,2026-07-19 07:40:00,UPI,1,VIC_0369,7
TXN_02039,VACC_0369,M00032,51000,2026-07-19 08:16:00,IMPS,1,VIC_0369,8
TXN_02040,VACC_0369,M00032,11000,2026-07-19 09:12:00,NEFT,1,VIC_0369,9
TXN_00056,VACC_0012,M00180,25500,2026-07-19 09:41:00,UPI,1,VIC_0012,9
TXN_02041,VACC_0369,M00032,20500,2026-07-19 10:35:00,NEFT,1,VIC_0369,10
TXN_00057,VACC_0012,M00180,75500,2026-07-19 11:40:00,UPI,1,VIC_0012,11
TXN_00058,VACC_0012,M00040,26000,2026-07-19 12:54:00,UPI,1,VIC_0012,12
TXN_00403,VACC_0083,M00045,10000,2026-07-19 15:22:00,UPI,1,VIC_0083,15
TXN_02880,M00042,M00077,60000,2026-07-19 15:27:00,IMPS,1,,15
TXN_03079,M00084,M00014,15000,2026-07-19 15:29:00,IMPS,1,,15
TXN_04508,L00760,L00695,32005,2026-07-19 16:18:17,IMPS,0,,16
TXN_03353,M00191,M00156,60000,2026-07-19 16:25:00,IMPS,1,,16
TXN_00404,VACC_0083,M00150,10500,2026-07-19 17:31:00,UPI,1,VIC_0083,17
TXN_00405,VACC_0083,M00080,51000,2026-07-19 18:13:00,IMPS,1,VIC_0083,18
TXN_03145,M00161,M00021,15000,2026-07-19 18:15:00,IMPS,1,,18
TXN_03200,M00137,M00172,60000,2026-07-19 18:25:00,UPI,1,,18
TXN_00406,VACC_0083,M00010,50999,2026-07-19 18:48:00,UPI,1,VIC_0083,18
TXN_00407,VACC_0083,M00045,16000,2026-07-19 19:15:00,UPI,1,VIC_0083,19
TXN_04803,L00547,L00244,8298,2026-07-19 19:24:58,UPI,0,,19
TXN_00547,VACC_0104,M00186,96000,2026-07-19 19:57:00,UPI,1,VIC_0104,19
TXN_00548,VACC_0104,M00186,95999,2026-07-19 20:04:00,UPI,1,VIC_0104,20
TXN_00549,VACC_0104,M00116,95500,2026-07-19 20:49:00,UPI,1,VIC_0104,20
TXN_02810,M00054,M00124,25000,2026-07-19 20:51:00,IMPS,1,,20
TXN_01885,VACC_0341,M00098,20500,2026-07-19 21:05:00,UPI,1,VIC_0341,21
TXN_04711,L00328,L00917,5475,2026-07-19 21:14:30,IMPS,0,,21
TXN_04309,L00718,L00754,561,2026-07-19 21:40:46,UPI,0,,21
TXN_00550,VACC_0104,M00046,75500,2026-07-19 21:42:00,UPI,1,VIC_0104,21
TXN_00408,VACC_0083,M00115,96000,2026-07-19 21:47:00,UPI,1,VIC_0083,21
TXN_04536,L00235,L00313,2260,2026-07-19 22:07:26,NEFT,0,,22
TXN_00551,VACC_0104,M00081,26000,2026-07-19 22:15:00,NEFT,1,VIC_0104,22
TXN_00315,VACC_0063,M00008,101000,2026-07-19 22:49:00,UPI,1,VIC_0063,22
TXN_01886,VACC_0341,M00168,20999,2026-07-19 22:57:00,IMPS,1,VIC_0341,22
TXN_03429,M00068,M00173,35000,2026-07-19 23:18:00,IMPS,1,,23
TXN_03066,M00072,M00107,25000,2026-07-19 23:36:00,IMPS,1,,23
TXN_03150,M00091,M00056,60000,2026-07-19 23:54:00,IMPS,1,,23
TXN_04157,L00986,L00780,635,2026-07-20 00:24:13,NEFT,0,,0
TXN_03340,M00143,M00073,25000,2026-07-20 00:32:00,IMPS,1,,0
TXN_01090,VACC_0194,M00122,40000,2026-07-20 00:43:00,IMPS,1,VIC_0194,0
TXN_01887,VACC_0341,M00098,96000,2026-07-20 00:47:00,UPI,1,VIC_0341,0
TXN_00552,VACC_0104,M00081,21000,2026-07-20 00:59:00,NEFT,1,VIC_0104,0
TXN_03118,M00123,M00193,15000,2026-07-20 01:05:00,IMPS,1,,1
TXN_00553,VACC_0104,M00116,95500,2026-07-20 01:21:00,UPI,1,VIC_0104,1
TXN_01146,VACC_0206,M00053,25500,2026-07-20 01:34:00,UPI,1,VIC_0206,1
TXN_01888,VACC_0341,M00098,40000,2026-07-20 01:36:00,UPI,1,VIC_0341,1
TXN_03805,L00472,L00474,2307,2026-07-20 01:39:03,UPI,0,,1
TXN_01780,VACC_0322,M00167,40000,2026-07-20 01:45:00,UPI,1,VIC_0322,1
TXN_04190,L00965,L00833,5062,2026-07-20 01:49:35,UPI,0,,1
TXN_01091,VACC_0194,M00192,25000,2026-07-20 02:59:00,UPI,1,VIC_0194,2
TXN_03760,L00463,L00655,1176,2026-07-20 03:00:10,UPI,0,,3
TXN_01889,VACC_0341,M00133,75500,2026-07-20 03:01:00,UPI,1,VIC_0341,3
TXN_01781,VACC_0322,M00167,16000,2026-07-20 03:09:00,UPI,1,VIC_0322,3
TXN_03751,L00936,L00623,2075,2026-07-20 03:11:42,UPI,0,,3
TXN_01782,VACC_0322,M00062,25500,2026-07-20 03:16:00,UPI,1,VIC_0322,3
TXN_01783,VACC_0322,M00097,75999,2026-07-20 03:39:00,UPI,1,VIC_0322,3
TXN_01890,VACC_0341,M00098,25000,2026-07-20 03:39:00,UPI,1,VIC_0341,3
TXN_00554,VACC_0104,M00186,41000,2026-07-20 04:03:00,UPI,1,VIC_0104,4
TXN_01784,VACC_0322,M00132,96000,2026-07-20 04:13:00,UPI,1,VIC_0322,4
TXN_03344,M00160,M00090,50000,2026-07-20 04:14:00,IMPS,1,,4
TXN_04276,L00957,L00816,2292,2026-07-20 04:24:34,IMPS,0,,4
TXN_01147,VACC_0206,M00193,20000,2026-07-20 04:26:00,NEFT,1,VIC_0206,4
TXN_04639,L00137,L00405,898,2026-07-20 04:28:46,IMPS,0,,4
TXN_03249,M00090,M00160,25000,2026-07-20 04:39:00,IMPS,1,,4
TXN_00555,VACC_0104,M00081,76000,2026-07-20 04:44:00,UPI,1,VIC_0104,4
TXN_03372,M00178,M00038,50000,2026-07-20 05:14:00,UPI,1,,5
TXN_03915,L00439,L00124,1994,2026-07-20 05:20:48,UPI,0,,5
TXN_04026,L00494,L00021,2393,2026-07-20 05:22:18,UPI,0,,5
TXN_03595,L00023,L00181,374,2026-07-20 05:32:55,NEFT,0,,5
TXN_04553,L00694,L00521,2287,2026-07-20 05:35:53,NEFT,0,,5
TXN_01891,VACC_0341,M00168,50000,2026-07-20 05:46:00,UPI,1,VIC_0341,5
TXN_03182,M00082,M00047,60000,2026-07-20 05:50:00,IMPS,1,,5
TXN_03156,M00109,M00144,25000,2026-07-20 05:59:00,IMPS,1,,5
TXN_01148,VACC_0206,M00053,100500,2026-07-20 06:42:00,UPI,1,VIC_0206,6
TXN_01892,VACC_0341,M00133,25999,2026-07-20 08:38:00,IMPS,1,VIC_0341,8
TXN_01149,VACC_0206,M00088,101000,2026-07-20 08:45:00,UPI,1,VIC_0206,8
TXN_01150,VACC_0206,M00193,10999,2026-07-20 10:44:00,IMPS,1,VIC_0206,10
TXN_01151,VACC_0206,M00018,10500,2026-07-20 11:09:00,UPI,1,VIC_0206,11
TXN_01152,VACC_0206,M00193,101000,2026-07-20 13:49:00,IMPS,1,VIC_0206,13
TXN_02836,M00015,M00120,60000,2026-07-20 14:09:00,UPI,1,,14
TXN_03616,L00197,L00546,6237,2026-07-20 15:06:35,UPI,0,,15
TXN_03269,M00185,M00115,25000,2026-07-20 16:02:00,IMPS,1,,16
TXN_04292,L00848,L00720,1091,2026-07-20 16:14:40,UPI,0,,16
TXN_03423,M00110,M00005,35000,2026-07-20 16:31:00,IMPS,1,,16
TXN_02454,VACC_0440,M00070,50999,2026-07-20 16:34:00,IMPS,1,VIC_0440,16
TXN_03358,M00161,M00196,35000,2026-07-20 16:35:00,IMPS,1,,16
TXN_02977,M00020,M00195,35000,2026-07-20 16:40:00,IMPS,1,,16
TXN_01153,VACC_0206,M00193,15000,2026-07-20 16:48:00,UPI,1,VIC_0206,16
TXN_01154,VACC_0206,M00088,101000,2026-07-20 17:44:00,UPI,1,VIC_0206,17
TXN_02895,M00019,M00054,50000,2026-07-20 17:46:00,UPI,1,,17
TXN_03527,L00817,L00046,1502,2026-07-20 17:52:09,IMPS,0,,17
TXN_02455,VACC_0440,M00105,96000,2026-07-20 17:59:00,UPI,1,VIC_0440,17
TXN_02456,VACC_0440,M00035,20999,2026-07-20 18:30:00,UPI,1,VIC_0440,18
TXN_04056,L00040,L00944,2288,2026-07-20 19:09:25,UPI,0,,19
TXN_02457,VACC_0440,M00035,95500,2026-07-20 19:26:00,UPI,1,VIC_0440,19
TXN_00492,VACC_0094,M00010,20000,2026-07-20 19:52:00,IMPS,1,VIC_0094,19
TXN_03656,L00463,L00884,12545,2026-07-20 20:10:54,IMPS,0,,20
TXN_03894,L00384,L00931,4920,2026-07-20 20:36:49,UPI,0,,20
TXN_03058,M00023,M00058,15000,2026-07-20 20:48:00,UPI,1,,20
TXN_01291,VACC_0233,M00054,15999,2026-07-20 20:50:00,UPI,1,VIC_0233,20
TXN_01292,VACC_0233,M00054,20500,2026-07-20 21:31:00,UPI,1,VIC_0233,21
TXN_04142,L00128,L00284,1126,2026-07-20 21:35:10,UPI,0,,21
TXN_03158,M00010,M00080,25000,2026-07-20 21:45:00,NEFT,1,,21
TXN_01293,VACC_0233,M00054,15000,2026-07-20 21:46:00,UPI,1,VIC_0233,21
TXN_02458,VACC_0440,M00070,96000,2026-07-20 21:58:00,UPI,1,VIC_0440,21
TXN_03038,M00105,M00035,50000,2026-07-20 22:11:00,UPI,1,,22
TXN_01294,VACC_0233,M00054,50500,2026-07-20 22:43:00,IMPS,1,VIC_0233,22
TXN_00743,VACC_0137,M00189,95500,2026-07-20 23:00:00,UPI,1,VIC_0137,23
TXN_02459,VACC_0440,M00035,10500,2026-07-20 23:07:00,UPI,1,VIC_0440,23
TXN_02460,VACC_0440,M00175,95500,2026-07-20 23:12:00,IMPS,1,VIC_0440,23
TXN_04818,L00970,L00723,1746,2026-07-20 23:21:48,UPI,0,,23
TXN_01295,VACC_0233,M00194,40999,2026-07-20 23:25:00,NEFT,1,VIC_0233,23
TXN_00744,VACC_0137,M00119,100500,2026-07-20 23:38:00,IMPS,1,VIC_0137,23
TXN_04417,L00132,L00589,43645,2026-07-21 00:09:32,UPI,0,,0
TXN_02461,VACC_0440,M00140,40000,2026-07-21 00:33:00,UPI,1,VIC_0440,0
TXN_03505,L00394,L00476,10112,2026-07-21 01:01:09,UPI,0,,1
TXN_04024,L00160,L00840,1355,2026-07-21 01:05:16,UPI,0,,1
TXN_04671,L00498,L00085,13576,2026-07-21 01:18:21,UPI,0,,1
TXN_03397,M00175,M00035,50000,2026-07-21 01:35:00,UPI,1,,1
TXN_04398,L00718,L00021,766,2026-07-21 01:35:11,UPI,0,,1
TXN_00745,VACC_0137,M00014,76000,2026-07-21 01:42:00,UPI,1,VIC_0137,1
TXN_03285,M00118,M00083,25000,2026-07-21 01:45:00,IMPS,1,,1
TXN_01517,VACC_0274,M00022,75999,2026-07-21 01:56:00,UPI,1,VIC_0274,1
TXN_02462,VACC_0440,M00175,50999,2026-07-21 02:03:00,UPI,1,VIC_0440,2
TXN_00746,VACC_0137,M00014,76000,2026-07-21 02:26:00,UPI,1,VIC_0137,2
TXN_01518,VACC_0274,M00127,76000,2026-07-21 02:34:00,NEFT,1,VIC_0274,2
TXN_02463,VACC_0440,M00070,51000,2026-07-21 02:36:00,NEFT,1,VIC_0440,2
TXN_01535,VACC_0277,M00093,75000,2026-07-21 02:40:00,UPI,1,VIC_0277,2
TXN_04786,L00400,L00411,2072,2026-07-21 02:58:06,UPI,0,,2
TXN_00077,VACC_0018,M00180,10500,2026-07-21 03:10:00,UPI,1,VIC_0018,3
TXN_04854,L00471,L00190,17622,2026-07-21 03:21:20,UPI,0,,3
TXN_03051,M00165,M00095,50000,2026-07-21 03:34:00,IMPS,1,,3
TXN_03754,L00210,L00972,11810,2026-07-21 03:48:33,IMPS,0,,3
TXN_02237,VACC_0403,M00069,40000,2026-07-21 04:03:00,UPI,1,VIC_0403,4
TXN_02304,VACC_0415,M00105,75000,2026-07-21 04:14:00,UPI,1,VIC_0415,4
TXN_02238,VACC_0403,M00174,25999,2026-07-21 04:18:00,UPI,1,VIC_0403,4
TXN_04422,L00036,L00087,29995,2026-07-21 04:18:11,UPI,0,,4
TXN_04977,L00394,L00086,1620,2026-07-21 04:41:27,UPI,0,,4
TXN_01347,VACC_0242,M00126,40999,2026-07-21 04:43:00,UPI,1,VIC_0242,4
TXN_04150,L00979,L00008,1396,2026-07-21 04:53:14,NEFT,0,,4
TXN_04897,L00315,L00340,8358,2026-07-21 05:12:06,IMPS,0,,5
TXN_04729,L00760,L00830,1739,2026-07-21 05:17:12,NEFT,0,,5
TXN_04792,L00010,L00901,459,2026-07-21 05:17:22,NEFT,0,,5
TXN_01519,VACC_0274,M00197,96000,2026-07-21 05:21:00,UPI,1,VIC_0274,5
TXN_01536,VACC_0277,M00093,50500,2026-07-21 05:23:00,UPI,1,VIC_0277,5
TXN_02239,VACC_0403,M00104,20999,2026-07-21 05:26:00,UPI,1,VIC_0403,5
TXN_04305,L00848,L00734,2069,2026-07-21 05:41:49,UPI,0,,5
TXN_03362,M00109,M00039,60000,2026-07-21 05:46:00,IMPS,1,,5
TXN_00078,VACC_0018,M00145,40500,2026-07-21 05:53:00,UPI,1,VIC_0018,5
TXN_03717,L00240,L00529,1029,2026-07-21 05:58:32,UPI,0,,5
TXN_03944,L00780,L00906,5590,2026-07-21 06:01:40,UPI,0,,6
TXN_01348,VACC_0242,M00021,50000,2026-07-21 06:21:00,UPI,1,VIC_0242,6
TXN_04404,L00858,L00599,1159,2026-07-21 06:28:16,IMPS,0,,6
TXN_02240,VACC_0403,M00139,21000,2026-07-21 06:31:00,NEFT,1,VIC_0403,6
TXN_02923,M00118,M00083,50000,2026-07-21 06:42:00,IMPS,1,,6
TXN_02869,M00189,M00049,50000,2026-07-21 06:52:00,UPI,1,,6
TXN_01349,VACC_0242,M00021,20999,2026-07-21 07:12:00,IMPS,1,VIC_0242,7
TXN_01520,VACC_0274,M00197,15999,2026-07-21 07:21:00,UPI,1,VIC_0274,7
TXN_02241,VACC_0403,M00069,101000,2026-07-21 07:52:00,IMPS,1,VIC_0403,7
TXN_01537,VACC_0277,M00128,101000,2026-07-21 08:14:00,UPI,1,VIC_0277,8
TXN_00079,VACC_0018,M00145,50500,2026-07-21 08:49:00,IMPS,1,VIC_0018,8
TXN_00080,VACC_0018,M00040,51000,2026-07-21 09:11:00,UPI,1,VIC_0018,9
TXN_01538,VACC_0277,M00058,25999,2026-07-21 09:35:00,NEFT,1,VIC_0277,9
TXN_02242,VACC_0403,M00034,26000,2026-07-21 09:51:00,UPI,1,VIC_0403,9
TXN_01521,VACC_0274,M00022,75999,2026-07-21 10:00:00,UPI,1,VIC_0274,10
TXN_02243,VACC_0403,M00174,100999,2026-07-21 10:31:00,UPI,1,VIC_0403,10
TXN_01539,VACC_0277,M00128,96000,2026-07-21 10:48:00,UPI,1,VIC_0277,10
TXN_01540,VACC_0277,M00198,50999,2026-07-21 11:14:00,IMPS,1,VIC_0277,11
TXN_02244,VACC_0403,M00174,50500,2026-07-21 11:20:00,UPI,1,VIC_0403,11
TXN_00081,VACC_0018,M00040,95999,2026-07-21 11:44:00,UPI,1,VIC_0018,11
TXN_02245,VACC_0403,M00104,75999,2026-07-21 11:53:00,UPI,1,VIC_0403,11
TXN_00082,VACC_0018,M00180,25500,2026-07-21 12:39:00,UPI,1,VIC_0018,12
TXN_02246,VACC_0403,M00034,15999,2026-07-21 13:12:00,IMPS,1,VIC_0403,13
TXN_00083,VACC_0018,M00145,50500,2026-07-21 13:45:00,IMPS,1,VIC_0018,13
TXN_02247,VACC_0403,M00069,100500,2026-07-21 14:13:00,UPI,1,VIC_0403,14
TXN_03833,L00740,L00924,2349,2026-07-21 15:51:29,UPI,0,,15
TXN_00084,VACC_0018,M00040,25000,2026-07-21 15:52:00,NEFT,1,VIC_0018,15
TXN_04761,L00356,L00917,995,2026-07-21 16:25:32,UPI,0,,16
TXN_02804,M00175,M00070,60000,2026-07-21 16:38:00,IMPS,1,,16
TXN_03014,M00110,M00075,50000,2026-07-21 16:50:00,IMPS,1,,16
TXN_03416,M00097,M00167,25000,2026-07-21 16:55:00,UPI,1,,16
TXN_04381,L00931,L00522,1359,2026-07-21 17:07:26,UPI,0,,17
TXN_04660,L00022,L00130,1044,2026-07-21 17:31:23,UPI,0,,17
TXN_04239,L00140,L00945,6422,2026-07-21 18:14:03,UPI,0,,18
TXN_04041,L00733,L00481,28524,2026-07-21 18:33:33,UPI,0,,18
TXN_00085,VACC_0018,M00110,21000,2026-07-21 18:46:00,UPI,1,VIC_0018,18
TXN_03347,M00086,M00121,35000,2026-07-21 19:07:00,NEFT,1,,19
TXN_04089,L00394,L00408,1424,2026-07-21 19:09:38,UPI,0,,19
TXN_03469,M00079,M00149,15000,2026-07-21 19:15:00,UPI,1,,19
TXN_03822,L00188,L00716,1131,2026-07-21 19:55:53,UPI,0,,19
TXN_02891,M00174,M00139,25000,2026-07-21 19:58:00,UPI,1,,19
TXN_03437,M00103,M00033,35000,2026-07-21 20:26:00,IMPS,1,,20
TXN_03619,L00614,L00440,466,2026-07-21 21:04:19,NEFT,0,,21
TXN_00086,VACC_0018,M00110,76000,2026-07-21 21:19:00,IMPS,1,VIC_0018,21
TXN_03681,L00924,L00085,786,2026-07-21 21:51:23,NEFT,0,,21
TXN_02872,M00004,M00074,35000,2026-07-21 21:57:00,UPI,1,,21
TXN_03224,M00078,M00113,25000,2026-07-21 23:06:00,NEFT,1,,23
TXN_04979,L00432,L00540,2137,2026-07-21 23:11:34,UPI,0,,23
TXN_03854,L00118,L00727,803,2026-07-21 23:14:18,UPI,0,,23
TXN_03772,L00239,L00299,1886,2026-07-22 01:57:04,UPI,0,,1
TXN_04679,L00718,L00254,6925,2026-07-22 02:10:21,IMPS,0,,2
TXN_03414,M00074,M00109,15000,2026-07-22 02:52:00,UPI,1,,2
TXN_04409,L00989,L00675,236,2026-07-22 03:30:43,UPI,0,,3
TXN_04789,L00004,L00164,1898,2026-07-22 03:34:21,UPI,0,,3
TXN_04218,L00690,L00562,13278,2026-07-22 04:12:32,NEFT,0,,4
TXN_03071,M00090,M00125,50000,2026-07-22 04:37:00,NEFT,1,,4
TXN_04468,L00674,L00664,2253,2026-07-22 04:43:19,UPI,0,,4
TXN_04875,L00103,L00387,2283,2026-07-22 04:48:59,UPI,0,,4
TXN_04971,L00252,L00393,392,2026-07-22 05:28:16,UPI,0,,5
TXN_04631,L00450,L00166,1875,2026-07-22 05:33:35,UPI,0,,5
TXN_03400,M00070,M00035,15000,2026-07-22 05:58:00,IMPS,1,,5
TXN_04411,L00186,L00883,1122,2026-07-22 06:33:14,NEFT,0,,6
TXN_03555,L00479,L00615,1925,2026-07-22 15:25:35,UPI,0,,15
TXN_04609,L00363,L00110,2452,2026-07-22 15:44:58,UPI,0,,15
TXN_03581,L00118,L00146,21425,2026-07-22 16:02:04,IMPS,0,,16
TXN_04344,L00371,L00744,1011,2026-07-22 16:35:14,UPI,0,,16
TXN_04625,L00307,L00374,1956,2026-07-22 16:36:21,IMPS,0,,16
TXN_03405,M00063,M00133,50000,2026-07-22 16:59:00,IMPS,1,,16
TXN_03949,L00624,L00934,11086,2026-07-22 17:08:02,UPI,0,,17
TXN_03669,L00043,L00477,13834,2026-07-22 17:20:59,IMPS,0,,17
TXN_03716,L00215,L00486,1686,2026-07-22 17:21:40,UPI,0,,17
TXN_03035,M00137,M00067,25000,2026-07-22 17:46:00,UPI,1,,17
TXN_03992,L00453,L00645,38879,2026-07-22 17:56:23,UPI,0,,17
TXN_03096,M00081,M00151,50000,2026-07-22 18:35:00,IMPS,1,,18
TXN_03834,L00223,L00931,592,2026-07-22 18:38:33,UPI,0,,18
TXN_04387,L00814,L00608,1711,2026-07-22 19:34:19,IMPS,0,,19
TXN_04512,L00871,L00413,1023,2026-07-22 19:41:06,UPI,0,,19
TXN_03880,L00222,L00453,13768,2026-07-22 19:44:13,UPI,0,,19
TXN_02965,M00058,M00023,15000,2026-07-22 20:31:00,UPI,1,,20
TXN_04907,L00908,L00857,9833,2026-07-22 22:08:56,UPI,0,,22
TXN_03278,M00190,M00015,60000,2026-07-22 22:10:00,UPI,1,,22
TXN_03208,M00027,M00062,50000,2026-07-22 22:16:00,NEFT,1,,22
TXN_04832,L00889,L00797,9149,2026-07-22 23:03:11,UPI,0,,23
TXN_04260,L00092,L00349,1884,2026-07-22 23:18:05,UPI,0,,23
TXN_03598,L00022,L00852,539,2026-07-22 23:46:27,UPI,0,,23
TXN_02980,M00049,M00014,25000,2026-07-22 23:59:00,IMPS,1,,23
TXN_03756,L00548,L00396,527,2026-07-23 01:01:02,UPI,0,,1
TXN_04836,L00705,L00392,617,2026-07-23 02:17:28,UPI,0,,2
TXN_04862,L00907,L00182,2719,2026-07-23 02:22:27,UPI,0,,2
TXN_03476,M00139,M00174,35000,2026-07-23 02:27:00,UPI,1,,2
TXN_02879,M00082,M00012,35000,2026-07-23 02:28:00,IMPS,1,,2
TXN_03743,L00307,L00334,593,2026-07-23 02:30:08,IMPS,0,,2
TXN_04815,L00648,L00620,2455,2026-07-23 02:38:25,UPI,0,,2
TXN_02986,M00017,M00192,35000,2026-07-23 02:42:00,UPI,1,,2
TXN_03465,M00138,M00068,60000,2026-07-23 03:15:00,UPI,1,,3
TXN_04721,L00972,L00504,630,2026-07-23 03:32:32,UPI,0,,3
TXN_03869,L00302,L00128,6918,2026-07-23 04:11:40,IMPS,0,,4
TXN_03713,L00887,L00408,653,2026-07-23 04:22:25,UPI,0,,4
TXN_03826,L00246,L00907,25469,2026-07-23 04:24:39,UPI,0,,4
TXN_03044,M00137,M00067,25000,2026-07-23 04:28:00,NEFT,1,,4
TXN_04906,L00106,L00524,1404,2026-07-23 04:53:39,IMPS,0,,4
TXN_04012,L00591,L00460,1625,2026-07-23 05:26:12,UPI,0,,5
TXN_03647,L00495,L00733,3898,2026-07-23 05:35:58,UPI,0,,5
TXN_03354,M00175,M00070,25000,2026-07-23 05:57:00,NEFT,1,,5
TXN_04797,L00266,L00311,1109,2026-07-23 06:04:47,IMPS,0,,6
TXN_04724,L00100,L00686,13064,2026-07-23 06:07:35,NEFT,0,,6
TXN_03036,M00194,M00124,15000,2026-07-23 06:29:00,UPI,1,,6
TXN_03748,L00976,L00339,648,2026-07-23 15:52:39,UPI,0,,15
TXN_04339,L00919,L00149,22052,2026-07-23 16:00:21,IMPS,0,,16
TXN_03265,M00168,M00063,35000,2026-07-23 16:06:00,UPI,1,,16
TXN_04801,L00122,L00176,499,2026-07-23 16:50:17,UPI,0,,16
TXN_04393,L00334,L00066,12368,2026-07-23 17:09:25,UPI,0,,17
TXN_04637,L00114,L00195,11894,2026-07-23 17:42:51,IMPS,0,,17
TXN_04548,L00293,L00568,1370,2026-07-23 18:43:29,UPI,0,,18
TXN_04062,L00790,L00936,2372,2026-07-23 19:15:55,UPI,0,,19
TXN_04707,L00276,L00373,14206,2026-07-23 19:19:55,UPI,0,,19
TXN_04271,L00549,L00195,1657,2026-07-23 19:22:48,IMPS,0,,19
TXN_02948,M00016,M00191,15000,2026-07-23 19:25:00,IMPS,1,,19
TXN_03427,M00079,M00149,25000,2026-07-23 21:41:00,NEFT,1,,21
TXN_04457,L00468,L00086,991,2026-07-23 22:08:22,UPI,0,,22
TXN_04087,L00095,L00660,10971,2026-07-23 22:09:37,UPI,0,,22
TXN_03919,L00016,L00412,1799,2026-07-23 22:46:44,UPI,0,,22
TXN_04206,L00927,L00103,13360,2026-07-24 00:31:24,IMPS,0,,0
TXN_03470,M00155,M00085,35000,2026-07-24 00:45:00,IMPS,1,,0
TXN_04949,L00797,L00672,11536,2026-07-24 00:46:22,UPI,0,,0
TXN_04019,L00387,L00172,7517,2026-07-24 00:50:13,UPI,0,,0
TXN_04686,L00626,L00186,2926,2026-07-24 01:03:52,UPI,0,,1
TXN_04784,L00522,L00394,293,2026-07-24 01:41:15,IMPS,0,,1
TXN_04192,L00649,L00369,13798,2026-07-24 02:23:54,UPI,0,,2
TXN_04490,L00388,L00975,1789,2026-07-24 02:45:10,IMPS,0,,2
TXN_03807,L00755,L00094,1671,2026-07-24 02:48:38,IMPS,0,,2
TXN_04886,L00812,L00990,985,2026-07-24 02:51:33,UPI,0,,2
TXN_03584,L00600,L00935,13026,2026-07-24 02:54:37,UPI,0,,2
TXN_03464,M00026,M00096,50000,2026-07-24 03:06:00,NEFT,1,,3
TXN_04534,L00736,L00903,10347,2026-07-24 03:51:33,UPI,0,,3
TXN_04451,L00747,L00638,4886,2026-07-24 04:35:29,IMPS,0,,4
TXN_02899,M00187,M00047,35000,2026-07-24 04:36:00,UPI,1,,4
TXN_04638,L00292,L00042,1827,2026-07-24 04:43:24,NEFT,0,,4
TXN_03558,L00580,L00987,3360,2026-07-24 04:47:31,UPI,0,,4
TXN_02885,M00101,M00136,15000,2026-07-24 04:50:00,NEFT,1,,4
TXN_04262,L00960,L00193,21927,2026-07-24 05:11:08,UPI,0,,5
TXN_03981,L00751,L00340,1093,2026-07-24 05:12:59,UPI,0,,5
TXN_03093,M00133,M00098,35000,2026-07-24 05:40:00,IMPS,1,,5
TXN_04601,L00846,L00915,1052,2026-07-24 06:16:00,UPI,0,,6
TXN_03215,M00022,M00162,50000,2026-07-24 06:51:00,IMPS,1,,6
TXN_02893,M00055,M00090,15000,2026-07-24 14:31:00,UPI,1,,14
TXN_04003,L00210,L00242,14553,2026-07-24 15:25:53,UPI,0,,15
TXN_03103,M00072,M00177,50000,2026-07-24 15:31:00,IMPS,1,,15
TXN_04503,L00919,L00050,2354,2026-07-24 15:55:31,UPI,0,,15
TXN_04649,L00820,L00699,1040,2026-07-24 16:54:59,UPI,0,,16
TXN_04751,L00780,L00207,9932,2026-07-24 16:57:43,UPI,0,,16
TXN_04368,L00385,L00795,14951,2026-07-24 17:02:32,UPI,0,,17
TXN_04342,L00201,L00753,10568,2026-07-24 17:27:15,UPI,0,,17
TXN_03798,L00147,L00457,2427,2026-07-24 17:30:36,UPI,0,,17
TXN_02997,M00083,M00048,35000,2026-07-24 17:51:00,UPI,1,,17
TXN_04634,L00006,L00368,10386,2026-07-24 18:14:01,IMPS,0,,18
TXN_02808,M00067,M00172,15000,2026-07-24 18:16:00,IMPS,1,,18
TXN_04989,L00137,L00944,13768,2026-07-24 18:44:20,UPI,0,,18
TXN_03592,L00348,L00868,1391,2026-07-24 18:49:10,UPI,0,,18
TXN_04266,L00874,L00321,13139,2026-07-24 19:16:04,IMPS,0,,19
TXN_04397,L00416,L00833,3417,2026-07-24 19:28:16,NEFT,0,,19
TXN_02875,M00171,M00101,15000,2026-07-24 19:29:00,UPI,1,,19
TXN_03333,M00195,M00090,15000,2026-07-24 19:46:00,UPI,1,,19
TXN_04201,L00357,L00439,29450,2026-07-24 19:50:32,UPI,0,,19
TXN_03021,M00057,M00162,25000,2026-07-24 20:42:00,IMPS,1,,20
TXN_04981,L00711,L00831,6285,2026-07-24 20:49:48,UPI,0,,20
TXN_04664,L00243,L00054,2202,2026-07-24 21:36:23,UPI,0,,21
TXN_04999,L00954,L00935,9747,2026-07-24 21:45:37,UPI,0,,21
TXN_04476,L00254,L00080,1218,2026-07-24 21:52:27,UPI,0,,21
TXN_02881,M00183,M00043,35000,2026-07-24 22:05:00,IMPS,1,,22
TXN_04009,L00435,L00181,1482,2026-07-24 22:41:37,UPI,0,,22
TXN_03000,M00199,M00164,50000,2026-07-25 00:22:00,IMPS,1,,0
TXN_03120,M00172,M00102,25000,2026-07-25 00:30:00,UPI,1,,0
TXN_03788,L00318,L00443,858,2026-07-25 00:34:39,UPI,0,,0
TXN_04053,L00316,L00657,1944,2026-07-25 01:02:25,UPI,0,,1
TXN_04830,L00995,L00017,1349,2026-07-25 01:03:50,IMPS,0,,1
TXN_04097,L00709,L00310,960,2026-07-25 01:13:11,UPI,0,,1
TXN_03441,M00123,M00053,60000,2026-07-25 01:17:00,UPI,1,,1
TXN_04560,L00416,L00015,1800,2026-07-25 01:32:56,UPI,0,,1
TXN_03853,L00011,L00257,595,2026-07-25 01:39:28,IMPS,0,,1
TXN_03198,M00028,M00133,15000,2026-07-25 01:45:00,UPI,1,,1
TXN_04088,L00729,L00939,1657,2026-07-25 01:55:27,IMPS,0,,1
TXN_04224,L00247,L00250,26178,2026-07-25 02:08:25,UPI,0,,2
TXN_03866,L00175,L00859,321,2026-07-25 02:10:30,IMPS,0,,2
TXN_03961,L00250,L00635,3621,2026-07-25 02:10:30,UPI,0,,2
TXN_03061,M00020,M00090,60000,2026-07-25 02:27:00,UPI,1,,2
TXN_03159,M00151,M00011,50000,2026-07-25 03:01:00,IMPS,1,,3
TXN_04350,L00696,L00862,8010,2026-07-25 03:11:18,UPI,0,,3
TXN_03658,L00224,L00314,1396,2026-07-25 03:56:57,UPI,0,,3
TXN_04247,L00616,L00067,2342,2026-07-25 04:18:01,UPI,0,,4
TXN_04035,L00390,L00475,33129,2026-07-25 04:18:22,UPI,0,,4
TXN_04983,L00720,L00090,6888,2026-07-25 04:46:16,UPI,0,,4
TXN_04162,L00345,L00380,1348,2026-07-25 05:18:43,UPI,0,,5
TXN_03985,L00940,L00681,2325,2026-07-25 05:20:36,IMPS,0,,5
TXN_03768,L00192,L00204,838,2026-07-25 05:26:16,UPI,0,,5
TXN_04738,L00134,L00645,6051,2026-07-25 05:30:45,UPI,0,,5
TXN_03493,M00008,M00183,35000,2026-07-25 05:36:00,UPI,1,,5
TXN_02949,M00123,M00018,35000,2026-07-25 06:09:00,IMPS,1,,6
TXN_04636,L00727,L00204,888,2026-07-25 06:55:03,NEFT,0,,6
TXN_03301,M00148,M00043,35000,2026-07-25 14:26:00,IMPS,1,,14
TXN_02970,M00050,M00155,35000,2026-07-25 16:13:00,IMPS,1,,16
TXN_04288,L00151,L00616,13599,2026-07-25 17:56:39,UPI,0,,17
TXN_04644,L00972,L00491,636,2026-07-25 18:12:20,UPI,0,,18
TXN_04169,L00059,L00999,1843,2026-07-25 18:20:05,IMPS,0,,18
TXN_04533,L00534,L00965,18420,2026-07-25 18:58:00,UPI,0,,18
TXN_03549,L00206,L00656,11381,2026-07-25 19:20:53,UPI,0,,19
TXN_03804,L00901,L00503,2110,2026-07-25 21:51:49,UPI,0,,21
TXN_04099,L00546,L00675,1531,2026-07-25 21:56:48,IMPS,0,,21
TXN_03913,L00957,L00555,1620,2026-07-25 22:08:52,UPI,0,,22
TXN_03142,M00187,M00117,60000,2026-07-25 22:35:00,UPI,1,,22
TXN_02896,M00093,M00128,35000,2026-07-25 22:42:00,UPI,1,,22
TXN_03059,M00051,M00086,50000,2026-07-25 23:22:00,UPI,1,,23
TXN_04800,L00275,L00566,7413,2026-07-25 23:27:15,IMPS,0,,23
TXN_04325,L00946,L00200,2246,2026-07-25 23:56:40,NEFT,0,,23
TXN_03817,L00256,L00184,1561,2026-07-26 00:11:55,UPI,0,,0
TXN_02862,M00004,M00109,15000,2026-07-26 01:09:00,UPI,1,,1
TXN_04007,L00169,L00739,10361,2026-07-26 01:14:51,UPI,0,,1
TXN_04709,L00360,L00729,1568,2026-07-26 01:16:25,UPI,0,,1
TXN_03863,L00144,L00483,845,2026-07-26 01:17:43,IMPS,0,,1
TXN_02917,M00099,M00029,35000,2026-07-26 02:05:00,IMPS,1,,2
TXN_04222,L00119,L00494,2170,2026-07-26 02:11:47,UPI,0,,2
TXN_03638,L00172,L00521,867,2026-07-26 02:29:27,NEFT,0,,2
TXN_02876,M00169,M00099,15000,2026-07-26 02:46:00,IMPS,1,,2
TXN_03802,L00539,L00337,2290,2026-07-26 02:47:17,UPI,0,,2
TXN_04860,L00289,L00022,1823,2026-07-26 03:21:22,UPI,0,,3
TXN_03575,L00385,L00211,2227,2026-07-26 04:01:01,NEFT,0,,4
TXN_03769,L00072,L00934,27262,2026-07-26 04:11:53,UPI,0,,4
TXN_03074,M00017,M00087,35000,2026-07-26 05:57:00,NEFT,1,,5
TXN_04833,L00962,L00800,834,2026-07-26 06:12:52,UPI,0,,6
TXN_04392,L00129,L00102,1036,2026-07-26 06:26:31,UPI,0,,6
TXN_03254,M00168,M00028,25000,2026-07-26 06:56:00,IMPS,1,,6
TXN_04661,L00160,L00353,2484,2026-07-26 15:14:28,NEFT,0,,15
TXN_03543,L00059,L00244,1465,2026-07-26 15:15:10,UPI,0,,15
TXN_03583,L00200,L00647,1671,2026-07-26 16:00:05,UPI,0,,16
TXN_04489,L00993,L00228,5334,2026-07-26 16:02:30,NEFT,0,,16
TXN_04161,L00619,L00440,3639,2026-07-26 16:57:11,UPI,0,,16
TXN_03519,L00199,L00927,1018,2026-07-26 17:18:16,UPI,0,,17
TXN_04992,L00370,L00870,2548,2026-07-26 17:26:10,UPI,0,,17
TXN_04692,L00040,L00281,1095,2026-07-26 18:47:16,UPI,0,,18
TXN_04478,L00545,L00113,3821,2026-07-26 20:06:50,UPI,0,,20
TXN_03652,L00810,L00598,1771,2026-07-26 20:16:11,UPI,0,,20
TXN_04172,L00103,L00004,4613,2026-07-26 20:39:22,IMPS,0,,20
TXN_04956,L00116,L00592,1024,2026-07-26 21:05:34,UPI,0,,21
TXN_04621,L00160,L00788,1904,2026-07-26 21:11:48,UPI,0,,21
TXN_04754,L00131,L00197,1370,2026-07-26 21:35:07,UPI,0,,21
TXN_04442,L00046,L00243,952,2026-07-26 22:04:09,UPI,0,,22
TXN_04255,L00877,L00448,2396,2026-07-26 22:19:54,UPI,0,,22
TXN_03694,L00764,L00836,1705,2026-07-26 23:52:00,NEFT,0,,23
TXN_04615,L00504,L00203,4758,2026-07-27 02:04:15,UPI,0,,2
TXN_04171,L00339,L00826,1471,2026-07-27 02:07:13,NEFT,0,,2
TXN_03696,L00866,L00282,1101,2026-07-27 02:42:38,UPI,0,,2
TXN_04537,L00651,L00879,10947,2026-07-27 02:42:47,UPI,0,,2
TXN_04232,L00925,L00393,3915,2026-07-27 02:43:23,UPI,0,,2
TXN_04904,L00046,L00106,3098,2026-07-27 03:50:42,UPI,0,,3
TXN_03911,L00642,L00195,1982,2026-07-27 04:15:38,UPI,0,,4
TXN_04403,L00066,L00532,1338,2026-07-27 06:15:21,IMPS,0,,6
TXN_03698,L00619,L00142,1474,2026-07-27 06:24:34,UPI,0,,6
TXN_04921,L00113,L00230,4525,2026-07-27 15:25:54,UPI,0,,15
TXN_03589,L00179,L00225,15121,2026-07-27 15:35:37,UPI,0,,15
TXN_03571,L00493,L00753,2127,2026-07-27 15:39:37,UPI,0,,15
TXN_03785,L00926,L00887,8090,2026-07-27 16:36:28,UPI,0,,16
TXN_04388,L00186,L00394,1718,2026-07-27 16:51:19,IMPS,0,,16
TXN_03991,L00330,L00188,1187,2026-07-27 17:25:29,UPI,0,,17
TXN_04173,L00468,L00892,3543,2026-07-27 17:41:18,IMPS,0,,17
TXN_04327,L00562,L00404,2186,2026-07-27 18:44:05,UPI,0,,18
TXN_04174,L00716,L00412,2144,2026-07-27 19:36:05,UPI,0,,19
TXN_04595,L00756,L00647,1070,2026-07-27 19:48:20,UPI,0,,19
TXN_04240,L00548,L00649,2049,2026-07-27 19:55:28,UPI,0,,19
TXN_04264,L00119,L00587,34502,2026-07-27 22:26:42,IMPS,0,,22
TXN_04510,L00545,L00565,1644,2026-07-27 22:50:35,UPI,0,,22
TXN_03868,L00103,L00182,2291,2026-07-27 23:03:47,UPI,0,,23
TXN_04787,L00622,L00279,1688,2026-07-27 23:05:24,NEFT,0,,23
TXN_04353,L00365,L00998,2756,2026-07-27 23:36:26,UPI,0,,23
TXN_04582,L00976,L00053,2435,2026-07-27 23:45:47,UPI,0,,23
TXN_04913,L00362,L00672,4134,2026-07-27 23:56:55,IMPS,0,,23
TXN_04105,L00891,L00092,36043,2026-07-28 01:08:35,UPI,0,,1
TXN_04446,L00221,L00981,24887,2026-07-28 01:15:05,IMPS,0,,1
TXN_04812,L00216,L00548,1018,2026-07-28 01:40:12,UPI,0,,1
TXN_04028,L00438,L00875,7856,2026-07-28 02:49:33,UPI,0,,2
TXN_04573,L00622,L00460,1782,2026-07-28 03:51:23,UPI,0,,3
TXN_04718,L00931,L00622,1691,2026-07-28 06:01:16,IMPS,0,,6
TXN_03573,L00835,L00340,33655,2026-07-28 15:09:12,UPI,0,,15
TXN_03951,L00392,L00524,1838,2026-07-28 16:18:58,UPI,0,,16
TXN_04383,L00601,L00587,10050,2026-07-28 16:22:32,IMPS,0,,16
TXN_04710,L00429,L00253,1513,2026-07-28 16:39:16,NEFT,0,,16
TXN_04279,L00605,L00228,4902,2026-07-28 16:44:00,UPI,0,,16
TXN_03810,L00468,L00356,1498,2026-07-28 17:18:01,UPI,0,,17
TXN_04947,L00003,L00883,2179,2026-07-28 17:45:13,UPI,0,,17
TXN_04144,L00031,L00600,6945,2026-07-28 18:13:10,UPI,0,,18
TXN_04302,L00990,L00386,2014,2026-07-28 19:10:34,UPI,0,,19
TXN_04885,L00615,L00014,442,2026-07-28 19:20:36,UPI,0,,19
TXN_04167,L00682,L00409,12212,2026-07-28 19:41:33,UPI,0,,19
TXN_04366,L00978,L00177,3259,2026-07-28 20:45:10,UPI,0,,20
TXN_04109,L00834,L00147,358,2026-07-28 20:56:15,IMPS,0,,20
TXN_04208,L00301,L00622,2103,2026-07-28 23:10:49,UPI,0,,23
TXN_04294,L00328,L00317,2422,2026-07-29 00:09:37,IMPS,0,,0
TXN_04916,L00701,L00394,2239,2026-07-29 00:15:02,IMPS,0,,0
TXN_03762,L00096,L00176,10035,2026-07-29 00:29:59,UPI,0,,0
TXN_04516,L00526,L00731,388,2026-07-29 01:06:59,UPI,0,,1
TXN_04101,L00601,L00316,1939,2026-07-29 01:20:53,UPI,0,,1
TXN_04425,L00990,L00558,1915,2026-07-29 01:32:05,UPI,0,,1
TXN_04550,L00828,L00896,521,2026-07-29 01:37:55,IMPS,0,,1
TXN_04332,L00056,L00871,4915,2026-07-29 01:50:52,UPI,0,,1
TXN_03687,L00234,L00101,869,2026-07-29 01:52:16,UPI,0,,1
TXN_03529,L00320,L00599,2886,2026-07-29 02:49:21,UPI,0,,2
TXN_04261,L00759,L00607,1329,2026-07-29 03:40:51,UPI,0,,3
TXN_04440,L00705,L00102,14578,2026-07-29 03:46:24,UPI,0,,3
TXN_04597,L00223,L00946,1726,2026-07-29 05:22:10,IMPS,0,,5
TXN_04939,L00357,L00897,2105,2026-07-29 05:33:07,IMPS,0,,5
TXN_04402,L00543,L00501,1116,2026-07-29 16:16:26,UPI,0,,16
TXN_04658,L00113,L00981,4305,2026-07-29 16:56:59,UPI,0,,16
TXN_04059,L00167,L00199,1637,2026-07-29 17:10:52,IMPS,0,,17
TXN_03738,L00231,L00430,820,2026-07-29 17:24:02,UPI,0,,17
TXN_03800,L00409,L00620,1310,2026-07-29 17:32:03,UPI,0,,17
TXN_04324,L00290,L00714,4512,2026-07-29 17:42:54,UPI,0,,17
TXN_04814,L00665,L00356,2133,2026-07-29 17:51:35,IMPS,0,,17
TXN_04769,L00810,L00023,1596,2026-07-29 17:53:05,UPI,0,,17
TXN_03827,L00892,L00162,1835,2026-07-29 18:17:03,IMPS,0,,18
TXN_03774,L00072,L00466,4143,2026-07-29 19:31:08,UPI,0,,19
TXN_04740,L00124,L00043,14801,2026-07-29 19:54:42,UPI,0,,19
TXN_03548,L00201,L01000,1058,2026-07-29 20:05:12,UPI,0,,20
TXN_04196,L00695,L00455,1981,2026-07-29 20:33:20,UPI,0,,20
TXN_04427,L00968,L00674,4327,2026-07-29 20:42:29,UPI,0,,20
TXN_03904,L00856,L00851,2695,2026-07-29 20:53:28,UPI,0,,20
TXN_04540,L00790,L00321,14534,2026-07-29 21:00:04,UPI,0,,21
TXN_03542,L00695,L00149,255,2026-07-29 21:03:39,IMPS,0,,21
TXN_04449,L00606,L00368,584,2026-07-29 21:10:10,UPI,0,,21
TXN_04424,L00306,L00373,40572,2026-07-29 23:01:17,UPI,0,,23
TXN_03541,L00601,L00674,502,2026-07-29 23:28:43,UPI,0,,23
TXN_04572,L00624,L00044,365,2026-07-29 23:55:36,UPI,0,,23
TXN_04997,L00856,L00874,440,2026-07-30 01:02:24,UPI,0,,1
TXN_03947,L00494,L00070,8652,2026-07-30 01:46:51,UPI,0,,1
TXN_04175,L00743,L00856,1584,2026-07-30 02:02:56,UPI,0,,2
TXN_03997,L00650,L00145,218,2026-07-30 02:41:57,NEFT,0,,2
TXN_03739,L00436,L00703,1794,2026-07-30 02:48:53,UPI,0,,2
TXN_04396,L00551,L00190,1457,2026-07-30 02:52:55,UPI,0,,2
TXN_04078,L00152,L00268,6432,2026-07-30 04:41:16,UPI,0,,4
TXN_04701,L00237,L00228,1872,2026-07-30 05:53:04,UPI,0,,5
TXN_04849,L00748,L00744,13978,2026-07-30 06:07:02,UPI,0,,6
TXN_04858,L00966,L00747,2173,2026-07-30 06:19:09,IMPS,0,,6
TXN_04659,L00111,L00812,5832,2026-07-30 15:37:35,IMPS,0,,15
TXN_04341,L00824,L00767,1176,2026-07-30 16:39:18,UPI,0,,16
TXN_04251,L00754,L00743,12317,2026-07-30 18:14:41,UPI,0,,18
TXN_04356,L00121,L00528,7498,2026-07-30 18:22:58,UPI,0,,18
TXN_03719,L00566,L00776,903,2026-07-30 18:37:49,IMPS,0,,18
TXN_04093,L00932,L00194,2251,2026-07-30 19:16:02,UPI,0,,19
TXN_03604,L00313,L00468,12246,2026-07-30 20:00:39,IMPS,0,,20
TXN_03666,L00303,L00456,10616,2026-07-30 20:21:30,IMPS,0,,20
TXN_03902,L00982,L00904,1053,2026-07-30 20:24:41,IMPS,0,,20
TXN_03878,L00036,L00915,8264,2026-07-30 20:48:43,IMPS,0,,20
TXN_03824,L00403,L00716,1518,2026-07-30 20:58:39,UPI,0,,20
TXN_04230,L00030,L00165,1998,2026-07-30 21:44:00,UPI,0,,21
TXN_03599,L00694,L00141,8686,2026-07-30 23:25:54,UPI,0,,23
TXN_04221,L00457,L00978,1724,2026-07-31 00:33:37,UPI,0,,0
TXN_03909,L00836,L00335,13657,2026-07-31 00:40:53,IMPS,0,,0
TXN_04696,L00205,L00094,2463,2026-07-31 00:47:56,UPI,0,,0
TXN_04369,L00709,L00815,1775,2026-07-31 01:36:44,UPI,0,,1
TXN_04121,L00751,L00442,7287,2026-07-31 02:24:27,UPI,0,,2
TXN_03999,L00129,L00094,896,2026-07-31 03:18:23,UPI,0,,3
TXN_03707,L00416,L00842,41143,2026-07-31 03:43:44,IMPS,0,,3
TXN_03501,L00239,L00886,776,2026-07-31 05:09:46,UPI,0,,5
TXN_03730,L00031,L00384,7430,2026-07-31 05:51:02,UPI,0,,5
TXN_04826,L00844,L00365,1024,2026-07-31 06:18:14,IMPS,0,,6
