withdrawal_id,txn_id,atm_id,lat,long,amount_withdrawn,withdrawal_timestamp,cashout_pattern,withdrawal_hour
WTH_05394,TXN_02636,ATM_101,13.141425,78.141473,15000,2026-06-01 19:16:00,SYNDICATE_HUB,19
WTH_05395,TXN_02636,ATM_101,13.141425,78.141473,15000,2026-06-01 19:25:00,SYNDICATE_HUB,19
WTH_05396,TXN_02636,ATM_101,13.141425,78.141473,15000,2026-06-01 19:26:00,SYNDICATE_HUB,19
WTH_05397,TXN_02637,ATM_031,23.954833,86.799929,5500,2026-06-01 20:08:00,SYNDICATE_HUB,20
WTH_05398,TXN_02637,ATM_031,23.954833,86.799929,15000,2026-06-01 20:19:00,SYNDICATE_HUB,20
WTH_04744,TXN_02318,ATM_147,11.002655,76.97619,15000,2026-06-01 21:15:00,VICTIM_CITY,21
WTH_04746,TXN_02319,ATM_096,13.070198,80.294679,13500,2026-06-01 21:24:00,SYNDICATE_HUB,21
WTH_04745,TXN_02318,ATM_147,11.002655,76.97619,15000,2026-06-01 21:25:00,VICTIM_CITY,21
WTH_04747,TXN_02319,ATM_096,13.070198,80.294679,15000,2026-06-01 21:33:00,SYNDICATE_HUB,21
WTH_05173,TXN_02532,ATM_150,9.950709,76.282411,15000,2026-06-01 22:13:00,VICTIM_CITY,22
WTH_05174,TXN_02532,ATM_150,9.950709,76.282411,15000,2026-06-01 22:22:00,VICTIM_CITY,22
WTH_04748,TXN_02320,ATM_077,17.363239,78.494132,15000,2026-06-01 22:35:00,SYNDICATE_HUB,22
WTH_04749,TXN_02320,ATM_077,17.363239,78.494132,15000,2026-06-01 22:42:00,SYNDICATE_HUB,22
WTH_04750,TXN_02320,ATM_077,17.363239,78.494132,15000,2026-06-01 22:43:00,SYNDICATE_HUB,22
WTH_00768,TXN_00369,ATM_038,23.920584,86.81605,10000,2026-06-01 23:46:00,SYNDICATE_HUB,23
WTH_00769,TXN_00369,ATM_038,23.920584,86.81605,5500,2026-06-01 23:49:00,SYNDICATE_HUB,23
WTH_04753,TXN_02322,ATM_014,28.431876,77.035617,15000,2026-06-02 00:21:00,SYNDICATE_HUB,0
WTH_04754,TXN_02322,ATM_014,28.431876,77.035617,15000,2026-06-02 00:25:00,SYNDICATE_HUB,0
WTH_04755,TXN_02322,ATM_014,28.431876,77.035617,1000,2026-06-02 00:33:00,SYNDICATE_HUB,0
WTH_04751,TXN_02321,ATM_144,11.013157,76.96992,15000,2026-06-02 00:53:00,VICTIM_CITY,0
WTH_04752,TXN_02321,ATM_144,11.013157,76.96992,2500,2026-06-02 00:56:00,VICTIM_CITY,0
WTH_05175,TXN_02533,ATM_148,9.939768,76.25067,15000,2026-06-02 01:23:00,VICTIM_CITY,1
WTH_05176,TXN_02533,ATM_148,9.939768,76.25067,11000,2026-06-02 01:30:00,VICTIM_CITY,1
WTH_03754,TXN_01828,ATM_048,28.101158,76.96573,15000,2026-06-02 01:34:00,SYNDICATE_HUB,1
WTH_03755,TXN_01828,ATM_048,28.101158,76.96573,8000,2026-06-02 01:40:00,SYNDICATE_HUB,1
WTH_04756,TXN_02323,ATM_059,12.970489,77.557202,9500,2026-06-02 01:45:00,SYNDICATE_HUB,1
WTH_05177,TXN_02533,ATM_148,9.939768,76.25067,15000,2026-06-02 01:47:00,VICTIM_CITY,1
WTH_04757,TXN_02324,ATM_113,14.433161,80.008279,9000,2026-06-02 02:20:00,SYNDICATE_HUB,2
WTH_04758,TXN_02324,ATM_113,14.433161,80.008279,14500,2026-06-02 02:27:00,SYNDICATE_HUB,2
WTH_04759,TXN_02325,ATM_067,12.937606,77.609755,15000,2026-06-02 02:36:00,SYNDICATE_HUB,2
WTH_04760,TXN_02325,ATM_067,12.937606,77.609755,10500,2026-06-02 02:45:00,SYNDICATE_HUB,2
WTH_00770,TXN_00370,ATM_037,23.961927,86.827934,15000,2026-06-02 02:49:00,SYNDICATE_HUB,2
WTH_04443,TXN_02165,ATM_054,28.146724,76.998492,15000,2026-06-02 02:55:00,VICTIM_CITY,2
WTH_00771,TXN_00370,ATM_037,23.961927,86.827934,15000,2026-06-02 03:00:00,SYNDICATE_HUB,3
WTH_04444,TXN_02165,ATM_054,28.146724,76.998492,2500,2026-06-02 03:06:00,VICTIM_CITY,3
WTH_05178,TXN_02534,ATM_150,9.950709,76.282411,15000,2026-06-02 03:11:00,VICTIM_CITY,3
WTH_05179,TXN_02535,ATM_149,9.95279,76.274675,15000,2026-06-02 03:11:00,VICTIM_CITY,3
WTH_04445,TXN_02165,ATM_054,28.146724,76.998492,8000,2026-06-02 03:15:00,VICTIM_CITY,3
WTH_05181,TXN_02535,ATM_149,9.95279,76.274675,15000,2026-06-02 03:21:00,VICTIM_CITY,3
WTH_05180,TXN_02535,ATM_149,9.95279,76.274675,7000,2026-06-02 03:23:00,VICTIM_CITY,3
WTH_04446,TXN_02166,ATM_051,28.080693,76.986587,12000,2026-06-02 03:30:00,VICTIM_CITY,3
WTH_04447,TXN_02166,ATM_051,28.080693,76.986587,15000,2026-06-02 03:35:00,VICTIM_CITY,3
WTH_03756,TXN_01829,ATM_072,17.333561,78.492608,12000,2026-06-02 03:42:00,SYNDICATE_HUB,3
WTH_04449,TXN_02167,ATM_072,17.333561,78.492608,15000,2026-06-02 03:48:00,SYNDICATE_HUB,3
WTH_04448,TXN_02166,ATM_051,28.080693,76.986587,15000,2026-06-02 03:50:00,VICTIM_CITY,3
WTH_03757,TXN_01829,ATM_072,17.333561,78.492608,15000,2026-06-02 03:51:00,SYNDICATE_HUB,3
WTH_04450,TXN_02167,ATM_072,17.333561,78.492608,6500,2026-06-02 03:52:00,SYNDICATE_HUB,3
WTH_05182,TXN_02536,ATM_150,9.950709,76.282411,9000,2026-06-02 04:05:00,VICTIM_CITY,4
WTH_05183,TXN_02536,ATM_150,9.950709,76.282411,15000,2026-06-02 04:09:00,VICTIM_CITY,4
WTH_03758,TXN_01830,ATM_033,23.9755,86.8246,10500,2026-06-02 04:26:00,SYNDICATE_HUB,4
WTH_05184,TXN_02536,ATM_150,9.950709,76.282411,15000,2026-06-02 04:29:00,VICTIM_CITY,4
WTH_03340,TXN_01623,ATM_050,28.109102,76.990308,9000,2026-06-02 05:07:00,SYNDICATE_HUB,5
WTH_03334,TXN_01621,ATM_088,13.090447,80.293861,15000,2026-06-02 05:08:00,SYNDICATE_HUB,5
WTH_03335,TXN_01621,ATM_088,13.090447,80.293861,15000,2026-06-02 05:13:00,SYNDICATE_HUB,5
WTH_04761,TXN_02326,ATM_147,11.002655,76.97619,15000,2026-06-02 05:14:00,VICTIM_CITY,5
WTH_03336,TXN_01621,ATM_088,13.090447,80.293861,11500,2026-06-02 05:16:00,SYNDICATE_HUB,5
WTH_04762,TXN_02326,ATM_147,11.002655,76.97619,1500,2026-06-02 05:18:00,VICTIM_CITY,5
WTH_01043,TXN_00503,ATM_065,12.974789,77.578489,3500,2026-06-02 05:35:00,SYNDICATE_HUB,5
WTH_03337,TXN_01622,ATM_049,28.114922,77.000221,6500,2026-06-02 05:35:00,SYNDICATE_HUB,5
WTH_01044,TXN_00503,ATM_065,12.974789,77.578489,15000,2026-06-02 05:41:00,SYNDICATE_HUB,5
WTH_03338,TXN_01622,ATM_049,28.114922,77.000221,15000,2026-06-02 05:46:00,SYNDICATE_HUB,5
WTH_04451,TXN_02168,ATM_119,14.402097,79.990229,15000,2026-06-02 05:49:00,SYNDICATE_HUB,5
WTH_05185,TXN_02537,ATM_060,13.00817,77.618662,11500,2026-06-02 05:49:00,SYNDICATE_HUB,5
WTH_03339,TXN_01622,ATM_049,28.114922,77.000221,15000,2026-06-02 05:59:00,SYNDICATE_HUB,5
WTH_05187,TXN_02537,ATM_060,13.00817,77.618662,15000,2026-06-02 05:59:00,SYNDICATE_HUB,5
WTH_04452,TXN_02168,ATM_119,14.402097,79.990229,8500,2026-06-02 06:01:00,SYNDICATE_HUB,6
WTH_05186,TXN_02537,ATM_060,13.00817,77.618662,3500,2026-06-02 06:01:00,SYNDICATE_HUB,6
WTH_03341,TXN_01624,ATM_070,12.997633,77.555212,15000,2026-06-02 06:52:00,SYNDICATE_HUB,6
WTH_03342,TXN_01624,ATM_070,12.997633,77.555212,6000,2026-06-02 06:56:00,SYNDICATE_HUB,6
WTH_04453,TXN_02169,ATM_020,28.503624,77.395725,15000,2026-06-02 07:01:00,SYNDICATE_HUB,7
WTH_04454,TXN_02169,ATM_020,28.503624,77.395725,6000,2026-06-02 07:05:00,SYNDICATE_HUB,7
WTH_03343,TXN_01625,ATM_037,23.961927,86.827934,15000,2026-06-02 07:11:00,SYNDICATE_HUB,7
WTH_04455,TXN_02169,ATM_020,28.503624,77.395725,15000,2026-06-02 07:15:00,SYNDICATE_HUB,7
WTH_03344,TXN_01625,ATM_037,23.961927,86.827934,15000,2026-06-02 07:20:00,SYNDICATE_HUB,7
WTH_04458,TXN_02171,ATM_046,28.110942,77.014373,13000,2026-06-02 09:14:00,SYNDICATE_HUB,9
WTH_04456,TXN_02170,ATM_005,28.448233,77.039621,7500,2026-06-02 09:31:00,SYNDICATE_HUB,9
WTH_04457,TXN_02170,ATM_005,28.448233,77.039621,15000,2026-06-02 09:34:00,SYNDICATE_HUB,9
WTH_04459,TXN_02172,ATM_018,28.555241,77.3617,3500,2026-06-02 11:17:00,SYNDICATE_HUB,11
WTH_04460,TXN_02172,ATM_018,28.555241,77.3617,15000,2026-06-02 11:26:00,SYNDICATE_HUB,11
WTH_04461,TXN_02173,ATM_047,28.094959,76.988447,10500,2026-06-02 12:10:00,SYNDICATE_HUB,12
WTH_03592,TXN_01750,ATM_034,23.961348,86.818957,15000,2026-06-02 16:25:00,VICTIM_CITY,16
WTH_02560,TXN_01250,ATM_051,28.080693,76.986587,2500,2026-06-02 16:27:00,SYNDICATE_HUB,16
WTH_02300,TXN_01124,ATM_108,13.130656,78.144644,15000,2026-06-02 16:33:00,VICTIM_CITY,16
WTH_03594,TXN_01750,ATM_034,23.961348,86.818957,8000,2026-06-02 16:33:00,VICTIM_CITY,16
WTH_02561,TXN_01250,ATM_051,28.080693,76.986587,14500,2026-06-02 16:34:00,SYNDICATE_HUB,16
WTH_03593,TXN_01750,ATM_034,23.961348,86.818957,6000,2026-06-02 16:36:00,VICTIM_CITY,16
WTH_02562,TXN_01250,ATM_051,28.080693,76.986587,15000,2026-06-02 16:37:00,SYNDICATE_HUB,16
WTH_03595,TXN_01751,ATM_066,12.921979,77.596794,15000,2026-06-02 17:14:00,SYNDICATE_HUB,17
WTH_02160,TXN_01054,ATM_134,22.618308,88.323856,6500,2026-06-02 17:24:00,VICTIM_CITY,17
WTH_03596,TXN_01751,ATM_066,12.921979,77.596794,13500,2026-06-02 17:26:00,SYNDICATE_HUB,17
WTH_02161,TXN_01054,ATM_134,22.618308,88.323856,11000,2026-06-02 17:27:00,VICTIM_CITY,17
WTH_03597,TXN_01752,ATM_028,28.560244,77.413351,15000,2026-06-02 17:42:00,SYNDICATE_HUB,17
WTH_03598,TXN_01752,ATM_028,28.560244,77.413351,12500,2026-06-02 17:45:00,SYNDICATE_HUB,17
WTH_03599,TXN_01752,ATM_028,28.560244,77.413351,15000,2026-06-02 17:56:00,SYNDICATE_HUB,17
WTH_02563,TXN_01251,ATM_089,13.083064,80.311399,14500,2026-06-02 18:05:00,SYNDICATE_HUB,18
WTH_02163,TXN_01056,ATM_105,13.143941,78.194144,2000,2026-06-02 18:45:00,SYNDICATE_HUB,18
WTH_02162,TXN_01055,ATM_039,23.963893,86.798116,15000,2026-06-02 18:47:00,SYNDICATE_HUB,18
WTH_02164,TXN_01056,ATM_105,13.143941,78.194144,4500,2026-06-02 18:48:00,SYNDICATE_HUB,18
WTH_02165,TXN_01056,ATM_105,13.143941,78.194144,15000,2026-06-02 18:57:00,SYNDICATE_HUB,18
WTH_03324,TXN_01615,ATM_097,13.088695,80.235819,15000,2026-06-02 20:11:00,SYNDICATE_HUB,20
WTH_03600,TXN_01753,ATM_033,23.9755,86.8246,15000,2026-06-02 20:15:00,VICTIM_CITY,20
WTH_03601,TXN_01753,ATM_033,23.9755,86.8246,15000,2026-06-02 20:19:00,VICTIM_CITY,20
WTH_03325,TXN_01615,ATM_097,13.088695,80.235819,4000,2026-06-02 20:22:00,SYNDICATE_HUB,20
WTH_03327,TXN_01616,ATM_068,12.942178,77.644198,15000,2026-06-02 20:22:00,SYNDICATE_HUB,20
WTH_03326,TXN_01615,ATM_097,13.088695,80.235819,15000,2026-06-02 20:23:00,SYNDICATE_HUB,20
WTH_02564,TXN_01252,ATM_007,28.465307,76.980681,10500,2026-06-02 20:28:00,SYNDICATE_HUB,20
WTH_03328,TXN_01616,ATM_068,12.942178,77.644198,1000,2026-06-02 20:29:00,SYNDICATE_HUB,20
WTH_03602,TXN_01753,ATM_033,23.9755,86.8246,7500,2026-06-02 20:37:00,VICTIM_CITY,20
WTH_02166,TXN_01057,ATM_004,28.497401,77.045018,15000,2026-06-02 20:41:00,SYNDICATE_HUB,20
WTH_02167,TXN_01057,ATM_004,28.497401,77.045018,15000,2026-06-02 20:51:00,SYNDICATE_HUB,20
WTH_02168,TXN_01057,ATM_004,28.497401,77.045018,5000,2026-06-02 20:55:00,SYNDICATE_HUB,20
WTH_04352,TXN_02122,ATM_068,12.942178,77.644198,11500,2026-06-02 21:02:00,SYNDICATE_HUB,21
WTH_04353,TXN_02122,ATM_068,12.942178,77.644198,15000,2026-06-02 21:09:00,SYNDICATE_HUB,21
WTH_04354,TXN_02122,ATM_068,12.942178,77.644198,15000,2026-06-02 21:22:00,SYNDICATE_HUB,21
WTH_04355,TXN_02123,ATM_119,14.402097,79.990229,4500,2026-06-02 21:34:00,VICTIM_CITY,21
WTH_04356,TXN_02123,ATM_119,14.402097,79.990229,2000,2026-06-02 21:44:00,VICTIM_CITY,21
WTH_04357,TXN_02123,ATM_119,14.402097,79.990229,15000,2026-06-02 21:50:00,VICTIM_CITY,21
WTH_00179,TXN_00087,ATM_079,17.444705,78.501863,13500,2026-06-02 21:59:00,SYNDICATE_HUB,21
WTH_00180,TXN_00087,ATM_079,17.444705,78.501863,7500,2026-06-02 22:04:00,SYNDICATE_HUB,22
WTH_00181,TXN_00088,ATM_097,13.088695,80.235819,10500,2026-06-02 22:38:00,SYNDICATE_HUB,22
WTH_00182,TXN_00088,ATM_097,13.088695,80.235819,15000,2026-06-02 22:43:00,SYNDICATE_HUB,22
WTH_00183,TXN_00088,ATM_097,13.088695,80.235819,2000,2026-06-02 23:02:00,SYNDICATE_HUB,23
WTH_03603,TXN_01754,ATM_047,28.094959,76.988447,15000,2026-06-02 23:06:00,SYNDICATE_HUB,23
WTH_03329,TXN_01617,ATM_072,17.333561,78.492608,15000,2026-06-02 23:23:00,SYNDICATE_HUB,23
WTH_03330,TXN_01617,ATM_072,17.333561,78.492608,1000,2026-06-02 23:31:00,SYNDICATE_HUB,23
WTH_02565,TXN_01253,ATM_038,23.920584,86.81605,14500,2026-06-02 23:34:00,VICTIM_CITY,23
WTH_03331,TXN_01618,ATM_002,28.475045,77.063153,15000,2026-06-02 23:47:00,SYNDICATE_HUB,23
WTH_02406,TXN_01176,ATM_100,13.136631,78.114212,15000,2026-06-03 00:12:00,VICTIM_CITY,0
WTH_02407,TXN_01176,ATM_100,13.136631,78.114212,7000,2026-06-03 00:15:00,VICTIM_CITY,0
WTH_02169,TXN_01058,ATM_110,14.432893,79.988137,13500,2026-06-03 00:20:00,SYNDICATE_HUB,0
WTH_03604,TXN_01755,ATM_092,13.052715,80.284209,15000,2026-06-03 00:38:00,SYNDICATE_HUB,0
WTH_03607,TXN_01756,ATM_085,17.377148,78.46258,15000,2026-06-03 00:38:00,SYNDICATE_HUB,0
WTH_03608,TXN_01756,ATM_085,17.377148,78.46258,1500,2026-06-03 00:44:00,SYNDICATE_HUB,0
WTH_03605,TXN_01755,ATM_092,13.052715,80.284209,15000,2026-06-03 00:50:00,SYNDICATE_HUB,0
WTH_03606,TXN_01755,ATM_092,13.052715,80.284209,15000,2026-06-03 01:00:00,SYNDICATE_HUB,1
WTH_04546,TXN_02218,ATM_021,28.553223,77.395113,15000,2026-06-03 01:03:00,VICTIM_CITY,1
WTH_04547,TXN_02218,ATM_021,28.553223,77.395113,5500,2026-06-03 01:14:00,VICTIM_CITY,1
WTH_04358,TXN_02124,ATM_007,28.465307,76.980681,3500,2026-06-03 01:25:00,SYNDICATE_HUB,1
WTH_04359,TXN_02124,ATM_007,28.465307,76.980681,13500,2026-06-03 01:37:00,SYNDICATE_HUB,1
WTH_04360,TXN_02124,ATM_007,28.465307,76.980681,15000,2026-06-03 01:37:00,SYNDICATE_HUB,1
WTH_02408,TXN_01177,ATM_084,17.411306,78.547397,15000,2026-06-03 01:45:00,SYNDICATE_HUB,1
WTH_02409,TXN_01177,ATM_084,17.411306,78.547397,6000,2026-06-03 01:51:00,SYNDICATE_HUB,1
WTH_02170,TXN_01059,ATM_072,17.333561,78.492608,15000,2026-06-03 01:54:00,SYNDICATE_HUB,1
WTH_02566,TXN_01254,ATM_036,23.968282,86.827509,15000,2026-06-03 01:55:00,VICTIM_CITY,1
WTH_02171,TXN_01059,ATM_072,17.333561,78.492608,1000,2026-06-03 02:06:00,SYNDICATE_HUB,2
WTH_02567,TXN_01254,ATM_036,23.968282,86.827509,15000,2026-06-03 02:06:00,VICTIM_CITY,2
WTH_03332,TXN_01619,ATM_086,13.057794,80.247857,14000,2026-06-03 02:15:00,SYNDICATE_HUB,2
WTH_02172,TXN_01059,ATM_072,17.333561,78.492608,15000,2026-06-03 02:16:00,SYNDICATE_HUB,2
WTH_00909,TXN_00442,ATM_088,13.090447,80.293861,12000,2026-06-03 02:19:00,SYNDICATE_HUB,2
WTH_02568,TXN_01255,ATM_044,28.127308,77.001575,15000,2026-06-03 02:42:00,SYNDICATE_HUB,2
WTH_02569,TXN_01255,ATM_044,28.127308,77.001575,15000,2026-06-03 02:51:00,SYNDICATE_HUB,2
WTH_03333,TXN_01620,ATM_058,12.965444,77.60425,11000,2026-06-03 03:07:00,SYNDICATE_HUB,3
WTH_04786,TXN_02340,ATM_037,23.961927,86.827934,15000,2026-06-03 03:07:00,VICTIM_CITY,3
WTH_04787,TXN_02340,ATM_037,23.961927,86.827934,15000,2026-06-03 03:14:00,VICTIM_CITY,3
WTH_04788,TXN_02340,ATM_037,23.961927,86.827934,15000,2026-06-03 03:19:00,VICTIM_CITY,3
WTH_04361,TXN_02125,ATM_029,28.515359,77.383579,2000,2026-06-03 03:23:00,SYNDICATE_HUB,3
WTH_04362,TXN_02125,ATM_029,28.515359,77.383579,15000,2026-06-03 03:33:00,SYNDICATE_HUB,3
WTH_00910,TXN_00443,ATM_112,14.456325,79.954246,9500,2026-06-03 03:49:00,SYNDICATE_HUB,3
WTH_02410,TXN_01178,ATM_109,13.123335,78.128711,15000,2026-06-03 03:54:00,VICTIM_CITY,3
WTH_04363,TXN_02126,ATM_092,13.052715,80.284209,6500,2026-06-03 03:56:00,SYNDICATE_HUB,3
WTH_00912,TXN_00443,ATM_112,14.456325,79.954246,15000,2026-06-03 03:57:00,SYNDICATE_HUB,3
WTH_04548,TXN_02219,ATM_025,28.543747,77.348687,10000,2026-06-03 03:57:00,SYNDICATE_HUB,3
WTH_02411,TXN_01178,ATM_109,13.123335,78.128711,5500,2026-06-03 04:00:00,VICTIM_CITY,4
WTH_02413,TXN_01179,ATM_102,13.153029,78.149361,14000,2026-06-03 04:00:00,VICTIM_CITY,4
WTH_00911,TXN_00443,ATM_112,14.456325,79.954246,15000,2026-06-03 04:01:00,SYNDICATE_HUB,4
WTH_04364,TXN_02126,ATM_092,13.052715,80.284209,15000,2026-06-03 04:07:00,SYNDICATE_HUB,4
WTH_02412,TXN_01178,ATM_109,13.123335,78.128711,15000,2026-06-03 04:08:00,VICTIM_CITY,4
WTH_02414,TXN_01179,ATM_102,13.153029,78.149361,8500,2026-06-03 04:10:00,VICTIM_CITY,4
WTH_04367,TXN_02128,ATM_084,17.411306,78.547397,8000,2026-06-03 04:54:00,SYNDICATE_HUB,4
WTH_02415,TXN_01180,ATM_013,28.446435,77.029262,2500,2026-06-03 04:58:00,SYNDICATE_HUB,4
WTH_04365,TXN_02127,ATM_002,28.475045,77.063153,15000,2026-06-03 04:59:00,SYNDICATE_HUB,4
WTH_04369,TXN_02128,ATM_084,17.411306,78.547397,15000,2026-06-03 05:00:00,SYNDICATE_HUB,5
WTH_04368,TXN_02128,ATM_084,17.411306,78.547397,15000,2026-06-03 05:01:00,SYNDICATE_HUB,5
WTH_04366,TXN_02127,ATM_002,28.475045,77.063153,9000,2026-06-03 05:09:00,SYNDICATE_HUB,5
WTH_02416,TXN_01180,ATM_013,28.446435,77.029262,13000,2026-06-03 05:10:00,SYNDICATE_HUB,5
WTH_02570,TXN_01256,ATM_035,23.968286,86.792578,15000,2026-06-03 05:21:00,VICTIM_CITY,5
WTH_02571,TXN_01256,ATM_035,23.968286,86.792578,15000,2026-06-03 05:30:00,VICTIM_CITY,5
WTH_04370,TXN_02129,ATM_111,14.488893,79.949155,15000,2026-06-03 05:44:00,VICTIM_CITY,5
WTH_04549,TXN_02220,ATM_021,28.553223,77.395113,9500,2026-06-03 05:48:00,VICTIM_CITY,5
WTH_04371,TXN_02129,ATM_111,14.488893,79.949155,8000,2026-06-03 05:54:00,VICTIM_CITY,5
WTH_04789,TXN_02341,ATM_058,12.965444,77.60425,14000,2026-06-03 06:11:00,SYNDICATE_HUB,6
WTH_00913,TXN_00444,ATM_079,17.444705,78.501863,15000,2026-06-03 06:18:00,VICTIM_CITY,6
WTH_03274,TXN_01592,ATM_006,28.448378,77.015422,11000,2026-06-03 06:28:00,SYNDICATE_HUB,6
WTH_00914,TXN_00444,ATM_079,17.444705,78.501863,15000,2026-06-03 06:30:00,VICTIM_CITY,6
WTH_03275,TXN_01592,ATM_006,28.448378,77.015422,15000,2026-06-03 06:32:00,SYNDICATE_HUB,6
WTH_05208,TXN_02546,ATM_150,9.950709,76.282411,6500,2026-06-03 06:39:00,VICTIM_CITY,6
WTH_00915,TXN_00444,ATM_079,17.444705,78.501863,14000,2026-06-03 06:40:00,VICTIM_CITY,6
WTH_05209,TXN_02546,ATM_150,9.950709,76.282411,15000,2026-06-03 06:49:00,VICTIM_CITY,6
WTH_04790,TXN_02342,ATM_033,23.9755,86.8246,9000,2026-06-03 07:02:00,VICTIM_CITY,7
WTH_02417,TXN_01181,ATM_027,28.519254,77.40568,10500,2026-06-03 07:05:00,SYNDICATE_HUB,7
WTH_02418,TXN_01181,ATM_027,28.519254,77.40568,15000,2026-06-03 07:08:00,SYNDICATE_HUB,7
WTH_01272,TXN_00614,ATM_011,28.494676,77.021181,15000,2026-06-03 07:23:00,SYNDICATE_HUB,7
WTH_02419,TXN_01181,ATM_027,28.519254,77.40568,1000,2026-06-03 07:25:00,SYNDICATE_HUB,7
WTH_03276,TXN_01593,ATM_036,23.968282,86.827509,3500,2026-06-03 07:58:00,SYNDICATE_HUB,7
WTH_03277,TXN_01593,ATM_036,23.968282,86.827509,15000,2026-06-03 08:01:00,SYNDICATE_HUB,8
WTH_01267,TXN_00612,ATM_096,13.070198,80.294679,15000,2026-06-03 08:11:00,VICTIM_CITY,8
WTH_01270,TXN_00613,ATM_090,13.07529,80.346865,15000,2026-06-03 08:15:00,SYNDICATE_HUB,8
WTH_01268,TXN_00612,ATM_096,13.070198,80.294679,15000,2026-06-03 08:19:00,VICTIM_CITY,8
WTH_01269,TXN_00612,ATM_096,13.070198,80.294679,15000,2026-06-03 08:19:00,VICTIM_CITY,8
WTH_01271,TXN_00613,ATM_090,13.07529,80.346865,15000,2026-06-03 08:22:00,SYNDICATE_HUB,8
WTH_04791,TXN_02343,ATM_076,17.393016,78.497786,14500,2026-06-03 08:30:00,SYNDICATE_HUB,8
WTH_03278,TXN_01594,ATM_034,23.961348,86.818957,13000,2026-06-03 08:39:00,SYNDICATE_HUB,8
WTH_00916,TXN_00445,ATM_068,12.942178,77.644198,14500,2026-06-03 08:42:00,SYNDICATE_HUB,8
WTH_04792,TXN_02344,ATM_113,14.433161,80.008279,15000,2026-06-03 08:50:00,SYNDICATE_HUB,8
WTH_04793,TXN_02344,ATM_113,14.433161,80.008279,15000,2026-06-03 08:58:00,SYNDICATE_HUB,8
WTH_01273,TXN_00615,ATM_109,13.123335,78.128711,15000,2026-06-03 09:18:00,SYNDICATE_HUB,9
WTH_04550,TXN_02221,ATM_026,28.543278,77.381758,1500,2026-06-03 09:20:00,VICTIM_CITY,9
WTH_01274,TXN_00615,ATM_109,13.123335,78.128711,15000,2026-06-03 09:30:00,SYNDICATE_HUB,9
WTH_01275,TXN_00616,ATM_083,17.415828,78.499909,13000,2026-06-03 09:30:00,SYNDICATE_HUB,9
WTH_04551,TXN_02221,ATM_026,28.543278,77.381758,15000,2026-06-03 09:30:00,VICTIM_CITY,9
WTH_01276,TXN_00617,ATM_073,17.393316,78.511718,13500,2026-06-03 09:45:00,SYNDICATE_HUB,9
WTH_01277,TXN_00617,ATM_073,17.393316,78.511718,2500,2026-06-03 09:55:00,SYNDICATE_HUB,9
WTH_04794,TXN_02345,ATM_012,28.461121,76.992406,12000,2026-06-03 10:12:00,SYNDICATE_HUB,10
WTH_04795,TXN_02345,ATM_012,28.461121,76.992406,15000,2026-06-03 10:23:00,SYNDICATE_HUB,10
WTH_04796,TXN_02345,ATM_012,28.461121,76.992406,15000,2026-06-03 10:26:00,SYNDICATE_HUB,10
WTH_00920,TXN_00447,ATM_118,14.485479,79.999178,3500,2026-06-03 10:29:00,SYNDICATE_HUB,10
WTH_04797,TXN_02346,ATM_042,23.986146,86.794608,13000,2026-06-03 10:32:00,SYNDICATE_HUB,10
WTH_00917,TXN_00446,ATM_047,28.094959,76.988447,6500,2026-06-03 10:35:00,SYNDICATE_HUB,10
WTH_00921,TXN_00447,ATM_118,14.485479,79.999178,15000,2026-06-03 10:39:00,SYNDICATE_HUB,10
WTH_04798,TXN_02346,ATM_042,23.986146,86.794608,15000,2026-06-03 10:40:00,SYNDICATE_HUB,10
WTH_00919,TXN_00446,ATM_047,28.094959,76.988447,12000,2026-06-03 10:41:00,SYNDICATE_HUB,10
WTH_00922,TXN_00447,ATM_118,14.485479,79.999178,8500,2026-06-03 10:41:00,SYNDICATE_HUB,10
WTH_00918,TXN_00446,ATM_047,28.094959,76.988447,15000,2026-06-03 10:43:00,SYNDICATE_HUB,10
WTH_05210,TXN_02547,ATM_058,12.965444,77.60425,14500,2026-06-03 10:46:00,SYNDICATE_HUB,10
WTH_04799,TXN_02346,ATM_042,23.986146,86.794608,15000,2026-06-03 10:48:00,SYNDICATE_HUB,10
WTH_05211,TXN_02547,ATM_058,12.965444,77.60425,15000,2026-06-03 10:50:00,SYNDICATE_HUB,10
WTH_04555,TXN_02223,ATM_022,28.532724,77.383774,15000,2026-06-03 11:23:00,SYNDICATE_HUB,11
WTH_04802,TXN_02348,ATM_032,23.944799,86.783761,15000,2026-06-03 11:34:00,VICTIM_CITY,11
WTH_04556,TXN_02223,ATM_022,28.532724,77.383774,15000,2026-06-03 11:35:00,SYNDICATE_HUB,11
WTH_04800,TXN_02347,ATM_092,13.052715,80.284209,15000,2026-06-03 11:41:00,SYNDICATE_HUB,11
WTH_04803,TXN_02348,ATM_032,23.944799,86.783761,15000,2026-06-03 11:44:00,VICTIM_CITY,11
WTH_04801,TXN_02347,ATM_092,13.052715,80.284209,2500,2026-06-03 11:46:00,SYNDICATE_HUB,11
WTH_04552,TXN_02222,ATM_099,13.057952,80.275004,15000,2026-06-03 11:47:00,SYNDICATE_HUB,11
WTH_05212,TXN_02548,ATM_038,23.920584,86.81605,15000,2026-06-03 11:58:00,SYNDICATE_HUB,11
WTH_04553,TXN_02222,ATM_099,13.057952,80.275004,3000,2026-06-03 11:59:00,SYNDICATE_HUB,11
WTH_04554,TXN_02222,ATM_099,13.057952,80.275004,15000,2026-06-03 12:09:00,SYNDICATE_HUB,12
WTH_05213,TXN_02549,ATM_079,17.444705,78.501863,11500,2026-06-03 13:07:00,SYNDICATE_HUB,13
WTH_05214,TXN_02549,ATM_079,17.444705,78.501863,15000,2026-06-03 13:19:00,SYNDICATE_HUB,13
WTH_05215,TXN_02549,ATM_079,17.444705,78.501863,4000,2026-06-03 13:21:00,SYNDICATE_HUB,13
WTH_00923,TXN_00448,ATM_015,28.445085,77.019599,15000,2026-06-03 13:52:00,SYNDICATE_HUB,13
WTH_00924,TXN_00448,ATM_015,28.445085,77.019599,15000,2026-06-03 13:58:00,SYNDICATE_HUB,13
WTH_04557,TXN_02224,ATM_025,28.543747,77.348687,15000,2026-06-03 14:23:00,VICTIM_CITY,14
WTH_04558,TXN_02224,ATM_025,28.543747,77.348687,4500,2026-06-03 14:32:00,VICTIM_CITY,14
WTH_04561,TXN_02226,ATM_057,12.973527,77.673424,15000,2026-06-03 15:53:00,SYNDICATE_HUB,15
WTH_04559,TXN_02225,ATM_025,28.543747,77.348687,15000,2026-06-03 16:03:00,VICTIM_CITY,16
WTH_04560,TXN_02225,ATM_025,28.543747,77.348687,5000,2026-06-03 16:10:00,VICTIM_CITY,16
WTH_05216,TXN_02550,ATM_149,9.95279,76.274675,15000,2026-06-03 16:47:00,VICTIM_CITY,16
WTH_05217,TXN_02550,ATM_149,9.95279,76.274675,15000,2026-06-03 16:59:00,VICTIM_CITY,16
WTH_05218,TXN_02551,ATM_027,28.519254,77.40568,6500,2026-06-03 17:20:00,SYNDICATE_HUB,17
WTH_05219,TXN_02551,ATM_027,28.519254,77.40568,15000,2026-06-03 17:27:00,SYNDICATE_HUB,17
WTH_02545,TXN_01244,ATM_112,14.456325,79.954246,15000,2026-06-03 17:40:00,SYNDICATE_HUB,17
WTH_02546,TXN_01244,ATM_112,14.456325,79.954246,15000,2026-06-03 17:52:00,SYNDICATE_HUB,17
WTH_00184,TXN_00089,ATM_069,12.946536,77.584294,10500,2026-06-03 17:55:00,SYNDICATE_HUB,17
WTH_00597,TXN_00285,ATM_066,12.921979,77.596794,15000,2026-06-03 18:02:00,SYNDICATE_HUB,18
WTH_00598,TXN_00285,ATM_066,12.921979,77.596794,15000,2026-06-03 18:09:00,SYNDICATE_HUB,18
WTH_00599,TXN_00285,ATM_066,12.921979,77.596794,3000,2026-06-03 18:16:00,SYNDICATE_HUB,18
WTH_00185,TXN_00090,ATM_040,23.963968,86.771099,7000,2026-06-03 18:22:00,SYNDICATE_HUB,18
WTH_00186,TXN_00090,ATM_040,23.963968,86.771099,15000,2026-06-03 18:25:00,SYNDICATE_HUB,18
WTH_00796,TXN_00382,ATM_111,14.488893,79.949155,11500,2026-06-03 18:38:00,VICTIM_CITY,18
WTH_04977,TXN_02434,ATM_107,13.150964,78.142922,15000,2026-06-03 18:42:00,SYNDICATE_HUB,18
WTH_00797,TXN_00382,ATM_111,14.488893,79.949155,15000,2026-06-03 18:47:00,VICTIM_CITY,18
WTH_00828,TXN_00399,ATM_144,11.013157,76.96992,10000,2026-06-03 19:08:00,VICTIM_CITY,19
WTH_00600,TXN_00286,ATM_064,12.939903,77.576478,13500,2026-06-03 19:13:00,SYNDICATE_HUB,19
WTH_04978,TXN_02435,ATM_039,23.963893,86.798116,15000,2026-06-03 19:36:00,SYNDICATE_HUB,19
WTH_00723,TXN_00346,ATM_054,28.146724,76.998492,10000,2026-06-03 19:39:00,VICTIM_CITY,19
WTH_04979,TXN_02435,ATM_039,23.963893,86.798116,1000,2026-06-03 19:41:00,SYNDICATE_HUB,19
WTH_05220,TXN_02552,ATM_149,9.95279,76.274675,8000,2026-06-03 19:42:00,VICTIM_CITY,19
WTH_00724,TXN_00346,ATM_054,28.146724,76.998492,7500,2026-06-03 19:44:00,VICTIM_CITY,19
WTH_00725,TXN_00346,ATM_054,28.146724,76.998492,15000,2026-06-03 19:45:00,VICTIM_CITY,19
WTH_04562,TXN_02227,ATM_119,14.402097,79.990229,15000,2026-06-03 19:46:00,SYNDICATE_HUB,19
WTH_00601,TXN_00287,ATM_064,12.939903,77.576478,1500,2026-06-03 19:54:00,SYNDICATE_HUB,19
WTH_05221,TXN_02552,ATM_149,9.95279,76.274675,13500,2026-06-03 19:54:00,VICTIM_CITY,19
WTH_00829,TXN_00400,ATM_144,11.013157,76.96992,15000,2026-06-03 19:55:00,VICTIM_CITY,19
WTH_04563,TXN_02227,ATM_119,14.402097,79.990229,15000,2026-06-03 19:55:00,SYNDICATE_HUB,19
WTH_00602,TXN_00287,ATM_064,12.939903,77.576478,15000,2026-06-03 19:58:00,SYNDICATE_HUB,19
WTH_04564,TXN_02227,ATM_119,14.402097,79.990229,1000,2026-06-03 19:58:00,SYNDICATE_HUB,19
WTH_00721,TXN_00345,ATM_052,28.102146,76.978954,7500,2026-06-03 20:07:00,VICTIM_CITY,20
WTH_05222,TXN_02553,ATM_150,9.950709,76.282411,13500,2026-06-03 20:09:00,VICTIM_CITY,20
WTH_05223,TXN_02553,ATM_150,9.950709,76.282411,3000,2026-06-03 20:13:00,VICTIM_CITY,20
WTH_05224,TXN_02554,ATM_149,9.95279,76.274675,15000,2026-06-03 20:17:00,VICTIM_CITY,20
WTH_00722,TXN_00345,ATM_052,28.102146,76.978954,15000,2026-06-03 20:18:00,VICTIM_CITY,20
WTH_00830,TXN_00401,ATM_037,23.961927,86.827934,15000,2026-06-03 20:20:00,SYNDICATE_HUB,20
WTH_05225,TXN_02554,ATM_149,9.95279,76.274675,15000,2026-06-03 20:24:00,VICTIM_CITY,20
WTH_05044,TXN_02464,ATM_019,28.540513,77.343968,15000,2026-06-03 20:29:00,SYNDICATE_HUB,20
WTH_00603,TXN_00288,ATM_012,28.461121,76.992406,15000,2026-06-03 20:33:00,SYNDICATE_HUB,20
WTH_05045,TXN_02464,ATM_019,28.540513,77.343968,5000,2026-06-03 20:37:00,SYNDICATE_HUB,20
WTH_05226,TXN_02554,ATM_149,9.95279,76.274675,15000,2026-06-03 20:37:00,VICTIM_CITY,20
WTH_00604,TXN_00288,ATM_012,28.461121,76.992406,15000,2026-06-03 20:45:00,SYNDICATE_HUB,20
WTH_05046,TXN_02465,ATM_106,13.144834,78.150669,15000,2026-06-03 21:01:00,SYNDICATE_HUB,21
WTH_00798,TXN_00383,ATM_043,28.09283,76.984965,15000,2026-06-03 21:06:00,SYNDICATE_HUB,21
WTH_05047,TXN_02465,ATM_106,13.144834,78.150669,8000,2026-06-03 21:11:00,SYNDICATE_HUB,21
WTH_05048,TXN_02465,ATM_106,13.144834,78.150669,15000,2026-06-03 21:11:00,SYNDICATE_HUB,21
WTH_04980,TXN_02436,ATM_082,17.422075,78.460438,1000,2026-06-03 21:31:00,VICTIM_CITY,21
WTH_04981,TXN_02436,ATM_082,17.422075,78.460438,15000,2026-06-03 21:40:00,VICTIM_CITY,21
WTH_04982,TXN_02436,ATM_082,17.422075,78.460438,15000,2026-06-03 21:43:00,VICTIM_CITY,21
WTH_05049,TXN_02466,ATM_087,13.080541,80.280252,15000,2026-06-03 21:45:00,SYNDICATE_HUB,21
WTH_00726,TXN_00347,ATM_043,28.09283,76.984965,9000,2026-06-03 22:18:00,VICTIM_CITY,22
WTH_00605,TXN_00289,ATM_051,28.080693,76.986587,8000,2026-06-03 22:20:00,VICTIM_CITY,22
WTH_02692,TXN_01312,ATM_101,13.141425,78.141473,6000,2026-06-03 22:53:00,VICTIM_CITY,22
WTH_00799,TXN_00384,ATM_061,12.996913,77.5655,10500,2026-06-03 22:56:00,SYNDICATE_HUB,22
WTH_02693,TXN_01312,ATM_101,13.141425,78.141473,15000,2026-06-03 23:00:00,VICTIM_CITY,23
WTH_05050,TXN_02467,ATM_027,28.519254,77.40568,9000,2026-06-03 23:03:00,SYNDICATE_HUB,23
WTH_00831,TXN_00402,ATM_083,17.415828,78.499909,6000,2026-06-03 23:14:00,SYNDICATE_HUB,23
WTH_00832,TXN_00402,ATM_083,17.415828,78.499909,15000,2026-06-03 23:25:00,SYNDICATE_HUB,23
WTH_00727,TXN_00348,ATM_045,28.098405,77.005265,8500,2026-06-03 23:29:00,VICTIM_CITY,23
WTH_04983,TXN_02437,ATM_079,17.444705,78.501863,1000,2026-06-03 23:56:00,VICTIM_CITY,23
WTH_04984,TXN_02437,ATM_079,17.444705,78.501863,15000,2026-06-04 00:03:00,VICTIM_CITY,0
WTH_04985,TXN_02438,ATM_003,28.45388,77.020981,15000,2026-06-04 00:08:00,SYNDICATE_HUB,0
WTH_02694,TXN_01313,ATM_009,28.435192,77.034142,15000,2026-06-04 00:14:00,SYNDICATE_HUB,0
WTH_00606,TXN_00290,ATM_031,23.954833,86.799929,11500,2026-06-04 00:16:00,SYNDICATE_HUB,0
WTH_04986,TXN_02438,ATM_003,28.45388,77.020981,3500,2026-06-04 00:16:00,SYNDICATE_HUB,0
WTH_02695,TXN_01313,ATM_009,28.435192,77.034142,3500,2026-06-04 00:17:00,SYNDICATE_HUB,0
WTH_00607,TXN_00290,ATM_031,23.954833,86.799929,2500,2026-06-04 00:23:00,SYNDICATE_HUB,0
WTH_00608,TXN_00290,ATM_031,23.954833,86.799929,15000,2026-06-04 00:30:00,SYNDICATE_HUB,0
WTH_02699,TXN_01315,ATM_042,23.986146,86.794608,10500,2026-06-04 00:34:00,SYNDICATE_HUB,0
WTH_02696,TXN_01314,ATM_104,13.143941,78.140721,5500,2026-06-04 00:36:00,VICTIM_CITY,0
WTH_02697,TXN_01314,ATM_104,13.143941,78.140721,14500,2026-06-04 00:44:00,VICTIM_CITY,0
WTH_02698,TXN_01314,ATM_104,13.143941,78.140721,15000,2026-06-04 00:46:00,VICTIM_CITY,0
WTH_04123,TXN_02011,ATM_039,23.963893,86.798116,14500,2026-06-04 01:04:00,SYNDICATE_HUB,1
WTH_04125,TXN_02011,ATM_039,23.963893,86.798116,8500,2026-06-04 01:12:00,SYNDICATE_HUB,1
WTH_04124,TXN_02011,ATM_039,23.963893,86.798116,15000,2026-06-04 01:13:00,SYNDICATE_HUB,1
WTH_00800,TXN_00385,ATM_088,13.090447,80.293861,9500,2026-06-04 01:19:00,SYNDICATE_HUB,1
WTH_00801,TXN_00386,ATM_001,28.471421,77.023282,15000,2026-06-04 01:27:00,SYNDICATE_HUB,1
WTH_05051,TXN_02468,ATM_078,17.394378,78.463841,10500,2026-06-04 01:30:00,VICTIM_CITY,1
WTH_00802,TXN_00386,ATM_001,28.471421,77.023282,11000,2026-06-04 01:33:00,SYNDICATE_HUB,1
WTH_00803,TXN_00386,ATM_001,28.471421,77.023282,1000,2026-06-04 01:41:00,SYNDICATE_HUB,1
WTH_00384,TXN_00188,ATM_019,28.540513,77.343968,15000,2026-06-04 01:50:00,SYNDICATE_HUB,1
WTH_00385,TXN_00188,ATM_019,28.540513,77.343968,10000,2026-06-04 02:00:00,SYNDICATE_HUB,2
WTH_04126,TXN_02012,ATM_099,13.057952,80.275004,13000,2026-06-04 02:06:00,SYNDICATE_HUB,2
WTH_03400,TXN_01654,ATM_101,13.141425,78.141473,15000,2026-06-04 02:31:00,SYNDICATE_HUB,2
WTH_03401,TXN_01654,ATM_101,13.141425,78.141473,15000,2026-06-04 02:35:00,SYNDICATE_HUB,2
WTH_00133,TXN_00063,ATM_086,13.057794,80.247857,9000,2026-06-04 03:07:00,SYNDICATE_HUB,3
WTH_04987,TXN_02439,ATM_074,17.345418,78.444445,15000,2026-06-04 03:09:00,SYNDICATE_HUB,3
WTH_04989,TXN_02440,ATM_103,13.113657,78.117495,15000,2026-06-04 03:14:00,SYNDICATE_HUB,3
WTH_04988,TXN_02439,ATM_074,17.345418,78.444445,15000,2026-06-04 03:21:00,SYNDICATE_HUB,3
WTH_04990,TXN_02440,ATM_103,13.113657,78.117495,15000,2026-06-04 03:24:00,SYNDICATE_HUB,3
WTH_04991,TXN_02440,ATM_103,13.113657,78.117495,13000,2026-06-04 03:34:00,SYNDICATE_HUB,3
WTH_00804,TXN_00387,ATM_119,14.402097,79.990229,15000,2026-06-04 03:51:00,SYNDICATE_HUB,3
WTH_00805,TXN_00387,ATM_119,14.402097,79.990229,15000,2026-06-04 03:58:00,SYNDICATE_HUB,3
WTH_02700,TXN_01316,ATM_034,23.961348,86.818957,13500,2026-06-04 03:59:00,SYNDICATE_HUB,3
WTH_00386,TXN_00189,ATM_087,13.080541,80.280252,7500,2026-06-04 04:04:00,SYNDICATE_HUB,4
WTH_02040,TXN_00997,ATM_009,28.435192,77.034142,12500,2026-06-04 04:07:00,SYNDICATE_HUB,4
WTH_00134,TXN_00064,ATM_107,13.150964,78.142922,15000,2026-06-04 04:13:00,SYNDICATE_HUB,4
WTH_00387,TXN_00189,ATM_087,13.080541,80.280252,15000,2026-06-04 04:13:00,SYNDICATE_HUB,4
WTH_02041,TXN_00997,ATM_009,28.435192,77.034142,4500,2026-06-04 04:13:00,SYNDICATE_HUB,4
WTH_00135,TXN_00064,ATM_107,13.150964,78.142922,4500,2026-06-04 04:20:00,SYNDICATE_HUB,4
WTH_00136,TXN_00064,ATM_107,13.150964,78.142922,15000,2026-06-04 04:33:00,SYNDICATE_HUB,4
WTH_04127,TXN_02013,ATM_103,13.113657,78.117495,1000,2026-06-04 04:57:00,SYNDICATE_HUB,4
WTH_04128,TXN_02013,ATM_103,13.113657,78.117495,15000,2026-06-04 05:01:00,SYNDICATE_HUB,5
WTH_04129,TXN_02013,ATM_103,13.113657,78.117495,3000,2026-06-04 05:09:00,SYNDICATE_HUB,5
WTH_00388,TXN_00190,ATM_005,28.448233,77.039621,1500,2026-06-04 05:38:00,SYNDICATE_HUB,5
WTH_00389,TXN_00190,ATM_005,28.448233,77.039621,15000,2026-06-04 05:47:00,SYNDICATE_HUB,5
WTH_04130,TXN_02014,ATM_077,17.363239,78.494132,1000,2026-06-04 05:52:00,SYNDICATE_HUB,5
WTH_03402,TXN_01655,ATM_095,13.05899,80.228284,15000,2026-06-04 05:53:00,VICTIM_CITY,5
WTH_04131,TXN_02014,ATM_077,17.363239,78.494132,15000,2026-06-04 05:56:00,SYNDICATE_HUB,5
WTH_00806,TXN_00388,ATM_053,28.105774,77.003081,15000,2026-06-04 06:02:00,SYNDICATE_HUB,6
WTH_04992,TXN_02441,ATM_072,17.333561,78.492608,14500,2026-06-04 06:05:00,VICTIM_CITY,6
WTH_02042,TXN_00998,ATM_111,14.488893,79.949155,15000,2026-06-04 06:10:00,SYNDICATE_HUB,6
WTH_04993,TXN_02441,ATM_072,17.333561,78.492608,15000,2026-06-04 06:12:00,VICTIM_CITY,6
WTH_00807,TXN_00388,ATM_053,28.105774,77.003081,15000,2026-06-04 06:14:00,SYNDICATE_HUB,6
WTH_02043,TXN_00998,ATM_111,14.488893,79.949155,12000,2026-06-04 06:15:00,SYNDICATE_HUB,6
WTH_04132,TXN_02014,ATM_077,17.363239,78.494132,3000,2026-06-04 06:16:00,SYNDICATE_HUB,6
WTH_02044,TXN_00998,ATM_111,14.488893,79.949155,15000,2026-06-04 06:26:00,SYNDICATE_HUB,6
WTH_04996,TXN_02443,ATM_044,28.127308,77.001575,15000,2026-06-04 06:28:00,SYNDICATE_HUB,6
WTH_04997,TXN_02443,ATM_044,28.127308,77.001575,15000,2026-06-04 06:39:00,SYNDICATE_HUB,6
WTH_03735,TXN_01820,ATM_140,22.574554,88.353111,7500,2026-06-04 06:45:00,VICTIM_CITY,6
WTH_00390,TXN_00191,ATM_009,28.435192,77.034142,15000,2026-06-04 06:46:00,SYNDICATE_HUB,6
WTH_04998,TXN_02443,ATM_044,28.127308,77.001575,14500,2026-06-04 06:46:00,SYNDICATE_HUB,6
WTH_03736,TXN_01820,ATM_140,22.574554,88.353111,9500,2026-06-04 06:52:00,VICTIM_CITY,6
WTH_00137,TXN_00065,ATM_057,12.973527,77.673424,9000,2026-06-04 06:54:00,VICTIM_CITY,6
WTH_03726,TXN_01813,ATM_131,19.042631,72.875557,15000,2026-06-04 07:02:00,VICTIM_CITY,7
WTH_03737,TXN_01820,ATM_140,22.574554,88.353111,15000,2026-06-04 07:03:00,VICTIM_CITY,7
WTH_02048,TXN_01000,ATM_042,23.986146,86.794608,15000,2026-06-04 07:21:00,SYNDICATE_HUB,7
WTH_01514,TXN_00734,ATM_048,28.101158,76.96573,15000,2026-06-04 07:26:00,SYNDICATE_HUB,7
WTH_04994,TXN_02442,ATM_036,23.968282,86.827509,15000,2026-06-04 07:27:00,SYNDICATE_HUB,7
WTH_02049,TXN_01000,ATM_042,23.986146,86.794608,15000,2026-06-04 07:31:00,SYNDICATE_HUB,7
WTH_04995,TXN_02442,ATM_036,23.968282,86.827509,5000,2026-06-04 07:38:00,SYNDICATE_HUB,7
WTH_02823,TXN_01379,ATM_065,12.974789,77.578489,12500,2026-06-04 07:45:00,SYNDICATE_HUB,7
WTH_03727,TXN_01814,ATM_074,17.345418,78.444445,10000,2026-06-04 07:49:00,SYNDICATE_HUB,7
WTH_02050,TXN_01001,ATM_094,13.095951,80.268661,15000,2026-06-04 07:53:00,VICTIM_CITY,7
WTH_04133,TXN_02015,ATM_102,13.153029,78.149361,14500,2026-06-04 07:57:00,SYNDICATE_HUB,7
WTH_02045,TXN_00999,ATM_100,13.136631,78.114212,15000,2026-06-04 08:02:00,SYNDICATE_HUB,8
WTH_02046,TXN_00999,ATM_100,13.136631,78.114212,8000,2026-06-04 08:09:00,SYNDICATE_HUB,8
WTH_02047,TXN_00999,ATM_100,13.136631,78.114212,15000,2026-06-04 08:14:00,SYNDICATE_HUB,8
WTH_03738,TXN_01821,ATM_138,22.545118,88.376839,15000,2026-06-04 08:15:00,VICTIM_CITY,8
WTH_03739,TXN_01821,ATM_138,22.545118,88.376839,4500,2026-06-04 08:23:00,VICTIM_CITY,8
WTH_03740,TXN_01821,ATM_138,22.545118,88.376839,4000,2026-06-04 08:27:00,VICTIM_CITY,8
WTH_04999,TXN_02444,ATM_081,17.35381,78.511887,15000,2026-06-04 08:29:00,SYNDICATE_HUB,8
WTH_05000,TXN_02444,ATM_081,17.35381,78.511887,15000,2026-06-04 08:38:00,SYNDICATE_HUB,8
WTH_05001,TXN_02444,ATM_081,17.35381,78.511887,12000,2026-06-04 08:41:00,SYNDICATE_HUB,8
WTH_03731,TXN_01816,ATM_001,28.471421,77.023282,11000,2026-06-04 09:01:00,SYNDICATE_HUB,9
WTH_03728,TXN_01815,ATM_016,28.521059,77.435455,13000,2026-06-04 09:18:00,SYNDICATE_HUB,9
WTH_03729,TXN_01815,ATM_016,28.521059,77.435455,15000,2026-06-04 09:27:00,SYNDICATE_HUB,9
WTH_03730,TXN_01815,ATM_016,28.521059,77.435455,15000,2026-06-04 09:32:00,SYNDICATE_HUB,9
WTH_00138,TXN_00066,ATM_086,13.057794,80.247857,7500,2026-06-04 09:38:00,SYNDICATE_HUB,9
WTH_00139,TXN_00066,ATM_086,13.057794,80.247857,15000,2026-06-04 09:46:00,SYNDICATE_HUB,9
WTH_02826,TXN_01381,ATM_009,28.435192,77.034142,14500,2026-06-04 10:07:00,SYNDICATE_HUB,10
WTH_02824,TXN_01380,ATM_040,23.963968,86.771099,15000,2026-06-04 10:23:00,SYNDICATE_HUB,10
WTH_02825,TXN_01380,ATM_040,23.963968,86.771099,15000,2026-06-04 10:34:00,SYNDICATE_HUB,10
WTH_03743,TXN_01823,ATM_073,17.393316,78.511718,1500,2026-06-04 10:47:00,SYNDICATE_HUB,10
WTH_03741,TXN_01822,ATM_142,22.617008,88.329241,3500,2026-06-04 10:48:00,VICTIM_CITY,10
WTH_02051,TXN_01002,ATM_002,28.475045,77.063153,11500,2026-06-04 10:53:00,SYNDICATE_HUB,10
WTH_03744,TXN_01823,ATM_073,17.393316,78.511718,15000,2026-06-04 10:53:00,SYNDICATE_HUB,10
WTH_03742,TXN_01822,ATM_142,22.617008,88.329241,15000,2026-06-04 10:54:00,VICTIM_CITY,10
WTH_00140,TXN_00067,ATM_066,12.921979,77.596794,15000,2026-06-04 10:57:00,SYNDICATE_HUB,10
WTH_02052,TXN_01002,ATM_002,28.475045,77.063153,15000,2026-06-04 10:57:00,SYNDICATE_HUB,10
WTH_03732,TXN_01817,ATM_084,17.411306,78.547397,14500,2026-06-04 10:59:00,SYNDICATE_HUB,10
WTH_00141,TXN_00067,ATM_066,12.921979,77.596794,5000,2026-06-04 11:03:00,SYNDICATE_HUB,11
WTH_00142,TXN_00067,ATM_066,12.921979,77.596794,6000,2026-06-04 11:17:00,SYNDICATE_HUB,11
WTH_02827,TXN_01382,ATM_039,23.963893,86.798116,8500,2026-06-04 11:40:00,SYNDICATE_HUB,11
WTH_02053,TXN_01003,ATM_089,13.083064,80.311399,15000,2026-06-04 12:03:00,VICTIM_CITY,12
WTH_02054,TXN_01003,ATM_089,13.083064,80.311399,15000,2026-06-04 12:10:00,VICTIM_CITY,12
WTH_02055,TXN_01003,ATM_089,13.083064,80.311399,15000,2026-06-04 12:15:00,VICTIM_CITY,12
WTH_03745,TXN_01824,ATM_079,17.444705,78.501863,15000,2026-06-04 12:45:00,SYNDICATE_HUB,12
WTH_03746,TXN_01824,ATM_079,17.444705,78.501863,15000,2026-06-04 12:49:00,SYNDICATE_HUB,12
WTH_03733,TXN_01818,ATM_089,13.083064,80.311399,9000,2026-06-04 12:50:00,SYNDICATE_HUB,12
WTH_02056,TXN_01004,ATM_073,17.393316,78.511718,15000,2026-06-04 13:55:00,SYNDICATE_HUB,13
WTH_02057,TXN_01004,ATM_073,17.393316,78.511718,15000,2026-06-04 14:02:00,SYNDICATE_HUB,14
WTH_03734,TXN_01819,ATM_053,28.105774,77.003081,9000,2026-06-04 14:15:00,SYNDICATE_HUB,14
WTH_03747,TXN_01825,ATM_140,22.574554,88.353111,15000,2026-06-04 15:23:00,VICTIM_CITY,15
WTH_03748,TXN_01826,ATM_140,22.574554,88.353111,4500,2026-06-04 16:39:00,VICTIM_CITY,16
WTH_03749,TXN_01826,ATM_140,22.574554,88.353111,15000,2026-06-04 16:51:00,VICTIM_CITY,16
WTH_03750,TXN_01826,ATM_140,22.574554,88.353111,15000,2026-06-04 16:51:00,VICTIM_CITY,16
WTH_04852,TXN_02372,ATM_024,28.524445,77.416371,13500,2026-06-04 17:01:00,SYNDICATE_HUB,17
WTH_04853,TXN_02373,ATM_008,28.418102,77.013105,15000,2026-06-04 17:33:00,SYNDICATE_HUB,17
WTH_04854,TXN_02373,ATM_008,28.418102,77.013105,15000,2026-06-04 17:44:00,SYNDICATE_HUB,17
WTH_04855,TXN_02373,ATM_008,28.418102,77.013105,13500,2026-06-04 17:45:00,SYNDICATE_HUB,17
WTH_03751,TXN_01827,ATM_101,13.141425,78.141473,1500,2026-06-04 18:44:00,SYNDICATE_HUB,18
WTH_03752,TXN_01827,ATM_101,13.141425,78.141473,11000,2026-06-04 18:55:00,SYNDICATE_HUB,18
WTH_03753,TXN_01827,ATM_101,13.141425,78.141473,15000,2026-06-04 18:56:00,SYNDICATE_HUB,18
WTH_03555,TXN_01729,ATM_034,23.961348,86.818957,10000,2026-06-04 19:16:00,SYNDICATE_HUB,19
WTH_03556,TXN_01729,ATM_034,23.961348,86.818957,11000,2026-06-04 19:19:00,SYNDICATE_HUB,19
WTH_03557,TXN_01729,ATM_034,23.961348,86.818957,15000,2026-06-04 19:36:00,SYNDICATE_HUB,19
WTH_04856,TXN_02374,ATM_005,28.448233,77.039621,13500,2026-06-04 19:47:00,SYNDICATE_HUB,19
WTH_02402,TXN_01174,ATM_115,14.428294,80.000092,10000,2026-06-04 19:52:00,SYNDICATE_HUB,19
WTH_02403,TXN_01174,ATM_115,14.428294,80.000092,9500,2026-06-04 19:55:00,SYNDICATE_HUB,19
WTH_02404,TXN_01175,ATM_146,11.011805,76.943968,15000,2026-06-04 20:01:00,VICTIM_CITY,20
WTH_02405,TXN_01175,ATM_146,11.011805,76.943968,15000,2026-06-04 20:08:00,VICTIM_CITY,20
WTH_05464,TXN_02667,ATM_111,14.488893,79.949155,15000,2026-06-04 21:37:00,VICTIM_CITY,21
WTH_05463,TXN_02666,ATM_035,23.968286,86.792578,9000,2026-06-04 21:39:00,SYNDICATE_HUB,21
WTH_05465,TXN_02667,ATM_111,14.488893,79.949155,13000,2026-06-04 21:48:00,VICTIM_CITY,21
WTH_03558,TXN_01730,ATM_030,28.54345,77.414413,7000,2026-06-04 22:05:00,SYNDICATE_HUB,22
WTH_03559,TXN_01730,ATM_030,28.54345,77.414413,14000,2026-06-04 22:13:00,SYNDICATE_HUB,22
WTH_04857,TXN_02375,ATM_100,13.136631,78.114212,11500,2026-06-04 22:31:00,VICTIM_CITY,22
WTH_04859,TXN_02375,ATM_100,13.136631,78.114212,15000,2026-06-04 22:37:00,VICTIM_CITY,22
WTH_04858,TXN_02375,ATM_100,13.136631,78.114212,15000,2026-06-04 22:41:00,VICTIM_CITY,22
WTH_05654,TXN_02757,ATM_095,13.05899,80.228284,15000,2026-06-04 23:49:00,SYNDICATE_HUB,23
WTH_04701,TXN_02296,ATM_073,17.393316,78.511718,10000,2026-06-04 23:58:00,SYNDICATE_HUB,23
WTH_05655,TXN_02757,ATM_095,13.05899,80.228284,1000,2026-06-04 23:59:00,SYNDICATE_HUB,23
WTH_04702,TXN_02296,ATM_073,17.393316,78.511718,11000,2026-06-05 00:03:00,SYNDICATE_HUB,0
WTH_05656,TXN_02757,ATM_095,13.05899,80.228284,5500,2026-06-05 00:05:00,SYNDICATE_HUB,0
WTH_04703,TXN_02296,ATM_073,17.393316,78.511718,15000,2026-06-05 00:06:00,SYNDICATE_HUB,0
WTH_00391,TXN_00192,ATM_050,28.109102,76.990308,15000,2026-06-05 00:12:00,SYNDICATE_HUB,0
WTH_00392,TXN_00192,ATM_050,28.109102,76.990308,15000,2026-06-05 00:20:00,SYNDICATE_HUB,0
WTH_00393,TXN_00192,ATM_050,28.109102,76.990308,1500,2026-06-05 00:26:00,SYNDICATE_HUB,0
WTH_04704,TXN_02297,ATM_004,28.497401,77.045018,9000,2026-06-05 00:38:00,VICTIM_CITY,0
WTH_05466,TXN_02668,ATM_084,17.411306,78.547397,15000,2026-06-05 00:39:00,SYNDICATE_HUB,0
WTH_05467,TXN_02668,ATM_084,17.411306,78.547397,14000,2026-06-05 00:43:00,SYNDICATE_HUB,0
WTH_04860,TXN_02376,ATM_109,13.123335,78.128711,15000,2026-06-05 00:58:00,VICTIM_CITY,0
WTH_04861,TXN_02376,ATM_109,13.123335,78.128711,11000,2026-06-05 01:09:00,VICTIM_CITY,1
WTH_00394,TXN_00193,ATM_005,28.448233,77.039621,6000,2026-06-05 01:19:00,SYNDICATE_HUB,1
WTH_04862,TXN_02376,ATM_109,13.123335,78.128711,1000,2026-06-05 01:20:00,VICTIM_CITY,1
WTH_00395,TXN_00193,ATM_005,28.448233,77.039621,15000,2026-06-05 01:23:00,SYNDICATE_HUB,1
WTH_03560,TXN_01731,ATM_086,13.057794,80.247857,11000,2026-06-05 01:25:00,SYNDICATE_HUB,1
WTH_00396,TXN_00194,ATM_020,28.503624,77.395725,11500,2026-06-05 02:10:00,SYNDICATE_HUB,2
WTH_00397,TXN_00194,ATM_020,28.503624,77.395725,13500,2026-06-05 02:13:00,SYNDICATE_HUB,2
WTH_00398,TXN_00194,ATM_020,28.503624,77.395725,8500,2026-06-05 02:32:00,SYNDICATE_HUB,2
WTH_00399,TXN_00195,ATM_050,28.109102,76.990308,9500,2026-06-05 02:34:00,VICTIM_CITY,2
WTH_00400,TXN_00195,ATM_050,28.109102,76.990308,15000,2026-06-05 02:46:00,VICTIM_CITY,2
WTH_00401,TXN_00195,ATM_050,28.109102,76.990308,15000,2026-06-05 02:48:00,VICTIM_CITY,2
WTH_05468,TXN_02669,ATM_116,14.427993,79.990829,15000,2026-06-05 02:49:00,VICTIM_CITY,2
WTH_05469,TXN_02669,ATM_116,14.427993,79.990829,15000,2026-06-05 02:52:00,VICTIM_CITY,2
WTH_04705,TXN_02298,ATM_030,28.54345,77.414413,13500,2026-06-05 02:53:00,SYNDICATE_HUB,2
WTH_00402,TXN_00196,ATM_048,28.101158,76.96573,3000,2026-06-05 02:59:00,SYNDICATE_HUB,2
WTH_01480,TXN_00716,ATM_054,28.146724,76.998492,1000,2026-06-05 03:06:00,SYNDICATE_HUB,3
WTH_00403,TXN_00196,ATM_048,28.101158,76.96573,15000,2026-06-05 03:09:00,SYNDICATE_HUB,3
WTH_01481,TXN_00716,ATM_054,28.146724,76.998492,15000,2026-06-05 03:12:00,SYNDICATE_HUB,3
WTH_05657,TXN_02758,ATM_063,12.990379,77.664695,3000,2026-06-05 03:18:00,SYNDICATE_HUB,3
WTH_01478,TXN_00715,ATM_065,12.974789,77.578489,4500,2026-06-05 03:25:00,SYNDICATE_HUB,3
WTH_05658,TXN_02758,ATM_063,12.990379,77.664695,15000,2026-06-05 03:25:00,SYNDICATE_HUB,3
WTH_04706,TXN_02299,ATM_088,13.090447,80.293861,15000,2026-06-05 03:36:00,SYNDICATE_HUB,3
WTH_01479,TXN_00715,ATM_065,12.974789,77.578489,11000,2026-06-05 03:37:00,SYNDICATE_HUB,3
WTH_04707,TXN_02299,ATM_088,13.090447,80.293861,6500,2026-06-05 03:44:00,SYNDICATE_HUB,3
WTH_04863,TXN_02377,ATM_043,28.09283,76.984965,15000,2026-06-05 03:48:00,SYNDICATE_HUB,3
WTH_04864,TXN_02378,ATM_100,13.136631,78.114212,15000,2026-06-05 04:13:00,VICTIM_CITY,4
WTH_04865,TXN_02378,ATM_100,13.136631,78.114212,15000,2026-06-05 04:16:00,VICTIM_CITY,4
WTH_05470,TXN_02670,ATM_099,13.057952,80.275004,15000,2026-06-05 04:19:00,SYNDICATE_HUB,4
WTH_05471,TXN_02670,ATM_099,13.057952,80.275004,2500,2026-06-05 04:29:00,SYNDICATE_HUB,4
WTH_00746,TXN_00358,ATM_117,14.443511,79.973468,15000,2026-06-05 04:30:00,VICTIM_CITY,4
WTH_05659,TXN_02759,ATM_003,28.45388,77.020981,13000,2026-06-05 04:36:00,SYNDICATE_HUB,4
WTH_05472,TXN_02670,ATM_099,13.057952,80.275004,7500,2026-06-05 04:37:00,SYNDICATE_HUB,4
WTH_00747,TXN_00358,ATM_117,14.443511,79.973468,15000,2026-06-05 04:39:00,VICTIM_CITY,4
WTH_05575,TXN_02721,ATM_029,28.515359,77.383579,15000,2026-06-05 04:49:00,SYNDICATE_HUB,4
WTH_05576,TXN_02721,ATM_029,28.515359,77.383579,15000,2026-06-05 04:56:00,SYNDICATE_HUB,4
WTH_04708,TXN_02300,ATM_046,28.110942,77.014373,2000,2026-06-05 04:59:00,SYNDICATE_HUB,4
WTH_04312,TXN_02103,ATM_001,28.471421,77.023282,15000,2026-06-05 05:02:00,SYNDICATE_HUB,5
WTH_05577,TXN_02721,ATM_029,28.515359,77.383579,15000,2026-06-05 05:07:00,SYNDICATE_HUB,5
WTH_04709,TXN_02300,ATM_046,28.110942,77.014373,12500,2026-06-05 05:09:00,SYNDICATE_HUB,5
WTH_04866,TXN_02379,ATM_054,28.146724,76.998492,9000,2026-06-05 05:12:00,SYNDICATE_HUB,5
WTH_04867,TXN_02380,ATM_102,13.153029,78.149361,15000,2026-06-05 05:12:00,VICTIM_CITY,5
WTH_04313,TXN_02103,ATM_001,28.471421,77.023282,15000,2026-06-05 05:13:00,SYNDICATE_HUB,5
WTH_04868,TXN_02380,ATM_102,13.153029,78.149361,15000,2026-06-05 05:17:00,VICTIM_CITY,5
WTH_04710,TXN_02300,ATM_046,28.110942,77.014373,15000,2026-06-05 05:19:00,SYNDICATE_HUB,5
WTH_01482,TXN_00717,ATM_005,28.448233,77.039621,13500,2026-06-05 05:25:00,SYNDICATE_HUB,5
WTH_01483,TXN_00717,ATM_005,28.448233,77.039621,4000,2026-06-05 05:31:00,SYNDICATE_HUB,5
WTH_00404,TXN_00197,ATM_098,13.087549,80.281489,1000,2026-06-05 05:54:00,SYNDICATE_HUB,5
WTH_05660,TXN_02760,ATM_117,14.443511,79.973468,15000,2026-06-05 05:55:00,SYNDICATE_HUB,5
WTH_05662,TXN_02760,ATM_117,14.443511,79.973468,15000,2026-06-05 06:01:00,SYNDICATE_HUB,6
WTH_00405,TXN_00197,ATM_098,13.087549,80.281489,15000,2026-06-05 06:04:00,SYNDICATE_HUB,6
WTH_05661,TXN_02760,ATM_117,14.443511,79.973468,15000,2026-06-05 06:05:00,SYNDICATE_HUB,6
WTH_04314,TXN_02104,ATM_049,28.114922,77.000221,5000,2026-06-05 06:16:00,SYNDICATE_HUB,6
WTH_05473,TXN_02671,ATM_096,13.070198,80.294679,15000,2026-06-05 06:18:00,SYNDICATE_HUB,6
WTH_04315,TXN_02104,ATM_049,28.114922,77.000221,15000,2026-06-05 06:27:00,SYNDICATE_HUB,6
WTH_05474,TXN_02671,ATM_096,13.070198,80.294679,15000,2026-06-05 06:29:00,SYNDICATE_HUB,6
WTH_00748,TXN_00359,ATM_032,23.944799,86.783761,11000,2026-06-05 06:54:00,SYNDICATE_HUB,6
WTH_04711,TXN_02301,ATM_089,13.083064,80.311399,11500,2026-06-05 07:01:00,SYNDICATE_HUB,7
WTH_04712,TXN_02301,ATM_089,13.083064,80.311399,15000,2026-06-05 07:05:00,SYNDICATE_HUB,7
WTH_00749,TXN_00359,ATM_032,23.944799,86.783761,9000,2026-06-05 07:06:00,SYNDICATE_HUB,7
WTH_04316,TXN_02105,ATM_114,14.443886,79.964945,13500,2026-06-05 07:06:00,SYNDICATE_HUB,7
WTH_04317,TXN_02105,ATM_114,14.443886,79.964945,15000,2026-06-05 07:11:00,SYNDICATE_HUB,7
WTH_04318,TXN_02105,ATM_114,14.443886,79.964945,3500,2026-06-05 07:24:00,SYNDICATE_HUB,7
WTH_00406,TXN_00198,ATM_074,17.345418,78.444445,15000,2026-06-05 07:29:00,SYNDICATE_HUB,7
WTH_00407,TXN_00198,ATM_074,17.345418,78.444445,15000,2026-06-05 07:35:00,SYNDICATE_HUB,7
WTH_00408,TXN_00198,ATM_074,17.345418,78.444445,15000,2026-06-05 07:43:00,SYNDICATE_HUB,7
WTH_01539,TXN_00747,ATM_109,13.123335,78.128711,8500,2026-06-05 07:56:00,SYNDICATE_HUB,7
WTH_00409,TXN_00199,ATM_068,12.942178,77.644198,3000,2026-06-05 07:58:00,SYNDICATE_HUB,7
WTH_05475,TXN_02672,ATM_094,13.095951,80.268661,9000,2026-06-05 08:01:00,SYNDICATE_HUB,8
WTH_05476,TXN_02672,ATM_094,13.095951,80.268661,9500,2026-06-05 08:08:00,SYNDICATE_HUB,8
WTH_00410,TXN_00199,ATM_068,12.942178,77.644198,15000,2026-06-05 08:10:00,SYNDICATE_HUB,8
WTH_00411,TXN_00199,ATM_068,12.942178,77.644198,15000,2026-06-05 08:16:00,SYNDICATE_HUB,8
WTH_01484,TXN_00718,ATM_090,13.07529,80.346865,14500,2026-06-05 08:23:00,SYNDICATE_HUB,8
WTH_01485,TXN_00718,ATM_090,13.07529,80.346865,3500,2026-06-05 08:35:00,SYNDICATE_HUB,8
WTH_05663,TXN_02761,ATM_043,28.09283,76.984965,6000,2026-06-05 09:01:00,VICTIM_CITY,9
WTH_01486,TXN_00719,ATM_077,17.363239,78.494132,1500,2026-06-05 09:02:00,SYNDICATE_HUB,9
WTH_05477,TXN_02673,ATM_076,17.393016,78.497786,15000,2026-06-05 09:02:00,SYNDICATE_HUB,9
WTH_01487,TXN_00719,ATM_077,17.363239,78.494132,8000,2026-06-05 09:05:00,SYNDICATE_HUB,9
WTH_05664,TXN_02761,ATM_043,28.09283,76.984965,10000,2026-06-05 09:05:00,VICTIM_CITY,9
WTH_04713,TXN_02302,ATM_003,28.45388,77.020981,15000,2026-06-05 09:13:00,VICTIM_CITY,9
WTH_00412,TXN_00200,ATM_051,28.080693,76.986587,13500,2026-06-05 09:14:00,SYNDICATE_HUB,9
WTH_01488,TXN_00719,ATM_077,17.363239,78.494132,15000,2026-06-05 09:16:00,SYNDICATE_HUB,9
WTH_04714,TXN_02302,ATM_003,28.45388,77.020981,15000,2026-06-05 09:16:00,VICTIM_CITY,9
WTH_04319,TXN_02106,ATM_080,17.346878,78.50771,12500,2026-06-05 09:19:00,SYNDICATE_HUB,9
WTH_04320,TXN_02106,ATM_080,17.346878,78.50771,4500,2026-06-05 09:24:00,SYNDICATE_HUB,9
WTH_01540,TXN_00748,ATM_083,17.415828,78.499909,15000,2026-06-05 09:35:00,SYNDICATE_HUB,9
WTH_04715,TXN_02302,ATM_003,28.45388,77.020981,15000,2026-06-05 09:37:00,VICTIM_CITY,9
WTH_01542,TXN_00749,ATM_087,13.080541,80.280252,15000,2026-06-05 09:44:00,SYNDICATE_HUB,9
WTH_01541,TXN_00748,ATM_083,17.415828,78.499909,15000,2026-06-05 09:46:00,SYNDICATE_HUB,9
WTH_01543,TXN_00749,ATM_087,13.080541,80.280252,15000,2026-06-05 09:51:00,SYNDICATE_HUB,9
WTH_00414,TXN_00202,ATM_032,23.944799,86.783761,3500,2026-06-05 10:25:00,SYNDICATE_HUB,10
WTH_00415,TXN_00202,ATM_032,23.944799,86.783761,15000,2026-06-05 10:29:00,SYNDICATE_HUB,10
WTH_05665,TXN_02762,ATM_090,13.07529,80.346865,13000,2026-06-05 10:33:00,SYNDICATE_HUB,10
WTH_04716,TXN_02303,ATM_109,13.123335,78.128711,13000,2026-06-05 10:38:00,SYNDICATE_HUB,10
WTH_05666,TXN_02762,ATM_090,13.07529,80.346865,15000,2026-06-05 10:39:00,SYNDICATE_HUB,10
WTH_01490,TXN_00721,ATM_072,17.333561,78.492608,15000,2026-06-05 10:45:00,VICTIM_CITY,10
WTH_05478,TXN_02674,ATM_118,14.485479,79.999178,15000,2026-06-05 10:47:00,VICTIM_CITY,10
WTH_01489,TXN_00720,ATM_085,17.377148,78.46258,15000,2026-06-05 10:54:00,VICTIM_CITY,10
WTH_01491,TXN_00721,ATM_072,17.333561,78.492608,13000,2026-06-05 10:56:00,VICTIM_CITY,10
WTH_05479,TXN_02674,ATM_118,14.485479,79.999178,3000,2026-06-05 10:57:00,VICTIM_CITY,10
WTH_01544,TXN_00750,ATM_095,13.05899,80.228284,15000,2026-06-05 11:00:00,SYNDICATE_HUB,11
WTH_01492,TXN_00721,ATM_072,17.333561,78.492608,15000,2026-06-05 11:01:00,VICTIM_CITY,11
WTH_00413,TXN_00201,ATM_084,17.411306,78.547397,9000,2026-06-05 11:11:00,SYNDICATE_HUB,11
WTH_00416,TXN_00203,ATM_004,28.497401,77.045018,14000,2026-06-05 11:23:00,SYNDICATE_HUB,11
WTH_01493,TXN_00722,ATM_085,17.377148,78.46258,7000,2026-06-05 11:40:00,SYNDICATE_HUB,11
WTH_01494,TXN_00722,ATM_085,17.377148,78.46258,15000,2026-06-05 11:51:00,SYNDICATE_HUB,11
WTH_01496,TXN_00723,ATM_046,28.110942,77.014373,14000,2026-06-05 11:51:00,SYNDICATE_HUB,11
WTH_01495,TXN_00722,ATM_085,17.377148,78.46258,15000,2026-06-05 12:04:00,SYNDICATE_HUB,12
WTH_01497,TXN_00724,ATM_083,17.415828,78.499909,10000,2026-06-05 12:08:00,SYNDICATE_HUB,12
WTH_05667,TXN_02763,ATM_017,28.535176,77.365615,15000,2026-06-05 13:20:00,SYNDICATE_HUB,13
WTH_01545,TXN_00751,ATM_067,12.937606,77.609755,15000,2026-06-05 13:24:00,SYNDICATE_HUB,13
WTH_05668,TXN_02763,ATM_017,28.535176,77.365615,15000,2026-06-05 13:31:00,SYNDICATE_HUB,13
WTH_01546,TXN_00751,ATM_067,12.937606,77.609755,15000,2026-06-05 13:33:00,SYNDICATE_HUB,13
WTH_01547,TXN_00751,ATM_067,12.937606,77.609755,15000,2026-06-05 13:44:00,SYNDICATE_HUB,13
WTH_01548,TXN_00752,ATM_071,17.392279,78.528529,15000,2026-06-05 13:55:00,SYNDICATE_HUB,13
WTH_01498,TXN_00725,ATM_006,28.448378,77.015422,11000,2026-06-05 14:57:00,SYNDICATE_HUB,14
WTH_01499,TXN_00726,ATM_081,17.35381,78.511887,15000,2026-06-05 15:44:00,VICTIM_CITY,15
WTH_01500,TXN_00726,ATM_081,17.35381,78.511887,15000,2026-06-05 15:49:00,VICTIM_CITY,15
WTH_01501,TXN_00726,ATM_081,17.35381,78.511887,15000,2026-06-05 15:54:00,VICTIM_CITY,15
WTH_01549,TXN_00753,ATM_043,28.09283,76.984965,13500,2026-06-05 16:16:00,SYNDICATE_HUB,16
WTH_01801,TXN_00879,ATM_084,17.411306,78.547397,13500,2026-06-05 17:08:00,SYNDICATE_HUB,17
WTH_01802,TXN_00879,ATM_084,17.411306,78.547397,1500,2026-06-05 17:14:00,SYNDICATE_HUB,17
WTH_01502,TXN_00727,ATM_083,17.415828,78.499909,14500,2026-06-05 17:53:00,SYNDICATE_HUB,17
WTH_01803,TXN_00880,ATM_091,13.100219,80.2467,15000,2026-06-05 18:10:00,SYNDICATE_HUB,18
WTH_01503,TXN_00728,ATM_097,13.088695,80.235819,15000,2026-06-05 18:11:00,SYNDICATE_HUB,18
WTH_01804,TXN_00880,ATM_091,13.100219,80.2467,13500,2026-06-05 18:20:00,SYNDICATE_HUB,18
WTH_01805,TXN_00880,ATM_091,13.100219,80.2467,15000,2026-06-05 18:32:00,SYNDICATE_HUB,18
WTH_01550,TXN_00754,ATM_055,12.979842,77.592218,1000,2026-06-05 18:58:00,SYNDICATE_HUB,18
WTH_01551,TXN_00754,ATM_055,12.979842,77.592218,15000,2026-06-05 19:08:00,SYNDICATE_HUB,19
WTH_01806,TXN_00881,ATM_001,28.471421,77.023282,9500,2026-06-05 20:25:00,SYNDICATE_HUB,20
WTH_01552,TXN_00755,ATM_030,28.54345,77.414413,14500,2026-06-05 20:45:00,SYNDICATE_HUB,20
WTH_04490,TXN_02186,ATM_113,14.433161,80.008279,9000,2026-06-05 20:49:00,SYNDICATE_HUB,20
WTH_00060,TXN_00029,ATM_107,13.150964,78.142922,5000,2026-06-05 22:23:00,SYNDICATE_HUB,22
WTH_00061,TXN_00029,ATM_107,13.150964,78.142922,15000,2026-06-05 22:32:00,SYNDICATE_HUB,22
WTH_00759,TXN_00364,ATM_072,17.333561,78.492608,8500,2026-06-05 22:41:00,SYNDICATE_HUB,22
WTH_01553,TXN_00756,ATM_145,11.023544,76.940855,15000,2026-06-05 23:05:00,VICTIM_CITY,23
WTH_01554,TXN_00756,ATM_145,11.023544,76.940855,15000,2026-06-05 23:13:00,VICTIM_CITY,23
WTH_05232,TXN_02557,ATM_036,23.968282,86.827509,1000,2026-06-05 23:18:00,VICTIM_CITY,23
WTH_01807,TXN_00882,ATM_062,13.016489,77.549741,15000,2026-06-05 23:19:00,SYNDICATE_HUB,23
WTH_05233,TXN_02557,ATM_036,23.968282,86.827509,15000,2026-06-05 23:21:00,VICTIM_CITY,23
WTH_01555,TXN_00756,ATM_145,11.023544,76.940855,15000,2026-06-05 23:25:00,VICTIM_CITY,23
WTH_01808,TXN_00882,ATM_062,13.016489,77.549741,13000,2026-06-05 23:28:00,SYNDICATE_HUB,23
WTH_04491,TXN_02187,ATM_054,28.146724,76.998492,14000,2026-06-05 23:29:00,SYNDICATE_HUB,23
WTH_05234,TXN_02557,ATM_036,23.968282,86.827509,15000,2026-06-05 23:30:00,VICTIM_CITY,23
WTH_01809,TXN_00883,ATM_017,28.535176,77.365615,8500,2026-06-05 23:38:00,SYNDICATE_HUB,23
WTH_01810,TXN_00883,ATM_017,28.535176,77.365615,11500,2026-06-05 23:41:00,SYNDICATE_HUB,23
WTH_02395,TXN_01171,ATM_124,19.058902,72.85418,8500,2026-06-06 00:24:00,VICTIM_CITY,0
WTH_04492,TXN_02188,ATM_014,28.431876,77.035617,9000,2026-06-06 00:30:00,VICTIM_CITY,0
WTH_02396,TXN_01172,ATM_121,19.047469,72.873569,5000,2026-06-06 01:17:00,VICTIM_CITY,1
WTH_02397,TXN_01172,ATM_121,19.047469,72.873569,3000,2026-06-06 01:24:00,VICTIM_CITY,1
WTH_02398,TXN_01172,ATM_121,19.047469,72.873569,15000,2026-06-06 01:33:00,VICTIM_CITY,1
WTH_05235,TXN_02558,ATM_007,28.465307,76.980681,15000,2026-06-06 01:41:00,SYNDICATE_HUB,1
WTH_05236,TXN_02558,ATM_007,28.465307,76.980681,15000,2026-06-06 01:46:00,SYNDICATE_HUB,1
WTH_05237,TXN_02558,ATM_007,28.465307,76.980681,7000,2026-06-06 02:01:00,SYNDICATE_HUB,2
WTH_00067,TXN_00032,ATM_079,17.444705,78.501863,14500,2026-06-06 02:02:00,SYNDICATE_HUB,2
WTH_00064,TXN_00031,ATM_111,14.488893,79.949155,15000,2026-06-06 02:04:00,SYNDICATE_HUB,2
WTH_00760,TXN_00365,ATM_138,22.545118,88.376839,15000,2026-06-06 02:04:00,VICTIM_CITY,2
WTH_00761,TXN_00365,ATM_138,22.545118,88.376839,5500,2026-06-06 02:07:00,VICTIM_CITY,2
WTH_00062,TXN_00030,ATM_010,28.437707,76.992705,5000,2026-06-06 02:08:00,SYNDICATE_HUB,2
WTH_00065,TXN_00031,ATM_111,14.488893,79.949155,6000,2026-06-06 02:11:00,SYNDICATE_HUB,2
WTH_00063,TXN_00030,ATM_010,28.437707,76.992705,12000,2026-06-06 02:17:00,SYNDICATE_HUB,2
WTH_01811,TXN_00884,ATM_029,28.515359,77.383579,1500,2026-06-06 02:17:00,SYNDICATE_HUB,2
WTH_00762,TXN_00365,ATM_138,22.545118,88.376839,14500,2026-06-06 02:18:00,VICTIM_CITY,2
WTH_00066,TXN_00031,ATM_111,14.488893,79.949155,4000,2026-06-06 02:20:00,SYNDICATE_HUB,2
WTH_00763,TXN_00366,ATM_016,28.521059,77.435455,15000,2026-06-06 02:21:00,SYNDICATE_HUB,2
WTH_03501,TXN_01705,ATM_094,13.095951,80.268661,14500,2026-06-06 02:22:00,SYNDICATE_HUB,2
WTH_01812,TXN_00884,ATM_029,28.515359,77.383579,6500,2026-06-06 02:23:00,SYNDICATE_HUB,2
WTH_01813,TXN_00884,ATM_029,28.515359,77.383579,15000,2026-06-06 02:25:00,SYNDICATE_HUB,2
WTH_05240,TXN_02560,ATM_036,23.968282,86.827509,9000,2026-06-06 02:28:00,VICTIM_CITY,2
WTH_00764,TXN_00366,ATM_016,28.521059,77.435455,11000,2026-06-06 02:32:00,SYNDICATE_HUB,2
WTH_05238,TXN_02559,ATM_091,13.100219,80.2467,15000,2026-06-06 02:32:00,SYNDICATE_HUB,2
WTH_05239,TXN_02559,ATM_091,13.100219,80.2467,3000,2026-06-06 02:35:00,SYNDICATE_HUB,2
WTH_05241,TXN_02560,ATM_036,23.968282,86.827509,6000,2026-06-06 02:36:00,VICTIM_CITY,2
WTH_00068,TXN_00033,ATM_065,12.974789,77.578489,15000,2026-06-06 03:08:00,SYNDICATE_HUB,3
WTH_00069,TXN_00033,ATM_065,12.974789,77.578489,15000,2026-06-06 03:13:00,SYNDICATE_HUB,3
WTH_03502,TXN_01706,ATM_094,13.095951,80.268661,14000,2026-06-06 03:24:00,SYNDICATE_HUB,3
WTH_00070,TXN_00033,ATM_065,12.974789,77.578489,4000,2026-06-06 03:26:00,SYNDICATE_HUB,3
WTH_01814,TXN_00885,ATM_088,13.090447,80.293861,15000,2026-06-06 03:31:00,SYNDICATE_HUB,3
WTH_01815,TXN_00885,ATM_088,13.090447,80.293861,15000,2026-06-06 03:35:00,SYNDICATE_HUB,3
WTH_01817,TXN_00887,ATM_090,13.07529,80.346865,15000,2026-06-06 04:10:00,SYNDICATE_HUB,4
WTH_01816,TXN_00886,ATM_002,28.475045,77.063153,9000,2026-06-06 04:13:00,SYNDICATE_HUB,4
WTH_01818,TXN_00887,ATM_090,13.07529,80.346865,4500,2026-06-06 04:20:00,SYNDICATE_HUB,4
WTH_03033,TXN_01479,ATM_007,28.465307,76.980681,10500,2026-06-06 04:49:00,SYNDICATE_HUB,4
WTH_00071,TXN_00034,ATM_060,13.00817,77.618662,3000,2026-06-06 04:57:00,SYNDICATE_HUB,4
WTH_00072,TXN_00034,ATM_060,13.00817,77.618662,15000,2026-06-06 05:00:00,SYNDICATE_HUB,5
WTH_03034,TXN_01480,ATM_029,28.515359,77.383579,6500,2026-06-06 05:10:00,SYNDICATE_HUB,5
WTH_00073,TXN_00034,ATM_060,13.00817,77.618662,4500,2026-06-06 05:11:00,SYNDICATE_HUB,5
WTH_03035,TXN_01480,ATM_029,28.515359,77.383579,15000,2026-06-06 05:14:00,SYNDICATE_HUB,5
WTH_00765,TXN_00367,ATM_087,13.080541,80.280252,15000,2026-06-06 05:40:00,SYNDICATE_HUB,5
WTH_00766,TXN_00367,ATM_087,13.080541,80.280252,15000,2026-06-06 05:45:00,SYNDICATE_HUB,5
WTH_05242,TXN_02561,ATM_111,14.488893,79.949155,9500,2026-06-06 05:56:00,SYNDICATE_HUB,5
WTH_03503,TXN_01707,ATM_115,14.428294,80.000092,15000,2026-06-06 06:54:00,SYNDICATE_HUB,6
WTH_03504,TXN_01707,ATM_115,14.428294,80.000092,15000,2026-06-06 07:01:00,SYNDICATE_HUB,7
WTH_05203,TXN_02544,ATM_028,28.560244,77.413351,6500,2026-06-06 07:05:00,SYNDICATE_HUB,7
WTH_05204,TXN_02544,ATM_028,28.560244,77.413351,15000,2026-06-06 07:17:00,SYNDICATE_HUB,7
WTH_03505,TXN_01707,ATM_115,14.428294,80.000092,5500,2026-06-06 07:18:00,SYNDICATE_HUB,7
WTH_05205,TXN_02544,ATM_028,28.560244,77.413351,15000,2026-06-06 07:25:00,SYNDICATE_HUB,7
WTH_05243,TXN_02562,ATM_111,14.488893,79.949155,4500,2026-06-06 07:37:00,SYNDICATE_HUB,7
WTH_05445,TXN_02657,ATM_034,23.961348,86.818957,13500,2026-06-06 07:38:00,SYNDICATE_HUB,7
WTH_05244,TXN_02562,ATM_111,14.488893,79.949155,13000,2026-06-06 07:41:00,SYNDICATE_HUB,7
WTH_05245,TXN_02562,ATM_111,14.488893,79.949155,15000,2026-06-06 07:53:00,SYNDICATE_HUB,7
WTH_03036,TXN_01481,ATM_053,28.105774,77.003081,15000,2026-06-06 07:58:00,VICTIM_CITY,7
WTH_03037,TXN_01481,ATM_053,28.105774,77.003081,7500,2026-06-06 08:09:00,VICTIM_CITY,8
WTH_03038,TXN_01481,ATM_053,28.105774,77.003081,12500,2026-06-06 08:16:00,VICTIM_CITY,8
WTH_00767,TXN_00368,ATM_049,28.114922,77.000221,15000,2026-06-06 08:22:00,SYNDICATE_HUB,8
WTH_00074,TXN_00035,ATM_009,28.435192,77.034142,15000,2026-06-06 08:24:00,VICTIM_CITY,8
WTH_00075,TXN_00035,ATM_009,28.435192,77.034142,14500,2026-06-06 08:28:00,VICTIM_CITY,8
WTH_00076,TXN_00036,ATM_015,28.445085,77.019599,3500,2026-06-06 08:48:00,VICTIM_CITY,8
WTH_05206,TXN_02545,ATM_119,14.402097,79.990229,4000,2026-06-06 08:52:00,VICTIM_CITY,8
WTH_00077,TXN_00036,ATM_015,28.445085,77.019599,15000,2026-06-06 08:55:00,VICTIM_CITY,8
WTH_05207,TXN_02545,ATM_119,14.402097,79.990229,15000,2026-06-06 09:01:00,VICTIM_CITY,9
WTH_05446,TXN_02658,ATM_068,12.942178,77.644198,13000,2026-06-06 09:24:00,VICTIM_CITY,9
WTH_03506,TXN_01708,ATM_039,23.963893,86.798116,1000,2026-06-06 09:40:00,VICTIM_CITY,9
WTH_03507,TXN_01708,ATM_039,23.963893,86.798116,15000,2026-06-06 09:43:00,VICTIM_CITY,9
WTH_03039,TXN_01482,ATM_052,28.102146,76.978954,15000,2026-06-06 09:47:00,SYNDICATE_HUB,9
WTH_03508,TXN_01708,ATM_039,23.963893,86.798116,15000,2026-06-06 09:50:00,VICTIM_CITY,9
WTH_05246,TXN_02563,ATM_034,23.961348,86.818957,14000,2026-06-06 09:57:00,VICTIM_CITY,9
WTH_05247,TXN_02563,ATM_034,23.961348,86.818957,10500,2026-06-06 10:07:00,VICTIM_CITY,10
WTH_05447,TXN_02659,ATM_037,23.961927,86.827934,1000,2026-06-06 10:19:00,SYNDICATE_HUB,10
WTH_05448,TXN_02659,ATM_037,23.961927,86.827934,15000,2026-06-06 10:24:00,SYNDICATE_HUB,10
WTH_05449,TXN_02660,ATM_049,28.114922,77.000221,15000,2026-06-06 10:59:00,SYNDICATE_HUB,10
WTH_00078,TXN_00037,ATM_058,12.965444,77.60425,15000,2026-06-06 11:01:00,SYNDICATE_HUB,11
WTH_03509,TXN_01709,ATM_040,23.963968,86.771099,2500,2026-06-06 11:03:00,VICTIM_CITY,11
WTH_00080,TXN_00037,ATM_058,12.965444,77.60425,7500,2026-06-06 11:07:00,SYNDICATE_HUB,11
WTH_05450,TXN_02660,ATM_049,28.114922,77.000221,15000,2026-06-06 11:10:00,SYNDICATE_HUB,11
WTH_00079,TXN_00037,ATM_058,12.965444,77.60425,15000,2026-06-06 11:11:00,SYNDICATE_HUB,11
WTH_03510,TXN_01709,ATM_040,23.963968,86.771099,15000,2026-06-06 11:13:00,VICTIM_CITY,11
WTH_03511,TXN_01709,ATM_040,23.963968,86.771099,13500,2026-06-06 11:19:00,VICTIM_CITY,11
WTH_03041,TXN_01484,ATM_050,28.109102,76.990308,15000,2026-06-06 11:43:00,VICTIM_CITY,11
WTH_03042,TXN_01484,ATM_050,28.109102,76.990308,15000,2026-06-06 11:49:00,VICTIM_CITY,11
WTH_03040,TXN_01483,ATM_011,28.494676,77.021181,12500,2026-06-06 12:20:00,SYNDICATE_HUB,12
WTH_05248,TXN_02564,ATM_090,13.07529,80.346865,15000,2026-06-06 12:45:00,SYNDICATE_HUB,12
WTH_05249,TXN_02564,ATM_090,13.07529,80.346865,15000,2026-06-06 12:53:00,SYNDICATE_HUB,12
WTH_03512,TXN_01710,ATM_052,28.102146,76.978954,15000,2026-06-06 13:29:00,SYNDICATE_HUB,13
WTH_05454,TXN_02662,ATM_088,13.090447,80.293861,3500,2026-06-06 13:40:00,SYNDICATE_HUB,13
WTH_05455,TXN_02662,ATM_088,13.090447,80.293861,14500,2026-06-06 13:43:00,SYNDICATE_HUB,13
WTH_05456,TXN_02662,ATM_088,13.090447,80.293861,15000,2026-06-06 13:54:00,SYNDICATE_HUB,13
WTH_03043,TXN_01485,ATM_058,12.965444,77.60425,9500,2026-06-06 14:00:00,SYNDICATE_HUB,14
WTH_05451,TXN_02661,ATM_041,23.958985,86.808614,7500,2026-06-06 14:11:00,SYNDICATE_HUB,14
WTH_03044,TXN_01486,ATM_050,28.109102,76.990308,15000,2026-06-06 14:17:00,VICTIM_CITY,14
WTH_05453,TXN_02661,ATM_041,23.958985,86.808614,15000,2026-06-06 14:21:00,SYNDICATE_HUB,14
WTH_05452,TXN_02661,ATM_041,23.958985,86.808614,9000,2026-06-06 14:22:00,SYNDICATE_HUB,14
WTH_05250,TXN_02565,ATM_051,28.080693,76.986587,8500,2026-06-06 14:50:00,SYNDICATE_HUB,14
WTH_05251,TXN_02566,ATM_041,23.958985,86.808614,15000,2026-06-06 15:35:00,SYNDICATE_HUB,15
WTH_05252,TXN_02566,ATM_041,23.958985,86.808614,7000,2026-06-06 15:46:00,SYNDICATE_HUB,15
WTH_03045,TXN_01487,ATM_048,28.101158,76.96573,15000,2026-06-06 16:21:00,VICTIM_CITY,16
WTH_03047,TXN_01488,ATM_064,12.939903,77.576478,15000,2026-06-06 16:22:00,SYNDICATE_HUB,16
WTH_03046,TXN_01487,ATM_048,28.101158,76.96573,15000,2026-06-06 16:29:00,VICTIM_CITY,16
WTH_03048,TXN_01488,ATM_064,12.939903,77.576478,2000,2026-06-06 16:30:00,SYNDICATE_HUB,16
WTH_04845,TXN_02368,ATM_053,28.105774,77.003081,9500,2026-06-06 17:44:00,SYNDICATE_HUB,17
WTH_01660,TXN_00814,ATM_087,13.080541,80.280252,9500,2026-06-06 17:49:00,VICTIM_CITY,17
WTH_04846,TXN_02368,ATM_053,28.105774,77.003081,15000,2026-06-06 17:53:00,SYNDICATE_HUB,17
WTH_01661,TXN_00815,ATM_099,13.057952,80.275004,15000,2026-06-06 20:02:00,VICTIM_CITY,20
WTH_01662,TXN_00815,ATM_099,13.057952,80.275004,15000,2026-06-06 20:08:00,VICTIM_CITY,20
WTH_01663,TXN_00816,ATM_098,13.087549,80.281489,15000,2026-06-06 20:40:00,VICTIM_CITY,20
WTH_01664,TXN_00816,ATM_098,13.087549,80.281489,13500,2026-06-06 20:43:00,VICTIM_CITY,20
WTH_01665,TXN_00816,ATM_098,13.087549,80.281489,8000,2026-06-06 20:58:00,VICTIM_CITY,20
WTH_02482,TXN_01212,ATM_116,14.427993,79.990829,9000,2026-06-06 21:11:00,VICTIM_CITY,21
WTH_01666,TXN_00817,ATM_039,23.963893,86.798116,15000,2026-06-06 21:51:00,SYNDICATE_HUB,21
WTH_01667,TXN_00817,ATM_039,23.963893,86.798116,1000,2026-06-06 22:01:00,SYNDICATE_HUB,22
WTH_01668,TXN_00817,ATM_039,23.963893,86.798116,13000,2026-06-06 22:11:00,SYNDICATE_HUB,22
WTH_04268,TXN_02084,ATM_072,17.333561,78.492608,3500,2026-06-06 22:14:00,SYNDICATE_HUB,22
WTH_04269,TXN_02084,ATM_072,17.333561,78.492608,15000,2026-06-06 22:21:00,SYNDICATE_HUB,22
WTH_01669,TXN_00818,ATM_093,13.076443,80.290692,8500,2026-06-06 22:24:00,VICTIM_CITY,22
WTH_04266,TXN_02083,ATM_019,28.540513,77.343968,8000,2026-06-06 22:28:00,VICTIM_CITY,22
WTH_04270,TXN_02085,ATM_104,13.143941,78.140721,2000,2026-06-06 22:29:00,SYNDICATE_HUB,22
WTH_01670,TXN_00818,ATM_093,13.076443,80.290692,12500,2026-06-06 22:30:00,VICTIM_CITY,22
WTH_04267,TXN_02083,ATM_019,28.540513,77.343968,10500,2026-06-06 22:33:00,VICTIM_CITY,22
WTH_04272,TXN_02085,ATM_104,13.143941,78.140721,15000,2026-06-06 22:37:00,SYNDICATE_HUB,22
WTH_04271,TXN_02085,ATM_104,13.143941,78.140721,15000,2026-06-06 22:40:00,SYNDICATE_HUB,22
WTH_04273,TXN_02086,ATM_094,13.095951,80.268661,15000,2026-06-06 22:52:00,SYNDICATE_HUB,22
WTH_02483,TXN_01213,ATM_113,14.433161,80.008279,15000,2026-06-07 00:04:00,VICTIM_CITY,0
WTH_02484,TXN_01213,ATM_113,14.433161,80.008279,15000,2026-06-07 00:11:00,VICTIM_CITY,0
WTH_04274,TXN_02087,ATM_003,28.45388,77.020981,2000,2026-06-07 00:51:00,SYNDICATE_HUB,0
WTH_04275,TXN_02087,ATM_003,28.45388,77.020981,15000,2026-06-07 00:56:00,SYNDICATE_HUB,0
WTH_01671,TXN_00819,ATM_091,13.100219,80.2467,2500,2026-06-07 00:57:00,VICTIM_CITY,0
WTH_01673,TXN_00819,ATM_091,13.100219,80.2467,15000,2026-06-07 01:03:00,VICTIM_CITY,1
WTH_04276,TXN_02087,ATM_003,28.45388,77.020981,15000,2026-06-07 01:07:00,SYNDICATE_HUB,1
WTH_01672,TXN_00819,ATM_091,13.100219,80.2467,12500,2026-06-07 01:09:00,VICTIM_CITY,1
WTH_04515,TXN_02201,ATM_056,12.910199,77.593752,10000,2026-06-07 02:21:00,SYNDICATE_HUB,2
WTH_01677,TXN_00821,ATM_098,13.087549,80.281489,15000,2026-06-07 02:24:00,VICTIM_CITY,2
WTH_01674,TXN_00820,ATM_093,13.076443,80.290692,3500,2026-06-07 02:34:00,VICTIM_CITY,2
WTH_01675,TXN_00820,ATM_093,13.076443,80.290692,15000,2026-06-07 02:45:00,VICTIM_CITY,2
WTH_01678,TXN_00822,ATM_027,28.519254,77.40568,15000,2026-06-07 02:51:00,SYNDICATE_HUB,2
WTH_01679,TXN_00822,ATM_027,28.519254,77.40568,15000,2026-06-07 02:55:00,SYNDICATE_HUB,2
WTH_01676,TXN_00820,ATM_093,13.076443,80.290692,15000,2026-06-07 02:56:00,VICTIM_CITY,2
WTH_01680,TXN_00822,ATM_027,28.519254,77.40568,15000,2026-06-07 02:59:00,SYNDICATE_HUB,2
WTH_01681,TXN_00823,ATM_076,17.393016,78.497786,10000,2026-06-07 03:03:00,SYNDICATE_HUB,3
WTH_01682,TXN_00823,ATM_076,17.393016,78.497786,7500,2026-06-07 03:15:00,SYNDICATE_HUB,3
WTH_02488,TXN_01215,ATM_105,13.143941,78.194144,10500,2026-06-07 04:05:00,SYNDICATE_HUB,4
WTH_04516,TXN_02202,ATM_101,13.141425,78.141473,14000,2026-06-07 04:05:00,SYNDICATE_HUB,4
WTH_02485,TXN_01214,ATM_008,28.418102,77.013105,9000,2026-06-07 04:07:00,SYNDICATE_HUB,4
WTH_02486,TXN_01214,ATM_008,28.418102,77.013105,15000,2026-06-07 04:14:00,SYNDICATE_HUB,4
WTH_02487,TXN_01214,ATM_008,28.418102,77.013105,9500,2026-06-07 04:19:00,SYNDICATE_HUB,4
WTH_01683,TXN_00824,ATM_045,28.098405,77.005265,8500,2026-06-07 04:57:00,SYNDICATE_HUB,4
WTH_01686,TXN_00825,ATM_079,17.444705,78.501863,10000,2026-06-07 04:59:00,SYNDICATE_HUB,4
WTH_01684,TXN_00824,ATM_045,28.098405,77.005265,13000,2026-06-07 05:02:00,SYNDICATE_HUB,5
WTH_01685,TXN_00824,ATM_045,28.098405,77.005265,15000,2026-06-07 05:07:00,SYNDICATE_HUB,5
WTH_01687,TXN_00825,ATM_079,17.444705,78.501863,12500,2026-06-07 05:07:00,SYNDICATE_HUB,5
WTH_04003,TXN_01951,ATM_003,28.45388,77.020981,6000,2026-06-07 05:29:00,SYNDICATE_HUB,5
WTH_04004,TXN_01951,ATM_003,28.45388,77.020981,12000,2026-06-07 05:41:00,SYNDICATE_HUB,5
WTH_04517,TXN_02203,ATM_088,13.090447,80.293861,2000,2026-06-07 05:43:00,VICTIM_CITY,5
WTH_04518,TXN_02203,ATM_088,13.090447,80.293861,13000,2026-06-07 05:50:00,VICTIM_CITY,5
WTH_04519,TXN_02203,ATM_088,13.090447,80.293861,15000,2026-06-07 05:51:00,VICTIM_CITY,5
WTH_03227,TXN_01573,ATM_094,13.095951,80.268661,15000,2026-06-07 07:48:00,VICTIM_CITY,7
WTH_04008,TXN_01953,ATM_112,14.456325,79.954246,12500,2026-06-07 07:56:00,SYNDICATE_HUB,7
WTH_03228,TXN_01573,ATM_094,13.095951,80.268661,12500,2026-06-07 07:59:00,VICTIM_CITY,7
WTH_04005,TXN_01952,ATM_016,28.521059,77.435455,15000,2026-06-07 07:59:00,SYNDICATE_HUB,7
WTH_04006,TXN_01952,ATM_016,28.521059,77.435455,11000,2026-06-07 08:03:00,SYNDICATE_HUB,8
WTH_03229,TXN_01573,ATM_094,13.095951,80.268661,7500,2026-06-07 08:08:00,VICTIM_CITY,8
WTH_04007,TXN_01952,ATM_016,28.521059,77.435455,15000,2026-06-07 08:19:00,SYNDICATE_HUB,8
WTH_04520,TXN_02204,ATM_044,28.127308,77.001575,2000,2026-06-07 08:24:00,SYNDICATE_HUB,8
WTH_04521,TXN_02204,ATM_044,28.127308,77.001575,13500,2026-06-07 08:32:00,SYNDICATE_HUB,8
WTH_04522,TXN_02205,ATM_093,13.076443,80.290692,15000,2026-06-07 08:41:00,VICTIM_CITY,8
WTH_04523,TXN_02205,ATM_093,13.076443,80.290692,5500,2026-06-07 08:50:00,VICTIM_CITY,8
WTH_04524,TXN_02205,ATM_093,13.076443,80.290692,1000,2026-06-07 08:57:00,VICTIM_CITY,8
WTH_03230,TXN_01574,ATM_037,23.961927,86.827934,15000,2026-06-07 08:58:00,SYNDICATE_HUB,8
WTH_03231,TXN_01574,ATM_037,23.961927,86.827934,1000,2026-06-07 09:09:00,SYNDICATE_HUB,9
WTH_03232,TXN_01574,ATM_037,23.961927,86.827934,9500,2026-06-07 09:10:00,SYNDICATE_HUB,9
WTH_04009,TXN_01954,ATM_089,13.083064,80.311399,10500,2026-06-07 11:08:00,VICTIM_CITY,11
WTH_04010,TXN_01955,ATM_074,17.345418,78.444445,1000,2026-06-07 13:47:00,SYNDICATE_HUB,13
WTH_04011,TXN_01955,ATM_074,17.345418,78.444445,15000,2026-06-07 13:59:00,SYNDICATE_HUB,13
WTH_04012,TXN_01956,ATM_088,13.090447,80.293861,10000,2026-06-07 14:02:00,VICTIM_CITY,14
WTH_05717,TXN_02787,ATM_003,28.45388,77.020981,15000,2026-06-07 21:45:00,SYNDICATE_HUB,21
WTH_05719,TXN_02787,ATM_003,28.45388,77.020981,12500,2026-06-07 21:53:00,SYNDICATE_HUB,21
WTH_05718,TXN_02787,ATM_003,28.45388,77.020981,1500,2026-06-07 21:54:00,SYNDICATE_HUB,21
WTH_00638,TXN_00304,ATM_128,19.021303,72.860268,15000,2026-06-07 22:04:00,VICTIM_CITY,22
WTH_00639,TXN_00304,ATM_128,19.021303,72.860268,5000,2026-06-07 22:09:00,VICTIM_CITY,22
WTH_00640,TXN_00304,ATM_128,19.021303,72.860268,15000,2026-06-07 22:18:00,VICTIM_CITY,22
WTH_03915,TXN_01906,ATM_041,23.958985,86.808614,12000,2026-06-07 22:50:00,SYNDICATE_HUB,22
WTH_03916,TXN_01907,ATM_115,14.428294,80.000092,15000,2026-06-07 23:18:00,SYNDICATE_HUB,23
WTH_03917,TXN_01907,ATM_115,14.428294,80.000092,15000,2026-06-07 23:21:00,SYNDICATE_HUB,23
WTH_00641,TXN_00305,ATM_098,13.087549,80.281489,15000,2026-06-07 23:35:00,SYNDICATE_HUB,23
WTH_00642,TXN_00305,ATM_098,13.087549,80.281489,10000,2026-06-07 23:39:00,SYNDICATE_HUB,23
WTH_05720,TXN_02788,ATM_011,28.494676,77.021181,13500,2026-06-07 23:41:00,SYNDICATE_HUB,23
WTH_00643,TXN_00305,ATM_098,13.087549,80.281489,1500,2026-06-07 23:45:00,SYNDICATE_HUB,23
WTH_00054,TXN_00027,ATM_065,12.974789,77.578489,7500,2026-06-08 00:59:00,SYNDICATE_HUB,0
WTH_00055,TXN_00027,ATM_065,12.974789,77.578489,15000,2026-06-08 01:04:00,SYNDICATE_HUB,1
WTH_00056,TXN_00027,ATM_065,12.974789,77.578489,15000,2026-06-08 01:05:00,SYNDICATE_HUB,1
WTH_05721,TXN_02789,ATM_148,9.939768,76.25067,7500,2026-06-08 01:17:00,VICTIM_CITY,1
WTH_05722,TXN_02789,ATM_148,9.939768,76.25067,12000,2026-06-08 01:20:00,VICTIM_CITY,1
WTH_00644,TXN_00306,ATM_036,23.968282,86.827509,1000,2026-06-08 02:07:00,SYNDICATE_HUB,2
WTH_03918,TXN_01908,ATM_084,17.411306,78.547397,12500,2026-06-08 02:08:00,VICTIM_CITY,2
WTH_00646,TXN_00306,ATM_036,23.968282,86.827509,10500,2026-06-08 02:13:00,SYNDICATE_HUB,2
WTH_00645,TXN_00306,ATM_036,23.968282,86.827509,15000,2026-06-08 02:15:00,SYNDICATE_HUB,2
WTH_03919,TXN_01908,ATM_084,17.411306,78.547397,6000,2026-06-08 02:15:00,VICTIM_CITY,2
WTH_00647,TXN_00307,ATM_130,19.091977,72.905587,9000,2026-06-08 02:19:00,VICTIM_CITY,2
WTH_00648,TXN_00307,ATM_130,19.091977,72.905587,15000,2026-06-08 02:31:00,VICTIM_CITY,2
WTH_05723,TXN_02790,ATM_148,9.939768,76.25067,9000,2026-06-08 02:57:00,VICTIM_CITY,2
WTH_05724,TXN_02791,ATM_114,14.443886,79.964945,15000,2026-06-08 04:37:00,SYNDICATE_HUB,4
WTH_00649,TXN_00308,ATM_016,28.521059,77.435455,10000,2026-06-08 05:10:00,SYNDICATE_HUB,5
WTH_04895,TXN_02394,ATM_008,28.418102,77.013105,6000,2026-06-08 07:07:00,SYNDICATE_HUB,7
WTH_04896,TXN_02394,ATM_008,28.418102,77.013105,15000,2026-06-08 07:15:00,SYNDICATE_HUB,7
WTH_04897,TXN_02394,ATM_008,28.418102,77.013105,11500,2026-06-08 07:19:00,SYNDICATE_HUB,7
WTH_00650,TXN_00309,ATM_013,28.446435,77.029262,15000,2026-06-08 07:22:00,SYNDICATE_HUB,7
WTH_00651,TXN_00309,ATM_013,28.446435,77.029262,2000,2026-06-08 07:34:00,SYNDICATE_HUB,7
WTH_05725,TXN_02792,ATM_149,9.95279,76.274675,15000,2026-06-08 07:44:00,VICTIM_CITY,7
WTH_04898,TXN_02395,ATM_074,17.345418,78.444445,15000,2026-06-08 07:56:00,SYNDICATE_HUB,7
WTH_05726,TXN_02792,ATM_149,9.95279,76.274675,15000,2026-06-08 07:56:00,VICTIM_CITY,7
WTH_04899,TXN_02395,ATM_074,17.345418,78.444445,15000,2026-06-08 08:00:00,SYNDICATE_HUB,8
WTH_05727,TXN_02793,ATM_089,13.083064,80.311399,15000,2026-06-08 08:00:00,SYNDICATE_HUB,8
WTH_05728,TXN_02793,ATM_089,13.083064,80.311399,15000,2026-06-08 08:04:00,SYNDICATE_HUB,8
WTH_04900,TXN_02396,ATM_012,28.461121,76.992406,15000,2026-06-08 08:35:00,SYNDICATE_HUB,8
WTH_04901,TXN_02396,ATM_012,28.461121,76.992406,15000,2026-06-08 08:42:00,SYNDICATE_HUB,8
WTH_00652,TXN_00310,ATM_048,28.101158,76.96573,15000,2026-06-08 10:02:00,SYNDICATE_HUB,10
WTH_00653,TXN_00310,ATM_048,28.101158,76.96573,3000,2026-06-08 10:05:00,SYNDICATE_HUB,10
WTH_00654,TXN_00310,ATM_048,28.101158,76.96573,15000,2026-06-08 10:20:00,SYNDICATE_HUB,10
WTH_04902,TXN_02397,ATM_093,13.076443,80.290692,9500,2026-06-08 10:37:00,SYNDICATE_HUB,10
WTH_05729,TXN_02794,ATM_027,28.519254,77.40568,9000,2026-06-08 10:51:00,SYNDICATE_HUB,10
WTH_04903,TXN_02398,ATM_054,28.146724,76.998492,15000,2026-06-08 12:13:00,VICTIM_CITY,12
WTH_04904,TXN_02398,ATM_054,28.146724,76.998492,15000,2026-06-08 12:18:00,VICTIM_CITY,12
WTH_00655,TXN_00311,ATM_072,17.333561,78.492608,15000,2026-06-08 12:19:00,SYNDICATE_HUB,12
WTH_00656,TXN_00311,ATM_072,17.333561,78.492608,15000,2026-06-08 12:31:00,SYNDICATE_HUB,12
WTH_00657,TXN_00311,ATM_072,17.333561,78.492608,15000,2026-06-08 12:39:00,SYNDICATE_HUB,12
WTH_05730,TXN_02795,ATM_082,17.422075,78.460438,1500,2026-06-08 12:39:00,SYNDICATE_HUB,12
WTH_05731,TXN_02795,ATM_082,17.422075,78.460438,15000,2026-06-08 12:44:00,SYNDICATE_HUB,12
WTH_04905,TXN_02399,ATM_055,12.979842,77.592218,15000,2026-06-08 13:57:00,SYNDICATE_HUB,13
WTH_04906,TXN_02399,ATM_055,12.979842,77.592218,15000,2026-06-08 14:00:00,SYNDICATE_HUB,14
WTH_00658,TXN_00312,ATM_132,18.959314,72.840822,8000,2026-06-08 15:43:00,VICTIM_CITY,15
WTH_00659,TXN_00313,ATM_026,28.543278,77.381758,13500,2026-06-08 16:27:00,SYNDICATE_HUB,16
WTH_00660,TXN_00313,ATM_026,28.543278,77.381758,7500,2026-06-08 16:39:00,SYNDICATE_HUB,16
WTH_04907,TXN_02400,ATM_109,13.123335,78.128711,12500,2026-06-08 16:42:00,SYNDICATE_HUB,16
WTH_03466,TXN_01687,ATM_058,12.965444,77.60425,15000,2026-06-08 18:57:00,SYNDICATE_HUB,18
WTH_03467,TXN_01687,ATM_058,12.965444,77.60425,15000,2026-06-08 19:03:00,SYNDICATE_HUB,19
WTH_04908,TXN_02401,ATM_034,23.961348,86.818957,15000,2026-06-08 19:08:00,SYNDICATE_HUB,19
WTH_04909,TXN_02401,ATM_034,23.961348,86.818957,15000,2026-06-08 19:15:00,SYNDICATE_HUB,19
WTH_04910,TXN_02401,ATM_034,23.961348,86.818957,1000,2026-06-08 19:20:00,SYNDICATE_HUB,19
WTH_00661,TXN_00314,ATM_066,12.921979,77.596794,9000,2026-06-08 19:38:00,SYNDICATE_HUB,19
WTH_03468,TXN_01688,ATM_079,17.444705,78.501863,9500,2026-06-08 19:49:00,SYNDICATE_HUB,19
WTH_05558,TXN_02714,ATM_074,17.345418,78.444445,13500,2026-06-08 20:42:00,SYNDICATE_HUB,20
WTH_04911,TXN_02402,ATM_074,17.345418,78.444445,4000,2026-06-08 20:49:00,SYNDICATE_HUB,20
WTH_05559,TXN_02714,ATM_074,17.345418,78.444445,15000,2026-06-08 20:53:00,SYNDICATE_HUB,20
WTH_04913,TXN_02402,ATM_074,17.345418,78.444445,15000,2026-06-08 20:55:00,SYNDICATE_HUB,20
WTH_04912,TXN_02402,ATM_074,17.345418,78.444445,4000,2026-06-08 20:56:00,SYNDICATE_HUB,20
WTH_05560,TXN_02714,ATM_074,17.345418,78.444445,2000,2026-06-08 21:04:00,SYNDICATE_HUB,21
WTH_04914,TXN_02403,ATM_046,28.110942,77.014373,15000,2026-06-08 22:34:00,SYNDICATE_HUB,22
WTH_05561,TXN_02715,ATM_033,23.9755,86.8246,12500,2026-06-08 22:42:00,SYNDICATE_HUB,22
WTH_04915,TXN_02403,ATM_046,28.110942,77.014373,15000,2026-06-08 22:46:00,SYNDICATE_HUB,22
WTH_05562,TXN_02715,ATM_033,23.9755,86.8246,15000,2026-06-08 22:52:00,SYNDICATE_HUB,22
WTH_00569,TXN_00274,ATM_039,23.963893,86.798116,15000,2026-06-08 23:13:00,VICTIM_CITY,23
WTH_00570,TXN_00274,ATM_039,23.963893,86.798116,1000,2026-06-08 23:23:00,VICTIM_CITY,23
WTH_02273,TXN_01111,ATM_145,11.023544,76.940855,1500,2026-06-08 23:33:00,VICTIM_CITY,23
WTH_02274,TXN_01111,ATM_145,11.023544,76.940855,15000,2026-06-08 23:40:00,VICTIM_CITY,23
WTH_00571,TXN_00275,ATM_036,23.968282,86.827509,12000,2026-06-09 00:37:00,VICTIM_CITY,0
WTH_00572,TXN_00275,ATM_036,23.968282,86.827509,12500,2026-06-09 00:40:00,VICTIM_CITY,0
WTH_00573,TXN_00275,ATM_036,23.968282,86.827509,10500,2026-06-09 00:49:00,VICTIM_CITY,0
WTH_02275,TXN_01112,ATM_025,28.543747,77.348687,15000,2026-06-09 00:57:00,SYNDICATE_HUB,0
WTH_00750,TXN_00360,ATM_124,19.058902,72.85418,15000,2026-06-09 01:11:00,VICTIM_CITY,1
WTH_00751,TXN_00360,ATM_124,19.058902,72.85418,15000,2026-06-09 01:14:00,VICTIM_CITY,1
WTH_00752,TXN_00360,ATM_124,19.058902,72.85418,8000,2026-06-09 01:23:00,VICTIM_CITY,1
WTH_00574,TXN_00276,ATM_060,13.00817,77.618662,15000,2026-06-09 01:41:00,SYNDICATE_HUB,1
WTH_00575,TXN_00276,ATM_060,13.00817,77.618662,7000,2026-06-09 01:47:00,SYNDICATE_HUB,1
WTH_00576,TXN_00276,ATM_060,13.00817,77.618662,15000,2026-06-09 01:47:00,SYNDICATE_HUB,1
WTH_02276,TXN_01113,ATM_070,12.997633,77.555212,15000,2026-06-09 02:04:00,SYNDICATE_HUB,2
WTH_02277,TXN_01113,ATM_070,12.997633,77.555212,3500,2026-06-09 02:16:00,SYNDICATE_HUB,2
WTH_01504,TXN_00729,ATM_002,28.475045,77.063153,5000,2026-06-09 02:35:00,SYNDICATE_HUB,2
WTH_01505,TXN_00729,ATM_002,28.475045,77.063153,15000,2026-06-09 02:46:00,SYNDICATE_HUB,2
WTH_04969,TXN_02431,ATM_041,23.958985,86.808614,5000,2026-06-09 03:31:00,VICTIM_CITY,3
WTH_00577,TXN_00277,ATM_035,23.968286,86.792578,15000,2026-06-09 03:38:00,VICTIM_CITY,3
WTH_04970,TXN_02431,ATM_041,23.958985,86.808614,15000,2026-06-09 03:42:00,VICTIM_CITY,3
WTH_00580,TXN_00278,ATM_032,23.944799,86.783761,15000,2026-06-09 03:43:00,SYNDICATE_HUB,3
WTH_04971,TXN_02431,ATM_041,23.958985,86.808614,15000,2026-06-09 03:43:00,VICTIM_CITY,3
WTH_00578,TXN_00277,ATM_035,23.968286,86.792578,12500,2026-06-09 03:47:00,VICTIM_CITY,3
WTH_00579,TXN_00277,ATM_035,23.968286,86.792578,15000,2026-06-09 03:50:00,VICTIM_CITY,3
WTH_02278,TXN_01114,ATM_023,28.500015,77.373724,15000,2026-06-09 03:50:00,SYNDICATE_HUB,3
WTH_00581,TXN_00278,ATM_032,23.944799,86.783761,15000,2026-06-09 03:52:00,SYNDICATE_HUB,3
WTH_02279,TXN_01114,ATM_023,28.500015,77.373724,15000,2026-06-09 03:59:00,SYNDICATE_HUB,3
WTH_05108,TXN_02498,ATM_115,14.428294,80.000092,15000,2026-06-09 04:08:00,SYNDICATE_HUB,4
WTH_00756,TXN_00362,ATM_131,19.042631,72.875557,13000,2026-06-09 04:12:00,VICTIM_CITY,4
WTH_00753,TXN_00361,ATM_091,13.100219,80.2467,6500,2026-06-09 04:14:00,SYNDICATE_HUB,4
WTH_05109,TXN_02498,ATM_115,14.428294,80.000092,15000,2026-06-09 04:15:00,SYNDICATE_HUB,4
WTH_00975,TXN_00473,ATM_115,14.428294,80.000092,7500,2026-06-09 04:18:00,SYNDICATE_HUB,4
WTH_00754,TXN_00361,ATM_091,13.100219,80.2467,8000,2026-06-09 04:22:00,SYNDICATE_HUB,4
WTH_00976,TXN_00473,ATM_115,14.428294,80.000092,9500,2026-06-09 04:25:00,SYNDICATE_HUB,4
WTH_00755,TXN_00361,ATM_091,13.100219,80.2467,15000,2026-06-09 04:30:00,SYNDICATE_HUB,4
WTH_00757,TXN_00363,ATM_063,12.990379,77.664695,15000,2026-06-09 04:41:00,SYNDICATE_HUB,4
WTH_00758,TXN_00363,ATM_063,12.990379,77.664695,5000,2026-06-09 04:49:00,SYNDICATE_HUB,4
WTH_00585,TXN_00280,ATM_038,23.920584,86.81605,11500,2026-06-09 05:00:00,SYNDICATE_HUB,5
WTH_01506,TXN_00730,ATM_138,22.545118,88.376839,8000,2026-06-09 05:01:00,VICTIM_CITY,5
WTH_00582,TXN_00279,ATM_032,23.944799,86.783761,9500,2026-06-09 05:03:00,VICTIM_CITY,5
WTH_00977,TXN_00474,ATM_058,12.965444,77.60425,9000,2026-06-09 05:04:00,SYNDICATE_HUB,5
WTH_00586,TXN_00280,ATM_038,23.920584,86.81605,15000,2026-06-09 05:06:00,SYNDICATE_HUB,5
WTH_00587,TXN_00280,ATM_038,23.920584,86.81605,9500,2026-06-09 05:10:00,SYNDICATE_HUB,5
WTH_01507,TXN_00730,ATM_138,22.545118,88.376839,11500,2026-06-09 05:11:00,VICTIM_CITY,5
WTH_00583,TXN_00279,ATM_032,23.944799,86.783761,8500,2026-06-09 05:15:00,VICTIM_CITY,5
WTH_00584,TXN_00279,ATM_032,23.944799,86.783761,15000,2026-06-09 05:21:00,VICTIM_CITY,5
WTH_04972,TXN_02432,ATM_115,14.428294,80.000092,15000,2026-06-09 06:46:00,SYNDICATE_HUB,6
WTH_00978,TXN_00475,ATM_049,28.114922,77.000221,13000,2026-06-09 06:48:00,SYNDICATE_HUB,6
WTH_04973,TXN_02432,ATM_115,14.428294,80.000092,2000,2026-06-09 06:49:00,SYNDICATE_HUB,6
WTH_00941,TXN_00456,ATM_073,17.393316,78.511718,15000,2026-06-09 07:14:00,SYNDICATE_HUB,7
WTH_01508,TXN_00731,ATM_066,12.921979,77.596794,11000,2026-06-09 07:17:00,SYNDICATE_HUB,7
WTH_00942,TXN_00456,ATM_073,17.393316,78.511718,2000,2026-06-09 07:25:00,SYNDICATE_HUB,7
WTH_02280,TXN_01115,ATM_005,28.448233,77.039621,15000,2026-06-09 07:31:00,SYNDICATE_HUB,7
WTH_02281,TXN_01115,ATM_005,28.448233,77.039621,15000,2026-06-09 07:39:00,SYNDICATE_HUB,7
WTH_00588,TXN_00281,ATM_111,14.488893,79.949155,15000,2026-06-09 07:42:00,SYNDICATE_HUB,7
WTH_00589,TXN_00281,ATM_111,14.488893,79.949155,15000,2026-06-09 07:52:00,SYNDICATE_HUB,7
WTH_00590,TXN_00281,ATM_111,14.488893,79.949155,15000,2026-06-09 08:04:00,SYNDICATE_HUB,8
WTH_02282,TXN_01116,ATM_144,11.013157,76.96992,11000,2026-06-09 08:06:00,VICTIM_CITY,8
WTH_04974,TXN_02433,ATM_036,23.968282,86.827509,15000,2026-06-09 08:11:00,VICTIM_CITY,8
WTH_04975,TXN_02433,ATM_036,23.968282,86.827509,1000,2026-06-09 08:20:00,VICTIM_CITY,8
WTH_00131,TXN_00062,ATM_072,17.333561,78.492608,7000,2026-06-09 08:25:00,SYNDICATE_HUB,8
WTH_00132,TXN_00062,ATM_072,17.333561,78.492608,8000,2026-06-09 08:31:00,SYNDICATE_HUB,8
WTH_04976,TXN_02433,ATM_036,23.968282,86.827509,15000,2026-06-09 08:33:00,VICTIM_CITY,8
WTH_01509,TXN_00732,ATM_067,12.937606,77.609755,6500,2026-06-09 09:44:00,SYNDICATE_HUB,9
WTH_01510,TXN_00732,ATM_067,12.937606,77.609755,11500,2026-06-09 09:47:00,SYNDICATE_HUB,9
WTH_00943,TXN_00457,ATM_072,17.333561,78.492608,15000,2026-06-09 10:03:00,SYNDICATE_HUB,10
WTH_00944,TXN_00457,ATM_072,17.333561,78.492608,15000,2026-06-09 10:12:00,SYNDICATE_HUB,10
WTH_01511,TXN_00733,ATM_075,17.401702,78.496204,15000,2026-06-09 10:21:00,SYNDICATE_HUB,10
WTH_01512,TXN_00733,ATM_075,17.401702,78.496204,15000,2026-06-09 10:30:00,SYNDICATE_HUB,10
WTH_01513,TXN_00733,ATM_075,17.401702,78.496204,2500,2026-06-09 10:39:00,SYNDICATE_HUB,10
WTH_00945,TXN_00458,ATM_087,13.080541,80.280252,10000,2026-06-09 12:24:00,SYNDICATE_HUB,12
WTH_00946,TXN_00459,ATM_093,13.076443,80.290692,9500,2026-06-09 13:27:00,SYNDICATE_HUB,13
WTH_00947,TXN_00459,ATM_093,13.076443,80.290692,10500,2026-06-09 13:38:00,SYNDICATE_HUB,13
WTH_00950,TXN_00461,ATM_031,23.954833,86.799929,15000,2026-06-09 14:35:00,VICTIM_CITY,14
WTH_00951,TXN_00461,ATM_031,23.954833,86.799929,1000,2026-06-09 14:45:00,VICTIM_CITY,14
WTH_00948,TXN_00460,ATM_037,23.961927,86.827934,15000,2026-06-09 15:24:00,VICTIM_CITY,15
WTH_00949,TXN_00460,ATM_037,23.961927,86.827934,15000,2026-06-09 15:30:00,VICTIM_CITY,15
WTH_00952,TXN_00462,ATM_028,28.560244,77.413351,9000,2026-06-09 17:42:00,SYNDICATE_HUB,17
WTH_05267,TXN_02573,ATM_112,14.456325,79.954246,14500,2026-06-09 17:56:00,SYNDICATE_HUB,17
WTH_05268,TXN_02573,ATM_112,14.456325,79.954246,8500,2026-06-09 18:07:00,SYNDICATE_HUB,18
WTH_00953,TXN_00463,ATM_032,23.944799,86.783761,2500,2026-06-09 18:31:00,VICTIM_CITY,18
WTH_00954,TXN_00463,ATM_032,23.944799,86.783761,1000,2026-06-09 18:42:00,VICTIM_CITY,18
WTH_00955,TXN_00463,ATM_032,23.944799,86.783761,15000,2026-06-09 18:43:00,VICTIM_CITY,18
WTH_05269,TXN_02574,ATM_017,28.535176,77.365615,2500,2026-06-09 20:01:00,SYNDICATE_HUB,20
WTH_05271,TXN_02574,ATM_017,28.535176,77.365615,13500,2026-06-09 20:07:00,SYNDICATE_HUB,20
WTH_05270,TXN_02574,ATM_017,28.535176,77.365615,15000,2026-06-09 20:12:00,SYNDICATE_HUB,20
WTH_05669,TXN_02764,ATM_007,28.465307,76.980681,15000,2026-06-09 20:52:00,SYNDICATE_HUB,20
WTH_05670,TXN_02764,ATM_007,28.465307,76.980681,9500,2026-06-09 21:01:00,SYNDICATE_HUB,21
WTH_01982,TXN_00966,ATM_104,13.143941,78.140721,13000,2026-06-09 21:48:00,SYNDICATE_HUB,21
WTH_01983,TXN_00967,ATM_020,28.503624,77.395725,4500,2026-06-09 22:06:00,VICTIM_CITY,22
WTH_01984,TXN_00967,ATM_020,28.503624,77.395725,15000,2026-06-09 22:17:00,VICTIM_CITY,22
WTH_01985,TXN_00967,ATM_020,28.503624,77.395725,15000,2026-06-09 22:30:00,VICTIM_CITY,22
WTH_05671,TXN_02765,ATM_014,28.431876,77.035617,15000,2026-06-09 23:19:00,VICTIM_CITY,23
WTH_05672,TXN_02765,ATM_014,28.431876,77.035617,9000,2026-06-09 23:24:00,VICTIM_CITY,23
WTH_05673,TXN_02766,ATM_008,28.418102,77.013105,10500,2026-06-09 23:33:00,VICTIM_CITY,23
WTH_01123,TXN_00542,ATM_027,28.519254,77.40568,15000,2026-06-09 23:59:00,SYNDICATE_HUB,23
WTH_01124,TXN_00542,ATM_027,28.519254,77.40568,15000,2026-06-10 00:09:00,SYNDICATE_HUB,0
WTH_01125,TXN_00542,ATM_027,28.519254,77.40568,15000,2026-06-10 00:09:00,SYNDICATE_HUB,0
WTH_01126,TXN_00543,ATM_039,23.963893,86.798116,10000,2026-06-10 00:50:00,SYNDICATE_HUB,0
WTH_01986,TXN_00968,ATM_009,28.435192,77.034142,15000,2026-06-10 01:03:00,SYNDICATE_HUB,1
WTH_00328,TXN_00159,ATM_061,12.996913,77.5655,15000,2026-06-10 01:07:00,SYNDICATE_HUB,1
WTH_01987,TXN_00968,ATM_009,28.435192,77.034142,9500,2026-06-10 01:15:00,SYNDICATE_HUB,1
WTH_00329,TXN_00159,ATM_061,12.996913,77.5655,15000,2026-06-10 01:18:00,SYNDICATE_HUB,1
WTH_01988,TXN_00968,ATM_009,28.435192,77.034142,4500,2026-06-10 01:23:00,SYNDICATE_HUB,1
WTH_01127,TXN_00544,ATM_028,28.560244,77.413351,15000,2026-06-10 01:30:00,SYNDICATE_HUB,1
WTH_01989,TXN_00969,ATM_027,28.519254,77.40568,14000,2026-06-10 02:00:00,VICTIM_CITY,2
WTH_01128,TXN_00545,ATM_111,14.488893,79.949155,8500,2026-06-10 02:12:00,VICTIM_CITY,2
WTH_01129,TXN_00545,ATM_111,14.488893,79.949155,15000,2026-06-10 02:18:00,VICTIM_CITY,2
WTH_01990,TXN_00970,ATM_081,17.35381,78.511887,13000,2026-06-10 02:22:00,SYNDICATE_HUB,2
WTH_01130,TXN_00545,ATM_111,14.488893,79.949155,15000,2026-06-10 02:28:00,VICTIM_CITY,2
WTH_00330,TXN_00160,ATM_005,28.448233,77.039621,9000,2026-06-10 02:29:00,SYNDICATE_HUB,2
WTH_00331,TXN_00160,ATM_005,28.448233,77.039621,9500,2026-06-10 02:38:00,SYNDICATE_HUB,2
WTH_01131,TXN_00546,ATM_097,13.088695,80.235819,15000,2026-06-10 02:41:00,SYNDICATE_HUB,2
WTH_02148,TXN_01048,ATM_021,28.553223,77.395113,15000,2026-06-10 02:59:00,SYNDICATE_HUB,2
WTH_02149,TXN_01048,ATM_021,28.553223,77.395113,14000,2026-06-10 03:06:00,SYNDICATE_HUB,3
WTH_01774,TXN_00866,ATM_119,14.402097,79.990229,15000,2026-06-10 03:15:00,SYNDICATE_HUB,3
WTH_01775,TXN_00866,ATM_119,14.402097,79.990229,15000,2026-06-10 03:23:00,SYNDICATE_HUB,3
WTH_04686,TXN_02288,ATM_009,28.435192,77.034142,12000,2026-06-10 03:33:00,SYNDICATE_HUB,3
WTH_04687,TXN_02288,ATM_009,28.435192,77.034142,7500,2026-06-10 03:36:00,SYNDICATE_HUB,3
WTH_04688,TXN_02288,ATM_009,28.435192,77.034142,15000,2026-06-10 03:43:00,SYNDICATE_HUB,3
WTH_01776,TXN_00867,ATM_057,12.973527,77.673424,4000,2026-06-10 04:37:00,SYNDICATE_HUB,4
WTH_01777,TXN_00867,ATM_057,12.973527,77.673424,14000,2026-06-10 04:44:00,SYNDICATE_HUB,4
WTH_00332,TXN_00161,ATM_025,28.543747,77.348687,15000,2026-06-10 05:04:00,SYNDICATE_HUB,5
WTH_00333,TXN_00161,ATM_025,28.543747,77.348687,15000,2026-06-10 05:11:00,SYNDICATE_HUB,5
WTH_00334,TXN_00161,ATM_025,28.543747,77.348687,1000,2026-06-10 05:14:00,SYNDICATE_HUB,5
WTH_03971,TXN_01933,ATM_093,13.076443,80.290692,9500,2026-06-10 06:16:00,SYNDICATE_HUB,6
WTH_01778,TXN_00868,ATM_071,17.392279,78.528529,3500,2026-06-10 06:28:00,VICTIM_CITY,6
WTH_01779,TXN_00868,ATM_071,17.392279,78.528529,15000,2026-06-10 06:31:00,VICTIM_CITY,6
WTH_03969,TXN_01932,ATM_103,13.113657,78.117495,12000,2026-06-10 06:33:00,VICTIM_CITY,6
WTH_01780,TXN_00868,ATM_071,17.392279,78.528529,15000,2026-06-10 06:42:00,VICTIM_CITY,6
WTH_03970,TXN_01932,ATM_103,13.113657,78.117495,3500,2026-06-10 06:45:00,VICTIM_CITY,6
WTH_00335,TXN_00162,ATM_046,28.110942,77.014373,12000,2026-06-10 07:21:00,SYNDICATE_HUB,7
WTH_03972,TXN_01934,ATM_103,13.113657,78.117495,15000,2026-06-10 08:27:00,SYNDICATE_HUB,8
WTH_01781,TXN_00869,ATM_026,28.543278,77.381758,15000,2026-06-10 08:58:00,SYNDICATE_HUB,8
WTH_01782,TXN_00870,ATM_085,17.377148,78.46258,5000,2026-06-10 09:07:00,VICTIM_CITY,9
WTH_01783,TXN_00870,ATM_085,17.377148,78.46258,15000,2026-06-10 09:13:00,VICTIM_CITY,9
WTH_03973,TXN_01935,ATM_108,13.130656,78.144644,15000,2026-06-10 09:22:00,VICTIM_CITY,9
WTH_01784,TXN_00870,ATM_085,17.377148,78.46258,15000,2026-06-10 09:31:00,VICTIM_CITY,9
WTH_03974,TXN_01935,ATM_108,13.130656,78.144644,8500,2026-06-10 09:33:00,VICTIM_CITY,9
WTH_00336,TXN_00163,ATM_133,19.066908,72.83278,15000,2026-06-10 10:14:00,VICTIM_CITY,10
WTH_00337,TXN_00163,ATM_133,19.066908,72.83278,8000,2026-06-10 10:23:00,VICTIM_CITY,10
WTH_01785,TXN_00871,ATM_113,14.433161,80.008279,2000,2026-06-10 11:49:00,SYNDICATE_HUB,11
WTH_01786,TXN_00871,ATM_113,14.433161,80.008279,15000,2026-06-10 11:55:00,SYNDICATE_HUB,11
WTH_01787,TXN_00872,ATM_075,17.401702,78.496204,15000,2026-06-10 12:59:00,VICTIM_CITY,12
WTH_01788,TXN_00873,ATM_112,14.456325,79.954246,15000,2026-06-10 16:06:00,SYNDICATE_HUB,16
WTH_01036,TXN_00500,ATM_006,28.448378,77.015422,8500,2026-06-10 16:16:00,SYNDICATE_HUB,16
WTH_01789,TXN_00873,ATM_112,14.456325,79.954246,15000,2026-06-10 16:18:00,SYNDICATE_HUB,16
WTH_01037,TXN_00501,ATM_057,12.973527,77.673424,15000,2026-06-10 17:22:00,SYNDICATE_HUB,17
WTH_01038,TXN_00501,ATM_057,12.973527,77.673424,15000,2026-06-10 17:27:00,SYNDICATE_HUB,17
WTH_01039,TXN_00501,ATM_057,12.973527,77.673424,1000,2026-06-10 17:34:00,SYNDICATE_HUB,17
WTH_01790,TXN_00874,ATM_072,17.333561,78.492608,1000,2026-06-10 18:15:00,VICTIM_CITY,18
WTH_01791,TXN_00874,ATM_072,17.333561,78.492608,15000,2026-06-10 18:23:00,VICTIM_CITY,18
WTH_01040,TXN_00502,ATM_070,12.997633,77.555212,15000,2026-06-10 18:35:00,SYNDICATE_HUB,18
WTH_01792,TXN_00874,ATM_072,17.333561,78.492608,15000,2026-06-10 18:35:00,VICTIM_CITY,18
WTH_03121,TXN_01522,ATM_001,28.471421,77.023282,15000,2026-06-10 18:38:00,SYNDICATE_HUB,18
WTH_01041,TXN_00502,ATM_070,12.997633,77.555212,14500,2026-06-10 18:44:00,SYNDICATE_HUB,18
WTH_01042,TXN_00502,ATM_070,12.997633,77.555212,12500,2026-06-10 18:59:00,SYNDICATE_HUB,18
WTH_03122,TXN_01523,ATM_095,13.05899,80.228284,15000,2026-06-10 19:23:00,SYNDICATE_HUB,19
WTH_03123,TXN_01523,ATM_095,13.05899,80.228284,10500,2026-06-10 19:26:00,SYNDICATE_HUB,19
WTH_03124,TXN_01524,ATM_079,17.444705,78.501863,15000,2026-06-10 19:38:00,VICTIM_CITY,19
WTH_03125,TXN_01524,ATM_079,17.444705,78.501863,1000,2026-06-10 19:41:00,VICTIM_CITY,19
WTH_04527,TXN_02207,ATM_065,12.974789,77.578489,15000,2026-06-10 20:03:00,SYNDICATE_HUB,20
WTH_04529,TXN_02207,ATM_065,12.974789,77.578489,3500,2026-06-10 20:09:00,SYNDICATE_HUB,20
WTH_04528,TXN_02207,ATM_065,12.974789,77.578489,15000,2026-06-10 20:15:00,SYNDICATE_HUB,20
WTH_03126,TXN_01525,ATM_108,13.130656,78.144644,1500,2026-06-10 21:22:00,SYNDICATE_HUB,21
WTH_03127,TXN_01525,ATM_108,13.130656,78.144644,14000,2026-06-10 21:34:00,SYNDICATE_HUB,21
WTH_04530,TXN_02208,ATM_100,13.136631,78.114212,14500,2026-06-10 21:43:00,SYNDICATE_HUB,21
WTH_04531,TXN_02208,ATM_100,13.136631,78.114212,9500,2026-06-10 21:53:00,SYNDICATE_HUB,21
WTH_03371,TXN_01640,ATM_007,28.465307,76.980681,1000,2026-06-10 22:23:00,SYNDICATE_HUB,22
WTH_03372,TXN_01640,ATM_007,28.465307,76.980681,15000,2026-06-10 22:28:00,SYNDICATE_HUB,22
WTH_03128,TXN_01526,ATM_078,17.394378,78.463841,7500,2026-06-10 22:37:00,VICTIM_CITY,22
WTH_03129,TXN_01526,ATM_078,17.394378,78.463841,8000,2026-06-10 22:45:00,VICTIM_CITY,22
WTH_00143,TXN_00068,ATM_040,23.963968,86.771099,9000,2026-06-10 23:20:00,SYNDICATE_HUB,23
WTH_03579,TXN_01743,ATM_117,14.443511,79.973468,9500,2026-06-10 23:20:00,SYNDICATE_HUB,23
WTH_01298,TXN_00628,ATM_098,13.087549,80.281489,9000,2026-06-11 00:18:00,VICTIM_CITY,0
WTH_03580,TXN_01744,ATM_067,12.937606,77.609755,15000,2026-06-11 00:21:00,SYNDICATE_HUB,0
WTH_01299,TXN_00628,ATM_098,13.087549,80.281489,15000,2026-06-11 00:29:00,VICTIM_CITY,0
WTH_01300,TXN_00628,ATM_098,13.087549,80.281489,8000,2026-06-11 00:30:00,VICTIM_CITY,0
WTH_03581,TXN_01744,ATM_067,12.937606,77.609755,12000,2026-06-11 00:31:00,SYNDICATE_HUB,0
WTH_03373,TXN_01641,ATM_102,13.153029,78.149361,15000,2026-06-11 00:47:00,SYNDICATE_HUB,0
WTH_04532,TXN_02209,ATM_132,18.959314,72.840822,15000,2026-06-11 00:49:00,VICTIM_CITY,0
WTH_03130,TXN_01527,ATM_083,17.415828,78.499909,15000,2026-06-11 01:04:00,VICTIM_CITY,1
WTH_03131,TXN_01527,ATM_083,17.415828,78.499909,15000,2026-06-11 01:10:00,VICTIM_CITY,1
WTH_01301,TXN_00629,ATM_088,13.090447,80.293861,15000,2026-06-11 01:47:00,VICTIM_CITY,1
WTH_01302,TXN_00629,ATM_088,13.090447,80.293861,15000,2026-06-11 01:56:00,VICTIM_CITY,1
WTH_01303,TXN_00629,ATM_088,13.090447,80.293861,8000,2026-06-11 02:03:00,VICTIM_CITY,2
WTH_01304,TXN_00630,ATM_093,13.076443,80.290692,15000,2026-06-11 02:07:00,SYNDICATE_HUB,2
WTH_01306,TXN_00630,ATM_093,13.076443,80.290692,3500,2026-06-11 02:13:00,SYNDICATE_HUB,2
WTH_03582,TXN_01745,ATM_021,28.553223,77.395113,15000,2026-06-11 02:15:00,VICTIM_CITY,2
WTH_01305,TXN_00630,ATM_093,13.076443,80.290692,15000,2026-06-11 02:19:00,SYNDICATE_HUB,2
WTH_03583,TXN_01745,ATM_021,28.553223,77.395113,15000,2026-06-11 02:21:00,VICTIM_CITY,2
WTH_00144,TXN_00069,ATM_137,22.605169,88.364187,9000,2026-06-11 02:24:00,VICTIM_CITY,2
WTH_00145,TXN_00070,ATM_099,13.057952,80.275004,11000,2026-06-11 02:36:00,SYNDICATE_HUB,2
WTH_00417,TXN_00204,ATM_067,12.937606,77.609755,15000,2026-06-11 02:55:00,SYNDICATE_HUB,2
WTH_00418,TXN_00204,ATM_067,12.937606,77.609755,7000,2026-06-11 03:03:00,SYNDICATE_HUB,3
WTH_04539,TXN_02212,ATM_051,28.080693,76.986587,8500,2026-06-11 03:11:00,SYNDICATE_HUB,3
WTH_04536,TXN_02211,ATM_026,28.543278,77.381758,14500,2026-06-11 03:24:00,SYNDICATE_HUB,3
WTH_01688,TXN_00826,ATM_079,17.444705,78.501863,5500,2026-06-11 03:30:00,SYNDICATE_HUB,3
WTH_04537,TXN_02211,ATM_026,28.543278,77.381758,15000,2026-06-11 03:30:00,SYNDICATE_HUB,3
WTH_01689,TXN_00826,ATM_079,17.444705,78.501863,15000,2026-06-11 03:39:00,SYNDICATE_HUB,3
WTH_04533,TXN_02210,ATM_062,13.016489,77.549741,1000,2026-06-11 03:48:00,SYNDICATE_HUB,3
WTH_04538,TXN_02211,ATM_026,28.543278,77.381758,15000,2026-06-11 03:48:00,SYNDICATE_HUB,3
WTH_00237,TXN_00114,ATM_005,28.448233,77.039621,15000,2026-06-11 03:51:00,SYNDICATE_HUB,3
WTH_01690,TXN_00826,ATM_079,17.444705,78.501863,10500,2026-06-11 03:52:00,SYNDICATE_HUB,3
WTH_04534,TXN_02210,ATM_062,13.016489,77.549741,15000,2026-06-11 03:54:00,SYNDICATE_HUB,3
WTH_00238,TXN_00114,ATM_005,28.448233,77.039621,8000,2026-06-11 03:57:00,SYNDICATE_HUB,3
WTH_01691,TXN_00827,ATM_101,13.141425,78.141473,15000,2026-06-11 04:01:00,SYNDICATE_HUB,4
WTH_04535,TXN_02210,ATM_062,13.016489,77.549741,15000,2026-06-11 04:06:00,SYNDICATE_HUB,4
WTH_01692,TXN_00827,ATM_101,13.141425,78.141473,15000,2026-06-11 04:09:00,SYNDICATE_HUB,4
WTH_01693,TXN_00827,ATM_101,13.141425,78.141473,15000,2026-06-11 04:09:00,SYNDICATE_HUB,4
WTH_03584,TXN_01746,ATM_023,28.500015,77.373724,15000,2026-06-11 04:16:00,VICTIM_CITY,4
WTH_00419,TXN_00205,ATM_117,14.443511,79.973468,6000,2026-06-11 04:28:00,SYNDICATE_HUB,4
WTH_00420,TXN_00205,ATM_117,14.443511,79.973468,15000,2026-06-11 04:34:00,SYNDICATE_HUB,4
WTH_00421,TXN_00205,ATM_117,14.443511,79.973468,13500,2026-06-11 04:44:00,SYNDICATE_HUB,4
WTH_00146,TXN_00071,ATM_025,28.543747,77.348687,1000,2026-06-11 04:45:00,SYNDICATE_HUB,4
WTH_00147,TXN_00071,ATM_025,28.543747,77.348687,15000,2026-06-11 04:55:00,SYNDICATE_HUB,4
WTH_01307,TXN_00631,ATM_094,13.095951,80.268661,15000,2026-06-11 04:59:00,VICTIM_CITY,4
WTH_01308,TXN_00631,ATM_094,13.095951,80.268661,5500,2026-06-11 05:10:00,VICTIM_CITY,5
WTH_03585,TXN_01747,ATM_114,14.443886,79.964945,11500,2026-06-11 05:15:00,SYNDICATE_HUB,5
WTH_04540,TXN_02213,ATM_026,28.543278,77.381758,9000,2026-06-11 05:15:00,SYNDICATE_HUB,5
WTH_01309,TXN_00631,ATM_094,13.095951,80.268661,15000,2026-06-11 05:21:00,VICTIM_CITY,5
WTH_03586,TXN_01747,ATM_114,14.443886,79.964945,15000,2026-06-11 05:22:00,SYNDICATE_HUB,5
WTH_03587,TXN_01747,ATM_114,14.443886,79.964945,5000,2026-06-11 05:29:00,SYNDICATE_HUB,5
WTH_01310,TXN_00632,ATM_091,13.100219,80.2467,15000,2026-06-11 05:34:00,VICTIM_CITY,5
WTH_01311,TXN_00632,ATM_091,13.100219,80.2467,15000,2026-06-11 05:44:00,VICTIM_CITY,5
WTH_04401,TXN_02144,ATM_099,13.057952,80.275004,10500,2026-06-11 06:00:00,SYNDICATE_HUB,6
WTH_00152,TXN_00074,ATM_099,13.057952,80.275004,15000,2026-06-11 06:08:00,SYNDICATE_HUB,6
WTH_00422,TXN_00206,ATM_016,28.521059,77.435455,15000,2026-06-11 06:08:00,SYNDICATE_HUB,6
WTH_03588,TXN_01748,ATM_016,28.521059,77.435455,2000,2026-06-11 06:12:00,VICTIM_CITY,6
WTH_00423,TXN_00206,ATM_016,28.521059,77.435455,10500,2026-06-11 06:15:00,SYNDICATE_HUB,6
WTH_03589,TXN_01748,ATM_016,28.521059,77.435455,15000,2026-06-11 06:17:00,VICTIM_CITY,6
WTH_00153,TXN_00074,ATM_099,13.057952,80.275004,15000,2026-06-11 06:20:00,SYNDICATE_HUB,6
WTH_00239,TXN_00115,ATM_118,14.485479,79.999178,1000,2026-06-11 06:42:00,SYNDICATE_HUB,6
WTH_01312,TXN_00633,ATM_013,28.446435,77.029262,15000,2026-06-11 06:46:00,SYNDICATE_HUB,6
WTH_00240,TXN_00115,ATM_118,14.485479,79.999178,15000,2026-06-11 06:47:00,SYNDICATE_HUB,6
WTH_00148,TXN_00072,ATM_018,28.555241,77.3617,15000,2026-06-11 06:50:00,SYNDICATE_HUB,6
WTH_01694,TXN_00828,ATM_105,13.143941,78.194144,15000,2026-06-11 07:10:00,SYNDICATE_HUB,7
WTH_01697,TXN_00829,ATM_104,13.143941,78.140721,5500,2026-06-11 07:19:00,SYNDICATE_HUB,7
WTH_01695,TXN_00828,ATM_105,13.143941,78.194144,15000,2026-06-11 07:20:00,SYNDICATE_HUB,7
WTH_01698,TXN_00829,ATM_104,13.143941,78.140721,15000,2026-06-11 07:23:00,SYNDICATE_HUB,7
WTH_01696,TXN_00828,ATM_105,13.143941,78.194144,2500,2026-06-11 07:32:00,SYNDICATE_HUB,7
WTH_03590,TXN_01749,ATM_113,14.433161,80.008279,15000,2026-06-11 07:33:00,SYNDICATE_HUB,7
WTH_00424,TXN_00207,ATM_100,13.136631,78.114212,15000,2026-06-11 07:34:00,SYNDICATE_HUB,7
WTH_00426,TXN_00207,ATM_100,13.136631,78.114212,15000,2026-06-11 07:40:00,SYNDICATE_HUB,7
WTH_03591,TXN_01749,ATM_113,14.433161,80.008279,15000,2026-06-11 07:42:00,SYNDICATE_HUB,7
WTH_00425,TXN_00207,ATM_100,13.136631,78.114212,10500,2026-06-11 07:45:00,SYNDICATE_HUB,7
WTH_00241,TXN_00116,ATM_136,22.612956,88.323696,10000,2026-06-11 08:02:00,VICTIM_CITY,8
WTH_00149,TXN_00073,ATM_135,22.560279,88.367561,15000,2026-06-11 08:26:00,VICTIM_CITY,8
WTH_00150,TXN_00073,ATM_135,22.560279,88.367561,8500,2026-06-11 08:33:00,VICTIM_CITY,8
WTH_00151,TXN_00073,ATM_135,22.560279,88.367561,13000,2026-06-11 08:34:00,VICTIM_CITY,8
WTH_04402,TXN_02145,ATM_046,28.110942,77.014373,12500,2026-06-11 08:38:00,SYNDICATE_HUB,8
WTH_01699,TXN_00830,ATM_119,14.402097,79.990229,9000,2026-06-11 08:41:00,VICTIM_CITY,8
WTH_00154,TXN_00075,ATM_107,13.150964,78.142922,10000,2026-06-11 08:45:00,SYNDICATE_HUB,8
WTH_00155,TXN_00075,ATM_107,13.150964,78.142922,9500,2026-06-11 08:54:00,SYNDICATE_HUB,8
WTH_00242,TXN_00117,ATM_061,12.996913,77.5655,10500,2026-06-11 09:22:00,SYNDICATE_HUB,9
WTH_00243,TXN_00117,ATM_061,12.996913,77.5655,15000,2026-06-11 09:25:00,SYNDICATE_HUB,9
WTH_00244,TXN_00117,ATM_061,12.996913,77.5655,3000,2026-06-11 09:32:00,SYNDICATE_HUB,9
WTH_00427,TXN_00208,ATM_147,11.002655,76.97619,10500,2026-06-11 10:18:00,VICTIM_CITY,10
WTH_00428,TXN_00208,ATM_147,11.002655,76.97619,13000,2026-06-11 10:30:00,VICTIM_CITY,10
WTH_00429,TXN_00208,ATM_147,11.002655,76.97619,15000,2026-06-11 10:36:00,VICTIM_CITY,10
WTH_00156,TXN_00076,ATM_114,14.443886,79.964945,14000,2026-06-11 11:01:00,SYNDICATE_HUB,11
WTH_01700,TXN_00831,ATM_118,14.485479,79.999178,9500,2026-06-11 11:37:00,VICTIM_CITY,11
WTH_01702,TXN_00831,ATM_118,14.485479,79.999178,15000,2026-06-11 11:43:00,VICTIM_CITY,11
WTH_01701,TXN_00831,ATM_118,14.485479,79.999178,5000,2026-06-11 11:46:00,VICTIM_CITY,11
WTH_00430,TXN_00209,ATM_079,17.444705,78.501863,4500,2026-06-11 11:59:00,SYNDICATE_HUB,11
WTH_00431,TXN_00209,ATM_079,17.444705,78.501863,15000,2026-06-11 12:02:00,SYNDICATE_HUB,12
WTH_00432,TXN_00209,ATM_079,17.444705,78.501863,15000,2026-06-11 12:17:00,SYNDICATE_HUB,12
WTH_04403,TXN_02146,ATM_147,11.002655,76.97619,15000,2026-06-11 12:55:00,VICTIM_CITY,12
WTH_00433,TXN_00210,ATM_089,13.083064,80.311399,9000,2026-06-11 13:29:00,SYNDICATE_HUB,13
WTH_00435,TXN_00210,ATM_089,13.083064,80.311399,15000,2026-06-11 13:37:00,SYNDICATE_HUB,13
WTH_00434,TXN_00210,ATM_089,13.083064,80.311399,12500,2026-06-11 13:40:00,SYNDICATE_HUB,13
WTH_01703,TXN_00832,ATM_077,17.363239,78.494132,10000,2026-06-11 14:03:00,SYNDICATE_HUB,14
WTH_04404,TXN_02147,ATM_022,28.532724,77.383774,13500,2026-06-11 14:20:00,SYNDICATE_HUB,14
WTH_04405,TXN_02147,ATM_022,28.532724,77.383774,15000,2026-06-11 14:32:00,SYNDICATE_HUB,14
WTH_00436,TXN_00211,ATM_026,28.543278,77.381758,15000,2026-06-11 14:47:00,SYNDICATE_HUB,14
WTH_00437,TXN_00211,ATM_026,28.543278,77.381758,15000,2026-06-11 14:59:00,SYNDICATE_HUB,14
WTH_00438,TXN_00211,ATM_026,28.543278,77.381758,15000,2026-06-11 14:59:00,SYNDICATE_HUB,14
WTH_01704,TXN_00833,ATM_022,28.532724,77.383774,1000,2026-06-11 16:01:00,SYNDICATE_HUB,16
WTH_01705,TXN_00833,ATM_022,28.532724,77.383774,15000,2026-06-11 16:07:00,SYNDICATE_HUB,16
WTH_04406,TXN_02148,ATM_071,17.392279,78.528529,15000,2026-06-11 16:16:00,SYNDICATE_HUB,16
WTH_04407,TXN_02148,ATM_071,17.392279,78.528529,15000,2026-06-11 16:26:00,SYNDICATE_HUB,16
WTH_01706,TXN_00834,ATM_091,13.100219,80.2467,5000,2026-06-11 16:27:00,SYNDICATE_HUB,16
WTH_04408,TXN_02148,ATM_071,17.392279,78.528529,6000,2026-06-11 16:28:00,SYNDICATE_HUB,16
WTH_01707,TXN_00834,ATM_091,13.100219,80.2467,15000,2026-06-11 16:34:00,SYNDICATE_HUB,16
WTH_00439,TXN_00212,ATM_018,28.555241,77.3617,15000,2026-06-11 17:14:00,SYNDICATE_HUB,17
WTH_01708,TXN_00835,ATM_038,23.920584,86.81605,15000,2026-06-11 17:16:00,SYNDICATE_HUB,17
WTH_02499,TXN_01221,ATM_074,17.345418,78.444445,10000,2026-06-11 17:16:00,SYNDICATE_HUB,17
WTH_00440,TXN_00212,ATM_018,28.555241,77.3617,1500,2026-06-11 17:21:00,SYNDICATE_HUB,17
WTH_01709,TXN_00835,ATM_038,23.920584,86.81605,7500,2026-06-11 17:24:00,SYNDICATE_HUB,17
WTH_00441,TXN_00212,ATM_018,28.555241,77.3617,4000,2026-06-11 17:28:00,SYNDICATE_HUB,17
WTH_02065,TXN_01008,ATM_085,17.377148,78.46258,9000,2026-06-11 17:38:00,VICTIM_CITY,17
WTH_04409,TXN_02149,ATM_065,12.974789,77.578489,6500,2026-06-11 18:03:00,SYNDICATE_HUB,18
WTH_04411,TXN_02149,ATM_065,12.974789,77.578489,11000,2026-06-11 18:09:00,SYNDICATE_HUB,18
WTH_04410,TXN_02149,ATM_065,12.974789,77.578489,15000,2026-06-11 18:12:00,SYNDICATE_HUB,18
WTH_02066,TXN_01009,ATM_098,13.087549,80.281489,3500,2026-06-11 18:46:00,SYNDICATE_HUB,18
WTH_02068,TXN_01009,ATM_098,13.087549,80.281489,15000,2026-06-11 18:54:00,SYNDICATE_HUB,18
WTH_02067,TXN_01009,ATM_098,13.087549,80.281489,15000,2026-06-11 18:58:00,SYNDICATE_HUB,18
WTH_01710,TXN_00836,ATM_035,23.968286,86.792578,9000,2026-06-11 19:19:00,SYNDICATE_HUB,19
WTH_00463,TXN_00224,ATM_149,9.95279,76.274675,9500,2026-06-11 19:22:00,VICTIM_CITY,19
WTH_01711,TXN_00836,ATM_035,23.968286,86.792578,8000,2026-06-11 19:23:00,SYNDICATE_HUB,19
WTH_00464,TXN_00224,ATM_149,9.95279,76.274675,5500,2026-06-11 19:30:00,VICTIM_CITY,19
WTH_01712,TXN_00836,ATM_035,23.968286,86.792578,15000,2026-06-11 19:39:00,SYNDICATE_HUB,19
WTH_02500,TXN_01222,ATM_103,13.113657,78.117495,15000,2026-06-11 20:03:00,SYNDICATE_HUB,20
WTH_01713,TXN_00837,ATM_116,14.427993,79.990829,14000,2026-06-11 20:10:00,SYNDICATE_HUB,20
WTH_01714,TXN_00837,ATM_116,14.427993,79.990829,3000,2026-06-11 20:17:00,SYNDICATE_HUB,20
WTH_02808,TXN_01371,ATM_026,28.543278,77.381758,14500,2026-06-11 21:09:00,SYNDICATE_HUB,21
WTH_02809,TXN_01371,ATM_026,28.543278,77.381758,12000,2026-06-11 21:13:00,SYNDICATE_HUB,21
WTH_02811,TXN_01372,ATM_006,28.448378,77.015422,15000,2026-06-11 21:16:00,VICTIM_CITY,21
WTH_02810,TXN_01371,ATM_026,28.543278,77.381758,6500,2026-06-11 21:21:00,SYNDICATE_HUB,21
WTH_02069,TXN_01010,ATM_073,17.393316,78.511718,15000,2026-06-11 21:25:00,VICTIM_CITY,21
WTH_02070,TXN_01010,ATM_073,17.393316,78.511718,4000,2026-06-11 21:29:00,VICTIM_CITY,21
WTH_01715,TXN_00838,ATM_111,14.488893,79.949155,10000,2026-06-11 22:00:00,VICTIM_CITY,22
WTH_00465,TXN_00225,ATM_047,28.094959,76.988447,15000,2026-06-11 22:08:00,SYNDICATE_HUB,22
WTH_04763,TXN_02327,ATM_050,28.109102,76.990308,15000,2026-06-11 22:09:00,SYNDICATE_HUB,22
WTH_04764,TXN_02327,ATM_050,28.109102,76.990308,13000,2026-06-11 22:17:00,SYNDICATE_HUB,22
WTH_03859,TXN_01879,ATM_115,14.428294,80.000092,15000,2026-06-11 22:31:00,SYNDICATE_HUB,22
WTH_03860,TXN_01879,ATM_115,14.428294,80.000092,14000,2026-06-11 22:34:00,SYNDICATE_HUB,22
WTH_03861,TXN_01879,ATM_115,14.428294,80.000092,11500,2026-06-11 22:45:00,SYNDICATE_HUB,22
WTH_02501,TXN_01223,ATM_087,13.080541,80.280252,13500,2026-06-11 22:55:00,SYNDICATE_HUB,22
WTH_02071,TXN_01011,ATM_053,28.105774,77.003081,7500,2026-06-11 23:03:00,SYNDICATE_HUB,23
WTH_04765,TXN_02328,ATM_098,13.087549,80.281489,3000,2026-06-11 23:11:00,SYNDICATE_HUB,23
WTH_02072,TXN_01011,ATM_053,28.105774,77.003081,15000,2026-06-11 23:15:00,SYNDICATE_HUB,23
WTH_04766,TXN_02328,ATM_098,13.087549,80.281489,15000,2026-06-11 23:15:00,SYNDICATE_HUB,23
WTH_02073,TXN_01011,ATM_053,28.105774,77.003081,15000,2026-06-11 23:19:00,SYNDICATE_HUB,23
WTH_04767,TXN_02329,ATM_025,28.543747,77.348687,8000,2026-06-11 23:45:00,SYNDICATE_HUB,23
WTH_02502,TXN_01224,ATM_145,11.023544,76.940855,13000,2026-06-11 23:51:00,VICTIM_CITY,23
WTH_04768,TXN_02329,ATM_025,28.543747,77.348687,15000,2026-06-11 23:55:00,SYNDICATE_HUB,23
WTH_02503,TXN_01224,ATM_145,11.023544,76.940855,7500,2026-06-12 00:00:00,VICTIM_CITY,0
WTH_01716,TXN_00839,ATM_097,13.088695,80.235819,9000,2026-06-12 00:04:00,SYNDICATE_HUB,0
WTH_01717,TXN_00839,ATM_097,13.088695,80.235819,11500,2026-06-12 00:14:00,SYNDICATE_HUB,0
WTH_00466,TXN_00226,ATM_074,17.345418,78.444445,15000,2026-06-12 00:43:00,SYNDICATE_HUB,0
WTH_03862,TXN_01880,ATM_134,22.618308,88.323856,15000,2026-06-12 01:32:00,VICTIM_CITY,1
WTH_00718,TXN_00343,ATM_020,28.503624,77.395725,15000,2026-06-12 02:03:00,SYNDICATE_HUB,2
WTH_03863,TXN_01881,ATM_015,28.445085,77.019599,1000,2026-06-12 02:06:00,SYNDICATE_HUB,2
WTH_02074,TXN_01012,ATM_030,28.54345,77.414413,15000,2026-06-12 02:15:00,SYNDICATE_HUB,2
WTH_03864,TXN_01881,ATM_015,28.445085,77.019599,15000,2026-06-12 02:15:00,SYNDICATE_HUB,2
WTH_02075,TXN_01012,ATM_030,28.54345,77.414413,5500,2026-06-12 02:20:00,SYNDICATE_HUB,2
WTH_02504,TXN_01225,ATM_097,13.088695,80.235819,15000,2026-06-12 02:50:00,SYNDICATE_HUB,2
WTH_02505,TXN_01225,ATM_097,13.088695,80.235819,13000,2026-06-12 02:59:00,SYNDICATE_HUB,2
WTH_02506,TXN_01225,ATM_097,13.088695,80.235819,10500,2026-06-12 03:12:00,SYNDICATE_HUB,3
WTH_04769,TXN_02330,ATM_147,11.002655,76.97619,9500,2026-06-12 03:12:00,VICTIM_CITY,3
WTH_02507,TXN_01226,ATM_145,11.023544,76.940855,15000,2026-06-12 03:41:00,VICTIM_CITY,3
WTH_02508,TXN_01226,ATM_145,11.023544,76.940855,1500,2026-06-12 03:48:00,VICTIM_CITY,3
WTH_02509,TXN_01226,ATM_145,11.023544,76.940855,7000,2026-06-12 03:51:00,VICTIM_CITY,3
WTH_00467,TXN_00227,ATM_060,13.00817,77.618662,15000,2026-06-12 03:57:00,SYNDICATE_HUB,3
WTH_00468,TXN_00227,ATM_060,13.00817,77.618662,1000,2026-06-12 04:01:00,SYNDICATE_HUB,4
WTH_00719,TXN_00344,ATM_089,13.083064,80.311399,15000,2026-06-12 04:05:00,SYNDICATE_HUB,4
WTH_02076,TXN_01013,ATM_076,17.393016,78.497786,9000,2026-06-12 04:06:00,VICTIM_CITY,4
WTH_00469,TXN_00227,ATM_060,13.00817,77.618662,15000,2026-06-12 04:07:00,SYNDICATE_HUB,4
WTH_00720,TXN_00344,ATM_089,13.083064,80.311399,13000,2026-06-12 04:10:00,SYNDICATE_HUB,4
WTH_02305,TXN_01128,ATM_018,28.555241,77.3617,15000,2026-06-12 04:16:00,SYNDICATE_HUB,4
WTH_02306,TXN_01128,ATM_018,28.555241,77.3617,15000,2026-06-12 04:21:00,SYNDICATE_HUB,4
WTH_04067,TXN_01985,ATM_084,17.411306,78.547397,3000,2026-06-12 04:21:00,SYNDICATE_HUB,4
WTH_04070,TXN_01986,ATM_124,19.058902,72.85418,12000,2026-06-12 04:24:00,VICTIM_CITY,4
WTH_04071,TXN_01986,ATM_124,19.058902,72.85418,11500,2026-06-12 04:28:00,VICTIM_CITY,4
WTH_04068,TXN_01985,ATM_084,17.411306,78.547397,15000,2026-06-12 04:30:00,SYNDICATE_HUB,4
WTH_04069,TXN_01985,ATM_084,17.411306,78.547397,15000,2026-06-12 04:31:00,SYNDICATE_HUB,4
WTH_02510,TXN_01227,ATM_145,11.023544,76.940855,15000,2026-06-12 04:37:00,VICTIM_CITY,4
WTH_00470,TXN_00228,ATM_017,28.535176,77.365615,15000,2026-06-12 04:41:00,SYNDICATE_HUB,4
WTH_01020,TXN_00493,ATM_099,13.057952,80.275004,10000,2026-06-12 05:01:00,SYNDICATE_HUB,5
WTH_04770,TXN_02331,ATM_114,14.443886,79.964945,2000,2026-06-12 06:03:00,SYNDICATE_HUB,6
WTH_04771,TXN_02331,ATM_114,14.443886,79.964945,15000,2026-06-12 06:11:00,SYNDICATE_HUB,6
WTH_04772,TXN_02331,ATM_114,14.443886,79.964945,1000,2026-06-12 06:15:00,SYNDICATE_HUB,6
WTH_00471,TXN_00229,ATM_148,9.939768,76.25067,15000,2026-06-12 07:12:00,VICTIM_CITY,7
WTH_00472,TXN_00229,ATM_148,9.939768,76.25067,1000,2026-06-12 07:22:00,VICTIM_CITY,7
WTH_01021,TXN_00494,ATM_031,23.954833,86.799929,12000,2026-06-12 07:28:00,SYNDICATE_HUB,7
WTH_04072,TXN_01987,ATM_123,19.032789,72.865658,11000,2026-06-12 07:36:00,VICTIM_CITY,7
WTH_01022,TXN_00494,ATM_031,23.954833,86.799929,15000,2026-06-12 07:38:00,SYNDICATE_HUB,7
WTH_04073,TXN_01987,ATM_123,19.032789,72.865658,15000,2026-06-12 07:43:00,VICTIM_CITY,7
WTH_01023,TXN_00494,ATM_031,23.954833,86.799929,13000,2026-06-12 07:44:00,SYNDICATE_HUB,7
WTH_04773,TXN_02332,ATM_146,11.011805,76.943968,2500,2026-06-12 07:50:00,VICTIM_CITY,7
WTH_04074,TXN_01987,ATM_123,19.032789,72.865658,15000,2026-06-12 07:54:00,VICTIM_CITY,7
WTH_02307,TXN_01129,ATM_094,13.095951,80.268661,15000,2026-06-12 07:57:00,SYNDICATE_HUB,7
WTH_00473,TXN_00230,ATM_040,23.963968,86.771099,6500,2026-06-12 07:59:00,SYNDICATE_HUB,7
WTH_04774,TXN_02332,ATM_146,11.011805,76.943968,15000,2026-06-12 08:02:00,VICTIM_CITY,8
WTH_00474,TXN_00230,ATM_040,23.963968,86.771099,11000,2026-06-12 08:07:00,SYNDICATE_HUB,8
WTH_02308,TXN_01129,ATM_094,13.095951,80.268661,3000,2026-06-12 08:09:00,SYNDICATE_HUB,8
WTH_01819,TXN_00888,ATM_136,22.612956,88.323696,13000,2026-06-12 08:24:00,VICTIM_CITY,8
WTH_04080,TXN_01990,ATM_108,13.130656,78.144644,3000,2026-06-12 08:24:00,SYNDICATE_HUB,8
WTH_01820,TXN_00888,ATM_136,22.612956,88.323696,15000,2026-06-12 08:27:00,VICTIM_CITY,8
WTH_04081,TXN_01990,ATM_108,13.130656,78.144644,15000,2026-06-12 08:30:00,SYNDICATE_HUB,8
WTH_04082,TXN_01990,ATM_108,13.130656,78.144644,15000,2026-06-12 08:36:00,SYNDICATE_HUB,8
WTH_01821,TXN_00888,ATM_136,22.612956,88.323696,15000,2026-06-12 08:38:00,VICTIM_CITY,8
WTH_04077,TXN_01989,ATM_122,19.09418,72.908867,15000,2026-06-12 08:47:00,VICTIM_CITY,8
WTH_04083,TXN_01991,ATM_004,28.497401,77.045018,15000,2026-06-12 08:47:00,SYNDICATE_HUB,8
WTH_04085,TXN_01991,ATM_004,28.497401,77.045018,4500,2026-06-12 08:53:00,SYNDICATE_HUB,8
WTH_04078,TXN_01989,ATM_122,19.09418,72.908867,8500,2026-06-12 08:58:00,VICTIM_CITY,8
WTH_04084,TXN_01991,ATM_004,28.497401,77.045018,15000,2026-06-12 08:58:00,SYNDICATE_HUB,8
WTH_04079,TXN_01989,ATM_122,19.09418,72.908867,15000,2026-06-12 09:01:00,VICTIM_CITY,9
WTH_04075,TXN_01988,ATM_057,12.973527,77.673424,15000,2026-06-12 09:03:00,SYNDICATE_HUB,9
WTH_04076,TXN_01988,ATM_057,12.973527,77.673424,2000,2026-06-12 09:15:00,SYNDICATE_HUB,9
WTH_02309,TXN_01130,ATM_141,22.575778,88.38244,15000,2026-06-12 09:40:00,VICTIM_CITY,9
WTH_02310,TXN_01130,ATM_141,22.575778,88.38244,15000,2026-06-12 09:51:00,VICTIM_CITY,9
WTH_02311,TXN_01130,ATM_141,22.575778,88.38244,4000,2026-06-12 09:56:00,VICTIM_CITY,9
WTH_01822,TXN_00889,ATM_135,22.560279,88.367561,10000,2026-06-12 10:11:00,VICTIM_CITY,10
WTH_04775,TXN_02333,ATM_145,11.023544,76.940855,15000,2026-06-12 10:22:00,VICTIM_CITY,10
WTH_04777,TXN_02333,ATM_145,11.023544,76.940855,15000,2026-06-12 10:32:00,VICTIM_CITY,10
WTH_04776,TXN_02333,ATM_145,11.023544,76.940855,15000,2026-06-12 10:34:00,VICTIM_CITY,10
WTH_01024,TXN_00495,ATM_111,14.488893,79.949155,2000,2026-06-12 11:01:00,VICTIM_CITY,11
WTH_04086,TXN_01992,ATM_130,19.091977,72.905587,8500,2026-06-12 11:10:00,VICTIM_CITY,11
WTH_04778,TXN_02334,ATM_146,11.011805,76.943968,12000,2026-06-12 11:11:00,VICTIM_CITY,11
WTH_01025,TXN_00495,ATM_111,14.488893,79.949155,15000,2026-06-12 11:13:00,VICTIM_CITY,11
WTH_04087,TXN_01992,ATM_130,19.091977,72.905587,13500,2026-06-12 11:21:00,VICTIM_CITY,11
WTH_04088,TXN_01992,ATM_130,19.091977,72.905587,15000,2026-06-12 11:22:00,VICTIM_CITY,11
WTH_01026,TXN_00496,ATM_077,17.363239,78.494132,2000,2026-06-12 11:33:00,SYNDICATE_HUB,11
WTH_01027,TXN_00496,ATM_077,17.363239,78.494132,15000,2026-06-12 11:43:00,SYNDICATE_HUB,11
WTH_01823,TXN_00890,ATM_140,22.574554,88.353111,15000,2026-06-12 13:23:00,VICTIM_CITY,13
WTH_01824,TXN_00890,ATM_140,22.574554,88.353111,9000,2026-06-12 13:28:00,VICTIM_CITY,13
WTH_01825,TXN_00890,ATM_140,22.574554,88.353111,10000,2026-06-12 13:29:00,VICTIM_CITY,13
WTH_01028,TXN_00497,ATM_058,12.965444,77.60425,6500,2026-06-12 13:30:00,SYNDICATE_HUB,13
WTH_01029,TXN_00497,ATM_058,12.965444,77.60425,15000,2026-06-12 13:33:00,SYNDICATE_HUB,13
WTH_04779,TXN_02335,ATM_144,11.013157,76.96992,13500,2026-06-12 13:50:00,VICTIM_CITY,13
WTH_04780,TXN_02335,ATM_144,11.013157,76.96992,15000,2026-06-12 14:00:00,VICTIM_CITY,14
WTH_04781,TXN_02336,ATM_116,14.427993,79.990829,10500,2026-06-12 15:13:00,SYNDICATE_HUB,15
WTH_04784,TXN_02338,ATM_012,28.461121,76.992406,15000,2026-06-12 16:17:00,SYNDICATE_HUB,16
WTH_04782,TXN_02337,ATM_060,13.00817,77.618662,5500,2026-06-12 16:43:00,SYNDICATE_HUB,16
WTH_04783,TXN_02337,ATM_060,13.00817,77.618662,15000,2026-06-12 16:47:00,SYNDICATE_HUB,16
WTH_01030,TXN_00498,ATM_087,13.080541,80.280252,15000,2026-06-12 16:49:00,SYNDICATE_HUB,16
WTH_01032,TXN_00498,ATM_087,13.080541,80.280252,15000,2026-06-12 16:55:00,SYNDICATE_HUB,16
WTH_01031,TXN_00498,ATM_087,13.080541,80.280252,15000,2026-06-12 17:00:00,SYNDICATE_HUB,17
WTH_00698,TXN_00331,ATM_102,13.153029,78.149361,4000,2026-06-12 17:12:00,SYNDICATE_HUB,17
WTH_00699,TXN_00331,ATM_102,13.153029,78.149361,15000,2026-06-12 17:18:00,SYNDICATE_HUB,17
WTH_04785,TXN_02339,ATM_015,28.445085,77.019599,9500,2026-06-12 17:27:00,SYNDICATE_HUB,17
WTH_00696,TXN_00330,ATM_075,17.401702,78.496204,3500,2026-06-12 17:48:00,SYNDICATE_HUB,17
WTH_02939,TXN_01434,ATM_095,13.05899,80.228284,13500,2026-06-12 17:49:00,SYNDICATE_HUB,17
WTH_00697,TXN_00330,ATM_075,17.401702,78.496204,12500,2026-06-12 17:51:00,SYNDICATE_HUB,17
WTH_02940,TXN_01435,ATM_013,28.446435,77.029262,15000,2026-06-12 18:12:00,SYNDICATE_HUB,18
WTH_02941,TXN_01435,ATM_013,28.446435,77.029262,12500,2026-06-12 18:17:00,SYNDICATE_HUB,18
WTH_00624,TXN_00297,ATM_113,14.433161,80.008279,15000,2026-06-12 18:52:00,SYNDICATE_HUB,18
WTH_01033,TXN_00499,ATM_112,14.456325,79.954246,11500,2026-06-12 18:56:00,SYNDICATE_HUB,18
WTH_00625,TXN_00297,ATM_113,14.433161,80.008279,4000,2026-06-12 19:03:00,SYNDICATE_HUB,19
WTH_01034,TXN_00499,ATM_112,14.456325,79.954246,15000,2026-06-12 19:05:00,SYNDICATE_HUB,19
WTH_02943,TXN_01437,ATM_085,17.377148,78.46258,9500,2026-06-12 19:11:00,SYNDICATE_HUB,19
WTH_04141,TXN_02020,ATM_029,28.515359,77.383579,5000,2026-06-12 19:12:00,SYNDICATE_HUB,19
WTH_00626,TXN_00297,ATM_113,14.433161,80.008279,15000,2026-06-12 19:16:00,SYNDICATE_HUB,19
WTH_01035,TXN_00499,ATM_112,14.456325,79.954246,1000,2026-06-12 19:20:00,SYNDICATE_HUB,19
WTH_04142,TXN_02020,ATM_029,28.515359,77.383579,15000,2026-06-12 19:21:00,SYNDICATE_HUB,19
WTH_02942,TXN_01436,ATM_148,9.939768,76.25067,13500,2026-06-12 19:32:00,VICTIM_CITY,19
WTH_04143,TXN_02021,ATM_011,28.494676,77.021181,9500,2026-06-12 19:32:00,SYNDICATE_HUB,19
WTH_02944,TXN_01438,ATM_148,9.939768,76.25067,7500,2026-06-12 20:34:00,VICTIM_CITY,20
WTH_02946,TXN_01438,ATM_148,9.939768,76.25067,12500,2026-06-12 20:42:00,VICTIM_CITY,20
WTH_02945,TXN_01438,ATM_148,9.939768,76.25067,14500,2026-06-12 20:44:00,VICTIM_CITY,20
WTH_00627,TXN_00298,ATM_027,28.519254,77.40568,15000,2026-06-12 21:06:00,VICTIM_CITY,21
WTH_00700,TXN_00332,ATM_112,14.456325,79.954246,10000,2026-06-12 21:06:00,SYNDICATE_HUB,21
WTH_00701,TXN_00332,ATM_112,14.456325,79.954246,15000,2026-06-12 21:13:00,SYNDICATE_HUB,21
WTH_00628,TXN_00298,ATM_027,28.519254,77.40568,15000,2026-06-12 21:14:00,VICTIM_CITY,21
WTH_00702,TXN_00332,ATM_112,14.456325,79.954246,10500,2026-06-12 21:24:00,SYNDICATE_HUB,21
WTH_00703,TXN_00333,ATM_081,17.35381,78.511887,13000,2026-06-12 21:25:00,SYNDICATE_HUB,21
WTH_00629,TXN_00298,ATM_027,28.519254,77.40568,5000,2026-06-12 21:30:00,VICTIM_CITY,21
WTH_00704,TXN_00333,ATM_081,17.35381,78.511887,2500,2026-06-12 21:30:00,SYNDICATE_HUB,21
WTH_04144,TXN_02022,ATM_081,17.35381,78.511887,15000,2026-06-12 21:31:00,SYNDICATE_HUB,21
WTH_04145,TXN_02022,ATM_081,17.35381,78.511887,15000,2026-06-12 21:40:00,SYNDICATE_HUB,21
WTH_01292,TXN_00625,ATM_039,23.963893,86.798116,15000,2026-06-12 21:45:00,SYNDICATE_HUB,21
WTH_02947,TXN_01439,ATM_046,28.110942,77.014373,6500,2026-06-12 21:46:00,SYNDICATE_HUB,21
WTH_01293,TXN_00625,ATM_039,23.963893,86.798116,4500,2026-06-12 21:49:00,SYNDICATE_HUB,21
WTH_02948,TXN_01439,ATM_046,28.110942,77.014373,15000,2026-06-12 21:52:00,SYNDICATE_HUB,21
WTH_04146,TXN_02022,ATM_081,17.35381,78.511887,5000,2026-06-12 21:53:00,SYNDICATE_HUB,21
WTH_01294,TXN_00626,ATM_073,17.393316,78.511718,15000,2026-06-12 22:14:00,SYNDICATE_HUB,22
WTH_01295,TXN_00626,ATM_073,17.393316,78.511718,3000,2026-06-12 22:24:00,SYNDICATE_HUB,22
WTH_05259,TXN_02570,ATM_034,23.961348,86.818957,15000,2026-06-12 22:53:00,VICTIM_CITY,22
WTH_05260,TXN_02570,ATM_034,23.961348,86.818957,15000,2026-06-12 23:02:00,VICTIM_CITY,23
WTH_00705,TXN_00334,ATM_143,22.632325,88.309242,5500,2026-06-12 23:12:00,VICTIM_CITY,23
WTH_02952,TXN_01441,ATM_113,14.433161,80.008279,15000,2026-06-12 23:12:00,SYNDICATE_HUB,23
WTH_05261,TXN_02570,ATM_034,23.961348,86.818957,15000,2026-06-12 23:15:00,VICTIM_CITY,23
WTH_02953,TXN_01441,ATM_113,14.433161,80.008279,15000,2026-06-12 23:17:00,SYNDICATE_HUB,23
WTH_00630,TXN_00299,ATM_028,28.560244,77.413351,15000,2026-06-12 23:19:00,VICTIM_CITY,23
WTH_02900,TXN_01416,ATM_026,28.543278,77.381758,15000,2026-06-12 23:20:00,SYNDICATE_HUB,23
WTH_00706,TXN_00334,ATM_143,22.632325,88.309242,15000,2026-06-12 23:21:00,VICTIM_CITY,23
WTH_02901,TXN_01416,ATM_026,28.543278,77.381758,15000,2026-06-12 23:27:00,SYNDICATE_HUB,23
WTH_02902,TXN_01416,ATM_026,28.543278,77.381758,8500,2026-06-12 23:28:00,SYNDICATE_HUB,23
WTH_02949,TXN_01440,ATM_080,17.346878,78.50771,2500,2026-06-12 23:33:00,SYNDICATE_HUB,23
WTH_02950,TXN_01440,ATM_080,17.346878,78.50771,4500,2026-06-12 23:45:00,SYNDICATE_HUB,23
WTH_02951,TXN_01440,ATM_080,17.346878,78.50771,15000,2026-06-12 23:49:00,SYNDICATE_HUB,23
WTH_05364,TXN_02621,ATM_003,28.45388,77.020981,11500,2026-06-12 23:53:00,VICTIM_CITY,23
WTH_02954,TXN_01442,ATM_012,28.461121,76.992406,11000,2026-06-13 00:02:00,SYNDICATE_HUB,0
WTH_05365,TXN_02621,ATM_003,28.45388,77.020981,9500,2026-06-13 00:02:00,VICTIM_CITY,0
WTH_02955,TXN_01442,ATM_012,28.461121,76.992406,15000,2026-06-13 00:05:00,SYNDICATE_HUB,0
WTH_04147,TXN_02023,ATM_067,12.937606,77.609755,9500,2026-06-13 00:07:00,SYNDICATE_HUB,0
WTH_02957,TXN_01443,ATM_105,13.143941,78.194144,15000,2026-06-13 00:09:00,SYNDICATE_HUB,0
WTH_02958,TXN_01443,ATM_105,13.143941,78.194144,15000,2026-06-13 00:13:00,SYNDICATE_HUB,0
WTH_05366,TXN_02621,ATM_003,28.45388,77.020981,15000,2026-06-13 00:15:00,VICTIM_CITY,0
WTH_02956,TXN_01442,ATM_012,28.461121,76.992406,15000,2026-06-13 00:24:00,SYNDICATE_HUB,0
WTH_05367,TXN_02622,ATM_007,28.465307,76.980681,8500,2026-06-13 00:54:00,SYNDICATE_HUB,0
WTH_05368,TXN_02622,ATM_007,28.465307,76.980681,5500,2026-06-13 01:02:00,SYNDICATE_HUB,1
WTH_05265,TXN_02572,ATM_108,13.130656,78.144644,15000,2026-06-13 01:10:00,SYNDICATE_HUB,1
WTH_05369,TXN_02622,ATM_007,28.465307,76.980681,15000,2026-06-13 01:12:00,SYNDICATE_HUB,1
WTH_05266,TXN_02572,ATM_108,13.130656,78.144644,15000,2026-06-13 01:15:00,SYNDICATE_HUB,1
WTH_00707,TXN_00335,ATM_034,23.961348,86.818957,13500,2026-06-13 01:19:00,SYNDICATE_HUB,1
WTH_05262,TXN_02571,ATM_037,23.961927,86.827934,10000,2026-06-13 01:20:00,VICTIM_CITY,1
WTH_05263,TXN_02571,ATM_037,23.961927,86.827934,15000,2026-06-13 01:27:00,VICTIM_CITY,1
WTH_03803,TXN_01851,ATM_026,28.543278,77.381758,9500,2026-06-13 01:34:00,SYNDICATE_HUB,1
WTH_04651,TXN_02271,ATM_041,23.958985,86.808614,15000,2026-06-13 01:41:00,VICTIM_CITY,1
WTH_05264,TXN_02571,ATM_037,23.961927,86.827934,6000,2026-06-13 01:44:00,VICTIM_CITY,1
WTH_04652,TXN_02271,ATM_041,23.958985,86.808614,5500,2026-06-13 01:45:00,VICTIM_CITY,1
WTH_00631,TXN_00300,ATM_047,28.094959,76.988447,10500,2026-06-13 01:59:00,SYNDICATE_HUB,1
WTH_03804,TXN_01852,ATM_075,17.401702,78.496204,8500,2026-06-13 02:03:00,VICTIM_CITY,2
WTH_04148,TXN_02024,ATM_104,13.143941,78.140721,8000,2026-06-13 02:06:00,SYNDICATE_HUB,2
WTH_04149,TXN_02024,ATM_104,13.143941,78.140721,15000,2026-06-13 02:09:00,SYNDICATE_HUB,2
WTH_03805,TXN_01852,ATM_075,17.401702,78.496204,15000,2026-06-13 02:12:00,VICTIM_CITY,2
WTH_03806,TXN_01852,ATM_075,17.401702,78.496204,15000,2026-06-13 02:23:00,VICTIM_CITY,2
WTH_04150,TXN_02024,ATM_104,13.143941,78.140721,15000,2026-06-13 02:26:00,SYNDICATE_HUB,2
WTH_04653,TXN_02272,ATM_012,28.461121,76.992406,15000,2026-06-13 03:28:00,SYNDICATE_HUB,3
WTH_04654,TXN_02272,ATM_012,28.461121,76.992406,1000,2026-06-13 03:32:00,SYNDICATE_HUB,3
WTH_03807,TXN_01853,ATM_005,28.448233,77.039621,2500,2026-06-13 03:34:00,SYNDICATE_HUB,3
WTH_03808,TXN_01853,ATM_005,28.448233,77.039621,15000,2026-06-13 03:37:00,SYNDICATE_HUB,3
WTH_04655,TXN_02272,ATM_012,28.461121,76.992406,15000,2026-06-13 03:50:00,SYNDICATE_HUB,3
WTH_04151,TXN_02025,ATM_037,23.961927,86.827934,12500,2026-06-13 04:12:00,SYNDICATE_HUB,4
WTH_04152,TXN_02025,ATM_037,23.961927,86.827934,5000,2026-06-13 04:17:00,SYNDICATE_HUB,4
WTH_05370,TXN_02623,ATM_013,28.446435,77.029262,15000,2026-06-13 04:28:00,VICTIM_CITY,4
WTH_05374,TXN_02625,ATM_063,12.990379,77.664695,15000,2026-06-13 04:31:00,SYNDICATE_HUB,4
WTH_01209,TXN_00581,ATM_108,13.130656,78.144644,15000,2026-06-13 04:37:00,SYNDICATE_HUB,4
WTH_05371,TXN_02623,ATM_013,28.446435,77.029262,15000,2026-06-13 04:38:00,VICTIM_CITY,4
WTH_05375,TXN_02625,ATM_063,12.990379,77.664695,9000,2026-06-13 04:39:00,SYNDICATE_HUB,4
WTH_04153,TXN_02026,ATM_104,13.143941,78.140721,15000,2026-06-13 04:59:00,SYNDICATE_HUB,4
WTH_04656,TXN_02273,ATM_067,12.937606,77.609755,15000,2026-06-13 05:01:00,SYNDICATE_HUB,5
WTH_05372,TXN_02624,ATM_004,28.497401,77.045018,15000,2026-06-13 05:03:00,SYNDICATE_HUB,5
WTH_04154,TXN_02026,ATM_104,13.143941,78.140721,14000,2026-06-13 05:10:00,SYNDICATE_HUB,5
WTH_04155,TXN_02026,ATM_104,13.143941,78.140721,3500,2026-06-13 05:11:00,SYNDICATE_HUB,5
WTH_05373,TXN_02624,ATM_004,28.497401,77.045018,15000,2026-06-13 05:11:00,SYNDICATE_HUB,5
WTH_04657,TXN_02273,ATM_067,12.937606,77.609755,2500,2026-06-13 05:12:00,SYNDICATE_HUB,5
WTH_01208,TXN_00580,ATM_022,28.532724,77.383774,9500,2026-06-13 05:34:00,VICTIM_CITY,5
WTH_04658,TXN_02274,ATM_112,14.456325,79.954246,9000,2026-06-13 06:08:00,SYNDICATE_HUB,6
WTH_01210,TXN_00582,ATM_019,28.540513,77.343968,2000,2026-06-13 06:25:00,VICTIM_CITY,6
WTH_01211,TXN_00582,ATM_019,28.540513,77.343968,15000,2026-06-13 06:37:00,VICTIM_CITY,6
WTH_01212,TXN_00582,ATM_019,28.540513,77.343968,15000,2026-06-13 06:47:00,VICTIM_CITY,6
WTH_04659,TXN_02275,ATM_054,28.146724,76.998492,4500,2026-06-13 07:23:00,SYNDICATE_HUB,7
WTH_04660,TXN_02275,ATM_054,28.146724,76.998492,15000,2026-06-13 07:28:00,SYNDICATE_HUB,7
WTH_05254,TXN_02568,ATM_070,12.997633,77.555212,15000,2026-06-13 07:31:00,SYNDICATE_HUB,7
WTH_01213,TXN_00583,ATM_091,13.100219,80.2467,4500,2026-06-13 07:37:00,SYNDICATE_HUB,7
WTH_01214,TXN_00583,ATM_091,13.100219,80.2467,15000,2026-06-13 07:40:00,SYNDICATE_HUB,7
WTH_05255,TXN_02568,ATM_070,12.997633,77.555212,2000,2026-06-13 07:40:00,SYNDICATE_HUB,7
WTH_01523,TXN_00740,ATM_059,12.970489,77.557202,8000,2026-06-13 07:42:00,SYNDICATE_HUB,7
WTH_01524,TXN_00740,ATM_059,12.970489,77.557202,7500,2026-06-13 07:51:00,SYNDICATE_HUB,7
WTH_05253,TXN_02567,ATM_147,11.002655,76.97619,15000,2026-06-13 07:51:00,VICTIM_CITY,7
WTH_05256,TXN_02569,ATM_085,17.377148,78.46258,4000,2026-06-13 08:34:00,SYNDICATE_HUB,8
WTH_05257,TXN_02569,ATM_085,17.377148,78.46258,15000,2026-06-13 08:46:00,SYNDICATE_HUB,8
WTH_04661,TXN_02276,ATM_040,23.963968,86.771099,7000,2026-06-13 08:48:00,VICTIM_CITY,8
WTH_05258,TXN_02569,ATM_085,17.377148,78.46258,1000,2026-06-13 08:52:00,SYNDICATE_HUB,8
WTH_04662,TXN_02276,ATM_040,23.963968,86.771099,12000,2026-06-13 08:53:00,VICTIM_CITY,8
WTH_01215,TXN_00584,ATM_002,28.475045,77.063153,15000,2026-06-13 10:12:00,SYNDICATE_HUB,10
WTH_01216,TXN_00584,ATM_002,28.475045,77.063153,9000,2026-06-13 10:23:00,SYNDICATE_HUB,10
WTH_01217,TXN_00585,ATM_024,28.524445,77.416371,14000,2026-06-13 10:49:00,VICTIM_CITY,10
WTH_01218,TXN_00585,ATM_024,28.524445,77.416371,6000,2026-06-13 10:54:00,VICTIM_CITY,10
WTH_04663,TXN_02277,ATM_055,12.979842,77.592218,13000,2026-06-13 11:09:00,SYNDICATE_HUB,11
WTH_04664,TXN_02278,ATM_117,14.443511,79.973468,15000,2026-06-13 12:36:00,SYNDICATE_HUB,12
WTH_04665,TXN_02278,ATM_117,14.443511,79.973468,3000,2026-06-13 12:39:00,SYNDICATE_HUB,12
WTH_03689,TXN_01796,ATM_079,17.444705,78.501863,15000,2026-06-13 19:29:00,VICTIM_CITY,19
WTH_03690,TXN_01796,ATM_079,17.444705,78.501863,15000,2026-06-13 19:38:00,VICTIM_CITY,19
WTH_05433,TXN_02652,ATM_148,9.939768,76.25067,1500,2026-06-13 21:07:00,VICTIM_CITY,21
WTH_01079,TXN_00520,ATM_054,28.146724,76.998492,15000,2026-06-13 21:13:00,SYNDICATE_HUB,21
WTH_05434,TXN_02652,ATM_148,9.939768,76.25067,15000,2026-06-13 21:13:00,VICTIM_CITY,21
WTH_02558,TXN_01249,ATM_007,28.465307,76.980681,1500,2026-06-13 21:16:00,VICTIM_CITY,21
WTH_05435,TXN_02652,ATM_148,9.939768,76.25067,15000,2026-06-13 21:17:00,VICTIM_CITY,21
WTH_01080,TXN_00520,ATM_054,28.146724,76.998492,12500,2026-06-13 21:20:00,SYNDICATE_HUB,21
WTH_02559,TXN_01249,ATM_007,28.465307,76.980681,15000,2026-06-13 21:26:00,VICTIM_CITY,21
WTH_01081,TXN_00520,ATM_054,28.146724,76.998492,11000,2026-06-13 21:35:00,SYNDICATE_HUB,21
WTH_02936,TXN_01432,ATM_029,28.515359,77.383579,9500,2026-06-13 22:44:00,VICTIM_CITY,22
WTH_03691,TXN_01797,ATM_115,14.428294,80.000092,8500,2026-06-13 22:49:00,SYNDICATE_HUB,22
WTH_05439,TXN_02654,ATM_039,23.963893,86.798116,4500,2026-06-13 23:27:00,SYNDICATE_HUB,23
WTH_02609,TXN_01275,ATM_034,23.961348,86.818957,15000,2026-06-13 23:28:00,VICTIM_CITY,23
WTH_02607,TXN_01274,ATM_108,13.130656,78.144644,7000,2026-06-13 23:35:00,SYNDICATE_HUB,23
WTH_05436,TXN_02653,ATM_052,28.102146,76.978954,15000,2026-06-13 23:36:00,SYNDICATE_HUB,23
WTH_05440,TXN_02654,ATM_039,23.963893,86.798116,13000,2026-06-13 23:36:00,SYNDICATE_HUB,23
WTH_02937,TXN_01433,ATM_047,28.094959,76.988447,8000,2026-06-13 23:42:00,SYNDICATE_HUB,23
WTH_02608,TXN_01274,ATM_108,13.130656,78.144644,14500,2026-06-13 23:43:00,SYNDICATE_HUB,23
WTH_05437,TXN_02653,ATM_052,28.102146,76.978954,14500,2026-06-13 23:48:00,SYNDICATE_HUB,23
WTH_02938,TXN_01433,ATM_047,28.094959,76.988447,15000,2026-06-13 23:51:00,SYNDICATE_HUB,23
WTH_05438,TXN_02653,ATM_052,28.102146,76.978954,2000,2026-06-13 23:56:00,SYNDICATE_HUB,23
WTH_01084,TXN_00522,ATM_092,13.052715,80.284209,15000,2026-06-14 00:40:00,VICTIM_CITY,0
WTH_01082,TXN_00521,ATM_020,28.503624,77.395725,15000,2026-06-14 00:51:00,SYNDICATE_HUB,0
WTH_03692,TXN_01798,ATM_067,12.937606,77.609755,15000,2026-06-14 00:53:00,SYNDICATE_HUB,0
WTH_01083,TXN_00521,ATM_020,28.503624,77.395725,15000,2026-06-14 01:01:00,SYNDICATE_HUB,1
WTH_03693,TXN_01798,ATM_067,12.937606,77.609755,6500,2026-06-14 01:04:00,SYNDICATE_HUB,1
WTH_03694,TXN_01798,ATM_067,12.937606,77.609755,15000,2026-06-14 01:09:00,SYNDICATE_HUB,1
WTH_00632,TXN_00301,ATM_073,17.393316,78.511718,9000,2026-06-14 01:39:00,SYNDICATE_HUB,1
WTH_01085,TXN_00523,ATM_098,13.087549,80.281489,2500,2026-06-14 01:39:00,VICTIM_CITY,1
WTH_00633,TXN_00302,ATM_025,28.543747,77.348687,8000,2026-06-14 01:41:00,SYNDICATE_HUB,1
WTH_02610,TXN_01276,ATM_038,23.920584,86.81605,15000,2026-06-14 01:42:00,VICTIM_CITY,1
WTH_02539,TXN_01242,ATM_076,17.393016,78.497786,15000,2026-06-14 01:49:00,SYNDICATE_HUB,1
WTH_01086,TXN_00523,ATM_098,13.087549,80.281489,15000,2026-06-14 01:50:00,VICTIM_CITY,1
WTH_00634,TXN_00302,ATM_025,28.543747,77.348687,15000,2026-06-14 01:53:00,SYNDICATE_HUB,1
WTH_02611,TXN_01276,ATM_038,23.920584,86.81605,12500,2026-06-14 01:54:00,VICTIM_CITY,1
WTH_01087,TXN_00523,ATM_098,13.087549,80.281489,15000,2026-06-14 01:55:00,VICTIM_CITY,1
WTH_02612,TXN_01276,ATM_038,23.920584,86.81605,15000,2026-06-14 01:56:00,VICTIM_CITY,1
WTH_02540,TXN_01242,ATM_076,17.393016,78.497786,1000,2026-06-14 01:57:00,SYNDICATE_HUB,1
WTH_02541,TXN_01242,ATM_076,17.393016,78.497786,15000,2026-06-14 02:03:00,SYNDICATE_HUB,2
WTH_05441,TXN_02655,ATM_096,13.070198,80.294679,14000,2026-06-14 02:52:00,SYNDICATE_HUB,2
WTH_00635,TXN_00303,ATM_009,28.435192,77.034142,4500,2026-06-14 02:54:00,VICTIM_CITY,2
WTH_00636,TXN_00303,ATM_009,28.435192,77.034142,15000,2026-06-14 02:57:00,VICTIM_CITY,2
WTH_01088,TXN_00524,ATM_061,12.996913,77.5655,15000,2026-06-14 02:57:00,SYNDICATE_HUB,2
WTH_00637,TXN_00303,ATM_009,28.435192,77.034142,7500,2026-06-14 03:06:00,VICTIM_CITY,3
WTH_02613,TXN_01277,ATM_036,23.968282,86.827509,15000,2026-06-14 03:38:00,VICTIM_CITY,3
WTH_03695,TXN_01799,ATM_048,28.101158,76.96573,7500,2026-06-14 03:42:00,SYNDICATE_HUB,3
WTH_03696,TXN_01799,ATM_048,28.101158,76.96573,15000,2026-06-14 03:45:00,SYNDICATE_HUB,3
WTH_02614,TXN_01277,ATM_036,23.968282,86.827509,13500,2026-06-14 03:49:00,VICTIM_CITY,3
WTH_02542,TXN_01243,ATM_032,23.944799,86.783761,15000,2026-06-14 04:13:00,VICTIM_CITY,4
WTH_02618,TXN_01279,ATM_036,23.968282,86.827509,1500,2026-06-14 04:14:00,VICTIM_CITY,4
WTH_02620,TXN_01279,ATM_036,23.968282,86.827509,15000,2026-06-14 04:20:00,VICTIM_CITY,4
WTH_03697,TXN_01800,ATM_090,13.07529,80.346865,9000,2026-06-14 04:21:00,SYNDICATE_HUB,4
WTH_01089,TXN_00525,ATM_109,13.123335,78.128711,11000,2026-06-14 04:23:00,SYNDICATE_HUB,4
WTH_02543,TXN_01243,ATM_032,23.944799,86.783761,15000,2026-06-14 04:23:00,VICTIM_CITY,4
WTH_02544,TXN_01243,ATM_032,23.944799,86.783761,8500,2026-06-14 04:23:00,VICTIM_CITY,4
WTH_02619,TXN_01279,ATM_036,23.968282,86.827509,5000,2026-06-14 04:26:00,VICTIM_CITY,4
WTH_03698,TXN_01800,ATM_090,13.07529,80.346865,15000,2026-06-14 04:26:00,SYNDICATE_HUB,4
WTH_01090,TXN_00525,ATM_109,13.123335,78.128711,15000,2026-06-14 04:27:00,SYNDICATE_HUB,4
WTH_03699,TXN_01800,ATM_090,13.07529,80.346865,15000,2026-06-14 04:39:00,SYNDICATE_HUB,4
WTH_05442,TXN_02656,ATM_148,9.939768,76.25067,15000,2026-06-14 04:43:00,VICTIM_CITY,4
WTH_05444,TXN_02656,ATM_148,9.939768,76.25067,15000,2026-06-14 04:49:00,VICTIM_CITY,4
WTH_02615,TXN_01278,ATM_026,28.543278,77.381758,15000,2026-06-14 04:50:00,SYNDICATE_HUB,4
WTH_05443,TXN_02656,ATM_148,9.939768,76.25067,5500,2026-06-14 04:51:00,VICTIM_CITY,4
WTH_02616,TXN_01278,ATM_026,28.543278,77.381758,15000,2026-06-14 04:57:00,SYNDICATE_HUB,4
WTH_02617,TXN_01278,ATM_026,28.543278,77.381758,2000,2026-06-14 05:02:00,SYNDICATE_HUB,5
WTH_02621,TXN_01280,ATM_065,12.974789,77.578489,8500,2026-06-14 05:41:00,SYNDICATE_HUB,5
WTH_02622,TXN_01280,ATM_065,12.974789,77.578489,15000,2026-06-14 05:44:00,SYNDICATE_HUB,5
WTH_03700,TXN_01801,ATM_055,12.979842,77.592218,1000,2026-06-14 05:44:00,SYNDICATE_HUB,5
WTH_03637,TXN_01769,ATM_119,14.402097,79.990229,9500,2026-06-14 05:52:00,SYNDICATE_HUB,5
WTH_03701,TXN_01801,ATM_055,12.979842,77.592218,14500,2026-06-14 05:56:00,SYNDICATE_HUB,5
WTH_02623,TXN_01281,ATM_082,17.422075,78.460438,14000,2026-06-14 05:58:00,SYNDICATE_HUB,5
WTH_02625,TXN_01282,ATM_088,13.090447,80.293861,15000,2026-06-14 06:02:00,SYNDICATE_HUB,6
WTH_02624,TXN_01281,ATM_082,17.422075,78.460438,7000,2026-06-14 06:03:00,SYNDICATE_HUB,6
WTH_02626,TXN_01282,ATM_088,13.090447,80.293861,15000,2026-06-14 06:10:00,SYNDICATE_HUB,6
WTH_02923,TXN_01426,ATM_012,28.461121,76.992406,15000,2026-06-14 07:01:00,SYNDICATE_HUB,7
WTH_05624,TXN_02742,ATM_102,13.153029,78.149361,15000,2026-06-14 07:06:00,SYNDICATE_HUB,7
WTH_02924,TXN_01426,ATM_012,28.461121,76.992406,15000,2026-06-14 07:11:00,SYNDICATE_HUB,7
WTH_05625,TXN_02742,ATM_102,13.153029,78.149361,6500,2026-06-14 07:16:00,SYNDICATE_HUB,7
WTH_05626,TXN_02742,ATM_102,13.153029,78.149361,3000,2026-06-14 07:20:00,SYNDICATE_HUB,7
WTH_03525,TXN_01717,ATM_128,19.021303,72.860268,12500,2026-06-14 07:41:00,VICTIM_CITY,7
WTH_03702,TXN_01802,ATM_103,13.113657,78.117495,15000,2026-06-14 07:57:00,SYNDICATE_HUB,7
WTH_03703,TXN_01802,ATM_103,13.113657,78.117495,9000,2026-06-14 08:06:00,SYNDICATE_HUB,8
WTH_02627,TXN_01283,ATM_031,23.954833,86.799929,1000,2026-06-14 08:09:00,SYNDICATE_HUB,8
WTH_03638,TXN_01770,ATM_009,28.435192,77.034142,13500,2026-06-14 08:14:00,VICTIM_CITY,8
WTH_02628,TXN_01283,ATM_031,23.954833,86.799929,14500,2026-06-14 08:16:00,SYNDICATE_HUB,8
WTH_03526,TXN_01718,ATM_012,28.461121,76.992406,15000,2026-06-14 08:17:00,SYNDICATE_HUB,8
WTH_02629,TXN_01283,ATM_031,23.954833,86.799929,15000,2026-06-14 08:19:00,SYNDICATE_HUB,8
WTH_03527,TXN_01718,ATM_012,28.461121,76.992406,1500,2026-06-14 08:28:00,SYNDICATE_HUB,8
WTH_03528,TXN_01718,ATM_012,28.461121,76.992406,15000,2026-06-14 08:29:00,SYNDICATE_HUB,8
WTH_02925,TXN_01427,ATM_010,28.437707,76.992705,2500,2026-06-14 08:43:00,SYNDICATE_HUB,8
WTH_05627,TXN_02743,ATM_081,17.35381,78.511887,15000,2026-06-14 08:45:00,VICTIM_CITY,8
WTH_02926,TXN_01427,ATM_010,28.437707,76.992705,14000,2026-06-14 08:47:00,SYNDICATE_HUB,8
WTH_05628,TXN_02743,ATM_081,17.35381,78.511887,7000,2026-06-14 08:50:00,VICTIM_CITY,8
WTH_03529,TXN_01719,ATM_125,19.139556,72.892279,15000,2026-06-14 08:52:00,VICTIM_CITY,8
WTH_03530,TXN_01719,ATM_125,19.139556,72.892279,3000,2026-06-14 08:56:00,VICTIM_CITY,8
WTH_03531,TXN_01719,ATM_125,19.139556,72.892279,3000,2026-06-14 09:12:00,VICTIM_CITY,9
WTH_03704,TXN_01803,ATM_102,13.153029,78.149361,15000,2026-06-14 09:26:00,SYNDICATE_HUB,9
WTH_03639,TXN_01771,ATM_077,17.363239,78.494132,2000,2026-06-14 09:31:00,SYNDICATE_HUB,9
WTH_03705,TXN_01803,ATM_102,13.153029,78.149361,15000,2026-06-14 09:33:00,SYNDICATE_HUB,9
WTH_03640,TXN_01771,ATM_077,17.363239,78.494132,15000,2026-06-14 09:39:00,SYNDICATE_HUB,9
WTH_03706,TXN_01803,ATM_102,13.153029,78.149361,15000,2026-06-14 09:48:00,SYNDICATE_HUB,9
WTH_05629,TXN_02744,ATM_078,17.394378,78.463841,15000,2026-06-14 11:35:00,VICTIM_CITY,11
WTH_03641,TXN_01772,ATM_011,28.494676,77.021181,15000,2026-06-14 12:10:00,VICTIM_CITY,12
WTH_02927,TXN_01428,ATM_101,13.141425,78.141473,15000,2026-06-14 12:16:00,VICTIM_CITY,12
WTH_05630,TXN_02745,ATM_107,13.150964,78.142922,12000,2026-06-14 12:17:00,SYNDICATE_HUB,12
WTH_02630,TXN_01284,ATM_038,23.920584,86.81605,15000,2026-06-14 12:18:00,VICTIM_CITY,12
WTH_02928,TXN_01428,ATM_101,13.141425,78.141473,6500,2026-06-14 12:26:00,VICTIM_CITY,12
WTH_02631,TXN_01284,ATM_038,23.920584,86.81605,1000,2026-06-14 12:29:00,VICTIM_CITY,12
WTH_02633,TXN_01285,ATM_058,12.965444,77.60425,4000,2026-06-14 12:32:00,SYNDICATE_HUB,12
WTH_02632,TXN_01284,ATM_038,23.920584,86.81605,15000,2026-06-14 12:36:00,VICTIM_CITY,12
WTH_02634,TXN_01285,ATM_058,12.965444,77.60425,15000,2026-06-14 12:37:00,SYNDICATE_HUB,12
WTH_03707,TXN_01804,ATM_076,17.393016,78.497786,9000,2026-06-14 12:41:00,VICTIM_CITY,12
WTH_02636,TXN_01286,ATM_112,14.456325,79.954246,15000,2026-06-14 12:46:00,SYNDICATE_HUB,12
WTH_02635,TXN_01285,ATM_058,12.965444,77.60425,15000,2026-06-14 12:56:00,SYNDICATE_HUB,12
WTH_05631,TXN_02746,ATM_003,28.45388,77.020981,14000,2026-06-14 13:48:00,SYNDICATE_HUB,13
WTH_03708,TXN_01805,ATM_103,13.113657,78.117495,6500,2026-06-14 13:57:00,SYNDICATE_HUB,13
WTH_05632,TXN_02746,ATM_003,28.45388,77.020981,3000,2026-06-14 13:57:00,SYNDICATE_HUB,13
WTH_03709,TXN_01805,ATM_103,13.113657,78.117495,15000,2026-06-14 14:07:00,SYNDICATE_HUB,14
WTH_03710,TXN_01805,ATM_103,13.113657,78.117495,15000,2026-06-14 14:13:00,SYNDICATE_HUB,14
WTH_03642,TXN_01773,ATM_113,14.433161,80.008279,15000,2026-06-14 14:37:00,SYNDICATE_HUB,14
WTH_03643,TXN_01773,ATM_113,14.433161,80.008279,12000,2026-06-14 14:44:00,SYNDICATE_HUB,14
WTH_03714,TXN_01807,ATM_018,28.555241,77.3617,15000,2026-06-14 14:52:00,SYNDICATE_HUB,14
WTH_03715,TXN_01807,ATM_018,28.555241,77.3617,15000,2026-06-14 15:03:00,SYNDICATE_HUB,15
WTH_02929,TXN_01429,ATM_083,17.415828,78.499909,9000,2026-06-14 15:07:00,SYNDICATE_HUB,15
WTH_03716,TXN_01807,ATM_018,28.555241,77.3617,15000,2026-06-14 15:12:00,SYNDICATE_HUB,15
WTH_03644,TXN_01774,ATM_011,28.494676,77.021181,15000,2026-06-14 15:21:00,SYNDICATE_HUB,15
WTH_03711,TXN_01806,ATM_013,28.446435,77.029262,15000,2026-06-14 15:28:00,SYNDICATE_HUB,15
WTH_03645,TXN_01774,ATM_011,28.494676,77.021181,7500,2026-06-14 15:30:00,SYNDICATE_HUB,15
WTH_03712,TXN_01806,ATM_013,28.446435,77.029262,6500,2026-06-14 15:36:00,SYNDICATE_HUB,15
WTH_03713,TXN_01806,ATM_013,28.446435,77.029262,15000,2026-06-14 15:36:00,SYNDICATE_HUB,15
WTH_04257,TXN_02078,ATM_044,28.127308,77.001575,3500,2026-06-14 15:56:00,SYNDICATE_HUB,15
WTH_05633,TXN_02747,ATM_044,28.127308,77.001575,15000,2026-06-14 15:58:00,SYNDICATE_HUB,15
WTH_04258,TXN_02078,ATM_044,28.127308,77.001575,15000,2026-06-14 16:01:00,SYNDICATE_HUB,16
WTH_05634,TXN_02747,ATM_044,28.127308,77.001575,15000,2026-06-14 16:02:00,SYNDICATE_HUB,16
WTH_03717,TXN_01808,ATM_062,13.016489,77.549741,14000,2026-06-14 16:07:00,SYNDICATE_HUB,16
WTH_04259,TXN_02078,ATM_044,28.127308,77.001575,5500,2026-06-14 16:08:00,SYNDICATE_HUB,16
WTH_05635,TXN_02747,ATM_044,28.127308,77.001575,15000,2026-06-14 16:10:00,SYNDICATE_HUB,16
WTH_05636,TXN_02748,ATM_044,28.127308,77.001575,13500,2026-06-14 16:47:00,SYNDICATE_HUB,16
WTH_03646,TXN_01775,ATM_058,12.965444,77.60425,15000,2026-06-14 16:58:00,SYNDICATE_HUB,16
WTH_03647,TXN_01775,ATM_058,12.965444,77.60425,14000,2026-06-14 17:07:00,SYNDICATE_HUB,17
WTH_04260,TXN_02079,ATM_008,28.418102,77.013105,12500,2026-06-14 17:16:00,SYNDICATE_HUB,17
WTH_04023,TXN_01961,ATM_081,17.35381,78.511887,9500,2026-06-14 17:29:00,SYNDICATE_HUB,17
WTH_04020,TXN_01960,ATM_037,23.961927,86.827934,15000,2026-06-14 17:52:00,SYNDICATE_HUB,17
WTH_04021,TXN_01960,ATM_037,23.961927,86.827934,15000,2026-06-14 17:58:00,SYNDICATE_HUB,17
WTH_04022,TXN_01960,ATM_037,23.961927,86.827934,3000,2026-06-14 18:14:00,SYNDICATE_HUB,18
WTH_03718,TXN_01809,ATM_117,14.443511,79.973468,15000,2026-06-14 18:22:00,SYNDICATE_HUB,18
WTH_03719,TXN_01809,ATM_117,14.443511,79.973468,15000,2026-06-14 18:31:00,SYNDICATE_HUB,18
WTH_03720,TXN_01809,ATM_117,14.443511,79.973468,5500,2026-06-14 18:38:00,SYNDICATE_HUB,18
WTH_03721,TXN_01810,ATM_037,23.961927,86.827934,9500,2026-06-14 18:54:00,SYNDICATE_HUB,18
WTH_04261,TXN_02080,ATM_081,17.35381,78.511887,9500,2026-06-14 18:56:00,VICTIM_CITY,18
WTH_05637,TXN_02749,ATM_006,28.448378,77.015422,15000,2026-06-14 18:58:00,SYNDICATE_HUB,18
WTH_03722,TXN_01811,ATM_113,14.433161,80.008279,15000,2026-06-14 19:28:00,SYNDICATE_HUB,19
WTH_03648,TXN_01776,ATM_061,12.996913,77.5655,15000,2026-06-14 19:29:00,SYNDICATE_HUB,19
WTH_03724,TXN_01812,ATM_077,17.363239,78.494132,15000,2026-06-14 19:34:00,VICTIM_CITY,19
WTH_03725,TXN_01812,ATM_077,17.363239,78.494132,5500,2026-06-14 19:37:00,VICTIM_CITY,19
WTH_03723,TXN_01811,ATM_113,14.433161,80.008279,1000,2026-06-14 19:38:00,SYNDICATE_HUB,19
WTH_03649,TXN_01776,ATM_061,12.996913,77.5655,11000,2026-06-14 19:40:00,SYNDICATE_HUB,19
WTH_03650,TXN_01776,ATM_061,12.996913,77.5655,15000,2026-06-14 19:43:00,SYNDICATE_HUB,19
WTH_00808,TXN_00389,ATM_084,17.411306,78.547397,15000,2026-06-14 19:48:00,SYNDICATE_HUB,19
WTH_00809,TXN_00389,ATM_084,17.411306,78.547397,2000,2026-06-14 19:58:00,SYNDICATE_HUB,19
WTH_00810,TXN_00389,ATM_084,17.411306,78.547397,15000,2026-06-14 19:58:00,SYNDICATE_HUB,19
WTH_05638,TXN_02750,ATM_016,28.521059,77.435455,13500,2026-06-14 19:58:00,SYNDICATE_HUB,19
WTH_03651,TXN_01777,ATM_022,28.532724,77.383774,15000,2026-06-14 20:08:00,SYNDICATE_HUB,20
WTH_03652,TXN_01777,ATM_022,28.532724,77.383774,15000,2026-06-14 20:14:00,SYNDICATE_HUB,20
WTH_04262,TXN_02081,ATM_090,13.07529,80.346865,15000,2026-06-14 20:22:00,SYNDICATE_HUB,20
WTH_03653,TXN_01777,ATM_022,28.532724,77.383774,15000,2026-06-14 20:30:00,SYNDICATE_HUB,20
WTH_04263,TXN_02081,ATM_090,13.07529,80.346865,15000,2026-06-14 20:31:00,SYNDICATE_HUB,20
WTH_05639,TXN_02751,ATM_104,13.143941,78.140721,3500,2026-06-14 20:45:00,SYNDICATE_HUB,20
WTH_04264,TXN_02081,ATM_090,13.07529,80.346865,15000,2026-06-14 20:46:00,SYNDICATE_HUB,20
WTH_05640,TXN_02751,ATM_104,13.143941,78.140721,15000,2026-06-14 20:49:00,SYNDICATE_HUB,20
WTH_01568,TXN_00765,ATM_034,23.961348,86.818957,15000,2026-06-14 21:08:00,SYNDICATE_HUB,21
WTH_01569,TXN_00765,ATM_034,23.961348,86.818957,15000,2026-06-14 21:16:00,SYNDICATE_HUB,21
WTH_01570,TXN_00765,ATM_034,23.961348,86.818957,15000,2026-06-14 21:26:00,SYNDICATE_HUB,21
WTH_02312,TXN_01131,ATM_118,14.485479,79.999178,15000,2026-06-14 21:34:00,VICTIM_CITY,21
WTH_01571,TXN_00766,ATM_111,14.488893,79.949155,13500,2026-06-14 21:38:00,SYNDICATE_HUB,21
WTH_02313,TXN_01131,ATM_118,14.485479,79.999178,5000,2026-06-14 21:46:00,VICTIM_CITY,21
WTH_05641,TXN_02752,ATM_081,17.35381,78.511887,3500,2026-06-14 22:31:00,VICTIM_CITY,22
WTH_05642,TXN_02752,ATM_081,17.35381,78.511887,15000,2026-06-14 22:38:00,VICTIM_CITY,22
WTH_05643,TXN_02752,ATM_081,17.35381,78.511887,15000,2026-06-14 22:51:00,VICTIM_CITY,22
WTH_01572,TXN_00767,ATM_051,28.080693,76.986587,15000,2026-06-14 22:54:00,VICTIM_CITY,22
WTH_01573,TXN_00768,ATM_048,28.101158,76.96573,10500,2026-06-14 23:12:00,VICTIM_CITY,23
WTH_01575,TXN_00768,ATM_048,28.101158,76.96573,15000,2026-06-14 23:20:00,VICTIM_CITY,23
WTH_01574,TXN_00768,ATM_048,28.101158,76.96573,14000,2026-06-14 23:24:00,VICTIM_CITY,23
WTH_04265,TXN_02082,ATM_102,13.153029,78.149361,9500,2026-06-14 23:36:00,SYNDICATE_HUB,23
WTH_05644,TXN_02753,ATM_059,12.970489,77.557202,11000,2026-06-14 23:59:00,SYNDICATE_HUB,23
WTH_05645,TXN_02753,ATM_059,12.970489,77.557202,9500,2026-06-15 00:02:00,SYNDICATE_HUB,0
WTH_02314,TXN_01132,ATM_114,14.443886,79.964945,6000,2026-06-15 00:25:00,SYNDICATE_HUB,0
WTH_02315,TXN_01132,ATM_114,14.443886,79.964945,15000,2026-06-15 00:31:00,SYNDICATE_HUB,0
WTH_04156,TXN_02027,ATM_110,14.432893,79.988137,15000,2026-06-15 00:33:00,SYNDICATE_HUB,0
WTH_02316,TXN_01133,ATM_115,14.428294,80.000092,15000,2026-06-15 00:41:00,VICTIM_CITY,0
WTH_04157,TXN_02027,ATM_110,14.432893,79.988137,15000,2026-06-15 00:41:00,SYNDICATE_HUB,0
WTH_02317,TXN_01133,ATM_115,14.428294,80.000092,4500,2026-06-15 00:44:00,VICTIM_CITY,0
WTH_04158,TXN_02027,ATM_110,14.432893,79.988137,4000,2026-06-15 00:53:00,SYNDICATE_HUB,0
WTH_02318,TXN_01133,ATM_115,14.428294,80.000092,3000,2026-06-15 01:01:00,VICTIM_CITY,1
WTH_04159,TXN_02028,ATM_024,28.524445,77.416371,10000,2026-06-15 01:02:00,SYNDICATE_HUB,1
WTH_05646,TXN_02754,ATM_112,14.456325,79.954246,15000,2026-06-15 02:52:00,SYNDICATE_HUB,2
WTH_05647,TXN_02754,ATM_112,14.456325,79.954246,3000,2026-06-15 02:57:00,SYNDICATE_HUB,2
WTH_03408,TXN_01658,ATM_097,13.088695,80.235819,10000,2026-06-15 02:59:00,VICTIM_CITY,2
WTH_05648,TXN_02754,ATM_112,14.456325,79.954246,1000,2026-06-15 03:00:00,SYNDICATE_HUB,3
WTH_02319,TXN_01134,ATM_086,13.057794,80.247857,7000,2026-06-15 03:05:00,SYNDICATE_HUB,3
WTH_02320,TXN_01134,ATM_086,13.057794,80.247857,4000,2026-06-15 03:13:00,SYNDICATE_HUB,3
WTH_02322,TXN_01135,ATM_105,13.143941,78.194144,8500,2026-06-15 03:15:00,SYNDICATE_HUB,3
WTH_02321,TXN_01134,ATM_086,13.057794,80.247857,15000,2026-06-15 03:17:00,SYNDICATE_HUB,3
WTH_02538,TXN_01241,ATM_054,28.146724,76.998492,14000,2026-06-15 03:17:00,SYNDICATE_HUB,3
WTH_02323,TXN_01135,ATM_105,13.143941,78.194144,15000,2026-06-15 03:25:00,SYNDICATE_HUB,3
WTH_02324,TXN_01135,ATM_105,13.143941,78.194144,15000,2026-06-15 03:27:00,SYNDICATE_HUB,3
WTH_02325,TXN_01136,ATM_049,28.114922,77.000221,15000,2026-06-15 03:58:00,SYNDICATE_HUB,3
WTH_03455,TXN_01680,ATM_013,28.446435,77.029262,12500,2026-06-15 04:03:00,SYNDICATE_HUB,4
WTH_02326,TXN_01136,ATM_049,28.114922,77.000221,1000,2026-06-15 04:06:00,SYNDICATE_HUB,4
WTH_03456,TXN_01681,ATM_093,13.076443,80.290692,12500,2026-06-15 04:07:00,SYNDICATE_HUB,4
WTH_04160,TXN_02029,ATM_038,23.920584,86.81605,14000,2026-06-15 04:09:00,SYNDICATE_HUB,4
WTH_03457,TXN_01681,ATM_093,13.076443,80.290692,6500,2026-06-15 04:16:00,SYNDICATE_HUB,4
WTH_02960,TXN_01445,ATM_107,13.150964,78.142922,5500,2026-06-15 04:39:00,SYNDICATE_HUB,4
WTH_02961,TXN_01445,ATM_107,13.150964,78.142922,15000,2026-06-15 04:47:00,SYNDICATE_HUB,4
WTH_02962,TXN_01445,ATM_107,13.150964,78.142922,15000,2026-06-15 04:57:00,SYNDICATE_HUB,4
WTH_05649,TXN_02755,ATM_073,17.393316,78.511718,15000,2026-06-15 05:00:00,VICTIM_CITY,5
WTH_05650,TXN_02755,ATM_073,17.393316,78.511718,15000,2026-06-15 05:05:00,VICTIM_CITY,5
WTH_05651,TXN_02755,ATM_073,17.393316,78.511718,15000,2026-06-15 05:22:00,VICTIM_CITY,5
WTH_02963,TXN_01446,ATM_089,13.083064,80.311399,15000,2026-06-15 06:19:00,SYNDICATE_HUB,6
WTH_02964,TXN_01446,ATM_089,13.083064,80.311399,7000,2026-06-15 06:24:00,SYNDICATE_HUB,6
WTH_03414,TXN_01661,ATM_039,23.963893,86.798116,5000,2026-06-15 06:27:00,SYNDICATE_HUB,6
WTH_02327,TXN_01137,ATM_114,14.443886,79.964945,13500,2026-06-15 06:29:00,VICTIM_CITY,6
WTH_03415,TXN_01661,ATM_039,23.963893,86.798116,15000,2026-06-15 06:33:00,SYNDICATE_HUB,6
WTH_03412,TXN_01660,ATM_038,23.920584,86.81605,8500,2026-06-15 06:34:00,SYNDICATE_HUB,6
WTH_03413,TXN_01660,ATM_038,23.920584,86.81605,6500,2026-06-15 06:38:00,SYNDICATE_HUB,6
WTH_05652,TXN_02756,ATM_075,17.401702,78.496204,14500,2026-06-15 06:47:00,SYNDICATE_HUB,6
WTH_05570,TXN_02719,ATM_070,12.997633,77.555212,12000,2026-06-15 06:50:00,VICTIM_CITY,6
WTH_05571,TXN_02719,ATM_070,12.997633,77.555212,5000,2026-06-15 06:56:00,VICTIM_CITY,6
WTH_03409,TXN_01659,ATM_102,13.153029,78.149361,6000,2026-06-15 06:58:00,SYNDICATE_HUB,6
WTH_05653,TXN_02756,ATM_075,17.401702,78.496204,1000,2026-06-15 06:58:00,SYNDICATE_HUB,6
WTH_03411,TXN_01659,ATM_102,13.153029,78.149361,15000,2026-06-15 07:04:00,SYNDICATE_HUB,7
WTH_03410,TXN_01659,ATM_102,13.153029,78.149361,15000,2026-06-15 07:05:00,SYNDICATE_HUB,7
WTH_02328,TXN_01138,ATM_112,14.456325,79.954246,15000,2026-06-15 07:12:00,VICTIM_CITY,7
WTH_03458,TXN_01682,ATM_063,12.990379,77.664695,9500,2026-06-15 07:14:00,SYNDICATE_HUB,7
WTH_02329,TXN_01138,ATM_112,14.456325,79.954246,15000,2026-06-15 07:15:00,VICTIM_CITY,7
WTH_05572,TXN_02720,ATM_056,12.910199,77.593752,15000,2026-06-15 07:37:00,SYNDICATE_HUB,7
WTH_05573,TXN_02720,ATM_056,12.910199,77.593752,15000,2026-06-15 07:41:00,SYNDICATE_HUB,7
WTH_05574,TXN_02720,ATM_056,12.910199,77.593752,6000,2026-06-15 07:47:00,SYNDICATE_HUB,7
WTH_02965,TXN_01447,ATM_103,13.113657,78.117495,9500,2026-06-15 08:05:00,SYNDICATE_HUB,8
WTH_03416,TXN_01662,ATM_002,28.475045,77.063153,2000,2026-06-15 08:29:00,SYNDICATE_HUB,8
WTH_03417,TXN_01662,ATM_002,28.475045,77.063153,15000,2026-06-15 08:35:00,SYNDICATE_HUB,8
WTH_03418,TXN_01662,ATM_002,28.475045,77.063153,1000,2026-06-15 08:35:00,SYNDICATE_HUB,8
WTH_02990,TXN_01457,ATM_118,14.485479,79.999178,7000,2026-06-15 08:45:00,SYNDICATE_HUB,8
WTH_02991,TXN_01457,ATM_118,14.485479,79.999178,15000,2026-06-15 08:56:00,SYNDICATE_HUB,8
WTH_02992,TXN_01458,ATM_015,28.445085,77.019599,9500,2026-06-15 09:17:00,SYNDICATE_HUB,9
WTH_03419,TXN_01663,ATM_112,14.456325,79.954246,15000,2026-06-15 10:05:00,SYNDICATE_HUB,10
WTH_03420,TXN_01663,ATM_112,14.456325,79.954246,15000,2026-06-15 10:15:00,SYNDICATE_HUB,10
WTH_02330,TXN_01139,ATM_001,28.471421,77.023282,15000,2026-06-15 10:28:00,SYNDICATE_HUB,10
WTH_02331,TXN_01139,ATM_001,28.471421,77.023282,1000,2026-06-15 10:34:00,SYNDICATE_HUB,10
WTH_02993,TXN_01459,ATM_057,12.973527,77.673424,15000,2026-06-15 10:44:00,SYNDICATE_HUB,10
WTH_02332,TXN_01139,ATM_001,28.471421,77.023282,15000,2026-06-15 10:50:00,SYNDICATE_HUB,10
WTH_02994,TXN_01460,ATM_009,28.435192,77.034142,15000,2026-06-15 11:18:00,SYNDICATE_HUB,11
WTH_02995,TXN_01460,ATM_009,28.435192,77.034142,14000,2026-06-15 11:22:00,SYNDICATE_HUB,11
WTH_02966,TXN_01448,ATM_084,17.411306,78.547397,7500,2026-06-15 11:25:00,SYNDICATE_HUB,11
WTH_02967,TXN_01448,ATM_084,17.411306,78.547397,2000,2026-06-15 11:33:00,SYNDICATE_HUB,11
WTH_02968,TXN_01448,ATM_084,17.411306,78.547397,15000,2026-06-15 11:49:00,SYNDICATE_HUB,11
WTH_03421,TXN_01664,ATM_019,28.540513,77.343968,9000,2026-06-15 12:41:00,SYNDICATE_HUB,12
WTH_02333,TXN_01140,ATM_074,17.345418,78.444445,15000,2026-06-15 12:43:00,SYNDICATE_HUB,12
WTH_02334,TXN_01140,ATM_074,17.345418,78.444445,9000,2026-06-15 12:52:00,SYNDICATE_HUB,12
WTH_02335,TXN_01141,ATM_119,14.402097,79.990229,15000,2026-06-15 12:57:00,VICTIM_CITY,12
WTH_02996,TXN_01461,ATM_084,17.411306,78.547397,15000,2026-06-15 13:11:00,SYNDICATE_HUB,13
WTH_02997,TXN_01461,ATM_084,17.411306,78.547397,4500,2026-06-15 13:23:00,SYNDICATE_HUB,13
WTH_02998,TXN_01462,ATM_002,28.475045,77.063153,15000,2026-06-15 13:48:00,SYNDICATE_HUB,13
WTH_02999,TXN_01462,ATM_002,28.475045,77.063153,9500,2026-06-15 13:54:00,SYNDICATE_HUB,13
WTH_03422,TXN_01665,ATM_006,28.448378,77.015422,15000,2026-06-15 13:59:00,SYNDICATE_HUB,13
WTH_02969,TXN_01449,ATM_058,12.965444,77.60425,8500,2026-06-15 14:17:00,VICTIM_CITY,14
WTH_02970,TXN_01449,ATM_058,12.965444,77.60425,15000,2026-06-15 14:29:00,VICTIM_CITY,14
WTH_02971,TXN_01449,ATM_058,12.965444,77.60425,1500,2026-06-15 14:35:00,VICTIM_CITY,14
WTH_02336,TXN_01142,ATM_112,14.456325,79.954246,15000,2026-06-15 14:38:00,VICTIM_CITY,14
WTH_02337,TXN_01142,ATM_112,14.456325,79.954246,2500,2026-06-15 14:42:00,VICTIM_CITY,14
WTH_03000,TXN_01463,ATM_112,14.456325,79.954246,2500,2026-06-15 15:00:00,SYNDICATE_HUB,15
WTH_03426,TXN_01667,ATM_051,28.080693,76.986587,2500,2026-06-15 15:00:00,SYNDICATE_HUB,15
WTH_03427,TXN_01667,ATM_051,28.080693,76.986587,15000,2026-06-15 15:05:00,SYNDICATE_HUB,15
WTH_03001,TXN_01463,ATM_112,14.456325,79.954246,15000,2026-06-15 15:10:00,SYNDICATE_HUB,15
WTH_03423,TXN_01666,ATM_074,17.345418,78.444445,15000,2026-06-15 15:22:00,SYNDICATE_HUB,15
WTH_03424,TXN_01666,ATM_074,17.345418,78.444445,13500,2026-06-15 15:30:00,SYNDICATE_HUB,15
WTH_03425,TXN_01666,ATM_074,17.345418,78.444445,15000,2026-06-15 15:38:00,SYNDICATE_HUB,15
WTH_02338,TXN_01143,ATM_041,23.958985,86.808614,15000,2026-06-15 15:52:00,SYNDICATE_HUB,15
WTH_02339,TXN_01143,ATM_041,23.958985,86.808614,15000,2026-06-15 15:55:00,SYNDICATE_HUB,15
WTH_00811,TXN_00390,ATM_047,28.094959,76.988447,9000,2026-06-15 16:25:00,VICTIM_CITY,16
WTH_02972,TXN_01450,ATM_090,13.07529,80.346865,9500,2026-06-15 16:50:00,SYNDICATE_HUB,16
WTH_02973,TXN_01451,ATM_008,28.418102,77.013105,1000,2026-06-15 16:50:00,SYNDICATE_HUB,16
WTH_00460,TXN_00223,ATM_026,28.543278,77.381758,15000,2026-06-15 16:57:00,SYNDICATE_HUB,16
WTH_02975,TXN_01451,ATM_008,28.418102,77.013105,15000,2026-06-15 16:58:00,SYNDICATE_HUB,16
WTH_00458,TXN_00222,ATM_145,11.023544,76.940855,12000,2026-06-15 17:00:00,VICTIM_CITY,17
WTH_02974,TXN_01451,ATM_008,28.418102,77.013105,15000,2026-06-15 17:01:00,SYNDICATE_HUB,17
WTH_00462,TXN_00223,ATM_026,28.543278,77.381758,14500,2026-06-15 17:03:00,SYNDICATE_HUB,17
WTH_00461,TXN_00223,ATM_026,28.543278,77.381758,10500,2026-06-15 17:07:00,SYNDICATE_HUB,17
WTH_03002,TXN_01464,ATM_068,12.942178,77.644198,13500,2026-06-15 17:08:00,SYNDICATE_HUB,17
WTH_00459,TXN_00222,ATM_145,11.023544,76.940855,8000,2026-06-15 17:12:00,VICTIM_CITY,17
WTH_02732,TXN_01336,ATM_013,28.446435,77.029262,9000,2026-06-15 18:03:00,SYNDICATE_HUB,18
WTH_02733,TXN_01336,ATM_013,28.446435,77.029262,15000,2026-06-15 18:08:00,SYNDICATE_HUB,18
WTH_03003,TXN_01465,ATM_074,17.345418,78.444445,7500,2026-06-15 18:23:00,SYNDICATE_HUB,18
WTH_02340,TXN_01144,ATM_029,28.515359,77.383579,7500,2026-06-15 18:27:00,SYNDICATE_HUB,18
WTH_03004,TXN_01465,ATM_074,17.345418,78.444445,12500,2026-06-15 18:30:00,SYNDICATE_HUB,18
WTH_02341,TXN_01144,ATM_029,28.515359,77.383579,15000,2026-06-15 18:37:00,SYNDICATE_HUB,18
WTH_02342,TXN_01144,ATM_029,28.515359,77.383579,13000,2026-06-15 18:37:00,SYNDICATE_HUB,18
WTH_03428,TXN_01668,ATM_071,17.392279,78.528529,7000,2026-06-15 18:42:00,SYNDICATE_HUB,18
WTH_03429,TXN_01668,ATM_071,17.392279,78.528529,15000,2026-06-15 18:46:00,SYNDICATE_HUB,18
WTH_02976,TXN_01452,ATM_014,28.431876,77.035617,15000,2026-06-15 19:00:00,SYNDICATE_HUB,19
WTH_00815,TXN_00392,ATM_084,17.411306,78.547397,9000,2026-06-15 19:04:00,SYNDICATE_HUB,19
WTH_00812,TXN_00391,ATM_008,28.418102,77.013105,15000,2026-06-15 19:08:00,SYNDICATE_HUB,19
WTH_02977,TXN_01452,ATM_014,28.431876,77.035617,11500,2026-06-15 19:11:00,SYNDICATE_HUB,19
WTH_00813,TXN_00391,ATM_008,28.418102,77.013105,15000,2026-06-15 19:12:00,SYNDICATE_HUB,19
WTH_02978,TXN_01452,ATM_014,28.431876,77.035617,6000,2026-06-15 19:12:00,SYNDICATE_HUB,19
WTH_00814,TXN_00391,ATM_008,28.418102,77.013105,3000,2026-06-15 19:30:00,SYNDICATE_HUB,19
WTH_03674,TXN_01787,ATM_067,12.937606,77.609755,14500,2026-06-15 19:30:00,SYNDICATE_HUB,19
WTH_02343,TXN_01145,ATM_073,17.393316,78.511718,14500,2026-06-15 19:54:00,SYNDICATE_HUB,19
WTH_02734,TXN_01337,ATM_017,28.535176,77.365615,6500,2026-06-15 20:01:00,SYNDICATE_HUB,20
WTH_02735,TXN_01337,ATM_017,28.535176,77.365615,15000,2026-06-15 20:07:00,SYNDICATE_HUB,20
WTH_03433,TXN_01670,ATM_097,13.088695,80.235819,15000,2026-06-15 20:42:00,VICTIM_CITY,20
WTH_00821,TXN_00395,ATM_118,14.485479,79.999178,14500,2026-06-15 20:45:00,SYNDICATE_HUB,20
WTH_00822,TXN_00395,ATM_118,14.485479,79.999178,6500,2026-06-15 20:49:00,SYNDICATE_HUB,20
WTH_00818,TXN_00394,ATM_054,28.146724,76.998492,7000,2026-06-15 20:50:00,SYNDICATE_HUB,20
WTH_03430,TXN_01669,ATM_090,13.07529,80.346865,12500,2026-06-15 20:54:00,VICTIM_CITY,20
WTH_03431,TXN_01669,ATM_090,13.07529,80.346865,3500,2026-06-15 20:59:00,VICTIM_CITY,20
WTH_00819,TXN_00394,ATM_054,28.146724,76.998492,8500,2026-06-15 21:00:00,SYNDICATE_HUB,21
WTH_02736,TXN_01338,ATM_034,23.961348,86.818957,15000,2026-06-15 21:00:00,SYNDICATE_HUB,21
WTH_00816,TXN_00393,ATM_030,28.54345,77.414413,15000,2026-06-15 21:02:00,SYNDICATE_HUB,21
WTH_02737,TXN_01338,ATM_034,23.961348,86.818957,2000,2026-06-15 21:03:00,SYNDICATE_HUB,21
WTH_00817,TXN_00393,ATM_030,28.54345,77.414413,3000,2026-06-15 21:05:00,SYNDICATE_HUB,21
WTH_00820,TXN_00394,ATM_054,28.146724,76.998492,15000,2026-06-15 21:06:00,SYNDICATE_HUB,21
WTH_02738,TXN_01338,ATM_034,23.961348,86.818957,12000,2026-06-15 21:10:00,SYNDICATE_HUB,21
WTH_03432,TXN_01669,ATM_090,13.07529,80.346865,15000,2026-06-15 21:14:00,VICTIM_CITY,21
WTH_03675,TXN_01788,ATM_026,28.543278,77.381758,14500,2026-06-15 22:28:00,VICTIM_CITY,22
WTH_00823,TXN_00396,ATM_099,13.057952,80.275004,15000,2026-06-15 22:38:00,VICTIM_CITY,22
WTH_02739,TXN_01339,ATM_104,13.143941,78.140721,3000,2026-06-15 22:39:00,SYNDICATE_HUB,22
WTH_02740,TXN_01339,ATM_104,13.143941,78.140721,15000,2026-06-15 22:50:00,SYNDICATE_HUB,22
WTH_03434,TXN_01671,ATM_028,28.560244,77.413351,5000,2026-06-15 23:07:00,SYNDICATE_HUB,23
WTH_04134,TXN_02016,ATM_007,28.465307,76.980681,15000,2026-06-15 23:09:00,VICTIM_CITY,23
WTH_03435,TXN_01671,ATM_028,28.560244,77.413351,15000,2026-06-15 23:11:00,SYNDICATE_HUB,23
WTH_03436,TXN_01671,ATM_028,28.560244,77.413351,6000,2026-06-15 23:15:00,SYNDICATE_HUB,23
WTH_04135,TXN_02016,ATM_007,28.465307,76.980681,8000,2026-06-15 23:17:00,VICTIM_CITY,23
WTH_02741,TXN_01340,ATM_098,13.087549,80.281489,15000,2026-06-15 23:42:00,SYNDICATE_HUB,23
WTH_02742,TXN_01340,ATM_098,13.087549,80.281489,1000,2026-06-15 23:50:00,SYNDICATE_HUB,23
WTH_04136,TXN_02017,ATM_056,12.910199,77.593752,14000,2026-06-15 23:51:00,SYNDICATE_HUB,23
WTH_02743,TXN_01340,ATM_098,13.087549,80.281489,4500,2026-06-15 23:56:00,SYNDICATE_HUB,23
WTH_05483,TXN_02676,ATM_002,28.475045,77.063153,15000,2026-06-16 00:05:00,SYNDICATE_HUB,0
WTH_05484,TXN_02676,ATM_002,28.475045,77.063153,8000,2026-06-16 00:08:00,SYNDICATE_HUB,0
WTH_04697,TXN_02293,ATM_100,13.136631,78.114212,15000,2026-06-16 00:27:00,SYNDICATE_HUB,0
WTH_03676,TXN_01789,ATM_106,13.144834,78.150669,13500,2026-06-16 00:46:00,SYNDICATE_HUB,0
WTH_03677,TXN_01790,ATM_078,17.394378,78.463841,9000,2026-06-16 00:55:00,SYNDICATE_HUB,0
WTH_03678,TXN_01790,ATM_078,17.394378,78.463841,15000,2026-06-16 01:00:00,SYNDICATE_HUB,1
WTH_02744,TXN_01341,ATM_088,13.090447,80.293861,10500,2026-06-16 01:32:00,SYNDICATE_HUB,1
WTH_02745,TXN_01342,ATM_084,17.411306,78.547397,9500,2026-06-16 01:42:00,SYNDICATE_HUB,1
WTH_00824,TXN_00397,ATM_098,13.087549,80.281489,15000,2026-06-16 01:49:00,VICTIM_CITY,1
WTH_02746,TXN_01342,ATM_084,17.411306,78.547397,7500,2026-06-16 01:49:00,SYNDICATE_HUB,1
WTH_02959,TXN_01444,ATM_052,28.102146,76.978954,9000,2026-06-16 01:57:00,SYNDICATE_HUB,1
WTH_03437,TXN_01672,ATM_116,14.427993,79.990829,8000,2026-06-16 02:26:00,SYNDICATE_HUB,2
WTH_04137,TXN_02018,ATM_032,23.944799,86.783761,9000,2026-06-16 02:27:00,SYNDICATE_HUB,2
WTH_03759,TXN_01831,ATM_131,19.042631,72.875557,15000,2026-06-16 02:31:00,VICTIM_CITY,2
WTH_03438,TXN_01672,ATM_116,14.427993,79.990829,15000,2026-06-16 02:32:00,SYNDICATE_HUB,2
WTH_03761,TXN_01831,ATM_131,19.042631,72.875557,1000,2026-06-16 02:37:00,VICTIM_CITY,2
WTH_03760,TXN_01831,ATM_131,19.042631,72.875557,15000,2026-06-16 02:38:00,VICTIM_CITY,2
WTH_04372,TXN_02130,ATM_079,17.444705,78.501863,15000,2026-06-16 02:42:00,VICTIM_CITY,2
WTH_04373,TXN_02130,ATM_079,17.444705,78.501863,11000,2026-06-16 02:46:00,VICTIM_CITY,2
WTH_04374,TXN_02130,ATM_079,17.444705,78.501863,2000,2026-06-16 02:56:00,VICTIM_CITY,2
WTH_04833,TXN_02362,ATM_008,28.418102,77.013105,15000,2026-06-16 02:57:00,VICTIM_CITY,2
WTH_04834,TXN_02362,ATM_008,28.418102,77.013105,5500,2026-06-16 03:06:00,VICTIM_CITY,3
WTH_04698,TXN_02294,ATM_014,28.431876,77.035617,13000,2026-06-16 03:09:00,SYNDICATE_HUB,3
WTH_05485,TXN_02677,ATM_013,28.446435,77.029262,15000,2026-06-16 03:12:00,SYNDICATE_HUB,3
WTH_00825,TXN_00398,ATM_024,28.524445,77.416371,11000,2026-06-16 03:18:00,SYNDICATE_HUB,3
WTH_05486,TXN_02677,ATM_013,28.446435,77.029262,15000,2026-06-16 03:18:00,SYNDICATE_HUB,3
WTH_00826,TXN_00398,ATM_024,28.524445,77.416371,13500,2026-06-16 03:21:00,SYNDICATE_HUB,3
WTH_04699,TXN_02295,ATM_073,17.393316,78.511718,9500,2026-06-16 03:38:00,VICTIM_CITY,3
WTH_00827,TXN_00398,ATM_024,28.524445,77.416371,15000,2026-06-16 03:40:00,SYNDICATE_HUB,3
WTH_04700,TXN_02295,ATM_073,17.393316,78.511718,15000,2026-06-16 03:44:00,VICTIM_CITY,3
WTH_03439,TXN_01673,ATM_019,28.540513,77.343968,15000,2026-06-16 03:46:00,SYNDICATE_HUB,3
WTH_03440,TXN_01673,ATM_019,28.540513,77.343968,1500,2026-06-16 03:56:00,SYNDICATE_HUB,3
WTH_04138,TXN_02019,ATM_092,13.052715,80.284209,15000,2026-06-16 04:04:00,SYNDICATE_HUB,4
WTH_03441,TXN_01673,ATM_019,28.540513,77.343968,15000,2026-06-16 04:06:00,SYNDICATE_HUB,4
WTH_04139,TXN_02019,ATM_092,13.052715,80.284209,3000,2026-06-16 04:08:00,SYNDICATE_HUB,4
WTH_04181,TXN_02042,ATM_040,23.963968,86.771099,15000,2026-06-16 04:11:00,SYNDICATE_HUB,4
WTH_01765,TXN_00861,ATM_110,14.432893,79.988137,9500,2026-06-16 04:17:00,SYNDICATE_HUB,4
WTH_04182,TXN_02042,ATM_040,23.963968,86.771099,1000,2026-06-16 04:17:00,SYNDICATE_HUB,4
WTH_04140,TXN_02019,ATM_092,13.052715,80.284209,15000,2026-06-16 04:22:00,SYNDICATE_HUB,4
WTH_05487,TXN_02678,ATM_014,28.431876,77.035617,9500,2026-06-16 04:27:00,SYNDICATE_HUB,4
WTH_03762,TXN_01832,ATM_110,14.432893,79.988137,15000,2026-06-16 04:31:00,SYNDICATE_HUB,4
WTH_05488,TXN_02678,ATM_014,28.431876,77.035617,15000,2026-06-16 04:32:00,SYNDICATE_HUB,4
WTH_05489,TXN_02678,ATM_014,28.431876,77.035617,15000,2026-06-16 04:41:00,SYNDICATE_HUB,4
WTH_04375,TXN_02131,ATM_106,13.144834,78.150669,15000,2026-06-16 05:00:00,SYNDICATE_HUB,5
WTH_03763,TXN_01833,ATM_096,13.070198,80.294679,10000,2026-06-16 05:30:00,SYNDICATE_HUB,5
WTH_03767,TXN_01835,ATM_013,28.446435,77.029262,14000,2026-06-16 05:31:00,SYNDICATE_HUB,5
WTH_03768,TXN_01835,ATM_013,28.446435,77.029262,1500,2026-06-16 05:34:00,SYNDICATE_HUB,5
WTH_03764,TXN_01834,ATM_058,12.965444,77.60425,14500,2026-06-16 05:47:00,SYNDICATE_HUB,5
WTH_03765,TXN_01834,ATM_058,12.965444,77.60425,15000,2026-06-16 05:50:00,SYNDICATE_HUB,5
WTH_05490,TXN_02679,ATM_006,28.448378,77.015422,13500,2026-06-16 05:52:00,VICTIM_CITY,5
WTH_04835,TXN_02363,ATM_014,28.431876,77.035617,15000,2026-06-16 05:57:00,VICTIM_CITY,5
WTH_03766,TXN_01834,ATM_058,12.965444,77.60425,14000,2026-06-16 05:59:00,SYNDICATE_HUB,5
WTH_04836,TXN_02363,ATM_014,28.431876,77.035617,1500,2026-06-16 06:02:00,VICTIM_CITY,6
WTH_01766,TXN_00862,ATM_101,13.141425,78.141473,15000,2026-06-16 06:19:00,SYNDICATE_HUB,6
WTH_04183,TXN_02043,ATM_048,28.101158,76.96573,15000,2026-06-16 06:20:00,VICTIM_CITY,6
WTH_04837,TXN_02363,ATM_014,28.431876,77.035617,4500,2026-06-16 06:21:00,VICTIM_CITY,6
WTH_01767,TXN_00862,ATM_101,13.141425,78.141473,13500,2026-06-16 06:23:00,SYNDICATE_HUB,6
WTH_04184,TXN_02044,ATM_054,28.146724,76.998492,1000,2026-06-16 06:23:00,VICTIM_CITY,6
WTH_04185,TXN_02044,ATM_054,28.146724,76.998492,15000,2026-06-16 06:32:00,VICTIM_CITY,6
WTH_04186,TXN_02044,ATM_054,28.146724,76.998492,15000,2026-06-16 06:39:00,VICTIM_CITY,6
WTH_01768,TXN_00863,ATM_115,14.428294,80.000092,2000,2026-06-16 06:49:00,SYNDICATE_HUB,6
WTH_01769,TXN_00863,ATM_115,14.428294,80.000092,15000,2026-06-16 07:00:00,SYNDICATE_HUB,7
WTH_01770,TXN_00863,ATM_115,14.428294,80.000092,13500,2026-06-16 07:03:00,SYNDICATE_HUB,7
WTH_05491,TXN_02680,ATM_012,28.461121,76.992406,15000,2026-06-16 07:08:00,VICTIM_CITY,7
WTH_04838,TXN_02364,ATM_070,12.997633,77.555212,15000,2026-06-16 07:12:00,SYNDICATE_HUB,7
WTH_04839,TXN_02364,ATM_070,12.997633,77.555212,15000,2026-06-16 07:21:00,SYNDICATE_HUB,7
WTH_04376,TXN_02132,ATM_102,13.153029,78.149361,13500,2026-06-16 07:26:00,SYNDICATE_HUB,7
WTH_04840,TXN_02364,ATM_070,12.997633,77.555212,1000,2026-06-16 07:34:00,SYNDICATE_HUB,7
WTH_04882,TXN_02387,ATM_098,13.087549,80.281489,14000,2026-06-16 08:13:00,SYNDICATE_HUB,8
WTH_04187,TXN_02045,ATM_043,28.09283,76.984965,15000,2026-06-16 08:34:00,SYNDICATE_HUB,8
WTH_04188,TXN_02045,ATM_043,28.09283,76.984965,15000,2026-06-16 08:42:00,SYNDICATE_HUB,8
WTH_04377,TXN_02133,ATM_084,17.411306,78.547397,15000,2026-06-16 08:55:00,VICTIM_CITY,8
WTH_05492,TXN_02681,ATM_033,23.9755,86.8246,12500,2026-06-16 09:24:00,SYNDICATE_HUB,9
WTH_04841,TXN_02365,ATM_010,28.437707,76.992705,1000,2026-06-16 09:38:00,VICTIM_CITY,9
WTH_04842,TXN_02365,ATM_010,28.437707,76.992705,15000,2026-06-16 09:43:00,VICTIM_CITY,9
WTH_04843,TXN_02366,ATM_031,23.954833,86.799929,14000,2026-06-16 09:50:00,SYNDICATE_HUB,9
WTH_04844,TXN_02367,ATM_076,17.393016,78.497786,15000,2026-06-16 09:52:00,SYNDICATE_HUB,9
WTH_04883,TXN_02388,ATM_142,22.617008,88.329241,2000,2026-06-16 09:58:00,VICTIM_CITY,9
WTH_04886,TXN_02390,ATM_018,28.555241,77.3617,9500,2026-06-16 10:00:00,SYNDICATE_HUB,10
WTH_04887,TXN_02390,ATM_018,28.555241,77.3617,15000,2026-06-16 10:06:00,SYNDICATE_HUB,10
WTH_04884,TXN_02388,ATM_142,22.617008,88.329241,15000,2026-06-16 10:10:00,VICTIM_CITY,10
WTH_04885,TXN_02389,ATM_138,22.545118,88.376839,9500,2026-06-16 10:16:00,VICTIM_CITY,10
WTH_04888,TXN_02390,ATM_018,28.555241,77.3617,15000,2026-06-16 10:18:00,SYNDICATE_HUB,10
WTH_04189,TXN_02046,ATM_108,13.130656,78.144644,15000,2026-06-16 10:36:00,SYNDICATE_HUB,10
WTH_04192,TXN_02047,ATM_008,28.418102,77.013105,9500,2026-06-16 10:41:00,SYNDICATE_HUB,10
WTH_04190,TXN_02046,ATM_108,13.130656,78.144644,15000,2026-06-16 10:42:00,SYNDICATE_HUB,10
WTH_04191,TXN_02046,ATM_108,13.130656,78.144644,14500,2026-06-16 10:42:00,SYNDICATE_HUB,10
WTH_04378,TXN_02134,ATM_035,23.968286,86.792578,15000,2026-06-16 11:04:00,SYNDICATE_HUB,11
WTH_04379,TXN_02134,ATM_035,23.968286,86.792578,4000,2026-06-16 11:08:00,SYNDICATE_HUB,11
WTH_04380,TXN_02134,ATM_035,23.968286,86.792578,10000,2026-06-16 11:28:00,SYNDICATE_HUB,11
WTH_05493,TXN_02682,ATM_005,28.448233,77.039621,9500,2026-06-16 11:48:00,SYNDICATE_HUB,11
WTH_05494,TXN_02682,ATM_005,28.448233,77.039621,15000,2026-06-16 11:58:00,SYNDICATE_HUB,11
WTH_04199,TXN_02050,ATM_050,28.109102,76.990308,5500,2026-06-16 12:08:00,VICTIM_CITY,12
WTH_04193,TXN_02048,ATM_100,13.136631,78.114212,15000,2026-06-16 12:09:00,SYNDICATE_HUB,12
WTH_04196,TXN_02049,ATM_010,28.437707,76.992705,15000,2026-06-16 12:11:00,SYNDICATE_HUB,12
WTH_04200,TXN_02050,ATM_050,28.109102,76.990308,15000,2026-06-16 12:15:00,VICTIM_CITY,12
WTH_04194,TXN_02048,ATM_100,13.136631,78.114212,15000,2026-06-16 12:16:00,SYNDICATE_HUB,12
WTH_04197,TXN_02049,ATM_010,28.437707,76.992705,1000,2026-06-16 12:19:00,SYNDICATE_HUB,12
WTH_04198,TXN_02049,ATM_010,28.437707,76.992705,15000,2026-06-16 12:19:00,SYNDICATE_HUB,12
WTH_04195,TXN_02048,ATM_100,13.136631,78.114212,5500,2026-06-16 12:23:00,SYNDICATE_HUB,12
WTH_04201,TXN_02050,ATM_050,28.109102,76.990308,15000,2026-06-16 12:26:00,VICTIM_CITY,12
WTH_04889,TXN_02391,ATM_138,22.545118,88.376839,8000,2026-06-16 12:40:00,VICTIM_CITY,12
WTH_04890,TXN_02391,ATM_138,22.545118,88.376839,10500,2026-06-16 12:44:00,VICTIM_CITY,12
WTH_04202,TXN_02051,ATM_025,28.543747,77.348687,15000,2026-06-16 13:09:00,SYNDICATE_HUB,13
WTH_04381,TXN_02135,ATM_006,28.448378,77.015422,15000,2026-06-16 13:16:00,SYNDICATE_HUB,13
WTH_04203,TXN_02051,ATM_025,28.543747,77.348687,15000,2026-06-16 13:17:00,SYNDICATE_HUB,13
WTH_04382,TXN_02135,ATM_006,28.448378,77.015422,1000,2026-06-16 13:20:00,SYNDICATE_HUB,13
WTH_04383,TXN_02135,ATM_006,28.448378,77.015422,15000,2026-06-16 13:34:00,SYNDICATE_HUB,13
WTH_04384,TXN_02136,ATM_084,17.411306,78.547397,15000,2026-06-16 13:48:00,VICTIM_CITY,13
WTH_04891,TXN_02392,ATM_142,22.617008,88.329241,7500,2026-06-16 14:13:00,VICTIM_CITY,14
WTH_05495,TXN_02683,ATM_080,17.346878,78.50771,10500,2026-06-16 14:17:00,SYNDICATE_HUB,14
WTH_04892,TXN_02392,ATM_142,22.617008,88.329241,12500,2026-06-16 14:18:00,VICTIM_CITY,14
WTH_04204,TXN_02052,ATM_049,28.114922,77.000221,15000,2026-06-16 15:18:00,VICTIM_CITY,15
WTH_05496,TXN_02684,ATM_008,28.418102,77.013105,15000,2026-06-16 15:25:00,SYNDICATE_HUB,15
WTH_05497,TXN_02684,ATM_008,28.418102,77.013105,2000,2026-06-16 15:37:00,SYNDICATE_HUB,15
WTH_04385,TXN_02137,ATM_010,28.437707,76.992705,15000,2026-06-16 15:46:00,SYNDICATE_HUB,15
WTH_04386,TXN_02137,ATM_010,28.437707,76.992705,15000,2026-06-16 15:55:00,SYNDICATE_HUB,15
WTH_02489,TXN_01216,ATM_096,13.070198,80.294679,15000,2026-06-16 16:18:00,VICTIM_CITY,16
WTH_05498,TXN_02685,ATM_085,17.377148,78.46258,6500,2026-06-16 16:28:00,SYNDICATE_HUB,16
WTH_02490,TXN_01216,ATM_096,13.070198,80.294679,13000,2026-06-16 16:30:00,VICTIM_CITY,16
WTH_05499,TXN_02685,ATM_085,17.377148,78.46258,11500,2026-06-16 16:38:00,SYNDICATE_HUB,16
WTH_02491,TXN_01216,ATM_096,13.070198,80.294679,4500,2026-06-16 16:40:00,VICTIM_CITY,16
WTH_04387,TXN_02138,ATM_079,17.444705,78.501863,12000,2026-06-16 16:54:00,VICTIM_CITY,16
WTH_04388,TXN_02138,ATM_079,17.444705,78.501863,8000,2026-06-16 17:02:00,VICTIM_CITY,17
WTH_04389,TXN_02138,ATM_079,17.444705,78.501863,12500,2026-06-16 17:08:00,VICTIM_CITY,17
WTH_04893,TXN_02393,ATM_068,12.942178,77.644198,1000,2026-06-16 17:17:00,SYNDICATE_HUB,17
WTH_04894,TXN_02393,ATM_068,12.942178,77.644198,15000,2026-06-16 17:25:00,SYNDICATE_HUB,17
WTH_00209,TXN_00102,ATM_011,28.494676,77.021181,15000,2026-06-16 17:27:00,SYNDICATE_HUB,17
WTH_00210,TXN_00102,ATM_011,28.494676,77.021181,9000,2026-06-16 17:32:00,SYNDICATE_HUB,17
WTH_05500,TXN_02686,ATM_077,17.363239,78.494132,15000,2026-06-16 18:23:00,SYNDICATE_HUB,18
WTH_05501,TXN_02686,ATM_077,17.363239,78.494132,1000,2026-06-16 18:33:00,SYNDICATE_HUB,18
WTH_05502,TXN_02686,ATM_077,17.363239,78.494132,4500,2026-06-16 18:45:00,SYNDICATE_HUB,18
WTH_02492,TXN_01217,ATM_095,13.05899,80.228284,9000,2026-06-16 19:21:00,VICTIM_CITY,19
WTH_00211,TXN_00103,ATM_035,23.968286,86.792578,15000,2026-06-16 19:33:00,SYNDICATE_HUB,19
WTH_05503,TXN_02687,ATM_091,13.100219,80.2467,1000,2026-06-16 19:50:00,SYNDICATE_HUB,19
WTH_05504,TXN_02687,ATM_091,13.100219,80.2467,2500,2026-06-16 19:56:00,SYNDICATE_HUB,19
WTH_05505,TXN_02687,ATM_091,13.100219,80.2467,15000,2026-06-16 20:12:00,SYNDICATE_HUB,20
WTH_00212,TXN_00104,ATM_030,28.54345,77.414413,6000,2026-06-16 20:29:00,VICTIM_CITY,20
WTH_05506,TXN_02688,ATM_012,28.461121,76.992406,15000,2026-06-16 20:35:00,SYNDICATE_HUB,20
WTH_00213,TXN_00104,ATM_030,28.54345,77.414413,15000,2026-06-16 20:36:00,VICTIM_CITY,20
WTH_00214,TXN_00104,ATM_030,28.54345,77.414413,15000,2026-06-16 20:43:00,VICTIM_CITY,20
WTH_05507,TXN_02688,ATM_012,28.461121,76.992406,15000,2026-06-16 20:47:00,SYNDICATE_HUB,20
WTH_05508,TXN_02688,ATM_012,28.461121,76.992406,8500,2026-06-16 20:51:00,SYNDICATE_HUB,20
WTH_02493,TXN_01218,ATM_061,12.996913,77.5655,2500,2026-06-16 21:04:00,SYNDICATE_HUB,21
WTH_02494,TXN_01218,ATM_061,12.996913,77.5655,15000,2026-06-16 21:07:00,SYNDICATE_HUB,21
WTH_02583,TXN_01262,ATM_054,28.146724,76.998492,15000,2026-06-16 21:13:00,SYNDICATE_HUB,21
WTH_02495,TXN_01219,ATM_087,13.080541,80.280252,9000,2026-06-16 21:39:00,VICTIM_CITY,21
WTH_02496,TXN_01219,ATM_087,13.080541,80.280252,8500,2026-06-16 21:45:00,VICTIM_CITY,21
WTH_01946,TXN_00949,ATM_090,13.07529,80.346865,7500,2026-06-16 21:55:00,SYNDICATE_HUB,21
WTH_01947,TXN_00949,ATM_090,13.07529,80.346865,15000,2026-06-16 22:06:00,SYNDICATE_HUB,22
WTH_05509,TXN_02689,ATM_017,28.535176,77.365615,15000,2026-06-16 22:36:00,SYNDICATE_HUB,22
WTH_05510,TXN_02689,ATM_017,28.535176,77.365615,5000,2026-06-16 22:40:00,SYNDICATE_HUB,22
WTH_01948,TXN_00950,ATM_113,14.433161,80.008279,15000,2026-06-16 22:57:00,VICTIM_CITY,22
WTH_01949,TXN_00950,ATM_113,14.433161,80.008279,6500,2026-06-16 23:04:00,VICTIM_CITY,23
WTH_00215,TXN_00105,ATM_019,28.540513,77.343968,15000,2026-06-16 23:05:00,SYNDICATE_HUB,23
WTH_00216,TXN_00105,ATM_019,28.540513,77.343968,6500,2026-06-16 23:09:00,SYNDICATE_HUB,23
WTH_03920,TXN_01909,ATM_132,18.959314,72.840822,15000,2026-06-16 23:09:00,VICTIM_CITY,23
WTH_05272,TXN_02575,ATM_083,17.415828,78.499909,6500,2026-06-16 23:12:00,SYNDICATE_HUB,23
WTH_03921,TXN_01909,ATM_132,18.959314,72.840822,5500,2026-06-16 23:15:00,VICTIM_CITY,23
WTH_05273,TXN_02575,ATM_083,17.415828,78.499909,10500,2026-06-16 23:21:00,SYNDICATE_HUB,23
WTH_02584,TXN_01263,ATM_135,22.560279,88.367561,15000,2026-06-16 23:30:00,VICTIM_CITY,23
WTH_02585,TXN_01263,ATM_135,22.560279,88.367561,8500,2026-06-16 23:36:00,VICTIM_CITY,23
WTH_05511,TXN_02690,ATM_085,17.377148,78.46258,15000,2026-06-16 23:37:00,SYNDICATE_HUB,23
WTH_02930,TXN_01430,ATM_034,23.961348,86.818957,15000,2026-06-16 23:57:00,SYNDICATE_HUB,23
WTH_00710,TXN_00338,ATM_106,13.144834,78.150669,4000,2026-06-16 23:58:00,SYNDICATE_HUB,23
WTH_05274,TXN_02576,ATM_019,28.540513,77.343968,15000,2026-06-17 00:03:00,SYNDICATE_HUB,0
WTH_00711,TXN_00338,ATM_106,13.144834,78.150669,15000,2026-06-17 00:05:00,SYNDICATE_HUB,0
WTH_02932,TXN_01430,ATM_034,23.961348,86.818957,3500,2026-06-17 00:05:00,SYNDICATE_HUB,0
WTH_02931,TXN_01430,ATM_034,23.961348,86.818957,15000,2026-06-17 00:08:00,SYNDICATE_HUB,0
WTH_05275,TXN_02576,ATM_019,28.540513,77.343968,15000,2026-06-17 00:09:00,SYNDICATE_HUB,0
WTH_02497,TXN_01220,ATM_099,13.057952,80.275004,15000,2026-06-17 00:25:00,VICTIM_CITY,0
WTH_02498,TXN_01220,ATM_099,13.057952,80.275004,15000,2026-06-17 00:37:00,VICTIM_CITY,0
WTH_00217,TXN_00106,ATM_012,28.461121,76.992406,10000,2026-06-17 00:46:00,SYNDICATE_HUB,0
WTH_04525,TXN_02206,ATM_106,13.144834,78.150669,15000,2026-06-17 00:49:00,VICTIM_CITY,0
WTH_04526,TXN_02206,ATM_106,13.144834,78.150669,6500,2026-06-17 00:54:00,VICTIM_CITY,0
WTH_00218,TXN_00106,ATM_012,28.461121,76.992406,8500,2026-06-17 00:56:00,SYNDICATE_HUB,0
WTH_05276,TXN_02577,ATM_114,14.443886,79.964945,6500,2026-06-17 01:28:00,SYNDICATE_HUB,1
WTH_01950,TXN_00951,ATM_032,23.944799,86.783761,15000,2026-06-17 01:33:00,SYNDICATE_HUB,1
WTH_05277,TXN_02577,ATM_114,14.443886,79.964945,6000,2026-06-17 01:34:00,SYNDICATE_HUB,1
WTH_01951,TXN_00951,ATM_032,23.944799,86.783761,15000,2026-06-17 01:44:00,SYNDICATE_HUB,1
WTH_02933,TXN_01431,ATM_007,28.465307,76.980681,15000,2026-06-17 01:44:00,SYNDICATE_HUB,1
WTH_00712,TXN_00339,ATM_032,23.944799,86.783761,13000,2026-06-17 01:46:00,SYNDICATE_HUB,1
WTH_05278,TXN_02577,ATM_114,14.443886,79.964945,15000,2026-06-17 01:48:00,SYNDICATE_HUB,1
WTH_02935,TXN_01431,ATM_007,28.465307,76.980681,13500,2026-06-17 01:52:00,SYNDICATE_HUB,1
WTH_02934,TXN_01431,ATM_007,28.465307,76.980681,15000,2026-06-17 01:54:00,SYNDICATE_HUB,1
WTH_03922,TXN_01910,ATM_036,23.968282,86.827509,11000,2026-06-17 01:57:00,SYNDICATE_HUB,1
WTH_03923,TXN_01910,ATM_036,23.968282,86.827509,9000,2026-06-17 02:04:00,SYNDICATE_HUB,2
WTH_03924,TXN_01910,ATM_036,23.968282,86.827509,15000,2026-06-17 02:09:00,SYNDICATE_HUB,2
WTH_05279,TXN_02578,ATM_085,17.377148,78.46258,15000,2026-06-17 02:18:00,SYNDICATE_HUB,2
WTH_05280,TXN_02578,ATM_085,17.377148,78.46258,15000,2026-06-17 02:29:00,SYNDICATE_HUB,2
WTH_02586,TXN_01264,ATM_057,12.973527,77.673424,1500,2026-06-17 02:33:00,SYNDICATE_HUB,2
WTH_02587,TXN_01264,ATM_057,12.973527,77.673424,15000,2026-06-17 02:40:00,SYNDICATE_HUB,2
WTH_02588,TXN_01264,ATM_057,12.973527,77.673424,15000,2026-06-17 02:53:00,SYNDICATE_HUB,2
WTH_00713,TXN_00340,ATM_074,17.345418,78.444445,13500,2026-06-17 03:23:00,SYNDICATE_HUB,3
WTH_01556,TXN_00757,ATM_004,28.497401,77.045018,9000,2026-06-17 03:33:00,SYNDICATE_HUB,3
WTH_00475,TXN_00231,ATM_053,28.105774,77.003081,15000,2026-06-17 03:41:00,SYNDICATE_HUB,3
WTH_01952,TXN_00952,ATM_119,14.402097,79.990229,15000,2026-06-17 03:45:00,SYNDICATE_HUB,3
WTH_00476,TXN_00231,ATM_053,28.105774,77.003081,10500,2026-06-17 03:49:00,SYNDICATE_HUB,3
WTH_02589,TXN_01265,ATM_140,22.574554,88.353111,15000,2026-06-17 03:59:00,VICTIM_CITY,3
WTH_00477,TXN_00231,ATM_053,28.105774,77.003081,10000,2026-06-17 04:01:00,SYNDICATE_HUB,4
WTH_00714,TXN_00341,ATM_015,28.445085,77.019599,15000,2026-06-17 04:06:00,SYNDICATE_HUB,4
WTH_02590,TXN_01265,ATM_140,22.574554,88.353111,15000,2026-06-17 04:06:00,VICTIM_CITY,4
WTH_02591,TXN_01265,ATM_140,22.574554,88.353111,15000,2026-06-17 04:21:00,VICTIM_CITY,4
WTH_01953,TXN_00953,ATM_111,14.488893,79.949155,15000,2026-06-17 04:46:00,VICTIM_CITY,4
WTH_01955,TXN_00953,ATM_111,14.488893,79.949155,15000,2026-06-17 04:52:00,VICTIM_CITY,4
WTH_01954,TXN_00953,ATM_111,14.488893,79.949155,7500,2026-06-17 04:55:00,VICTIM_CITY,4
WTH_00478,TXN_00232,ATM_106,13.144834,78.150669,14500,2026-06-17 05:08:00,SYNDICATE_HUB,5
WTH_00480,TXN_00232,ATM_106,13.144834,78.150669,15000,2026-06-17 05:14:00,SYNDICATE_HUB,5
WTH_02592,TXN_01266,ATM_063,12.990379,77.664695,15000,2026-06-17 05:16:00,SYNDICATE_HUB,5
WTH_00479,TXN_00232,ATM_106,13.144834,78.150669,6000,2026-06-17 05:19:00,SYNDICATE_HUB,5
WTH_02593,TXN_01266,ATM_063,12.990379,77.664695,15000,2026-06-17 05:24:00,SYNDICATE_HUB,5
WTH_02594,TXN_01266,ATM_063,12.990379,77.664695,15000,2026-06-17 05:40:00,SYNDICATE_HUB,5
WTH_00481,TXN_00233,ATM_010,28.437707,76.992705,15000,2026-06-17 06:33:00,SYNDICATE_HUB,6
WTH_00715,TXN_00342,ATM_031,23.954833,86.799929,15000,2026-06-17 06:38:00,VICTIM_CITY,6
WTH_00482,TXN_00233,ATM_010,28.437707,76.992705,15000,2026-06-17 06:43:00,SYNDICATE_HUB,6
WTH_00716,TXN_00342,ATM_031,23.954833,86.799929,11500,2026-06-17 06:44:00,VICTIM_CITY,6
WTH_00483,TXN_00233,ATM_010,28.437707,76.992705,15000,2026-06-17 06:47:00,SYNDICATE_HUB,6
WTH_00717,TXN_00342,ATM_031,23.954833,86.799929,2500,2026-06-17 07:02:00,VICTIM_CITY,7
WTH_00192,TXN_00094,ATM_065,12.974789,77.578489,7500,2026-06-17 07:04:00,SYNDICATE_HUB,7
WTH_00193,TXN_00094,ATM_065,12.974789,77.578489,15000,2026-06-17 07:09:00,SYNDICATE_HUB,7
WTH_00194,TXN_00094,ATM_065,12.974789,77.578489,15000,2026-06-17 07:28:00,SYNDICATE_HUB,7
WTH_02595,TXN_01267,ATM_112,14.456325,79.954246,8000,2026-06-17 07:44:00,SYNDICATE_HUB,7
WTH_00196,TXN_00096,ATM_105,13.143941,78.194144,15000,2026-06-17 07:50:00,SYNDICATE_HUB,7
WTH_02596,TXN_01267,ATM_112,14.456325,79.954246,5000,2026-06-17 07:54:00,SYNDICATE_HUB,7
WTH_00484,TXN_00234,ATM_041,23.958985,86.808614,15000,2026-06-17 07:59:00,SYNDICATE_HUB,7
WTH_02597,TXN_01267,ATM_112,14.456325,79.954246,15000,2026-06-17 08:02:00,SYNDICATE_HUB,8
WTH_00486,TXN_00234,ATM_041,23.958985,86.808614,15000,2026-06-17 08:07:00,SYNDICATE_HUB,8
WTH_00485,TXN_00234,ATM_041,23.958985,86.808614,15000,2026-06-17 08:09:00,SYNDICATE_HUB,8
WTH_00195,TXN_00095,ATM_054,28.146724,76.998492,8000,2026-06-17 08:12:00,SYNDICATE_HUB,8
WTH_02598,TXN_01268,ATM_106,13.144834,78.150669,12500,2026-06-17 08:39:00,SYNDICATE_HUB,8
WTH_00544,TXN_00262,ATM_032,23.944799,86.783761,15000,2026-06-17 08:57:00,SYNDICATE_HUB,8
WTH_00545,TXN_00262,ATM_032,23.944799,86.783761,2500,2026-06-17 09:07:00,SYNDICATE_HUB,9
WTH_00546,TXN_00262,ATM_032,23.944799,86.783761,15000,2026-06-17 09:17:00,SYNDICATE_HUB,9
WTH_00547,TXN_00263,ATM_052,28.102146,76.978954,2000,2026-06-17 09:56:00,SYNDICATE_HUB,9
WTH_00548,TXN_00263,ATM_052,28.102146,76.978954,5000,2026-06-17 09:59:00,SYNDICATE_HUB,9
WTH_00487,TXN_00235,ATM_010,28.437707,76.992705,15000,2026-06-17 10:03:00,SYNDICATE_HUB,10
WTH_00549,TXN_00263,ATM_052,28.102146,76.978954,15000,2026-06-17 10:20:00,SYNDICATE_HUB,10
WTH_00197,TXN_00097,ATM_103,13.113657,78.117495,13500,2026-06-17 10:46:00,SYNDICATE_HUB,10
WTH_00488,TXN_00236,ATM_060,13.00817,77.618662,15000,2026-06-17 10:55:00,SYNDICATE_HUB,10
WTH_00489,TXN_00236,ATM_060,13.00817,77.618662,15000,2026-06-17 11:07:00,SYNDICATE_HUB,11
WTH_00198,TXN_00098,ATM_018,28.555241,77.3617,1500,2026-06-17 12:27:00,SYNDICATE_HUB,12
WTH_00490,TXN_00237,ATM_066,12.921979,77.596794,15000,2026-06-17 12:29:00,VICTIM_CITY,12
WTH_00200,TXN_00098,ATM_018,28.555241,77.3617,15000,2026-06-17 12:33:00,SYNDICATE_HUB,12
WTH_00201,TXN_00099,ATM_007,28.465307,76.980681,15000,2026-06-17 12:36:00,SYNDICATE_HUB,12
WTH_00491,TXN_00237,ATM_066,12.921979,77.596794,15000,2026-06-17 12:36:00,VICTIM_CITY,12
WTH_00199,TXN_00098,ATM_018,28.555241,77.3617,2500,2026-06-17 12:37:00,SYNDICATE_HUB,12
WTH_00202,TXN_00099,ATM_007,28.465307,76.980681,15000,2026-06-17 12:42:00,SYNDICATE_HUB,12
WTH_00203,TXN_00099,ATM_007,28.465307,76.980681,15000,2026-06-17 12:42:00,SYNDICATE_HUB,12
WTH_00204,TXN_00100,ATM_062,13.016489,77.549741,15000,2026-06-17 14:34:00,SYNDICATE_HUB,14
WTH_00205,TXN_00100,ATM_062,13.016489,77.549741,15000,2026-06-17 14:45:00,SYNDICATE_HUB,14
WTH_00492,TXN_00238,ATM_113,14.433161,80.008279,9000,2026-06-17 15:11:00,SYNDICATE_HUB,15
WTH_00206,TXN_00101,ATM_071,17.392279,78.528529,15000,2026-06-17 16:51:00,SYNDICATE_HUB,16
WTH_00207,TXN_00101,ATM_071,17.392279,78.528529,15000,2026-06-17 16:58:00,SYNDICATE_HUB,16
WTH_00208,TXN_00101,ATM_071,17.392279,78.528529,15000,2026-06-17 17:07:00,SYNDICATE_HUB,17
WTH_02228,TXN_01088,ATM_083,17.415828,78.499909,15000,2026-06-17 19:05:00,SYNDICATE_HUB,19
WTH_02229,TXN_01088,ATM_083,17.415828,78.499909,5000,2026-06-17 19:08:00,SYNDICATE_HUB,19
WTH_01229,TXN_00591,ATM_001,28.471421,77.023282,15000,2026-06-17 21:14:00,VICTIM_CITY,21
WTH_01230,TXN_00591,ATM_001,28.471421,77.023282,15000,2026-06-17 21:23:00,VICTIM_CITY,21
WTH_01231,TXN_00591,ATM_001,28.471421,77.023282,15000,2026-06-17 21:26:00,VICTIM_CITY,21
WTH_02230,TXN_01089,ATM_032,23.944799,86.783761,15000,2026-06-17 21:38:00,SYNDICATE_HUB,21
WTH_01232,TXN_00592,ATM_093,13.076443,80.290692,1000,2026-06-17 23:15:00,SYNDICATE_HUB,23
WTH_01233,TXN_00592,ATM_093,13.076443,80.290692,13500,2026-06-17 23:23:00,SYNDICATE_HUB,23
WTH_01234,TXN_00592,ATM_093,13.076443,80.290692,15000,2026-06-17 23:31:00,SYNDICATE_HUB,23
WTH_00095,TXN_00044,ATM_057,12.973527,77.673424,1000,2026-06-17 23:59:00,SYNDICATE_HUB,23
WTH_00096,TXN_00044,ATM_057,12.973527,77.673424,15000,2026-06-18 00:09:00,SYNDICATE_HUB,0
WTH_00097,TXN_00044,ATM_057,12.973527,77.673424,15000,2026-06-18 00:11:00,SYNDICATE_HUB,0
WTH_01235,TXN_00593,ATM_069,12.946536,77.584294,2500,2026-06-18 00:37:00,SYNDICATE_HUB,0
WTH_01236,TXN_00593,ATM_069,12.946536,77.584294,15000,2026-06-18 00:41:00,SYNDICATE_HUB,0
WTH_01441,TXN_00699,ATM_070,12.997633,77.555212,15000,2026-06-18 00:59:00,SYNDICATE_HUB,0
WTH_01442,TXN_00699,ATM_070,12.997633,77.555212,11000,2026-06-18 01:05:00,SYNDICATE_HUB,1
WTH_01443,TXN_00699,ATM_070,12.997633,77.555212,5500,2026-06-18 01:07:00,SYNDICATE_HUB,1
WTH_00098,TXN_00045,ATM_068,12.942178,77.644198,10000,2026-06-18 01:23:00,SYNDICATE_HUB,1
WTH_01287,TXN_00623,ATM_027,28.519254,77.40568,15000,2026-06-18 01:34:00,SYNDICATE_HUB,1
WTH_01288,TXN_00623,ATM_027,28.519254,77.40568,1500,2026-06-18 01:46:00,SYNDICATE_HUB,1
WTH_00032,TXN_00016,ATM_099,13.057952,80.275004,15000,2026-06-18 02:09:00,SYNDICATE_HUB,2
WTH_01444,TXN_00700,ATM_088,13.090447,80.293861,14500,2026-06-18 02:10:00,SYNDICATE_HUB,2
WTH_00033,TXN_00016,ATM_099,13.057952,80.275004,15000,2026-06-18 02:19:00,SYNDICATE_HUB,2
WTH_00034,TXN_00016,ATM_099,13.057952,80.275004,15000,2026-06-18 02:19:00,SYNDICATE_HUB,2
WTH_01289,TXN_00624,ATM_019,28.540513,77.343968,15000,2026-06-18 02:25:00,SYNDICATE_HUB,2
WTH_01290,TXN_00624,ATM_019,28.540513,77.343968,15000,2026-06-18 02:35:00,SYNDICATE_HUB,2
WTH_01291,TXN_00624,ATM_019,28.540513,77.343968,2500,2026-06-18 02:35:00,SYNDICATE_HUB,2
WTH_05674,TXN_02767,ATM_009,28.435192,77.034142,15000,2026-06-18 02:43:00,SYNDICATE_HUB,2
WTH_01445,TXN_00701,ATM_004,28.497401,77.045018,15000,2026-06-18 02:47:00,SYNDICATE_HUB,2
WTH_05675,TXN_02767,ATM_009,28.435192,77.034142,12000,2026-06-18 02:50:00,SYNDICATE_HUB,2
WTH_01446,TXN_00701,ATM_004,28.497401,77.045018,10000,2026-06-18 02:55:00,SYNDICATE_HUB,2
WTH_01447,TXN_00701,ATM_004,28.497401,77.045018,10000,2026-06-18 02:57:00,SYNDICATE_HUB,2
WTH_04104,TXN_02000,ATM_146,11.011805,76.943968,15000,2026-06-18 03:05:00,VICTIM_CITY,3
WTH_04105,TXN_02000,ATM_146,11.011805,76.943968,3000,2026-06-18 03:14:00,VICTIM_CITY,3
WTH_04106,TXN_02001,ATM_147,11.002655,76.97619,15000,2026-06-18 03:39:00,VICTIM_CITY,3
WTH_00099,TXN_00046,ATM_010,28.437707,76.992705,13500,2026-06-18 04:19:00,VICTIM_CITY,4
WTH_01448,TXN_00702,ATM_023,28.500015,77.373724,15000,2026-06-18 04:40:00,VICTIM_CITY,4
WTH_05676,TXN_02768,ATM_015,28.445085,77.019599,15000,2026-06-18 04:40:00,SYNDICATE_HUB,4
WTH_05677,TXN_02768,ATM_015,28.445085,77.019599,4000,2026-06-18 04:43:00,SYNDICATE_HUB,4
WTH_01449,TXN_00702,ATM_023,28.500015,77.373724,7000,2026-06-18 04:49:00,VICTIM_CITY,4
WTH_05678,TXN_02768,ATM_015,28.445085,77.019599,15000,2026-06-18 05:02:00,SYNDICATE_HUB,5
WTH_04108,TXN_02003,ATM_147,11.002655,76.97619,14000,2026-06-18 05:45:00,VICTIM_CITY,5
WTH_04107,TXN_02002,ATM_030,28.54345,77.414413,15000,2026-06-18 05:50:00,SYNDICATE_HUB,5
WTH_00100,TXN_00047,ATM_047,28.094959,76.988447,15000,2026-06-18 05:52:00,SYNDICATE_HUB,5
WTH_05110,TXN_02499,ATM_046,28.110942,77.014373,7000,2026-06-18 06:12:00,SYNDICATE_HUB,6
WTH_05111,TXN_02499,ATM_046,28.110942,77.014373,12500,2026-06-18 06:19:00,SYNDICATE_HUB,6
WTH_05112,TXN_02499,ATM_046,28.110942,77.014373,14500,2026-06-18 06:28:00,SYNDICATE_HUB,6
WTH_01450,TXN_00703,ATM_027,28.519254,77.40568,15000,2026-06-18 06:30:00,SYNDICATE_HUB,6
WTH_05679,TXN_02769,ATM_109,13.123335,78.128711,9500,2026-06-18 06:37:00,VICTIM_CITY,6
WTH_01451,TXN_00703,ATM_027,28.519254,77.40568,15000,2026-06-18 06:41:00,SYNDICATE_HUB,6
WTH_05680,TXN_02769,ATM_109,13.123335,78.128711,13000,2026-06-18 06:49:00,VICTIM_CITY,6
WTH_05113,TXN_02500,ATM_105,13.143941,78.194144,15000,2026-06-18 06:50:00,VICTIM_CITY,6
WTH_05681,TXN_02769,ATM_109,13.123335,78.128711,15000,2026-06-18 06:51:00,VICTIM_CITY,6
WTH_01452,TXN_00703,ATM_027,28.519254,77.40568,8500,2026-06-18 06:52:00,SYNDICATE_HUB,6
WTH_05114,TXN_02500,ATM_105,13.143941,78.194144,15000,2026-06-18 06:58:00,VICTIM_CITY,6
WTH_04109,TXN_02004,ATM_047,28.094959,76.988447,15000,2026-06-18 07:15:00,SYNDICATE_HUB,7
WTH_04110,TXN_02004,ATM_047,28.094959,76.988447,5500,2026-06-18 07:26:00,SYNDICATE_HUB,7
WTH_00101,TXN_00048,ATM_015,28.445085,77.019599,15000,2026-06-18 07:30:00,VICTIM_CITY,7
WTH_00102,TXN_00048,ATM_015,28.445085,77.019599,7500,2026-06-18 07:42:00,VICTIM_CITY,7
WTH_04112,TXN_02006,ATM_146,11.011805,76.943968,15000,2026-06-18 08:03:00,VICTIM_CITY,8
WTH_05682,TXN_02770,ATM_103,13.113657,78.117495,15000,2026-06-18 08:45:00,VICTIM_CITY,8
WTH_05684,TXN_02770,ATM_103,13.113657,78.117495,1500,2026-06-18 08:51:00,VICTIM_CITY,8
WTH_04111,TXN_02005,ATM_034,23.961348,86.818957,15000,2026-06-18 08:55:00,SYNDICATE_HUB,8
WTH_05683,TXN_02770,ATM_103,13.113657,78.117495,15000,2026-06-18 08:57:00,VICTIM_CITY,8
WTH_01453,TXN_00704,ATM_103,13.113657,78.117495,15000,2026-06-18 09:45:00,SYNDICATE_HUB,9
WTH_01455,TXN_00704,ATM_103,13.113657,78.117495,15000,2026-06-18 09:51:00,SYNDICATE_HUB,9
WTH_01454,TXN_00704,ATM_103,13.113657,78.117495,1000,2026-06-18 09:53:00,SYNDICATE_HUB,9
WTH_01456,TXN_00705,ATM_107,13.150964,78.142922,14000,2026-06-18 09:53:00,SYNDICATE_HUB,9
WTH_05118,TXN_02502,ATM_119,14.402097,79.990229,15000,2026-06-18 09:58:00,SYNDICATE_HUB,9
WTH_05115,TXN_02501,ATM_108,13.130656,78.144644,15000,2026-06-18 10:00:00,VICTIM_CITY,10
WTH_05116,TXN_02501,ATM_108,13.130656,78.144644,15000,2026-06-18 10:06:00,VICTIM_CITY,10
WTH_05119,TXN_02502,ATM_119,14.402097,79.990229,9000,2026-06-18 10:07:00,SYNDICATE_HUB,10
WTH_05117,TXN_02501,ATM_108,13.130656,78.144644,1000,2026-06-18 10:14:00,VICTIM_CITY,10
WTH_01457,TXN_00706,ATM_017,28.535176,77.365615,6500,2026-06-18 11:10:00,VICTIM_CITY,11
WTH_01459,TXN_00706,ATM_017,28.535176,77.365615,1000,2026-06-18 11:16:00,VICTIM_CITY,11
WTH_01458,TXN_00706,ATM_017,28.535176,77.365615,15000,2026-06-18 11:18:00,VICTIM_CITY,11
WTH_04113,TXN_02007,ATM_001,28.471421,77.023282,15000,2026-06-18 11:39:00,SYNDICATE_HUB,11
WTH_04114,TXN_02007,ATM_001,28.471421,77.023282,1000,2026-06-18 11:46:00,SYNDICATE_HUB,11
WTH_05120,TXN_02503,ATM_073,17.393316,78.511718,10000,2026-06-18 12:50:00,SYNDICATE_HUB,12
WTH_04115,TXN_02008,ATM_145,11.023544,76.940855,5500,2026-06-18 13:21:00,VICTIM_CITY,13
WTH_05121,TXN_02504,ATM_012,28.461121,76.992406,1000,2026-06-18 13:21:00,SYNDICATE_HUB,13
WTH_05122,TXN_02504,ATM_012,28.461121,76.992406,2000,2026-06-18 13:25:00,SYNDICATE_HUB,13
WTH_04116,TXN_02008,ATM_145,11.023544,76.940855,15000,2026-06-18 13:27:00,VICTIM_CITY,13
WTH_05123,TXN_02504,ATM_012,28.461121,76.992406,15000,2026-06-18 13:41:00,SYNDICATE_HUB,13
WTH_05124,TXN_02505,ATM_013,28.446435,77.029262,15000,2026-06-18 13:48:00,SYNDICATE_HUB,13
WTH_05125,TXN_02505,ATM_013,28.446435,77.029262,15000,2026-06-18 13:54:00,SYNDICATE_HUB,13
WTH_05126,TXN_02505,ATM_013,28.446435,77.029262,15000,2026-06-18 13:54:00,SYNDICATE_HUB,13
WTH_01460,TXN_00707,ATM_087,13.080541,80.280252,15000,2026-06-18 14:17:00,SYNDICATE_HUB,14
WTH_01461,TXN_00707,ATM_087,13.080541,80.280252,15000,2026-06-18 14:22:00,SYNDICATE_HUB,14
WTH_01462,TXN_00707,ATM_087,13.080541,80.280252,3000,2026-06-18 14:39:00,SYNDICATE_HUB,14
WTH_01463,TXN_00708,ATM_018,28.555241,77.3617,11000,2026-06-18 15:45:00,SYNDICATE_HUB,15
WTH_01464,TXN_00709,ATM_039,23.963893,86.798116,15000,2026-06-18 16:08:00,SYNDICATE_HUB,16
WTH_01465,TXN_00709,ATM_039,23.963893,86.798116,2500,2026-06-18 16:20:00,SYNDICATE_HUB,16
WTH_01466,TXN_00709,ATM_039,23.963893,86.798116,15000,2026-06-18 16:20:00,SYNDICATE_HUB,16
WTH_04117,TXN_02009,ATM_146,11.011805,76.943968,15000,2026-06-18 16:30:00,VICTIM_CITY,16
WTH_04118,TXN_02009,ATM_146,11.011805,76.943968,9500,2026-06-18 16:33:00,VICTIM_CITY,16
WTH_04119,TXN_02009,ATM_146,11.011805,76.943968,15000,2026-06-18 16:48:00,VICTIM_CITY,16
WTH_04120,TXN_02010,ATM_144,11.013157,76.96992,15000,2026-06-18 17:52:00,VICTIM_CITY,17
WTH_04121,TXN_02010,ATM_144,11.013157,76.96992,6000,2026-06-18 17:56:00,VICTIM_CITY,17
WTH_04122,TXN_02010,ATM_144,11.013157,76.96992,15000,2026-06-18 18:06:00,VICTIM_CITY,18
WTH_03201,TXN_01561,ATM_097,13.088695,80.235819,15000,2026-06-18 18:47:00,SYNDICATE_HUB,18
WTH_03202,TXN_01561,ATM_097,13.088695,80.235819,15000,2026-06-18 18:58:00,SYNDICATE_HUB,18
WTH_01467,TXN_00710,ATM_033,23.9755,86.8246,12500,2026-06-18 19:01:00,SYNDICATE_HUB,19
WTH_01468,TXN_00710,ATM_033,23.9755,86.8246,15000,2026-06-18 19:06:00,SYNDICATE_HUB,19
WTH_03203,TXN_01562,ATM_005,28.448233,77.039621,15000,2026-06-18 19:56:00,VICTIM_CITY,19
WTH_03204,TXN_01562,ATM_005,28.448233,77.039621,15000,2026-06-18 20:03:00,VICTIM_CITY,20
WTH_03205,TXN_01562,ATM_005,28.448233,77.039621,15000,2026-06-18 20:14:00,VICTIM_CITY,20
WTH_03609,TXN_01757,ATM_093,13.076443,80.290692,15000,2026-06-18 20:20:00,SYNDICATE_HUB,20
WTH_03610,TXN_01757,ATM_093,13.076443,80.290692,15000,2026-06-18 20:26:00,SYNDICATE_HUB,20
WTH_03611,TXN_01758,ATM_062,13.016489,77.549741,11500,2026-06-18 21:06:00,SYNDICATE_HUB,21
WTH_03612,TXN_01758,ATM_062,13.016489,77.549741,9000,2026-06-18 21:09:00,SYNDICATE_HUB,21
WTH_03613,TXN_01758,ATM_062,13.016489,77.549741,15000,2026-06-18 21:16:00,SYNDICATE_HUB,21
WTH_04828,TXN_02359,ATM_081,17.35381,78.511887,15000,2026-06-18 21:26:00,SYNDICATE_HUB,21
WTH_03206,TXN_01563,ATM_033,23.9755,86.8246,13500,2026-06-18 21:32:00,SYNDICATE_HUB,21
WTH_03207,TXN_01563,ATM_033,23.9755,86.8246,15000,2026-06-18 21:40:00,SYNDICATE_HUB,21
WTH_00187,TXN_00091,ATM_048,28.101158,76.96573,5500,2026-06-18 21:47:00,SYNDICATE_HUB,21
WTH_03208,TXN_01563,ATM_033,23.9755,86.8246,15000,2026-06-18 21:50:00,SYNDICATE_HUB,21
WTH_00188,TXN_00091,ATM_048,28.101158,76.96573,15000,2026-06-18 21:51:00,SYNDICATE_HUB,21
WTH_00191,TXN_00093,ATM_060,13.00817,77.618662,15000,2026-06-18 22:16:00,SYNDICATE_HUB,22
WTH_01469,TXN_00711,ATM_020,28.503624,77.395725,15000,2026-06-18 22:18:00,SYNDICATE_HUB,22
WTH_01470,TXN_00711,ATM_020,28.503624,77.395725,3000,2026-06-18 22:27:00,SYNDICATE_HUB,22
WTH_01471,TXN_00711,ATM_020,28.503624,77.395725,15000,2026-06-18 22:32:00,SYNDICATE_HUB,22
WTH_04829,TXN_02360,ATM_016,28.521059,77.435455,8500,2026-06-18 22:46:00,SYNDICATE_HUB,22
WTH_00189,TXN_00092,ATM_074,17.345418,78.444445,15000,2026-06-18 22:47:00,SYNDICATE_HUB,22
WTH_04916,TXN_02404,ATM_094,13.095951,80.268661,15000,2026-06-18 22:53:00,SYNDICATE_HUB,22
WTH_00190,TXN_00092,ATM_074,17.345418,78.444445,15000,2026-06-18 22:55:00,SYNDICATE_HUB,22
WTH_01872,TXN_00915,ATM_144,11.013157,76.96992,15000,2026-06-18 22:55:00,VICTIM_CITY,22
WTH_04917,TXN_02404,ATM_094,13.095951,80.268661,4500,2026-06-18 22:56:00,SYNDICATE_HUB,22
WTH_01873,TXN_00915,ATM_144,11.013157,76.96992,15000,2026-06-18 22:58:00,VICTIM_CITY,22
WTH_04918,TXN_02404,ATM_094,13.095951,80.268661,11500,2026-06-18 23:03:00,SYNDICATE_HUB,23
WTH_03614,TXN_01759,ATM_062,13.016489,77.549741,12000,2026-06-18 23:56:00,SYNDICATE_HUB,23
WTH_03210,TXN_01565,ATM_012,28.461121,76.992406,15000,2026-06-18 23:57:00,VICTIM_CITY,23
WTH_04830,TXN_02361,ATM_026,28.543278,77.381758,15000,2026-06-19 00:04:00,SYNDICATE_HUB,0
WTH_03211,TXN_01565,ATM_012,28.461121,76.992406,15000,2026-06-19 00:05:00,VICTIM_CITY,0
WTH_03615,TXN_01759,ATM_062,13.016489,77.549741,5000,2026-06-19 00:08:00,SYNDICATE_HUB,0
WTH_04831,TXN_02361,ATM_026,28.543278,77.381758,3000,2026-06-19 00:09:00,SYNDICATE_HUB,0
WTH_04832,TXN_02361,ATM_026,28.543278,77.381758,15000,2026-06-19 00:16:00,SYNDICATE_HUB,0
WTH_03209,TXN_01564,ATM_014,28.431876,77.035617,11000,2026-06-19 00:29:00,VICTIM_CITY,0
WTH_01472,TXN_00712,ATM_022,28.532724,77.383774,15000,2026-06-19 00:43:00,VICTIM_CITY,0
WTH_01874,TXN_00916,ATM_113,14.433161,80.008279,5000,2026-06-19 00:44:00,SYNDICATE_HUB,0
WTH_01473,TXN_00712,ATM_022,28.532724,77.383774,6500,2026-06-19 00:50:00,VICTIM_CITY,0
WTH_01876,TXN_00917,ATM_145,11.023544,76.940855,14500,2026-06-19 00:54:00,VICTIM_CITY,0
WTH_01875,TXN_00916,ATM_113,14.433161,80.008279,15000,2026-06-19 00:55:00,SYNDICATE_HUB,0
WTH_01877,TXN_00917,ATM_145,11.023544,76.940855,2500,2026-06-19 01:01:00,VICTIM_CITY,1
WTH_03616,TXN_01760,ATM_052,28.102146,76.978954,15000,2026-06-19 01:05:00,VICTIM_CITY,1
WTH_03617,TXN_01760,ATM_052,28.102146,76.978954,5500,2026-06-19 01:09:00,VICTIM_CITY,1
WTH_03618,TXN_01760,ATM_052,28.102146,76.978954,15000,2026-06-19 01:29:00,VICTIM_CITY,1
WTH_01474,TXN_00713,ATM_010,28.437707,76.992705,15000,2026-06-19 01:44:00,SYNDICATE_HUB,1
WTH_01475,TXN_00713,ATM_010,28.437707,76.992705,8000,2026-06-19 01:49:00,SYNDICATE_HUB,1
WTH_03212,TXN_01566,ATM_027,28.519254,77.40568,15000,2026-06-19 01:59:00,SYNDICATE_HUB,1
WTH_03213,TXN_01566,ATM_027,28.519254,77.40568,5500,2026-06-19 02:05:00,SYNDICATE_HUB,2
WTH_01476,TXN_00714,ATM_077,17.363239,78.494132,15000,2026-06-19 02:11:00,SYNDICATE_HUB,2
WTH_05002,TXN_02445,ATM_078,17.394378,78.463841,15000,2026-06-19 02:13:00,SYNDICATE_HUB,2
WTH_05003,TXN_02445,ATM_078,17.394378,78.463841,2500,2026-06-19 02:19:00,SYNDICATE_HUB,2
WTH_01477,TXN_00714,ATM_077,17.363239,78.494132,15000,2026-06-19 02:20:00,SYNDICATE_HUB,2
WTH_03621,TXN_01762,ATM_003,28.45388,77.020981,15000,2026-06-19 02:21:00,SYNDICATE_HUB,2
WTH_03623,TXN_01762,ATM_003,28.45388,77.020981,14000,2026-06-19 02:27:00,SYNDICATE_HUB,2
WTH_03622,TXN_01762,ATM_003,28.45388,77.020981,2500,2026-06-19 02:30:00,SYNDICATE_HUB,2
WTH_01878,TXN_00918,ATM_078,17.394378,78.463841,7000,2026-06-19 02:37:00,SYNDICATE_HUB,2
WTH_03619,TXN_01761,ATM_083,17.415828,78.499909,15000,2026-06-19 02:40:00,SYNDICATE_HUB,2
WTH_01879,TXN_00918,ATM_078,17.394378,78.463841,11000,2026-06-19 02:46:00,SYNDICATE_HUB,2
WTH_03620,TXN_01761,ATM_083,17.415828,78.499909,15000,2026-06-19 02:48:00,SYNDICATE_HUB,2
WTH_02761,TXN_01350,ATM_113,14.433161,80.008279,15000,2026-06-19 03:58:00,VICTIM_CITY,3
WTH_02762,TXN_01350,ATM_113,14.433161,80.008279,12500,2026-06-19 04:05:00,VICTIM_CITY,4
WTH_02763,TXN_01350,ATM_113,14.433161,80.008279,4000,2026-06-19 04:18:00,VICTIM_CITY,4
WTH_03216,TXN_01568,ATM_105,13.143941,78.194144,15000,2026-06-19 04:20:00,SYNDICATE_HUB,4
WTH_03217,TXN_01568,ATM_105,13.143941,78.194144,2000,2026-06-19 04:25:00,SYNDICATE_HUB,4
WTH_05004,TXN_02446,ATM_024,28.524445,77.416371,15000,2026-06-19 04:28:00,SYNDICATE_HUB,4
WTH_01313,TXN_00634,ATM_044,28.127308,77.001575,13500,2026-06-19 04:32:00,SYNDICATE_HUB,4
WTH_01314,TXN_00634,ATM_044,28.127308,77.001575,9500,2026-06-19 04:36:00,SYNDICATE_HUB,4
WTH_01880,TXN_00919,ATM_145,11.023544,76.940855,9500,2026-06-19 04:38:00,VICTIM_CITY,4
WTH_05005,TXN_02446,ATM_024,28.524445,77.416371,11000,2026-06-19 04:40:00,SYNDICATE_HUB,4
WTH_03218,TXN_01568,ATM_105,13.143941,78.194144,15000,2026-06-19 04:44:00,SYNDICATE_HUB,4
WTH_05006,TXN_02446,ATM_024,28.524445,77.416371,6500,2026-06-19 04:46:00,SYNDICATE_HUB,4
WTH_02764,TXN_01351,ATM_016,28.521059,77.435455,2000,2026-06-19 04:56:00,SYNDICATE_HUB,4
WTH_03233,TXN_01575,ATM_050,28.109102,76.990308,15000,2026-06-19 04:58:00,SYNDICATE_HUB,4
WTH_03624,TXN_01763,ATM_043,28.09283,76.984965,15000,2026-06-19 05:01:00,VICTIM_CITY,5
WTH_03214,TXN_01567,ATM_005,28.448233,77.039621,6500,2026-06-19 05:03:00,SYNDICATE_HUB,5
WTH_02765,TXN_01351,ATM_016,28.521059,77.435455,15000,2026-06-19 05:04:00,SYNDICATE_HUB,5
WTH_03234,TXN_01575,ATM_050,28.109102,76.990308,15000,2026-06-19 05:05:00,SYNDICATE_HUB,5
WTH_03235,TXN_01575,ATM_050,28.109102,76.990308,14500,2026-06-19 05:12:00,SYNDICATE_HUB,5
WTH_03625,TXN_01763,ATM_043,28.09283,76.984965,15000,2026-06-19 05:13:00,VICTIM_CITY,5
WTH_03215,TXN_01567,ATM_005,28.448233,77.039621,11000,2026-06-19 05:15:00,SYNDICATE_HUB,5
WTH_03626,TXN_01763,ATM_043,28.09283,76.984965,14000,2026-06-19 05:23:00,VICTIM_CITY,5
WTH_05007,TXN_02447,ATM_015,28.445085,77.019599,15000,2026-06-19 05:23:00,SYNDICATE_HUB,5
WTH_03627,TXN_01764,ATM_052,28.102146,76.978954,7000,2026-06-19 05:54:00,VICTIM_CITY,5
WTH_03238,TXN_01577,ATM_041,23.958985,86.808614,14500,2026-06-19 05:55:00,SYNDICATE_HUB,5
WTH_03065,TXN_01497,ATM_105,13.143941,78.194144,15000,2026-06-19 05:57:00,SYNDICATE_HUB,5
WTH_03628,TXN_01764,ATM_052,28.102146,76.978954,11000,2026-06-19 05:57:00,VICTIM_CITY,5
WTH_03066,TXN_01497,ATM_105,13.143941,78.194144,4000,2026-06-19 06:02:00,SYNDICATE_HUB,6
WTH_03239,TXN_01577,ATM_041,23.958985,86.808614,8500,2026-06-19 06:06:00,SYNDICATE_HUB,6
WTH_03240,TXN_01577,ATM_041,23.958985,86.808614,15000,2026-06-19 06:15:00,SYNDICATE_HUB,6
WTH_03236,TXN_01576,ATM_101,13.141425,78.141473,4000,2026-06-19 06:19:00,SYNDICATE_HUB,6
WTH_01315,TXN_00635,ATM_099,13.057952,80.275004,8000,2026-06-19 06:22:00,SYNDICATE_HUB,6
WTH_03219,TXN_01569,ATM_014,28.431876,77.035617,15000,2026-06-19 06:26:00,SYNDICATE_HUB,6
WTH_01316,TXN_00635,ATM_099,13.057952,80.275004,2000,2026-06-19 06:28:00,SYNDICATE_HUB,6
WTH_01317,TXN_00635,ATM_099,13.057952,80.275004,15000,2026-06-19 06:28:00,SYNDICATE_HUB,6
WTH_03237,TXN_01576,ATM_101,13.141425,78.141473,14000,2026-06-19 06:30:00,SYNDICATE_HUB,6
WTH_03220,TXN_01569,ATM_014,28.431876,77.035617,15000,2026-06-19 06:31:00,SYNDICATE_HUB,6
WTH_03629,TXN_01765,ATM_021,28.553223,77.395113,13000,2026-06-19 06:48:00,SYNDICATE_HUB,6
WTH_00708,TXN_00336,ATM_007,28.465307,76.980681,15000,2026-06-19 06:51:00,SYNDICATE_HUB,6
WTH_03630,TXN_01765,ATM_021,28.553223,77.395113,4500,2026-06-19 06:55:00,SYNDICATE_HUB,6
WTH_01881,TXN_00920,ATM_051,28.080693,76.986587,13000,2026-06-19 07:21:00,SYNDICATE_HUB,7
WTH_00709,TXN_00337,ATM_062,13.016489,77.549741,15000,2026-06-19 07:40:00,SYNDICATE_HUB,7
WTH_03241,TXN_01578,ATM_007,28.465307,76.980681,3500,2026-06-19 08:11:00,SYNDICATE_HUB,8
WTH_03242,TXN_01578,ATM_007,28.465307,76.980681,15000,2026-06-19 08:21:00,SYNDICATE_HUB,8
WTH_00957,TXN_00465,ATM_070,12.997633,77.555212,10000,2026-06-19 08:35:00,SYNDICATE_HUB,8
WTH_05008,TXN_02448,ATM_091,13.100219,80.2467,14500,2026-06-19 08:40:00,SYNDICATE_HUB,8
WTH_00958,TXN_00465,ATM_070,12.997633,77.555212,8000,2026-06-19 08:42:00,SYNDICATE_HUB,8
WTH_00956,TXN_00464,ATM_012,28.461121,76.992406,15000,2026-06-19 08:47:00,VICTIM_CITY,8
WTH_03067,TXN_01498,ATM_141,22.575778,88.38244,15000,2026-06-19 09:14:00,VICTIM_CITY,9
WTH_03068,TXN_01498,ATM_141,22.575778,88.38244,15000,2026-06-19 09:18:00,VICTIM_CITY,9
WTH_05009,TXN_02449,ATM_097,13.088695,80.235819,15000,2026-06-19 09:20:00,VICTIM_CITY,9
WTH_05010,TXN_02449,ATM_097,13.088695,80.235819,9500,2026-06-19 09:24:00,VICTIM_CITY,9
WTH_05011,TXN_02449,ATM_097,13.088695,80.235819,12000,2026-06-19 09:36:00,VICTIM_CITY,9
WTH_03632,TXN_01767,ATM_006,28.448378,77.015422,4000,2026-06-19 09:37:00,SYNDICATE_HUB,9
WTH_03633,TXN_01767,ATM_006,28.448378,77.015422,15000,2026-06-19 09:45:00,SYNDICATE_HUB,9
WTH_00959,TXN_00466,ATM_015,28.445085,77.019599,15000,2026-06-19 09:52:00,VICTIM_CITY,9
WTH_03631,TXN_01766,ATM_053,28.105774,77.003081,11000,2026-06-19 09:53:00,VICTIM_CITY,9
WTH_01318,TXN_00636,ATM_077,17.363239,78.494132,15000,2026-06-19 09:59:00,SYNDICATE_HUB,9
WTH_00960,TXN_00466,ATM_015,28.445085,77.019599,1000,2026-06-19 10:01:00,VICTIM_CITY,10
WTH_01319,TXN_00636,ATM_077,17.363239,78.494132,10000,2026-06-19 10:08:00,SYNDICATE_HUB,10
WTH_03221,TXN_01570,ATM_112,14.456325,79.954246,1000,2026-06-19 10:09:00,SYNDICATE_HUB,10
WTH_00961,TXN_00466,ATM_015,28.445085,77.019599,15000,2026-06-19 10:14:00,VICTIM_CITY,10
WTH_03222,TXN_01570,ATM_112,14.456325,79.954246,14500,2026-06-19 10:18:00,SYNDICATE_HUB,10
WTH_01320,TXN_00636,ATM_077,17.363239,78.494132,15000,2026-06-19 10:21:00,SYNDICATE_HUB,10
WTH_03223,TXN_01570,ATM_112,14.456325,79.954246,15000,2026-06-19 10:23:00,SYNDICATE_HUB,10
WTH_03634,TXN_01768,ATM_045,28.098405,77.005265,14000,2026-06-19 10:32:00,VICTIM_CITY,10
WTH_03635,TXN_01768,ATM_045,28.098405,77.005265,7000,2026-06-19 10:40:00,VICTIM_CITY,10
WTH_03636,TXN_01768,ATM_045,28.098405,77.005265,12500,2026-06-19 10:42:00,VICTIM_CITY,10
WTH_01321,TXN_00637,ATM_100,13.136631,78.114212,9000,2026-06-19 10:55:00,SYNDICATE_HUB,10
WTH_03069,TXN_01499,ATM_072,17.333561,78.492608,15000,2026-06-19 11:06:00,SYNDICATE_HUB,11
WTH_03224,TXN_01571,ATM_012,28.461121,76.992406,14000,2026-06-19 11:12:00,VICTIM_CITY,11
WTH_03070,TXN_01499,ATM_072,17.333561,78.492608,10500,2026-06-19 11:14:00,SYNDICATE_HUB,11
WTH_03243,TXN_01579,ATM_096,13.070198,80.294679,15000,2026-06-19 11:15:00,SYNDICATE_HUB,11
WTH_03244,TXN_01579,ATM_096,13.070198,80.294679,15000,2026-06-19 11:26:00,SYNDICATE_HUB,11
WTH_05014,TXN_02451,ATM_087,13.080541,80.280252,14000,2026-06-19 11:46:00,VICTIM_CITY,11
WTH_05015,TXN_02451,ATM_087,13.080541,80.280252,1500,2026-06-19 11:52:00,VICTIM_CITY,11
WTH_01325,TXN_00639,ATM_035,23.968286,86.792578,8000,2026-06-19 11:55:00,SYNDICATE_HUB,11
WTH_01326,TXN_00639,ATM_035,23.968286,86.792578,11000,2026-06-19 12:06:00,SYNDICATE_HUB,12
WTH_01327,TXN_00639,ATM_035,23.968286,86.792578,15000,2026-06-19 12:07:00,SYNDICATE_HUB,12
WTH_01322,TXN_00638,ATM_004,28.497401,77.045018,15000,2026-06-19 12:15:00,SYNDICATE_HUB,12
WTH_01323,TXN_00638,ATM_004,28.497401,77.045018,12000,2026-06-19 12:19:00,SYNDICATE_HUB,12
WTH_05012,TXN_02450,ATM_035,23.968286,86.792578,15000,2026-06-19 12:19:00,SYNDICATE_HUB,12
WTH_05013,TXN_02450,ATM_035,23.968286,86.792578,15000,2026-06-19 12:28:00,SYNDICATE_HUB,12
WTH_01324,TXN_00638,ATM_004,28.497401,77.045018,15000,2026-06-19 12:33:00,SYNDICATE_HUB,12
WTH_03071,TXN_01500,ATM_143,22.632325,88.309242,15000,2026-06-19 12:43:00,VICTIM_CITY,12
WTH_03245,TXN_01580,ATM_026,28.543278,77.381758,15000,2026-06-19 12:50:00,SYNDICATE_HUB,12
WTH_03246,TXN_01580,ATM_026,28.543278,77.381758,15000,2026-06-19 12:55:00,SYNDICATE_HUB,12
WTH_03247,TXN_01580,ATM_026,28.543278,77.381758,6500,2026-06-19 12:56:00,SYNDICATE_HUB,12
WTH_05016,TXN_02452,ATM_113,14.433161,80.008279,1000,2026-06-19 13:03:00,SYNDICATE_HUB,13
WTH_05017,TXN_02452,ATM_113,14.433161,80.008279,15000,2026-06-19 13:11:00,SYNDICATE_HUB,13
WTH_05018,TXN_02452,ATM_113,14.433161,80.008279,15000,2026-06-19 13:11:00,SYNDICATE_HUB,13
WTH_00962,TXN_00467,ATM_015,28.445085,77.019599,14500,2026-06-19 13:13:00,VICTIM_CITY,13
WTH_03072,TXN_01501,ATM_092,13.052715,80.284209,10000,2026-06-19 14:01:00,SYNDICATE_HUB,14
WTH_00963,TXN_00468,ATM_005,28.448233,77.039621,2000,2026-06-19 14:29:00,SYNDICATE_HUB,14
WTH_00964,TXN_00468,ATM_005,28.448233,77.039621,14000,2026-06-19 14:34:00,SYNDICATE_HUB,14
WTH_00965,TXN_00468,ATM_005,28.448233,77.039621,15000,2026-06-19 14:35:00,SYNDICATE_HUB,14
WTH_05019,TXN_02453,ATM_048,28.101158,76.96573,15000,2026-06-19 14:36:00,SYNDICATE_HUB,14
WTH_05020,TXN_02453,ATM_048,28.101158,76.96573,5000,2026-06-19 14:42:00,SYNDICATE_HUB,14
WTH_01328,TXN_00640,ATM_063,12.990379,77.664695,9500,2026-06-19 14:43:00,SYNDICATE_HUB,14
WTH_03248,TXN_01581,ATM_112,14.456325,79.954246,1000,2026-06-19 14:56:00,SYNDICATE_HUB,14
WTH_03249,TXN_01581,ATM_112,14.456325,79.954246,1500,2026-06-19 15:00:00,SYNDICATE_HUB,15
WTH_03250,TXN_01581,ATM_112,14.456325,79.954246,15000,2026-06-19 15:16:00,SYNDICATE_HUB,15
WTH_01329,TXN_00641,ATM_046,28.110942,77.014373,9500,2026-06-19 15:45:00,SYNDICATE_HUB,15
WTH_03073,TXN_01502,ATM_047,28.094959,76.988447,5000,2026-06-19 16:20:00,SYNDICATE_HUB,16
WTH_03074,TXN_01502,ATM_047,28.094959,76.988447,13500,2026-06-19 16:24:00,SYNDICATE_HUB,16
WTH_00966,TXN_00469,ATM_007,28.465307,76.980681,15000,2026-06-19 16:51:00,VICTIM_CITY,16
WTH_00967,TXN_00469,ATM_007,28.465307,76.980681,15000,2026-06-19 17:03:00,VICTIM_CITY,17
WTH_01330,TXN_00642,ATM_049,28.114922,77.000221,13000,2026-06-19 18:06:00,SYNDICATE_HUB,18
WTH_00968,TXN_00470,ATM_099,13.057952,80.275004,15000,2026-06-19 18:13:00,SYNDICATE_HUB,18
WTH_00969,TXN_00470,ATM_099,13.057952,80.275004,6000,2026-06-19 18:17:00,SYNDICATE_HUB,18
WTH_05563,TXN_02716,ATM_149,9.95279,76.274675,5500,2026-06-19 20:45:00,VICTIM_CITY,20
WTH_05564,TXN_02716,ATM_149,9.95279,76.274675,15000,2026-06-19 20:49:00,VICTIM_CITY,20
WTH_05565,TXN_02716,ATM_149,9.95279,76.274675,15000,2026-06-19 21:03:00,VICTIM_CITY,21
WTH_00970,TXN_00471,ATM_099,13.057952,80.275004,5000,2026-06-19 21:29:00,SYNDICATE_HUB,21
WTH_00971,TXN_00471,ATM_099,13.057952,80.275004,15000,2026-06-19 21:33:00,SYNDICATE_HUB,21
WTH_00780,TXN_00375,ATM_097,13.088695,80.235819,13500,2026-06-19 22:42:00,VICTIM_CITY,22
WTH_00781,TXN_00375,ATM_097,13.088695,80.235819,9000,2026-06-19 22:54:00,VICTIM_CITY,22
WTH_00972,TXN_00472,ATM_094,13.095951,80.268661,5000,2026-06-19 23:17:00,SYNDICATE_HUB,23
WTH_00973,TXN_00472,ATM_094,13.095951,80.268661,15000,2026-06-19 23:22:00,SYNDICATE_HUB,23
WTH_01622,TXN_00796,ATM_088,13.090447,80.293861,14500,2026-06-19 23:25:00,SYNDICATE_HUB,23
WTH_00974,TXN_00472,ATM_094,13.095951,80.268661,15000,2026-06-19 23:29:00,SYNDICATE_HUB,23
WTH_01623,TXN_00796,ATM_088,13.090447,80.293861,15000,2026-06-19 23:32:00,SYNDICATE_HUB,23
WTH_01624,TXN_00796,ATM_088,13.090447,80.293861,8000,2026-06-19 23:39:00,SYNDICATE_HUB,23
WTH_05399,TXN_02638,ATM_111,14.488893,79.949155,15000,2026-06-20 00:14:00,SYNDICATE_HUB,0
WTH_05400,TXN_02638,ATM_111,14.488893,79.949155,1000,2026-06-20 00:17:00,SYNDICATE_HUB,0
WTH_05401,TXN_02638,ATM_111,14.488893,79.949155,15000,2026-06-20 00:30:00,SYNDICATE_HUB,0
WTH_00782,TXN_00376,ATM_088,13.090447,80.293861,15000,2026-06-20 00:48:00,VICTIM_CITY,0
WTH_00783,TXN_00376,ATM_088,13.090447,80.293861,15000,2026-06-20 00:54:00,VICTIM_CITY,0
WTH_01625,TXN_00797,ATM_068,12.942178,77.644198,13000,2026-06-20 01:00:00,VICTIM_CITY,1
WTH_02455,TXN_01198,ATM_083,17.415828,78.499909,15000,2026-06-20 01:09:00,VICTIM_CITY,1
WTH_02456,TXN_01198,ATM_083,17.415828,78.499909,15000,2026-06-20 01:15:00,VICTIM_CITY,1
WTH_00784,TXN_00377,ATM_079,17.444705,78.501863,12000,2026-06-20 01:44:00,SYNDICATE_HUB,1
WTH_02457,TXN_01199,ATM_061,12.996913,77.5655,15000,2026-06-20 01:53:00,SYNDICATE_HUB,1
WTH_00785,TXN_00377,ATM_079,17.444705,78.501863,2000,2026-06-20 01:54:00,SYNDICATE_HUB,1
WTH_02459,TXN_01200,ATM_085,17.377148,78.46258,9500,2026-06-20 01:54:00,VICTIM_CITY,1
WTH_00786,TXN_00377,ATM_079,17.444705,78.501863,15000,2026-06-20 01:58:00,SYNDICATE_HUB,1
WTH_02458,TXN_01199,ATM_061,12.996913,77.5655,5500,2026-06-20 02:02:00,SYNDICATE_HUB,2
WTH_05402,TXN_02639,ATM_044,28.127308,77.001575,9500,2026-06-20 03:08:00,SYNDICATE_HUB,3
WTH_05403,TXN_02640,ATM_073,17.393316,78.511718,12500,2026-06-20 03:31:00,VICTIM_CITY,3
WTH_05404,TXN_02640,ATM_073,17.393316,78.511718,15000,2026-06-20 03:38:00,VICTIM_CITY,3
WTH_05405,TXN_02640,ATM_073,17.393316,78.511718,15000,2026-06-20 03:41:00,VICTIM_CITY,3
WTH_01626,TXN_00798,ATM_108,13.130656,78.144644,15000,2026-06-20 04:07:00,SYNDICATE_HUB,4
WTH_01627,TXN_00798,ATM_108,13.130656,78.144644,5000,2026-06-20 04:12:00,SYNDICATE_HUB,4
WTH_02460,TXN_01201,ATM_034,23.961348,86.818957,15000,2026-06-20 04:15:00,SYNDICATE_HUB,4
WTH_01628,TXN_00798,ATM_108,13.130656,78.144644,15000,2026-06-20 04:25:00,SYNDICATE_HUB,4
WTH_04335,TXN_02114,ATM_015,28.445085,77.019599,15000,2026-06-20 04:57:00,SYNDICATE_HUB,4
WTH_04336,TXN_02114,ATM_015,28.445085,77.019599,11500,2026-06-20 05:02:00,SYNDICATE_HUB,5
WTH_03682,TXN_01792,ATM_025,28.543747,77.348687,13500,2026-06-20 05:08:00,VICTIM_CITY,5
WTH_00787,TXN_00378,ATM_076,17.393016,78.497786,6500,2026-06-20 05:10:00,SYNDICATE_HUB,5
WTH_03679,TXN_01791,ATM_116,14.427993,79.990829,15000,2026-06-20 05:14:00,SYNDICATE_HUB,5
WTH_04332,TXN_02113,ATM_053,28.105774,77.003081,15000,2026-06-20 05:14:00,SYNDICATE_HUB,5
WTH_04337,TXN_02114,ATM_015,28.445085,77.019599,15000,2026-06-20 05:15:00,SYNDICATE_HUB,5
WTH_00788,TXN_00378,ATM_076,17.393016,78.497786,15000,2026-06-20 05:17:00,SYNDICATE_HUB,5
WTH_03680,TXN_01791,ATM_116,14.427993,79.990829,4000,2026-06-20 05:24:00,SYNDICATE_HUB,5
WTH_03681,TXN_01791,ATM_116,14.427993,79.990829,15000,2026-06-20 05:24:00,SYNDICATE_HUB,5
WTH_04333,TXN_02113,ATM_053,28.105774,77.003081,15000,2026-06-20 05:24:00,SYNDICATE_HUB,5
WTH_04334,TXN_02113,ATM_053,28.105774,77.003081,2000,2026-06-20 05:24:00,SYNDICATE_HUB,5
WTH_01629,TXN_00799,ATM_070,12.997633,77.555212,13000,2026-06-20 05:32:00,VICTIM_CITY,5
WTH_02285,TXN_01118,ATM_001,28.471421,77.023282,15000,2026-06-20 05:32:00,SYNDICATE_HUB,5
WTH_02286,TXN_01118,ATM_001,28.471421,77.023282,15000,2026-06-20 05:36:00,SYNDICATE_HUB,5
WTH_05567,TXN_02718,ATM_065,12.974789,77.578489,3000,2026-06-20 05:38:00,VICTIM_CITY,5
WTH_05568,TXN_02718,ATM_065,12.974789,77.578489,15000,2026-06-20 05:47:00,VICTIM_CITY,5
WTH_01155,TXN_00556,ATM_013,28.446435,77.029262,1500,2026-06-20 05:55:00,SYNDICATE_HUB,5
WTH_03685,TXN_01794,ATM_024,28.524445,77.416371,9000,2026-06-20 05:55:00,VICTIM_CITY,5
WTH_03683,TXN_01793,ATM_030,28.54345,77.414413,15000,2026-06-20 05:58:00,VICTIM_CITY,5
WTH_05569,TXN_02718,ATM_065,12.974789,77.578489,15000,2026-06-20 05:58:00,VICTIM_CITY,5
WTH_01156,TXN_00556,ATM_013,28.446435,77.029262,15000,2026-06-20 06:04:00,SYNDICATE_HUB,6
WTH_03684,TXN_01793,ATM_030,28.54345,77.414413,2500,2026-06-20 06:07:00,VICTIM_CITY,6
WTH_05406,TXN_02641,ATM_106,13.144834,78.150669,15000,2026-06-20 06:16:00,SYNDICATE_HUB,6
WTH_05407,TXN_02641,ATM_106,13.144834,78.150669,9000,2026-06-20 06:23:00,SYNDICATE_HUB,6
WTH_02283,TXN_01117,ATM_068,12.942178,77.644198,15000,2026-06-20 06:28:00,SYNDICATE_HUB,6
WTH_02284,TXN_01117,ATM_068,12.942178,77.644198,15000,2026-06-20 06:31:00,SYNDICATE_HUB,6
WTH_05408,TXN_02641,ATM_106,13.144834,78.150669,15000,2026-06-20 06:38:00,SYNDICATE_HUB,6
WTH_00789,TXN_00379,ATM_032,23.944799,86.783761,9500,2026-06-20 07:07:00,SYNDICATE_HUB,7
WTH_01630,TXN_00800,ATM_011,28.494676,77.021181,13000,2026-06-20 07:07:00,SYNDICATE_HUB,7
WTH_00790,TXN_00379,ATM_032,23.944799,86.783761,3500,2026-06-20 07:15:00,SYNDICATE_HUB,7
WTH_05409,TXN_02642,ATM_084,17.411306,78.547397,15000,2026-06-20 07:18:00,VICTIM_CITY,7
WTH_00791,TXN_00379,ATM_032,23.944799,86.783761,15000,2026-06-20 07:25:00,SYNDICATE_HUB,7
WTH_05410,TXN_02642,ATM_084,17.411306,78.547397,11000,2026-06-20 07:30:00,VICTIM_CITY,7
WTH_05411,TXN_02642,ATM_084,17.411306,78.547397,8500,2026-06-20 07:30:00,VICTIM_CITY,7
WTH_01633,TXN_00802,ATM_038,23.920584,86.81605,3500,2026-06-20 07:33:00,SYNDICATE_HUB,7
WTH_01634,TXN_00802,ATM_038,23.920584,86.81605,15000,2026-06-20 07:37:00,SYNDICATE_HUB,7
WTH_03686,TXN_01795,ATM_017,28.535176,77.365615,15000,2026-06-20 07:41:00,VICTIM_CITY,7
WTH_03687,TXN_01795,ATM_017,28.535176,77.365615,15000,2026-06-20 07:44:00,VICTIM_CITY,7
WTH_03688,TXN_01795,ATM_017,28.535176,77.365615,9000,2026-06-20 07:51:00,VICTIM_CITY,7
WTH_01631,TXN_00801,ATM_055,12.979842,77.592218,15000,2026-06-20 08:00:00,VICTIM_CITY,8
WTH_01632,TXN_00801,ATM_055,12.979842,77.592218,13000,2026-06-20 08:09:00,VICTIM_CITY,8
WTH_04338,TXN_02115,ATM_108,13.130656,78.144644,9000,2026-06-20 08:17:00,VICTIM_CITY,8
WTH_00792,TXN_00380,ATM_086,13.057794,80.247857,15000,2026-06-20 08:19:00,SYNDICATE_HUB,8
WTH_02287,TXN_01119,ATM_118,14.485479,79.999178,10500,2026-06-20 08:22:00,SYNDICATE_HUB,8
WTH_02290,TXN_01120,ATM_046,28.110942,77.014373,10500,2026-06-20 08:24:00,VICTIM_CITY,8
WTH_00793,TXN_00380,ATM_086,13.057794,80.247857,6500,2026-06-20 08:25:00,SYNDICATE_HUB,8
WTH_02288,TXN_01119,ATM_118,14.485479,79.999178,15000,2026-06-20 08:28:00,SYNDICATE_HUB,8
WTH_02291,TXN_01120,ATM_046,28.110942,77.014373,15000,2026-06-20 08:31:00,VICTIM_CITY,8
WTH_05412,TXN_02643,ATM_097,13.088695,80.235819,2500,2026-06-20 08:33:00,SYNDICATE_HUB,8
WTH_05413,TXN_02643,ATM_097,13.088695,80.235819,15000,2026-06-20 08:39:00,SYNDICATE_HUB,8
WTH_02289,TXN_01119,ATM_118,14.485479,79.999178,15000,2026-06-20 08:44:00,SYNDICATE_HUB,8
WTH_05414,TXN_02643,ATM_097,13.088695,80.235819,15000,2026-06-20 08:45:00,SYNDICATE_HUB,8
WTH_00794,TXN_00381,ATM_089,13.083064,80.311399,15000,2026-06-20 09:46:00,VICTIM_CITY,9
WTH_05415,TXN_02644,ATM_083,17.415828,78.499909,3000,2026-06-20 09:51:00,VICTIM_CITY,9
WTH_01157,TXN_00557,ATM_061,12.996913,77.5655,7500,2026-06-20 09:52:00,SYNDICATE_HUB,9
WTH_05416,TXN_02644,ATM_083,17.415828,78.499909,13000,2026-06-20 09:56:00,VICTIM_CITY,9
WTH_00795,TXN_00381,ATM_089,13.083064,80.311399,15000,2026-06-20 09:58:00,VICTIM_CITY,9
WTH_01158,TXN_00557,ATM_061,12.996913,77.5655,15000,2026-06-20 10:02:00,SYNDICATE_HUB,10
WTH_05417,TXN_02644,ATM_083,17.415828,78.499909,15000,2026-06-20 10:03:00,VICTIM_CITY,10
WTH_02292,TXN_01121,ATM_044,28.127308,77.001575,1500,2026-06-20 10:17:00,SYNDICATE_HUB,10
WTH_02293,TXN_01121,ATM_044,28.127308,77.001575,15000,2026-06-20 10:25:00,SYNDICATE_HUB,10
WTH_02294,TXN_01121,ATM_044,28.127308,77.001575,8000,2026-06-20 10:31:00,SYNDICATE_HUB,10
WTH_01159,TXN_00558,ATM_118,14.485479,79.999178,7000,2026-06-20 10:37:00,SYNDICATE_HUB,10
WTH_01160,TXN_00558,ATM_118,14.485479,79.999178,12000,2026-06-20 10:46:00,SYNDICATE_HUB,10
WTH_05418,TXN_02645,ATM_031,23.954833,86.799929,13500,2026-06-20 12:36:00,SYNDICATE_HUB,12
WTH_05421,TXN_02647,ATM_082,17.422075,78.460438,11500,2026-06-20 13:44:00,SYNDICATE_HUB,13
WTH_05422,TXN_02647,ATM_082,17.422075,78.460438,15000,2026-06-20 13:55:00,SYNDICATE_HUB,13
WTH_05423,TXN_02647,ATM_082,17.422075,78.460438,15000,2026-06-20 14:04:00,SYNDICATE_HUB,14
WTH_05419,TXN_02646,ATM_057,12.973527,77.673424,15000,2026-06-20 14:42:00,SYNDICATE_HUB,14
WTH_05420,TXN_02646,ATM_057,12.973527,77.673424,15000,2026-06-20 14:45:00,SYNDICATE_HUB,14
WTH_04013,TXN_01957,ATM_042,23.986146,86.794608,15000,2026-06-20 16:23:00,SYNDICATE_HUB,16
WTH_04014,TXN_01957,ATM_042,23.986146,86.794608,15000,2026-06-20 16:32:00,SYNDICATE_HUB,16
WTH_04015,TXN_01957,ATM_042,23.986146,86.794608,5500,2026-06-20 16:39:00,SYNDICATE_HUB,16
WTH_05427,TXN_02649,ATM_082,17.422075,78.460438,9500,2026-06-20 17:18:00,VICTIM_CITY,17
WTH_05127,TXN_02506,ATM_061,12.996913,77.5655,14000,2026-06-20 17:19:00,SYNDICATE_HUB,17
WTH_05424,TXN_02648,ATM_027,28.519254,77.40568,15000,2026-06-20 17:19:00,SYNDICATE_HUB,17
WTH_05426,TXN_02648,ATM_027,28.519254,77.40568,15000,2026-06-20 17:25:00,SYNDICATE_HUB,17
WTH_05425,TXN_02648,ATM_027,28.519254,77.40568,1000,2026-06-20 17:31:00,SYNDICATE_HUB,17
WTH_05428,TXN_02650,ATM_007,28.465307,76.980681,2500,2026-06-20 17:33:00,SYNDICATE_HUB,17
WTH_04245,TXN_02073,ATM_002,28.475045,77.063153,5500,2026-06-20 17:37:00,SYNDICATE_HUB,17
WTH_04243,TXN_02072,ATM_102,13.153029,78.149361,15000,2026-06-20 17:38:00,SYNDICATE_HUB,17
WTH_04246,TXN_02073,ATM_002,28.475045,77.063153,15000,2026-06-20 17:40:00,SYNDICATE_HUB,17
WTH_04016,TXN_01958,ATM_063,12.990379,77.664695,15000,2026-06-20 17:42:00,SYNDICATE_HUB,17
WTH_04244,TXN_02072,ATM_102,13.153029,78.149361,15000,2026-06-20 17:44:00,SYNDICATE_HUB,17
WTH_05429,TXN_02650,ATM_007,28.465307,76.980681,15000,2026-06-20 17:45:00,SYNDICATE_HUB,17
WTH_04017,TXN_01958,ATM_063,12.990379,77.664695,4000,2026-06-20 17:47:00,SYNDICATE_HUB,17
WTH_04247,TXN_02073,ATM_002,28.475045,77.063153,15000,2026-06-20 17:47:00,SYNDICATE_HUB,17
WTH_05430,TXN_02650,ATM_007,28.465307,76.980681,15000,2026-06-20 17:47:00,SYNDICATE_HUB,17
WTH_04018,TXN_01959,ATM_114,14.443886,79.964945,5500,2026-06-20 18:40:00,SYNDICATE_HUB,18
WTH_04019,TXN_01959,ATM_114,14.443886,79.964945,15000,2026-06-20 18:46:00,SYNDICATE_HUB,18
WTH_05128,TXN_02507,ATM_029,28.515359,77.383579,15000,2026-06-20 19:55:00,SYNDICATE_HUB,19
WTH_05129,TXN_02507,ATM_029,28.515359,77.383579,1000,2026-06-20 20:05:00,SYNDICATE_HUB,20
WTH_05431,TXN_02651,ATM_034,23.961348,86.818957,15000,2026-06-20 20:16:00,SYNDICATE_HUB,20
WTH_05432,TXN_02651,ATM_034,23.961348,86.818957,10000,2026-06-20 20:20:00,SYNDICATE_HUB,20
WTH_04248,TXN_02074,ATM_075,17.401702,78.496204,15000,2026-06-20 20:57:00,SYNDICATE_HUB,20
WTH_04249,TXN_02074,ATM_075,17.401702,78.496204,4500,2026-06-20 21:05:00,SYNDICATE_HUB,21
WTH_01718,TXN_00840,ATM_036,23.968282,86.827509,15000,2026-06-20 22:56:00,SYNDICATE_HUB,22
WTH_01719,TXN_00840,ATM_036,23.968282,86.827509,15000,2026-06-20 23:02:00,SYNDICATE_HUB,23
WTH_01720,TXN_00840,ATM_036,23.968282,86.827509,1000,2026-06-20 23:08:00,SYNDICATE_HUB,23
WTH_04250,TXN_02075,ATM_089,13.083064,80.311399,15000,2026-06-20 23:46:00,SYNDICATE_HUB,23
WTH_04251,TXN_02075,ATM_089,13.083064,80.311399,3000,2026-06-20 23:52:00,SYNDICATE_HUB,23
WTH_02236,TXN_01092,ATM_085,17.377148,78.46258,14000,2026-06-21 07:13:00,VICTIM_CITY,7
WTH_02237,TXN_01092,ATM_085,17.377148,78.46258,10500,2026-06-21 07:19:00,VICTIM_CITY,7
WTH_02238,TXN_01093,ATM_065,12.974789,77.578489,15000,2026-06-21 08:23:00,SYNDICATE_HUB,8
WTH_05578,TXN_02722,ATM_016,28.521059,77.435455,15000,2026-06-21 08:37:00,SYNDICATE_HUB,8
WTH_05579,TXN_02722,ATM_016,28.521059,77.435455,3000,2026-06-21 08:42:00,SYNDICATE_HUB,8
WTH_05580,TXN_02723,ATM_069,12.946536,77.584294,15000,2026-06-21 09:42:00,SYNDICATE_HUB,9
WTH_02239,TXN_01094,ATM_077,17.363239,78.494132,15000,2026-06-21 09:54:00,VICTIM_CITY,9
WTH_05581,TXN_02723,ATM_069,12.946536,77.584294,15000,2026-06-21 09:54:00,SYNDICATE_HUB,9
WTH_02240,TXN_01094,ATM_077,17.363239,78.494132,1500,2026-06-21 10:03:00,VICTIM_CITY,10
WTH_02241,TXN_01095,ATM_024,28.524445,77.416371,9000,2026-06-21 10:32:00,SYNDICATE_HUB,10
WTH_05582,TXN_02724,ATM_043,28.09283,76.984965,1000,2026-06-21 11:29:00,SYNDICATE_HUB,11
WTH_05583,TXN_02724,ATM_043,28.09283,76.984965,15000,2026-06-21 11:35:00,SYNDICATE_HUB,11
WTH_05584,TXN_02724,ATM_043,28.09283,76.984965,15000,2026-06-21 11:51:00,SYNDICATE_HUB,11
WTH_02242,TXN_01096,ATM_076,17.393016,78.497786,15000,2026-06-21 14:08:00,VICTIM_CITY,14
WTH_02243,TXN_01096,ATM_076,17.393016,78.497786,6000,2026-06-21 14:17:00,VICTIM_CITY,14
WTH_02244,TXN_01096,ATM_076,17.393016,78.497786,15000,2026-06-21 14:32:00,VICTIM_CITY,14
WTH_02245,TXN_01097,ATM_029,28.515359,77.383579,15000,2026-06-21 14:32:00,SYNDICATE_HUB,14
WTH_02246,TXN_01097,ATM_029,28.515359,77.383579,15000,2026-06-21 14:38:00,SYNDICATE_HUB,14
WTH_03955,TXN_01925,ATM_035,23.968286,86.792578,1000,2026-06-21 18:57:00,SYNDICATE_HUB,18
WTH_03956,TXN_01925,ATM_035,23.968286,86.792578,15000,2026-06-21 19:00:00,SYNDICATE_HUB,19
WTH_03952,TXN_01924,ATM_034,23.961348,86.818957,15000,2026-06-21 19:03:00,SYNDICATE_HUB,19
WTH_03957,TXN_01925,ATM_035,23.968286,86.792578,15000,2026-06-21 19:05:00,SYNDICATE_HUB,19
WTH_03953,TXN_01924,ATM_034,23.961348,86.818957,14500,2026-06-21 19:08:00,SYNDICATE_HUB,19
WTH_03954,TXN_01924,ATM_034,23.961348,86.818957,15000,2026-06-21 19:25:00,SYNDICATE_HUB,19
WTH_00442,TXN_00213,ATM_030,28.54345,77.414413,13500,2026-06-21 19:48:00,VICTIM_CITY,19
WTH_03132,TXN_01528,ATM_033,23.9755,86.8246,14500,2026-06-21 19:52:00,VICTIM_CITY,19
WTH_03133,TXN_01528,ATM_033,23.9755,86.8246,15000,2026-06-21 19:55:00,VICTIM_CITY,19
WTH_03958,TXN_01926,ATM_079,17.444705,78.501863,13500,2026-06-21 20:33:00,SYNDICATE_HUB,20
WTH_03959,TXN_01926,ATM_079,17.444705,78.501863,13000,2026-06-21 20:44:00,SYNDICATE_HUB,20
WTH_03960,TXN_01926,ATM_079,17.444705,78.501863,15000,2026-06-21 20:49:00,SYNDICATE_HUB,20
WTH_01097,TXN_00529,ATM_068,12.942178,77.644198,15000,2026-06-21 21:41:00,SYNDICATE_HUB,21
WTH_00443,TXN_00214,ATM_057,12.973527,77.673424,15000,2026-06-21 21:42:00,SYNDICATE_HUB,21
WTH_03134,TXN_01529,ATM_050,28.109102,76.990308,3500,2026-06-21 21:46:00,SYNDICATE_HUB,21
WTH_00444,TXN_00214,ATM_057,12.973527,77.673424,15000,2026-06-21 21:47:00,SYNDICATE_HUB,21
WTH_01098,TXN_00529,ATM_068,12.942178,77.644198,15000,2026-06-21 21:53:00,SYNDICATE_HUB,21
WTH_03135,TXN_01529,ATM_050,28.109102,76.990308,14500,2026-06-21 21:53:00,SYNDICATE_HUB,21
WTH_03961,TXN_01927,ATM_047,28.094959,76.988447,15000,2026-06-21 22:01:00,SYNDICATE_HUB,22
WTH_00445,TXN_00214,ATM_057,12.973527,77.673424,15000,2026-06-21 22:02:00,SYNDICATE_HUB,22
WTH_03962,TXN_01927,ATM_047,28.094959,76.988447,15000,2026-06-21 22:10:00,SYNDICATE_HUB,22
WTH_03963,TXN_01928,ATM_064,12.939903,77.576478,15000,2026-06-21 22:52:00,SYNDICATE_HUB,22
WTH_03136,TXN_01530,ATM_040,23.963968,86.771099,14500,2026-06-21 22:53:00,VICTIM_CITY,22
WTH_03964,TXN_01928,ATM_064,12.939903,77.576478,2500,2026-06-21 22:57:00,SYNDICATE_HUB,22
WTH_03138,TXN_01530,ATM_040,23.963968,86.771099,5000,2026-06-21 23:01:00,VICTIM_CITY,23
WTH_03137,TXN_01530,ATM_040,23.963968,86.771099,15000,2026-06-21 23:05:00,VICTIM_CITY,23
WTH_03163,TXN_01541,ATM_071,17.392279,78.528529,15000,2026-06-21 23:32:00,SYNDICATE_HUB,23
WTH_03965,TXN_01929,ATM_027,28.519254,77.40568,9000,2026-06-21 23:36:00,SYNDICATE_HUB,23
WTH_03164,TXN_01541,ATM_071,17.392279,78.528529,15000,2026-06-21 23:40:00,SYNDICATE_HUB,23
WTH_03139,TXN_01531,ATM_036,23.968282,86.827509,1000,2026-06-21 23:42:00,VICTIM_CITY,23
WTH_03165,TXN_01541,ATM_071,17.392279,78.528529,7500,2026-06-21 23:42:00,SYNDICATE_HUB,23
WTH_01516,TXN_00736,ATM_014,28.431876,77.035617,15000,2026-06-21 23:45:00,SYNDICATE_HUB,23
WTH_03140,TXN_01531,ATM_036,23.968282,86.827509,15000,2026-06-21 23:47:00,VICTIM_CITY,23
WTH_01517,TXN_00736,ATM_014,28.431876,77.035617,3000,2026-06-21 23:57:00,SYNDICATE_HUB,23
WTH_01518,TXN_00737,ATM_054,28.146724,76.998492,2500,2026-06-22 00:09:00,SYNDICATE_HUB,0
WTH_01519,TXN_00737,ATM_054,28.146724,76.998492,15000,2026-06-22 00:14:00,SYNDICATE_HUB,0
WTH_03141,TXN_01532,ATM_113,14.433161,80.008279,1000,2026-06-22 00:15:00,SYNDICATE_HUB,0
WTH_01101,TXN_00531,ATM_063,12.990379,77.664695,15000,2026-06-22 00:19:00,VICTIM_CITY,0
WTH_01102,TXN_00531,ATM_063,12.990379,77.664695,4000,2026-06-22 00:22:00,VICTIM_CITY,0
WTH_03142,TXN_01532,ATM_113,14.433161,80.008279,15000,2026-06-22 00:23:00,SYNDICATE_HUB,0
WTH_00609,TXN_00291,ATM_007,28.465307,76.980681,15000,2026-06-22 00:32:00,SYNDICATE_HUB,0
WTH_00610,TXN_00291,ATM_007,28.465307,76.980681,15000,2026-06-22 00:40:00,SYNDICATE_HUB,0
WTH_01099,TXN_00530,ATM_050,28.109102,76.990308,15000,2026-06-22 00:49:00,SYNDICATE_HUB,0
WTH_00446,TXN_00215,ATM_028,28.560244,77.413351,8500,2026-06-22 00:51:00,VICTIM_CITY,0
WTH_00613,TXN_00293,ATM_053,28.105774,77.003081,15000,2026-06-22 00:51:00,VICTIM_CITY,0
WTH_03166,TXN_01542,ATM_092,13.052715,80.284209,14500,2026-06-22 00:53:00,SYNDICATE_HUB,0
WTH_00447,TXN_00215,ATM_028,28.560244,77.413351,15000,2026-06-22 00:56:00,VICTIM_CITY,0
WTH_01100,TXN_00530,ATM_050,28.109102,76.990308,3500,2026-06-22 00:59:00,SYNDICATE_HUB,0
WTH_03167,TXN_01542,ATM_092,13.052715,80.284209,5000,2026-06-22 00:59:00,SYNDICATE_HUB,0
WTH_00614,TXN_00293,ATM_053,28.105774,77.003081,11000,2026-06-22 01:01:00,VICTIM_CITY,1
WTH_00615,TXN_00293,ATM_053,28.105774,77.003081,1000,2026-06-22 01:09:00,VICTIM_CITY,1
WTH_03143,TXN_01533,ATM_037,23.961927,86.827934,15000,2026-06-22 01:25:00,VICTIM_CITY,1
WTH_00611,TXN_00292,ATM_064,12.939903,77.576478,10000,2026-06-22 01:51:00,SYNDICATE_HUB,1
WTH_00612,TXN_00292,ATM_064,12.939903,77.576478,10500,2026-06-22 01:59:00,SYNDICATE_HUB,1
WTH_01103,TXN_00532,ATM_043,28.09283,76.984965,1000,2026-06-22 02:02:00,SYNDICATE_HUB,2
WTH_01104,TXN_00532,ATM_043,28.09283,76.984965,15000,2026-06-22 02:06:00,SYNDICATE_HUB,2
WTH_03168,TXN_01543,ATM_145,11.023544,76.940855,10000,2026-06-22 02:20:00,VICTIM_CITY,2
WTH_00448,TXN_00216,ATM_109,13.123335,78.128711,12000,2026-06-22 02:21:00,SYNDICATE_HUB,2
WTH_00616,TXN_00294,ATM_050,28.109102,76.990308,8000,2026-06-22 02:27:00,VICTIM_CITY,2
WTH_00617,TXN_00294,ATM_050,28.109102,76.990308,15000,2026-06-22 02:33:00,VICTIM_CITY,2
WTH_03169,TXN_01544,ATM_027,28.519254,77.40568,10500,2026-06-22 02:37:00,SYNDICATE_HUB,2
WTH_03170,TXN_01544,ATM_027,28.519254,77.40568,10000,2026-06-22 02:40:00,SYNDICATE_HUB,2
WTH_00618,TXN_00294,ATM_050,28.109102,76.990308,6000,2026-06-22 02:41:00,VICTIM_CITY,2
WTH_03171,TXN_01545,ATM_146,11.011805,76.943968,9500,2026-06-22 02:46:00,VICTIM_CITY,2
WTH_03172,TXN_01546,ATM_146,11.011805,76.943968,15000,2026-06-22 03:07:00,VICTIM_CITY,3
WTH_03173,TXN_01546,ATM_146,11.011805,76.943968,15000,2026-06-22 03:15:00,VICTIM_CITY,3
WTH_03174,TXN_01546,ATM_146,11.011805,76.943968,13000,2026-06-22 03:17:00,VICTIM_CITY,3
WTH_01520,TXN_00738,ATM_015,28.445085,77.019599,15000,2026-06-22 03:43:00,SYNDICATE_HUB,3
WTH_01521,TXN_00738,ATM_015,28.445085,77.019599,15000,2026-06-22 03:51:00,SYNDICATE_HUB,3
WTH_03175,TXN_01547,ATM_017,28.535176,77.365615,15000,2026-06-22 03:51:00,SYNDICATE_HUB,3
WTH_03176,TXN_01547,ATM_017,28.535176,77.365615,2500,2026-06-22 04:02:00,SYNDICATE_HUB,4
WTH_03144,TXN_01534,ATM_118,14.485479,79.999178,15000,2026-06-22 04:13:00,SYNDICATE_HUB,4
WTH_00619,TXN_00295,ATM_069,12.946536,77.584294,9500,2026-06-22 04:18:00,SYNDICATE_HUB,4
WTH_03145,TXN_01534,ATM_118,14.485479,79.999178,15000,2026-06-22 04:22:00,SYNDICATE_HUB,4
WTH_01105,TXN_00533,ATM_011,28.494676,77.021181,9500,2026-06-22 04:23:00,SYNDICATE_HUB,4
WTH_00620,TXN_00295,ATM_069,12.946536,77.584294,7500,2026-06-22 04:30:00,SYNDICATE_HUB,4
WTH_03146,TXN_01534,ATM_118,14.485479,79.999178,15000,2026-06-22 04:37:00,SYNDICATE_HUB,4
WTH_01522,TXN_00739,ATM_019,28.540513,77.343968,15000,2026-06-22 05:01:00,SYNDICATE_HUB,5
WTH_03925,TXN_01911,ATM_017,28.535176,77.365615,15000,2026-06-22 05:25:00,SYNDICATE_HUB,5
WTH_03926,TXN_01911,ATM_017,28.535176,77.365615,10000,2026-06-22 05:33:00,SYNDICATE_HUB,5
WTH_03177,TXN_01548,ATM_084,17.411306,78.547397,15000,2026-06-22 05:36:00,SYNDICATE_HUB,5
WTH_03178,TXN_01548,ATM_084,17.411306,78.547397,13500,2026-06-22 05:39:00,SYNDICATE_HUB,5
WTH_00621,TXN_00296,ATM_109,13.123335,78.128711,1000,2026-06-22 06:28:00,SYNDICATE_HUB,6
WTH_00622,TXN_00296,ATM_109,13.123335,78.128711,13000,2026-06-22 06:31:00,SYNDICATE_HUB,6
WTH_04484,TXN_02183,ATM_094,13.095951,80.268661,15000,2026-06-22 06:42:00,SYNDICATE_HUB,6
WTH_00623,TXN_00296,ATM_109,13.123335,78.128711,15000,2026-06-22 06:48:00,SYNDICATE_HUB,6
WTH_04485,TXN_02183,ATM_094,13.095951,80.268661,15000,2026-06-22 06:54:00,SYNDICATE_HUB,6
WTH_04486,TXN_02183,ATM_094,13.095951,80.268661,15000,2026-06-22 07:02:00,SYNDICATE_HUB,7
WTH_03927,TXN_01912,ATM_068,12.942178,77.644198,15000,2026-06-22 07:08:00,SYNDICATE_HUB,7
WTH_03928,TXN_01912,ATM_068,12.942178,77.644198,6000,2026-06-22 07:18:00,SYNDICATE_HUB,7
WTH_03179,TXN_01549,ATM_065,12.974789,77.578489,14500,2026-06-22 07:21:00,SYNDICATE_HUB,7
WTH_01106,TXN_00534,ATM_066,12.921979,77.596794,15000,2026-06-22 07:36:00,VICTIM_CITY,7
WTH_01107,TXN_00534,ATM_066,12.921979,77.596794,15000,2026-06-22 07:46:00,VICTIM_CITY,7
WTH_04942,TXN_02418,ATM_144,11.013157,76.96992,15000,2026-06-22 08:20:00,VICTIM_CITY,8
WTH_04943,TXN_02418,ATM_144,11.013157,76.96992,15000,2026-06-22 08:23:00,VICTIM_CITY,8
WTH_04944,TXN_02418,ATM_144,11.013157,76.96992,15000,2026-06-22 08:36:00,VICTIM_CITY,8
WTH_03929,TXN_01913,ATM_062,13.016489,77.549741,9500,2026-06-22 08:51:00,SYNDICATE_HUB,8
WTH_04487,TXN_02184,ATM_022,28.532724,77.383774,8500,2026-06-22 09:00:00,VICTIM_CITY,9
WTH_03180,TXN_01550,ATM_089,13.083064,80.311399,10500,2026-06-22 09:09:00,SYNDICATE_HUB,9
WTH_01108,TXN_00535,ATM_061,12.996913,77.5655,15000,2026-06-22 09:31:00,VICTIM_CITY,9
WTH_03930,TXN_01914,ATM_005,28.448233,77.039621,9000,2026-06-22 10:00:00,SYNDICATE_HUB,10
WTH_03931,TXN_01914,ATM_005,28.448233,77.039621,12000,2026-06-22 10:04:00,SYNDICATE_HUB,10
WTH_03181,TXN_01551,ATM_042,23.986146,86.794608,14000,2026-06-22 10:13:00,SYNDICATE_HUB,10
WTH_03182,TXN_01551,ATM_042,23.986146,86.794608,5000,2026-06-22 10:17:00,SYNDICATE_HUB,10
WTH_04945,TXN_02419,ATM_146,11.011805,76.943968,14000,2026-06-22 10:45:00,VICTIM_CITY,10
WTH_01109,TXN_00536,ATM_035,23.968286,86.792578,15000,2026-06-22 11:12:00,SYNDICATE_HUB,11
WTH_01110,TXN_00536,ATM_035,23.968286,86.792578,3000,2026-06-22 11:24:00,SYNDICATE_HUB,11
WTH_04488,TXN_02185,ATM_100,13.136631,78.114212,15000,2026-06-22 11:28:00,SYNDICATE_HUB,11
WTH_03932,TXN_01915,ATM_045,28.098405,77.005265,6500,2026-06-22 11:34:00,SYNDICATE_HUB,11
WTH_03933,TXN_01915,ATM_045,28.098405,77.005265,9000,2026-06-22 11:38:00,SYNDICATE_HUB,11
WTH_04489,TXN_02185,ATM_100,13.136631,78.114212,12500,2026-06-22 11:40:00,SYNDICATE_HUB,11
WTH_01113,TXN_00538,ATM_078,17.394378,78.463841,15000,2026-06-22 13:28:00,SYNDICATE_HUB,13
WTH_01114,TXN_00538,ATM_078,17.394378,78.463841,15000,2026-06-22 13:32:00,SYNDICATE_HUB,13
WTH_03183,TXN_01552,ATM_015,28.445085,77.019599,10000,2026-06-22 13:33:00,SYNDICATE_HUB,13
WTH_01115,TXN_00538,ATM_078,17.394378,78.463841,2000,2026-06-22 13:50:00,SYNDICATE_HUB,13
WTH_01111,TXN_00537,ATM_087,13.080541,80.280252,15000,2026-06-22 13:58:00,SYNDICATE_HUB,13
WTH_01112,TXN_00537,ATM_087,13.080541,80.280252,7500,2026-06-22 14:02:00,SYNDICATE_HUB,14
WTH_03934,TXN_01916,ATM_111,14.488893,79.949155,11000,2026-06-22 14:03:00,SYNDICATE_HUB,14
WTH_01116,TXN_00539,ATM_112,14.456325,79.954246,6500,2026-06-22 14:04:00,SYNDICATE_HUB,14
WTH_03184,TXN_01553,ATM_072,17.333561,78.492608,2500,2026-06-22 14:12:00,SYNDICATE_HUB,14
WTH_01117,TXN_00539,ATM_112,14.456325,79.954246,15000,2026-06-22 14:14:00,SYNDICATE_HUB,14
WTH_01118,TXN_00539,ATM_112,14.456325,79.954246,15000,2026-06-22 14:18:00,SYNDICATE_HUB,14
WTH_04946,TXN_02420,ATM_071,17.392279,78.528529,15000,2026-06-22 14:21:00,SYNDICATE_HUB,14
WTH_03185,TXN_01553,ATM_072,17.333561,78.492608,15000,2026-06-22 14:24:00,SYNDICATE_HUB,14
WTH_03935,TXN_01917,ATM_069,12.946536,77.584294,13000,2026-06-22 15:50:00,VICTIM_CITY,15
WTH_01119,TXN_00540,ATM_061,12.996913,77.5655,15000,2026-06-22 16:47:00,VICTIM_CITY,16
WTH_01120,TXN_00540,ATM_061,12.996913,77.5655,9500,2026-06-22 16:58:00,VICTIM_CITY,16
WTH_01121,TXN_00540,ATM_061,12.996913,77.5655,4500,2026-06-22 17:01:00,VICTIM_CITY,17
WTH_03936,TXN_01918,ATM_090,13.07529,80.346865,15000,2026-06-22 17:10:00,SYNDICATE_HUB,17
WTH_03937,TXN_01918,ATM_090,13.07529,80.346865,9500,2026-06-22 17:14:00,SYNDICATE_HUB,17
WTH_03938,TXN_01918,ATM_090,13.07529,80.346865,9000,2026-06-22 17:26:00,SYNDICATE_HUB,17
WTH_03939,TXN_01919,ATM_059,12.970489,77.557202,9500,2026-06-22 18:32:00,SYNDICATE_HUB,18
WTH_03940,TXN_01919,ATM_059,12.970489,77.557202,7000,2026-06-22 18:37:00,SYNDICATE_HUB,18
WTH_01122,TXN_00541,ATM_093,13.076443,80.290692,10000,2026-06-22 18:53:00,SYNDICATE_HUB,18
WTH_02301,TXN_01125,ATM_091,13.100219,80.2467,2500,2026-06-22 19:52:00,SYNDICATE_HUB,19
WTH_02302,TXN_01125,ATM_091,13.100219,80.2467,15000,2026-06-22 19:58:00,SYNDICATE_HUB,19
WTH_03941,TXN_01920,ATM_089,13.083064,80.311399,15000,2026-06-22 20:00:00,SYNDICATE_HUB,20
WTH_03942,TXN_01920,ATM_089,13.083064,80.311399,15000,2026-06-22 20:04:00,SYNDICATE_HUB,20
WTH_02303,TXN_01126,ATM_051,28.080693,76.986587,12500,2026-06-22 21:41:00,SYNDICATE_HUB,21
WTH_00001,TXN_00001,ATM_011,28.494676,77.021181,1000,2026-06-22 21:55:00,SYNDICATE_HUB,21
WTH_00002,TXN_00001,ATM_011,28.494676,77.021181,15000,2026-06-22 22:05:00,SYNDICATE_HUB,22
WTH_02304,TXN_01127,ATM_013,28.446435,77.029262,14500,2026-06-22 22:54:00,SYNDICATE_HUB,22
WTH_00003,TXN_00002,ATM_104,13.143941,78.140721,10000,2026-06-23 00:00:00,VICTIM_CITY,0
WTH_00004,TXN_00002,ATM_104,13.143941,78.140721,8500,2026-06-23 00:10:00,VICTIM_CITY,0
WTH_00005,TXN_00003,ATM_044,28.127308,77.001575,5500,2026-06-23 01:07:00,SYNDICATE_HUB,1
WTH_00006,TXN_00003,ATM_044,28.127308,77.001575,10000,2026-06-23 01:13:00,SYNDICATE_HUB,1
WTH_04047,TXN_01974,ATM_024,28.524445,77.416371,15000,2026-06-23 01:22:00,SYNDICATE_HUB,1
WTH_04493,TXN_02189,ATM_119,14.402097,79.990229,15000,2026-06-23 01:33:00,SYNDICATE_HUB,1
WTH_04495,TXN_02189,ATM_119,14.402097,79.990229,15000,2026-06-23 01:39:00,SYNDICATE_HUB,1
WTH_04494,TXN_02189,ATM_119,14.402097,79.990229,15000,2026-06-23 01:45:00,SYNDICATE_HUB,1
WTH_00007,TXN_00004,ATM_105,13.143941,78.194144,15000,2026-06-23 02:43:00,VICTIM_CITY,2
WTH_00008,TXN_00004,ATM_105,13.143941,78.194144,15000,2026-06-23 02:55:00,VICTIM_CITY,2
WTH_00009,TXN_00004,ATM_105,13.143941,78.194144,15000,2026-06-23 03:03:00,VICTIM_CITY,3
WTH_00010,TXN_00005,ATM_010,28.437707,76.992705,15000,2026-06-23 03:20:00,SYNDICATE_HUB,3
WTH_00011,TXN_00005,ATM_010,28.437707,76.992705,15000,2026-06-23 03:25:00,SYNDICATE_HUB,3
WTH_04496,TXN_02190,ATM_082,17.422075,78.460438,15000,2026-06-23 03:30:00,SYNDICATE_HUB,3
WTH_04497,TXN_02190,ATM_082,17.422075,78.460438,15000,2026-06-23 03:37:00,SYNDICATE_HUB,3
WTH_00012,TXN_00005,ATM_010,28.437707,76.992705,15000,2026-06-23 03:42:00,SYNDICATE_HUB,3
WTH_01525,TXN_00741,ATM_149,9.95279,76.274675,1000,2026-06-23 03:46:00,VICTIM_CITY,3
WTH_03403,TXN_01656,ATM_049,28.114922,77.000221,15000,2026-06-23 03:49:00,SYNDICATE_HUB,3
WTH_01526,TXN_00741,ATM_149,9.95279,76.274675,15000,2026-06-23 03:51:00,VICTIM_CITY,3
WTH_03404,TXN_01656,ATM_049,28.114922,77.000221,15000,2026-06-23 04:01:00,SYNDICATE_HUB,4
WTH_00013,TXN_00006,ATM_101,13.141425,78.141473,15000,2026-06-23 04:56:00,VICTIM_CITY,4
WTH_00014,TXN_00007,ATM_066,12.921979,77.596794,15000,2026-06-23 05:32:00,SYNDICATE_HUB,5
WTH_02391,TXN_01169,ATM_058,12.965444,77.60425,8500,2026-06-23 06:13:00,SYNDICATE_HUB,6
WTH_02511,TXN_01228,ATM_006,28.448378,77.015422,15000,2026-06-23 06:20:00,SYNDICATE_HUB,6
WTH_02392,TXN_01169,ATM_058,12.965444,77.60425,15000,2026-06-23 06:23:00,SYNDICATE_HUB,6
WTH_01069,TXN_00515,ATM_147,11.002655,76.97619,15000,2026-06-23 06:25:00,VICTIM_CITY,6
WTH_02512,TXN_01228,ATM_006,28.448378,77.015422,4500,2026-06-23 06:25:00,SYNDICATE_HUB,6
WTH_02393,TXN_01170,ATM_148,9.939768,76.25067,15000,2026-06-23 06:28:00,VICTIM_CITY,6
WTH_02394,TXN_01170,ATM_148,9.939768,76.25067,6500,2026-06-23 06:31:00,VICTIM_CITY,6
WTH_01527,TXN_00742,ATM_061,12.996913,77.5655,15000,2026-06-23 06:57:00,SYNDICATE_HUB,6
WTH_02828,TXN_01383,ATM_128,19.021303,72.860268,15000,2026-06-23 07:01:00,VICTIM_CITY,7
WTH_04804,TXN_02349,ATM_017,28.535176,77.365615,15000,2026-06-23 07:06:00,VICTIM_CITY,7
WTH_02829,TXN_01383,ATM_128,19.021303,72.860268,15000,2026-06-23 07:11:00,VICTIM_CITY,7
WTH_04498,TXN_02191,ATM_007,28.465307,76.980681,13000,2026-06-23 07:17:00,SYNDICATE_HUB,7
WTH_04805,TXN_02349,ATM_017,28.535176,77.365615,15000,2026-06-23 07:17:00,VICTIM_CITY,7
WTH_00015,TXN_00008,ATM_116,14.427993,79.990829,15000,2026-06-23 07:30:00,SYNDICATE_HUB,7
WTH_04806,TXN_02349,ATM_017,28.535176,77.365615,15000,2026-06-23 07:30:00,VICTIM_CITY,7
WTH_00016,TXN_00008,ATM_116,14.427993,79.990829,12000,2026-06-23 07:38:00,SYNDICATE_HUB,7
WTH_00017,TXN_00008,ATM_116,14.427993,79.990829,1000,2026-06-23 07:44:00,SYNDICATE_HUB,7
WTH_02830,TXN_01384,ATM_128,19.021303,72.860268,15000,2026-06-23 07:51:00,VICTIM_CITY,7
WTH_02831,TXN_01384,ATM_128,19.021303,72.860268,1000,2026-06-23 07:56:00,VICTIM_CITY,7
WTH_04499,TXN_02192,ATM_068,12.942178,77.644198,15000,2026-06-23 08:01:00,SYNDICATE_HUB,8
WTH_04501,TXN_02192,ATM_068,12.942178,77.644198,15000,2026-06-23 08:07:00,SYNDICATE_HUB,8
WTH_04500,TXN_02192,ATM_068,12.942178,77.644198,6000,2026-06-23 08:08:00,SYNDICATE_HUB,8
WTH_02832,TXN_01385,ATM_126,19.030608,72.910743,15000,2026-06-23 08:20:00,VICTIM_CITY,8
WTH_02833,TXN_01385,ATM_126,19.030608,72.910743,15000,2026-06-23 08:27:00,VICTIM_CITY,8
WTH_02834,TXN_01385,ATM_126,19.030608,72.910743,11000,2026-06-23 08:34:00,VICTIM_CITY,8
WTH_04567,TXN_02229,ATM_015,28.445085,77.019599,6000,2026-06-23 08:34:00,SYNDICATE_HUB,8
WTH_04568,TXN_02229,ATM_015,28.445085,77.019599,6500,2026-06-23 08:38:00,SYNDICATE_HUB,8
WTH_01070,TXN_00516,ATM_064,12.939903,77.576478,15000,2026-06-23 08:46:00,SYNDICATE_HUB,8
WTH_04565,TXN_02228,ATM_020,28.503624,77.395725,15000,2026-06-23 08:52:00,SYNDICATE_HUB,8
WTH_01071,TXN_00516,ATM_064,12.939903,77.576478,12500,2026-06-23 08:56:00,SYNDICATE_HUB,8
WTH_04566,TXN_02228,ATM_020,28.503624,77.395725,15000,2026-06-23 08:56:00,SYNDICATE_HUB,8
WTH_04569,TXN_02229,ATM_015,28.445085,77.019599,15000,2026-06-23 08:58:00,SYNDICATE_HUB,8
WTH_01072,TXN_00516,ATM_064,12.939903,77.576478,1000,2026-06-23 09:00:00,SYNDICATE_HUB,9
WTH_02513,TXN_01229,ATM_011,28.494676,77.021181,13500,2026-06-23 09:51:00,SYNDICATE_HUB,9
WTH_04807,TXN_02350,ATM_091,13.100219,80.2467,15000,2026-06-23 09:52:00,SYNDICATE_HUB,9
WTH_01073,TXN_00517,ATM_045,28.098405,77.005265,15000,2026-06-23 09:53:00,SYNDICATE_HUB,9
WTH_02514,TXN_01229,ATM_011,28.494676,77.021181,1000,2026-06-23 09:55:00,SYNDICATE_HUB,9
WTH_04570,TXN_02230,ATM_032,23.944799,86.783761,15000,2026-06-23 09:55:00,SYNDICATE_HUB,9
WTH_04808,TXN_02350,ATM_091,13.100219,80.2467,15000,2026-06-23 09:56:00,SYNDICATE_HUB,9
WTH_01074,TXN_00517,ATM_045,28.098405,77.005265,12000,2026-06-23 09:57:00,SYNDICATE_HUB,9
WTH_02515,TXN_01229,ATM_011,28.494676,77.021181,15000,2026-06-23 10:07:00,SYNDICATE_HUB,10
WTH_01075,TXN_00517,ATM_045,28.098405,77.005265,15000,2026-06-23 10:13:00,SYNDICATE_HUB,10
WTH_00018,TXN_00009,ATM_105,13.143941,78.194144,5500,2026-06-23 10:15:00,VICTIM_CITY,10
WTH_02835,TXN_01386,ATM_018,28.555241,77.3617,15000,2026-06-23 10:19:00,SYNDICATE_HUB,10
WTH_00019,TXN_00009,ATM_105,13.143941,78.194144,15000,2026-06-23 10:24:00,VICTIM_CITY,10
WTH_00020,TXN_00009,ATM_105,13.143941,78.194144,12000,2026-06-23 10:29:00,VICTIM_CITY,10
WTH_04502,TXN_02193,ATM_041,23.958985,86.808614,15000,2026-06-23 10:29:00,SYNDICATE_HUB,10
WTH_04809,TXN_02351,ATM_094,13.095951,80.268661,13000,2026-06-23 10:42:00,SYNDICATE_HUB,10
WTH_04811,TXN_02351,ATM_094,13.095951,80.268661,15000,2026-06-23 10:52:00,SYNDICATE_HUB,10
WTH_04810,TXN_02351,ATM_094,13.095951,80.268661,15000,2026-06-23 10:54:00,SYNDICATE_HUB,10
WTH_00021,TXN_00010,ATM_105,13.143941,78.194144,14500,2026-06-23 11:07:00,SYNDICATE_HUB,11
WTH_02516,TXN_01230,ATM_056,12.910199,77.593752,14500,2026-06-23 11:10:00,SYNDICATE_HUB,11
WTH_02517,TXN_01230,ATM_056,12.910199,77.593752,1500,2026-06-23 11:14:00,SYNDICATE_HUB,11
WTH_00022,TXN_00010,ATM_105,13.143941,78.194144,6500,2026-06-23 11:17:00,SYNDICATE_HUB,11
WTH_04571,TXN_02231,ATM_119,14.402097,79.990229,15000,2026-06-23 11:47:00,SYNDICATE_HUB,11
WTH_04572,TXN_02231,ATM_119,14.402097,79.990229,14500,2026-06-23 11:54:00,SYNDICATE_HUB,11
WTH_04573,TXN_02231,ATM_119,14.402097,79.990229,13000,2026-06-23 12:11:00,SYNDICATE_HUB,12
WTH_02836,TXN_01387,ATM_116,14.427993,79.990829,9500,2026-06-23 12:21:00,SYNDICATE_HUB,12
WTH_01076,TXN_00518,ATM_086,13.057794,80.247857,10500,2026-06-23 12:22:00,SYNDICATE_HUB,12
WTH_04503,TXN_02194,ATM_073,17.393316,78.511718,11000,2026-06-23 12:24:00,SYNDICATE_HUB,12
WTH_04574,TXN_02232,ATM_047,28.094959,76.988447,1000,2026-06-23 12:25:00,VICTIM_CITY,12
WTH_04504,TXN_02194,ATM_073,17.393316,78.511718,6500,2026-06-23 12:28:00,SYNDICATE_HUB,12
WTH_04812,TXN_02352,ATM_079,17.444705,78.501863,15000,2026-06-23 12:31:00,SYNDICATE_HUB,12
WTH_04575,TXN_02232,ATM_047,28.094959,76.988447,15000,2026-06-23 12:34:00,VICTIM_CITY,12
WTH_04813,TXN_02352,ATM_079,17.444705,78.501863,15000,2026-06-23 12:35:00,SYNDICATE_HUB,12
WTH_02518,TXN_01231,ATM_106,13.144834,78.150669,15000,2026-06-23 12:48:00,SYNDICATE_HUB,12
WTH_02519,TXN_01231,ATM_106,13.144834,78.150669,15000,2026-06-23 12:58:00,SYNDICATE_HUB,12
WTH_04505,TXN_02195,ATM_149,9.95279,76.274675,13500,2026-06-23 13:23:00,VICTIM_CITY,13
WTH_04506,TXN_02195,ATM_149,9.95279,76.274675,15000,2026-06-23 13:27:00,VICTIM_CITY,13
WTH_00023,TXN_00011,ATM_102,13.153029,78.149361,13000,2026-06-23 13:41:00,VICTIM_CITY,13
WTH_04507,TXN_02196,ATM_090,13.07529,80.346865,15000,2026-06-23 14:20:00,SYNDICATE_HUB,14
WTH_04508,TXN_02196,ATM_090,13.07529,80.346865,4000,2026-06-23 14:29:00,SYNDICATE_HUB,14
WTH_01077,TXN_00519,ATM_101,13.141425,78.141473,15000,2026-06-23 14:38:00,SYNDICATE_HUB,14
WTH_01078,TXN_00519,ATM_101,13.141425,78.141473,15000,2026-06-23 14:44:00,SYNDICATE_HUB,14
WTH_00024,TXN_00012,ATM_014,28.431876,77.035617,15000,2026-06-23 15:40:00,SYNDICATE_HUB,15
WTH_00025,TXN_00012,ATM_014,28.431876,77.035617,15000,2026-06-23 15:43:00,SYNDICATE_HUB,15
WTH_02520,TXN_01232,ATM_019,28.540513,77.343968,10000,2026-06-23 15:49:00,SYNDICATE_HUB,15
WTH_04509,TXN_02197,ATM_148,9.939768,76.25067,15000,2026-06-23 15:58:00,VICTIM_CITY,15
WTH_01882,TXN_00921,ATM_064,12.939903,77.576478,15000,2026-06-23 16:49:00,SYNDICATE_HUB,16
WTH_00026,TXN_00013,ATM_033,23.9755,86.8246,2000,2026-06-23 16:54:00,SYNDICATE_HUB,16
WTH_01883,TXN_00921,ATM_064,12.939903,77.576478,5500,2026-06-23 16:56:00,SYNDICATE_HUB,16
WTH_00027,TXN_00013,ATM_033,23.9755,86.8246,15000,2026-06-23 17:02:00,SYNDICATE_HUB,17
WTH_02521,TXN_01233,ATM_034,23.961348,86.818957,10000,2026-06-23 17:29:00,SYNDICATE_HUB,17
WTH_02297,TXN_01123,ATM_019,28.540513,77.343968,10000,2026-06-23 17:34:00,SYNDICATE_HUB,17
WTH_02522,TXN_01233,ATM_034,23.961348,86.818957,15000,2026-06-23 17:37:00,SYNDICATE_HUB,17
WTH_02295,TXN_01122,ATM_008,28.418102,77.013105,15000,2026-06-23 17:39:00,SYNDICATE_HUB,17
WTH_02299,TXN_01123,ATM_019,28.540513,77.343968,15000,2026-06-23 17:44:00,SYNDICATE_HUB,17
WTH_00028,TXN_00014,ATM_023,28.500015,77.373724,15000,2026-06-23 17:45:00,SYNDICATE_HUB,17
WTH_02298,TXN_01123,ATM_019,28.540513,77.343968,11500,2026-06-23 17:46:00,SYNDICATE_HUB,17
WTH_04510,TXN_02198,ATM_087,13.080541,80.280252,6500,2026-06-23 17:47:00,SYNDICATE_HUB,17
WTH_02296,TXN_01122,ATM_008,28.418102,77.013105,15000,2026-06-23 17:48:00,SYNDICATE_HUB,17
WTH_00029,TXN_00014,ATM_023,28.500015,77.373724,15000,2026-06-23 17:52:00,SYNDICATE_HUB,17
WTH_04511,TXN_02198,ATM_087,13.080541,80.280252,15000,2026-06-23 17:53:00,SYNDICATE_HUB,17
WTH_02523,TXN_01234,ATM_117,14.443511,79.973468,6500,2026-06-23 18:02:00,SYNDICATE_HUB,18
WTH_02524,TXN_01234,ATM_117,14.443511,79.973468,13500,2026-06-23 18:10:00,SYNDICATE_HUB,18
WTH_01886,TXN_00923,ATM_064,12.939903,77.576478,15000,2026-06-23 18:12:00,SYNDICATE_HUB,18
WTH_02525,TXN_01234,ATM_117,14.443511,79.973468,15000,2026-06-23 18:16:00,SYNDICATE_HUB,18
WTH_01888,TXN_00923,ATM_064,12.939903,77.576478,10500,2026-06-23 18:20:00,SYNDICATE_HUB,18
WTH_01887,TXN_00923,ATM_064,12.939903,77.576478,15000,2026-06-23 18:21:00,SYNDICATE_HUB,18
WTH_05350,TXN_02612,ATM_149,9.95279,76.274675,10000,2026-06-23 18:40:00,VICTIM_CITY,18
WTH_00030,TXN_00015,ATM_020,28.503624,77.395725,7500,2026-06-23 18:42:00,SYNDICATE_HUB,18
WTH_00031,TXN_00015,ATM_020,28.503624,77.395725,15000,2026-06-23 18:49:00,SYNDICATE_HUB,18
WTH_01884,TXN_00922,ATM_121,19.047469,72.873569,15000,2026-06-23 18:49:00,VICTIM_CITY,18
WTH_01885,TXN_00922,ATM_121,19.047469,72.873569,15000,2026-06-23 18:52:00,VICTIM_CITY,18
WTH_02842,TXN_01390,ATM_017,28.535176,77.365615,8500,2026-06-23 19:52:00,SYNDICATE_HUB,19
WTH_04512,TXN_02199,ATM_149,9.95279,76.274675,10000,2026-06-23 20:02:00,VICTIM_CITY,20
WTH_03345,TXN_01626,ATM_013,28.446435,77.029262,15000,2026-06-23 20:33:00,VICTIM_CITY,20
WTH_01889,TXN_00924,ATM_077,17.363239,78.494132,15000,2026-06-23 20:39:00,SYNDICATE_HUB,20
WTH_01890,TXN_00924,ATM_077,17.363239,78.494132,4000,2026-06-23 20:43:00,SYNDICATE_HUB,20
WTH_03346,TXN_01626,ATM_013,28.446435,77.029262,7000,2026-06-23 20:44:00,VICTIM_CITY,20
WTH_04513,TXN_02200,ATM_074,17.345418,78.444445,15000,2026-06-23 21:02:00,SYNDICATE_HUB,21
WTH_04514,TXN_02200,ATM_074,17.345418,78.444445,15000,2026-06-23 21:07:00,SYNDICATE_HUB,21
WTH_02526,TXN_01235,ATM_118,14.485479,79.999178,14000,2026-06-23 21:18:00,SYNDICATE_HUB,21
WTH_04464,TXN_02175,ATM_074,17.345418,78.444445,15000,2026-06-23 21:29:00,SYNDICATE_HUB,21
WTH_05351,TXN_02613,ATM_116,14.427993,79.990829,14500,2026-06-23 21:39:00,SYNDICATE_HUB,21
WTH_04465,TXN_02175,ATM_074,17.345418,78.444445,8500,2026-06-23 21:41:00,SYNDICATE_HUB,21
WTH_04466,TXN_02175,ATM_074,17.345418,78.444445,15000,2026-06-23 21:41:00,SYNDICATE_HUB,21
WTH_02527,TXN_01236,ATM_012,28.461121,76.992406,10000,2026-06-23 21:43:00,SYNDICATE_HUB,21
WTH_02528,TXN_01236,ATM_012,28.461121,76.992406,15000,2026-06-23 21:53:00,SYNDICATE_HUB,21
WTH_04467,TXN_02176,ATM_150,9.950709,76.282411,15000,2026-06-23 22:01:00,VICTIM_CITY,22
WTH_02529,TXN_01236,ATM_012,28.461121,76.992406,15000,2026-06-23 22:03:00,SYNDICATE_HUB,22
WTH_05732,TXN_02796,ATM_031,23.954833,86.799929,6500,2026-06-23 22:04:00,SYNDICATE_HUB,22
WTH_04468,TXN_02176,ATM_150,9.950709,76.282411,15000,2026-06-23 22:08:00,VICTIM_CITY,22
WTH_03347,TXN_01627,ATM_058,12.965444,77.60425,15000,2026-06-23 22:09:00,SYNDICATE_HUB,22
WTH_03348,TXN_01627,ATM_058,12.965444,77.60425,15000,2026-06-23 22:12:00,SYNDICATE_HUB,22
WTH_05733,TXN_02796,ATM_031,23.954833,86.799929,15000,2026-06-23 22:12:00,SYNDICATE_HUB,22
WTH_05735,TXN_02797,ATM_079,17.444705,78.501863,15000,2026-06-23 22:15:00,SYNDICATE_HUB,22
WTH_05734,TXN_02796,ATM_031,23.954833,86.799929,11000,2026-06-23 22:20:00,SYNDICATE_HUB,22
WTH_05736,TXN_02797,ATM_079,17.444705,78.501863,12000,2026-06-23 22:25:00,SYNDICATE_HUB,22
WTH_02843,TXN_01391,ATM_054,28.146724,76.998492,15000,2026-06-23 22:26:00,VICTIM_CITY,22
WTH_02844,TXN_01391,ATM_054,28.146724,76.998492,15000,2026-06-23 22:38:00,VICTIM_CITY,22
WTH_00048,TXN_00025,ATM_081,17.35381,78.511887,15000,2026-06-23 23:14:00,SYNDICATE_HUB,23
WTH_00049,TXN_00025,ATM_081,17.35381,78.511887,5000,2026-06-23 23:26:00,SYNDICATE_HUB,23
WTH_00050,TXN_00025,ATM_081,17.35381,78.511887,12000,2026-06-23 23:28:00,SYNDICATE_HUB,23
WTH_03349,TXN_01628,ATM_001,28.471421,77.023282,13000,2026-06-23 23:36:00,VICTIM_CITY,23
WTH_01794,TXN_00876,ATM_140,22.574554,88.353111,15000,2026-06-23 23:39:00,VICTIM_CITY,23
WTH_01796,TXN_00877,ATM_040,23.963968,86.771099,15000,2026-06-23 23:42:00,SYNDICATE_HUB,23
WTH_01795,TXN_00876,ATM_140,22.574554,88.353111,2500,2026-06-23 23:43:00,VICTIM_CITY,23
WTH_01797,TXN_00877,ATM_040,23.963968,86.771099,15000,2026-06-23 23:45:00,SYNDICATE_HUB,23
WTH_02530,TXN_01237,ATM_150,9.950709,76.282411,9000,2026-06-23 23:47:00,VICTIM_CITY,23
WTH_01798,TXN_00877,ATM_040,23.963968,86.771099,13500,2026-06-23 23:54:00,SYNDICATE_HUB,23
WTH_02531,TXN_01237,ATM_150,9.950709,76.282411,15000,2026-06-23 23:54:00,VICTIM_CITY,23
WTH_01799,TXN_00878,ATM_090,13.07529,80.346865,3500,2026-06-24 00:02:00,SYNDICATE_HUB,0
WTH_01800,TXN_00878,ATM_090,13.07529,80.346865,15000,2026-06-24 00:08:00,SYNDICATE_HUB,0
WTH_02532,TXN_01237,ATM_150,9.950709,76.282411,15000,2026-06-24 00:09:00,VICTIM_CITY,0
WTH_00051,TXN_00026,ATM_102,13.153029,78.149361,15000,2026-06-24 01:03:00,SYNDICATE_HUB,1
WTH_00052,TXN_00026,ATM_102,13.153029,78.149361,15000,2026-06-24 01:06:00,SYNDICATE_HUB,1
WTH_04469,TXN_02177,ATM_150,9.950709,76.282411,15000,2026-06-24 01:20:00,VICTIM_CITY,1
WTH_00053,TXN_00026,ATM_102,13.153029,78.149361,15000,2026-06-24 01:25:00,SYNDICATE_HUB,1
WTH_04470,TXN_02177,ATM_150,9.950709,76.282411,15000,2026-06-24 01:25:00,VICTIM_CITY,1
WTH_05737,TXN_02798,ATM_005,28.448233,77.039621,1000,2026-06-24 01:38:00,SYNDICATE_HUB,1
WTH_04471,TXN_02177,ATM_150,9.950709,76.282411,15000,2026-06-24 01:42:00,VICTIM_CITY,1
WTH_05738,TXN_02798,ATM_005,28.448233,77.039621,15000,2026-06-24 01:50:00,SYNDICATE_HUB,1
WTH_02533,TXN_01238,ATM_071,17.392279,78.528529,11500,2026-06-24 02:19:00,SYNDICATE_HUB,2
WTH_02534,TXN_01238,ATM_071,17.392279,78.528529,13000,2026-06-24 02:23:00,SYNDICATE_HUB,2
WTH_00057,TXN_00028,ATM_058,12.965444,77.60425,11500,2026-06-24 03:18:00,SYNDICATE_HUB,3
WTH_04472,TXN_02178,ATM_150,9.950709,76.282411,15000,2026-06-24 03:21:00,VICTIM_CITY,3
WTH_00059,TXN_00028,ATM_058,12.965444,77.60425,8500,2026-06-24 03:24:00,SYNDICATE_HUB,3
WTH_00058,TXN_00028,ATM_058,12.965444,77.60425,15000,2026-06-24 03:26:00,SYNDICATE_HUB,3
WTH_04473,TXN_02178,ATM_150,9.950709,76.282411,15000,2026-06-24 03:33:00,VICTIM_CITY,3
WTH_04474,TXN_02178,ATM_150,9.950709,76.282411,3000,2026-06-24 03:39:00,VICTIM_CITY,3
WTH_02535,TXN_01239,ATM_149,9.95279,76.274675,15000,2026-06-24 03:42:00,VICTIM_CITY,3
WTH_02536,TXN_01239,ATM_149,9.95279,76.274675,15000,2026-06-24 03:46:00,VICTIM_CITY,3
WTH_02537,TXN_01240,ATM_059,12.970489,77.557202,12000,2026-06-24 04:21:00,SYNDICATE_HUB,4
WTH_04475,TXN_02179,ATM_102,13.153029,78.149361,3500,2026-06-24 05:42:00,SYNDICATE_HUB,5
WTH_02792,TXN_01363,ATM_027,28.519254,77.40568,15000,2026-06-24 05:44:00,SYNDICATE_HUB,5
WTH_04476,TXN_02179,ATM_102,13.153029,78.149361,12000,2026-06-24 05:49:00,SYNDICATE_HUB,5
WTH_04719,TXN_02305,ATM_018,28.555241,77.3617,15000,2026-06-24 05:50:00,SYNDICATE_HUB,5
WTH_02793,TXN_01363,ATM_027,28.519254,77.40568,13000,2026-06-24 05:54:00,SYNDICATE_HUB,5
WTH_04720,TXN_02305,ATM_018,28.555241,77.3617,15000,2026-06-24 05:54:00,SYNDICATE_HUB,5
WTH_04576,TXN_02233,ATM_005,28.448233,77.039621,8000,2026-06-24 06:12:00,VICTIM_CITY,6
WTH_04577,TXN_02233,ATM_005,28.448233,77.039621,14000,2026-06-24 06:24:00,VICTIM_CITY,6
WTH_05322,TXN_02598,ATM_011,28.494676,77.021181,12500,2026-06-24 06:34:00,SYNDICATE_HUB,6
WTH_02151,TXN_01050,ATM_148,9.939768,76.25067,9000,2026-06-24 07:25:00,VICTIM_CITY,7
WTH_04578,TXN_02234,ATM_008,28.418102,77.013105,10500,2026-06-24 07:27:00,VICTIM_CITY,7
WTH_02152,TXN_01050,ATM_148,9.939768,76.25067,15000,2026-06-24 07:30:00,VICTIM_CITY,7
WTH_02150,TXN_01049,ATM_090,13.07529,80.346865,9000,2026-06-24 07:37:00,SYNDICATE_HUB,7
WTH_02794,TXN_01364,ATM_074,17.345418,78.444445,15000,2026-06-24 07:37:00,SYNDICATE_HUB,7
WTH_02795,TXN_01364,ATM_074,17.345418,78.444445,1000,2026-06-24 07:41:00,SYNDICATE_HUB,7
WTH_02796,TXN_01364,ATM_074,17.345418,78.444445,9000,2026-06-24 07:51:00,SYNDICATE_HUB,7
WTH_04477,TXN_02180,ATM_023,28.500015,77.373724,15000,2026-06-24 08:15:00,SYNDICATE_HUB,8
WTH_02572,TXN_01257,ATM_088,13.090447,80.293861,15000,2026-06-24 08:17:00,SYNDICATE_HUB,8
WTH_02573,TXN_01257,ATM_088,13.090447,80.293861,5500,2026-06-24 08:20:00,SYNDICATE_HUB,8
WTH_04478,TXN_02180,ATM_023,28.500015,77.373724,15000,2026-06-24 08:22:00,SYNDICATE_HUB,8
WTH_02574,TXN_01257,ATM_088,13.090447,80.293861,15000,2026-06-24 08:33:00,SYNDICATE_HUB,8
WTH_04479,TXN_02180,ATM_023,28.500015,77.373724,15000,2026-06-24 08:37:00,SYNDICATE_HUB,8
WTH_02153,TXN_01051,ATM_149,9.95279,76.274675,11000,2026-06-24 08:45:00,VICTIM_CITY,8
WTH_02154,TXN_01051,ATM_149,9.95279,76.274675,15000,2026-06-24 08:53:00,VICTIM_CITY,8
WTH_05323,TXN_02599,ATM_094,13.095951,80.268661,15000,2026-06-24 08:55:00,SYNDICATE_HUB,8
WTH_05324,TXN_02599,ATM_094,13.095951,80.268661,15000,2026-06-24 08:59:00,SYNDICATE_HUB,8
WTH_04723,TXN_02307,ATM_005,28.448233,77.039621,11000,2026-06-24 09:04:00,SYNDICATE_HUB,9
WTH_04480,TXN_02181,ATM_150,9.950709,76.282411,2500,2026-06-24 09:05:00,VICTIM_CITY,9
WTH_04481,TXN_02181,ATM_150,9.950709,76.282411,15000,2026-06-24 09:08:00,VICTIM_CITY,9
WTH_04482,TXN_02181,ATM_150,9.950709,76.282411,15000,2026-06-24 09:23:00,VICTIM_CITY,9
WTH_04579,TXN_02235,ATM_043,28.09283,76.984965,15000,2026-06-24 09:24:00,SYNDICATE_HUB,9
WTH_04580,TXN_02235,ATM_043,28.09283,76.984965,15000,2026-06-24 09:28:00,SYNDICATE_HUB,9
WTH_02797,TXN_01365,ATM_008,28.418102,77.013105,13000,2026-06-24 09:31:00,VICTIM_CITY,9
WTH_04581,TXN_02235,ATM_043,28.09283,76.984965,13500,2026-06-24 09:36:00,SYNDICATE_HUB,9
WTH_04721,TXN_02306,ATM_025,28.543747,77.348687,2000,2026-06-24 09:42:00,SYNDICATE_HUB,9
WTH_04722,TXN_02306,ATM_025,28.543747,77.348687,15000,2026-06-24 09:53:00,SYNDICATE_HUB,9
WTH_02575,TXN_01258,ATM_112,14.456325,79.954246,11000,2026-06-24 10:17:00,SYNDICATE_HUB,10
WTH_02798,TXN_01366,ATM_017,28.535176,77.365615,15000,2026-06-24 10:53:00,SYNDICATE_HUB,10
WTH_02799,TXN_01366,ATM_017,28.535176,77.365615,4000,2026-06-24 11:00:00,SYNDICATE_HUB,11
WTH_04483,TXN_02182,ATM_105,13.143941,78.194144,15000,2026-06-24 11:12:00,SYNDICATE_HUB,11
WTH_04582,TXN_02236,ATM_012,28.461121,76.992406,15000,2026-06-24 11:19:00,VICTIM_CITY,11
WTH_02155,TXN_01052,ATM_148,9.939768,76.25067,15000,2026-06-24 11:20:00,VICTIM_CITY,11
WTH_02156,TXN_01052,ATM_148,9.939768,76.25067,3500,2026-06-24 11:32:00,VICTIM_CITY,11
WTH_02576,TXN_01259,ATM_122,19.09418,72.908867,11000,2026-06-24 11:54:00,VICTIM_CITY,11
WTH_04724,TXN_02308,ATM_098,13.087549,80.281489,15000,2026-06-24 11:54:00,SYNDICATE_HUB,11
WTH_02577,TXN_01259,ATM_122,19.09418,72.908867,6500,2026-06-24 12:03:00,VICTIM_CITY,12
WTH_04725,TXN_02308,ATM_098,13.087549,80.281489,2000,2026-06-24 12:05:00,SYNDICATE_HUB,12
WTH_02578,TXN_01260,ATM_096,13.070198,80.294679,15000,2026-06-24 12:13:00,SYNDICATE_HUB,12
WTH_02157,TXN_01053,ATM_032,23.944799,86.783761,5500,2026-06-24 12:16:00,SYNDICATE_HUB,12
WTH_02579,TXN_01260,ATM_096,13.070198,80.294679,15000,2026-06-24 12:23:00,SYNDICATE_HUB,12
WTH_02158,TXN_01053,ATM_032,23.944799,86.783761,15000,2026-06-24 12:27:00,SYNDICATE_HUB,12
WTH_02580,TXN_01260,ATM_096,13.070198,80.294679,15000,2026-06-24 12:29:00,SYNDICATE_HUB,12
WTH_05325,TXN_02600,ATM_068,12.942178,77.644198,14000,2026-06-24 12:35:00,SYNDICATE_HUB,12
WTH_02800,TXN_01367,ATM_007,28.465307,76.980681,12500,2026-06-24 12:39:00,VICTIM_CITY,12
WTH_02159,TXN_01053,ATM_032,23.944799,86.783761,15000,2026-06-24 12:40:00,SYNDICATE_HUB,12
WTH_02801,TXN_01367,ATM_007,28.465307,76.980681,15000,2026-06-24 12:43:00,VICTIM_CITY,12
WTH_05326,TXN_02600,ATM_068,12.942178,77.644198,15000,2026-06-24 12:45:00,SYNDICATE_HUB,12
WTH_02802,TXN_01368,ATM_055,12.979842,77.592218,4000,2026-06-24 14:54:00,SYNDICATE_HUB,14
WTH_02581,TXN_01261,ATM_100,13.136631,78.114212,15000,2026-06-24 14:57:00,SYNDICATE_HUB,14
WTH_04726,TXN_02309,ATM_063,12.990379,77.664695,15000,2026-06-24 14:59:00,VICTIM_CITY,14
WTH_02803,TXN_01368,ATM_055,12.979842,77.592218,15000,2026-06-24 15:02:00,SYNDICATE_HUB,15
WTH_02582,TXN_01261,ATM_100,13.136631,78.114212,9000,2026-06-24 15:05:00,SYNDICATE_HUB,15
WTH_05327,TXN_02601,ATM_060,13.00817,77.618662,9500,2026-06-24 15:07:00,SYNDICATE_HUB,15
WTH_03968,TXN_01931,ATM_024,28.524445,77.416371,13500,2026-06-24 15:24:00,SYNDICATE_HUB,15
WTH_02804,TXN_01369,ATM_055,12.979842,77.592218,6000,2026-06-24 16:25:00,SYNDICATE_HUB,16
WTH_02805,TXN_01369,ATM_055,12.979842,77.592218,15000,2026-06-24 16:35:00,SYNDICATE_HUB,16
WTH_02806,TXN_01369,ATM_055,12.979842,77.592218,15000,2026-06-24 16:41:00,SYNDICATE_HUB,16
WTH_04727,TXN_02310,ATM_062,13.016489,77.549741,15000,2026-06-24 16:54:00,VICTIM_CITY,16
WTH_04728,TXN_02310,ATM_062,13.016489,77.549741,15000,2026-06-24 17:03:00,VICTIM_CITY,17
WTH_02807,TXN_01370,ATM_050,28.109102,76.990308,15000,2026-06-24 17:12:00,SYNDICATE_HUB,17
WTH_05328,TXN_02602,ATM_011,28.494676,77.021181,15000,2026-06-24 18:04:00,SYNDICATE_HUB,18
WTH_05329,TXN_02602,ATM_011,28.494676,77.021181,15000,2026-06-24 18:11:00,SYNDICATE_HUB,18
WTH_03279,TXN_01595,ATM_109,13.123335,78.128711,15000,2026-06-24 18:39:00,SYNDICATE_HUB,18
WTH_03280,TXN_01595,ATM_109,13.123335,78.128711,14500,2026-06-24 18:50:00,SYNDICATE_HUB,18
WTH_05330,TXN_02603,ATM_114,14.443886,79.964945,1500,2026-06-24 19:07:00,SYNDICATE_HUB,19
WTH_05331,TXN_02603,ATM_114,14.443886,79.964945,15000,2026-06-24 19:15:00,SYNDICATE_HUB,19
WTH_01393,TXN_00673,ATM_036,23.968282,86.827509,15000,2026-06-24 21:47:00,SYNDICATE_HUB,21
WTH_01219,TXN_00586,ATM_080,17.346878,78.50771,13000,2026-06-24 22:21:00,SYNDICATE_HUB,22
WTH_01220,TXN_00586,ATM_080,17.346878,78.50771,3000,2026-06-24 22:24:00,SYNDICATE_HUB,22
WTH_01394,TXN_00674,ATM_039,23.963893,86.798116,15000,2026-06-24 22:58:00,SYNDICATE_HUB,22
WTH_01395,TXN_00674,ATM_039,23.963893,86.798116,15000,2026-06-24 23:01:00,SYNDICATE_HUB,23
WTH_01396,TXN_00674,ATM_039,23.963893,86.798116,15000,2026-06-24 23:12:00,SYNDICATE_HUB,23
WTH_01397,TXN_00675,ATM_101,13.141425,78.141473,15000,2026-06-24 23:25:00,SYNDICATE_HUB,23
WTH_01398,TXN_00675,ATM_101,13.141425,78.141473,15000,2026-06-24 23:37:00,SYNDICATE_HUB,23
WTH_01221,TXN_00587,ATM_086,13.057794,80.247857,15000,2026-06-25 00:55:00,SYNDICATE_HUB,0
WTH_01222,TXN_00587,ATM_086,13.057794,80.247857,5500,2026-06-25 01:02:00,SYNDICATE_HUB,1
WTH_01399,TXN_00676,ATM_021,28.553223,77.395113,9500,2026-06-25 01:14:00,VICTIM_CITY,1
WTH_01223,TXN_00587,ATM_086,13.057794,80.247857,15000,2026-06-25 01:17:00,SYNDICATE_HUB,1
WTH_01400,TXN_00677,ATM_032,23.944799,86.783761,1000,2026-06-25 02:27:00,SYNDICATE_HUB,2
WTH_01401,TXN_00677,ATM_032,23.944799,86.783761,15000,2026-06-25 02:35:00,SYNDICATE_HUB,2
WTH_01402,TXN_00678,ATM_081,17.35381,78.511887,15000,2026-06-25 02:45:00,SYNDICATE_HUB,2
WTH_01403,TXN_00678,ATM_081,17.35381,78.511887,15000,2026-06-25 02:52:00,SYNDICATE_HUB,2
WTH_01404,TXN_00678,ATM_081,17.35381,78.511887,15000,2026-06-25 03:03:00,SYNDICATE_HUB,3
WTH_01224,TXN_00588,ATM_085,17.377148,78.46258,12000,2026-06-25 03:21:00,VICTIM_CITY,3
WTH_01225,TXN_00588,ATM_085,17.377148,78.46258,8500,2026-06-25 03:24:00,VICTIM_CITY,3
WTH_01405,TXN_00679,ATM_025,28.543747,77.348687,15000,2026-06-25 04:07:00,VICTIM_CITY,4
WTH_01406,TXN_00679,ATM_025,28.543747,77.348687,14500,2026-06-25 04:10:00,VICTIM_CITY,4
WTH_01226,TXN_00589,ATM_085,17.377148,78.46258,15000,2026-06-25 05:33:00,SYNDICATE_HUB,5
WTH_00498,TXN_00241,ATM_020,28.503624,77.395725,15000,2026-06-25 05:44:00,SYNDICATE_HUB,5
WTH_00309,TXN_00149,ATM_006,28.448378,77.015422,1000,2026-06-25 06:03:00,SYNDICATE_HUB,6
WTH_00310,TXN_00149,ATM_006,28.448378,77.015422,14500,2026-06-25 06:13:00,SYNDICATE_HUB,6
WTH_01227,TXN_00590,ATM_071,17.392279,78.528529,15000,2026-06-25 07:24:00,VICTIM_CITY,7
WTH_01228,TXN_00590,ATM_071,17.392279,78.528529,15000,2026-06-25 07:35:00,VICTIM_CITY,7
WTH_00499,TXN_00242,ATM_003,28.45388,77.020981,11500,2026-06-25 08:16:00,VICTIM_CITY,8
WTH_00500,TXN_00242,ATM_003,28.45388,77.020981,15000,2026-06-25 08:25:00,VICTIM_CITY,8
WTH_00501,TXN_00242,ATM_003,28.45388,77.020981,15000,2026-06-25 08:38:00,VICTIM_CITY,8
WTH_05352,TXN_02614,ATM_046,28.110942,77.014373,10500,2026-06-25 17:22:00,SYNDICATE_HUB,17
WTH_05353,TXN_02615,ATM_038,23.920584,86.81605,15000,2026-06-25 19:31:00,SYNDICATE_HUB,19
WTH_03833,TXN_01866,ATM_052,28.102146,76.978954,10500,2026-06-25 20:17:00,SYNDICATE_HUB,20
WTH_03834,TXN_01867,ATM_001,28.471421,77.023282,8500,2026-06-25 21:46:00,SYNDICATE_HUB,21
WTH_05354,TXN_02616,ATM_005,28.448233,77.039621,3500,2026-06-25 22:03:00,SYNDICATE_HUB,22
WTH_05355,TXN_02616,ATM_005,28.448233,77.039621,15000,2026-06-25 22:15:00,SYNDICATE_HUB,22
WTH_03513,TXN_01711,ATM_071,17.392279,78.528529,15000,2026-06-25 22:17:00,SYNDICATE_HUB,22
WTH_03515,TXN_01711,ATM_071,17.392279,78.528529,11500,2026-06-25 22:23:00,SYNDICATE_HUB,22
WTH_05356,TXN_02616,ATM_005,28.448233,77.039621,15000,2026-06-25 22:27:00,SYNDICATE_HUB,22
WTH_03514,TXN_01711,ATM_071,17.392279,78.528529,15000,2026-06-25 22:28:00,SYNDICATE_HUB,22
WTH_05075,TXN_02481,ATM_035,23.968286,86.792578,15000,2026-06-25 23:34:00,SYNDICATE_HUB,23
WTH_05076,TXN_02481,ATM_035,23.968286,86.792578,13000,2026-06-25 23:43:00,SYNDICATE_HUB,23
WTH_05077,TXN_02481,ATM_035,23.968286,86.792578,15000,2026-06-25 23:44:00,SYNDICATE_HUB,23
WTH_03518,TXN_01714,ATM_047,28.094959,76.988447,15000,2026-06-25 23:45:00,SYNDICATE_HUB,23
WTH_03835,TXN_01868,ATM_023,28.500015,77.373724,10000,2026-06-25 23:52:00,SYNDICATE_HUB,23
WTH_03519,TXN_01714,ATM_047,28.094959,76.988447,15000,2026-06-25 23:54:00,SYNDICATE_HUB,23
WTH_03516,TXN_01712,ATM_070,12.997633,77.555212,8500,2026-06-26 00:02:00,SYNDICATE_HUB,0
WTH_03836,TXN_01868,ATM_023,28.500015,77.373724,9500,2026-06-26 00:03:00,SYNDICATE_HUB,0
WTH_03520,TXN_01714,ATM_047,28.094959,76.988447,1500,2026-06-26 00:09:00,SYNDICATE_HUB,0
WTH_05357,TXN_02617,ATM_119,14.402097,79.990229,11000,2026-06-26 00:32:00,SYNDICATE_HUB,0
WTH_03517,TXN_01713,ATM_149,9.95279,76.274675,9000,2026-06-26 00:45:00,VICTIM_CITY,0
WTH_03521,TXN_01715,ATM_029,28.515359,77.383579,2500,2026-06-26 00:55:00,SYNDICATE_HUB,0
WTH_05078,TXN_02482,ATM_021,28.553223,77.395113,15000,2026-06-26 00:57:00,SYNDICATE_HUB,0
WTH_03522,TXN_01715,ATM_029,28.515359,77.383579,15000,2026-06-26 01:05:00,SYNDICATE_HUB,1
WTH_05358,TXN_02618,ATM_096,13.070198,80.294679,15000,2026-06-26 01:24:00,SYNDICATE_HUB,1
WTH_05359,TXN_02618,ATM_096,13.070198,80.294679,11000,2026-06-26 01:29:00,SYNDICATE_HUB,1
WTH_05360,TXN_02618,ATM_096,13.070198,80.294679,11000,2026-06-26 01:30:00,SYNDICATE_HUB,1
WTH_05685,TXN_02771,ATM_021,28.553223,77.395113,10500,2026-06-26 01:32:00,VICTIM_CITY,1
WTH_05079,TXN_02483,ATM_015,28.445085,77.019599,15000,2026-06-26 01:42:00,SYNDICATE_HUB,1
WTH_05080,TXN_02483,ATM_015,28.445085,77.019599,15000,2026-06-26 01:46:00,SYNDICATE_HUB,1
WTH_03523,TXN_01716,ATM_150,9.950709,76.282411,15000,2026-06-26 01:58:00,VICTIM_CITY,1
WTH_05081,TXN_02484,ATM_080,17.346878,78.50771,10500,2026-06-26 01:59:00,SYNDICATE_HUB,1
WTH_03524,TXN_01716,ATM_150,9.950709,76.282411,5500,2026-06-26 02:06:00,VICTIM_CITY,2
WTH_03837,TXN_01869,ATM_065,12.974789,77.578489,4000,2026-06-26 02:35:00,SYNDICATE_HUB,2
WTH_03838,TXN_01869,ATM_065,12.974789,77.578489,14000,2026-06-26 02:41:00,SYNDICATE_HUB,2
WTH_05686,TXN_02772,ATM_087,13.080541,80.280252,13500,2026-06-26 02:58:00,SYNDICATE_HUB,2
WTH_03839,TXN_01870,ATM_072,17.333561,78.492608,15000,2026-06-26 03:24:00,SYNDICATE_HUB,3
WTH_03841,TXN_01870,ATM_072,17.333561,78.492608,10500,2026-06-26 03:32:00,SYNDICATE_HUB,3
WTH_03840,TXN_01870,ATM_072,17.333561,78.492608,5000,2026-06-26 03:33:00,SYNDICATE_HUB,3
WTH_05361,TXN_02619,ATM_094,13.095951,80.268661,8500,2026-06-26 04:03:00,SYNDICATE_HUB,4
WTH_02192,TXN_01071,ATM_111,14.488893,79.949155,11000,2026-06-26 04:29:00,VICTIM_CITY,4
WTH_00296,TXN_00143,ATM_003,28.45388,77.020981,15000,2026-06-26 04:46:00,SYNDICATE_HUB,4
WTH_00299,TXN_00144,ATM_101,13.141425,78.141473,11000,2026-06-26 04:47:00,SYNDICATE_HUB,4
WTH_05687,TXN_02773,ATM_042,23.986146,86.794608,15000,2026-06-26 04:50:00,SYNDICATE_HUB,4
WTH_00297,TXN_00143,ATM_003,28.45388,77.020981,8000,2026-06-26 04:51:00,SYNDICATE_HUB,4
WTH_05688,TXN_02773,ATM_042,23.986146,86.794608,10000,2026-06-26 04:59:00,SYNDICATE_HUB,4
WTH_00298,TXN_00143,ATM_003,28.45388,77.020981,4000,2026-06-26 05:04:00,SYNDICATE_HUB,5
WTH_05689,TXN_02773,ATM_042,23.986146,86.794608,15000,2026-06-26 05:06:00,SYNDICATE_HUB,5
WTH_03842,TXN_01871,ATM_065,12.974789,77.578489,15000,2026-06-26 05:42:00,SYNDICATE_HUB,5
WTH_03843,TXN_01871,ATM_065,12.974789,77.578489,10000,2026-06-26 05:50:00,SYNDICATE_HUB,5
WTH_01761,TXN_00859,ATM_064,12.939903,77.576478,8000,2026-06-26 06:05:00,SYNDICATE_HUB,6
WTH_01762,TXN_00859,ATM_064,12.939903,77.576478,8500,2026-06-26 06:13:00,SYNDICATE_HUB,6
WTH_01763,TXN_00859,ATM_064,12.939903,77.576478,15000,2026-06-26 06:15:00,SYNDICATE_HUB,6
WTH_00300,TXN_00145,ATM_139,22.578174,88.347094,15000,2026-06-26 06:28:00,VICTIM_CITY,6
WTH_00301,TXN_00145,ATM_139,22.578174,88.347094,14000,2026-06-26 06:39:00,VICTIM_CITY,6
WTH_02193,TXN_01072,ATM_016,28.521059,77.435455,15000,2026-06-26 06:44:00,SYNDICATE_HUB,6
WTH_05362,TXN_02620,ATM_034,23.961348,86.818957,15000,2026-06-26 06:45:00,SYNDICATE_HUB,6
WTH_02194,TXN_01072,ATM_016,28.521059,77.435455,4500,2026-06-26 06:52:00,SYNDICATE_HUB,6
WTH_05363,TXN_02620,ATM_034,23.961348,86.818957,15000,2026-06-26 06:55:00,SYNDICATE_HUB,6
WTH_00302,TXN_00146,ATM_094,13.095951,80.268661,8500,2026-06-26 07:10:00,SYNDICATE_HUB,7
WTH_03844,TXN_01872,ATM_044,28.127308,77.001575,10000,2026-06-26 07:28:00,SYNDICATE_HUB,7
WTH_02195,TXN_01073,ATM_060,13.00817,77.618662,15000,2026-06-26 07:40:00,SYNDICATE_HUB,7
WTH_02196,TXN_01073,ATM_060,13.00817,77.618662,15000,2026-06-26 07:46:00,SYNDICATE_HUB,7
WTH_00303,TXN_00147,ATM_135,22.560279,88.367561,1500,2026-06-26 08:08:00,VICTIM_CITY,8
WTH_00304,TXN_00147,ATM_135,22.560279,88.367561,15000,2026-06-26 08:15:00,VICTIM_CITY,8
WTH_00305,TXN_00147,ATM_135,22.560279,88.367561,8000,2026-06-26 08:16:00,VICTIM_CITY,8
WTH_05690,TXN_02774,ATM_088,13.090447,80.293861,7000,2026-06-26 08:19:00,SYNDICATE_HUB,8
WTH_05691,TXN_02774,ATM_088,13.090447,80.293861,11500,2026-06-26 08:22:00,SYNDICATE_HUB,8
WTH_05692,TXN_02775,ATM_070,12.997633,77.555212,6500,2026-06-26 08:46:00,SYNDICATE_HUB,8
WTH_00306,TXN_00148,ATM_095,13.05899,80.228284,14000,2026-06-26 08:48:00,SYNDICATE_HUB,8
WTH_05693,TXN_02775,ATM_070,12.997633,77.555212,15000,2026-06-26 08:55:00,SYNDICATE_HUB,8
WTH_00307,TXN_00148,ATM_095,13.05899,80.228284,15000,2026-06-26 08:59:00,SYNDICATE_HUB,8
WTH_05694,TXN_02775,ATM_070,12.997633,77.555212,6000,2026-06-26 09:02:00,SYNDICATE_HUB,9
WTH_00308,TXN_00148,ATM_095,13.05899,80.228284,4500,2026-06-26 09:12:00,SYNDICATE_HUB,9
WTH_03845,TXN_01873,ATM_051,28.080693,76.986587,3000,2026-06-26 09:26:00,VICTIM_CITY,9
WTH_03846,TXN_01873,ATM_051,28.080693,76.986587,1500,2026-06-26 09:36:00,VICTIM_CITY,9
WTH_03847,TXN_01873,ATM_051,28.080693,76.986587,15000,2026-06-26 09:48:00,VICTIM_CITY,9
WTH_02197,TXN_01074,ATM_022,28.532724,77.383774,15000,2026-06-26 10:36:00,SYNDICATE_HUB,10
WTH_02198,TXN_01074,ATM_022,28.532724,77.383774,15000,2026-06-26 10:41:00,SYNDICATE_HUB,10
WTH_05695,TXN_02776,ATM_042,23.986146,86.794608,15000,2026-06-26 10:47:00,SYNDICATE_HUB,10
WTH_02199,TXN_01074,ATM_022,28.532724,77.383774,15000,2026-06-26 10:52:00,SYNDICATE_HUB,10
WTH_03848,TXN_01874,ATM_113,14.433161,80.008279,15000,2026-06-26 10:52:00,SYNDICATE_HUB,10
WTH_05696,TXN_02776,ATM_042,23.986146,86.794608,11000,2026-06-26 10:55:00,SYNDICATE_HUB,10
WTH_03849,TXN_01874,ATM_113,14.433161,80.008279,15000,2026-06-26 11:00:00,SYNDICATE_HUB,11
WTH_05697,TXN_02776,ATM_042,23.986146,86.794608,15000,2026-06-26 11:07:00,SYNDICATE_HUB,11
WTH_03850,TXN_01874,ATM_113,14.433161,80.008279,10500,2026-06-26 11:08:00,SYNDICATE_HUB,11
WTH_02203,TXN_01076,ATM_051,28.080693,76.986587,10000,2026-06-26 12:02:00,SYNDICATE_HUB,12
WTH_02200,TXN_01075,ATM_056,12.910199,77.593752,15000,2026-06-26 12:08:00,SYNDICATE_HUB,12
WTH_02201,TXN_01075,ATM_056,12.910199,77.593752,5000,2026-06-26 12:11:00,SYNDICATE_HUB,12
WTH_03851,TXN_01875,ATM_052,28.102146,76.978954,15000,2026-06-26 12:25:00,VICTIM_CITY,12
WTH_05698,TXN_02777,ATM_098,13.087549,80.281489,15000,2026-06-26 12:27:00,SYNDICATE_HUB,12
WTH_02202,TXN_01075,ATM_056,12.910199,77.593752,15000,2026-06-26 12:32:00,SYNDICATE_HUB,12
WTH_03852,TXN_01875,ATM_052,28.102146,76.978954,10000,2026-06-26 12:33:00,VICTIM_CITY,12
WTH_05699,TXN_02777,ATM_098,13.087549,80.281489,4500,2026-06-26 12:37:00,SYNDICATE_HUB,12
WTH_03853,TXN_01875,ATM_052,28.102146,76.978954,11000,2026-06-26 12:47:00,VICTIM_CITY,12
WTH_05700,TXN_02777,ATM_098,13.087549,80.281489,15000,2026-06-26 12:51:00,SYNDICATE_HUB,12
WTH_03854,TXN_01876,ATM_054,28.146724,76.998492,14000,2026-06-26 13:01:00,VICTIM_CITY,13
WTH_03855,TXN_01877,ATM_049,28.114922,77.000221,5000,2026-06-26 13:32:00,SYNDICATE_HUB,13
WTH_03856,TXN_01877,ATM_049,28.114922,77.000221,10500,2026-06-26 13:43:00,SYNDICATE_HUB,13
WTH_05701,TXN_02778,ATM_076,17.393016,78.497786,15000,2026-06-26 15:26:00,SYNDICATE_HUB,15
WTH_05702,TXN_02778,ATM_076,17.393016,78.497786,3000,2026-06-26 15:37:00,SYNDICATE_HUB,15
WTH_05703,TXN_02778,ATM_076,17.393016,78.497786,15000,2026-06-26 15:50:00,SYNDICATE_HUB,15
WTH_05704,TXN_02779,ATM_021,28.553223,77.395113,12000,2026-06-26 17:45:00,VICTIM_CITY,17
WTH_05705,TXN_02779,ATM_021,28.553223,77.395113,15000,2026-06-26 17:57:00,VICTIM_CITY,17
WTH_01597,TXN_00780,ATM_089,13.083064,80.311399,13500,2026-06-26 18:06:00,SYNDICATE_HUB,18
WTH_01595,TXN_00779,ATM_045,28.098405,77.005265,15000,2026-06-26 18:11:00,VICTIM_CITY,18
WTH_00502,TXN_00243,ATM_029,28.515359,77.383579,15000,2026-06-26 18:16:00,SYNDICATE_HUB,18
WTH_01596,TXN_00779,ATM_045,28.098405,77.005265,15000,2026-06-26 18:19:00,VICTIM_CITY,18
WTH_00503,TXN_00243,ATM_029,28.515359,77.383579,13500,2026-06-26 18:22:00,SYNDICATE_HUB,18
WTH_00504,TXN_00243,ATM_029,28.515359,77.383579,15000,2026-06-26 18:32:00,SYNDICATE_HUB,18
WTH_01598,TXN_00781,ATM_066,12.921979,77.596794,12500,2026-06-26 20:01:00,SYNDICATE_HUB,20
WTH_01599,TXN_00782,ATM_049,28.114922,77.000221,7000,2026-06-26 20:39:00,VICTIM_CITY,20
WTH_01600,TXN_00782,ATM_049,28.114922,77.000221,15000,2026-06-26 20:51:00,VICTIM_CITY,20
WTH_00505,TXN_00244,ATM_067,12.937606,77.609755,12000,2026-06-26 21:31:00,SYNDICATE_HUB,21
WTH_00507,TXN_00244,ATM_067,12.937606,77.609755,4000,2026-06-26 21:37:00,SYNDICATE_HUB,21
WTH_00506,TXN_00244,ATM_067,12.937606,77.609755,15000,2026-06-26 21:42:00,SYNDICATE_HUB,21
WTH_04729,TXN_02311,ATM_009,28.435192,77.034142,15000,2026-06-26 21:49:00,SYNDICATE_HUB,21
WTH_04730,TXN_02311,ATM_009,28.435192,77.034142,13000,2026-06-26 21:59:00,SYNDICATE_HUB,21
WTH_04731,TXN_02312,ATM_119,14.402097,79.990229,14500,2026-06-26 22:01:00,SYNDICATE_HUB,22
WTH_04732,TXN_02312,ATM_119,14.402097,79.990229,15000,2026-06-26 22:13:00,SYNDICATE_HUB,22
WTH_04733,TXN_02312,ATM_119,14.402097,79.990229,15000,2026-06-26 22:25:00,SYNDICATE_HUB,22
WTH_01601,TXN_00783,ATM_018,28.555241,77.3617,9500,2026-06-26 22:40:00,SYNDICATE_HUB,22
WTH_01602,TXN_00783,ATM_018,28.555241,77.3617,15000,2026-06-26 22:44:00,SYNDICATE_HUB,22
WTH_04734,TXN_02313,ATM_147,11.002655,76.97619,15000,2026-06-26 22:54:00,VICTIM_CITY,22
WTH_04735,TXN_02313,ATM_147,11.002655,76.97619,2500,2026-06-26 23:00:00,VICTIM_CITY,23
WTH_00508,TXN_00245,ATM_032,23.944799,86.783761,14500,2026-06-26 23:12:00,VICTIM_CITY,23
WTH_00509,TXN_00246,ATM_026,28.543278,77.381758,15000,2026-06-26 23:59:00,SYNDICATE_HUB,23
WTH_00510,TXN_00246,ATM_026,28.543278,77.381758,15000,2026-06-27 00:09:00,SYNDICATE_HUB,0
WTH_00511,TXN_00246,ATM_026,28.543278,77.381758,15000,2026-06-27 00:11:00,SYNDICATE_HUB,0
WTH_01603,TXN_00784,ATM_050,28.109102,76.990308,14500,2026-06-27 00:12:00,SYNDICATE_HUB,0
WTH_04736,TXN_02314,ATM_147,11.002655,76.97619,15000,2026-06-27 00:53:00,VICTIM_CITY,0
WTH_00084,TXN_00039,ATM_058,12.965444,77.60425,8500,2026-06-27 01:16:00,SYNDICATE_HUB,1
WTH_01382,TXN_00667,ATM_067,12.937606,77.609755,13500,2026-06-27 01:43:00,SYNDICATE_HUB,1
WTH_01604,TXN_00785,ATM_024,28.524445,77.416371,15000,2026-06-27 01:45:00,SYNDICATE_HUB,1
WTH_01605,TXN_00786,ATM_082,17.422075,78.460438,4000,2026-06-27 01:53:00,SYNDICATE_HUB,1
WTH_01606,TXN_00786,ATM_082,17.422075,78.460438,15000,2026-06-27 02:02:00,SYNDICATE_HUB,2
WTH_04739,TXN_02316,ATM_100,13.136631,78.114212,15000,2026-06-27 02:55:00,SYNDICATE_HUB,2
WTH_04740,TXN_02316,ATM_100,13.136631,78.114212,15000,2026-06-27 03:00:00,SYNDICATE_HUB,3
WTH_04737,TXN_02315,ATM_055,12.979842,77.592218,15000,2026-06-27 03:09:00,SYNDICATE_HUB,3
WTH_04738,TXN_02315,ATM_055,12.979842,77.592218,15000,2026-06-27 03:15:00,SYNDICATE_HUB,3
WTH_01383,TXN_00668,ATM_088,13.090447,80.293861,15000,2026-06-27 03:42:00,SYNDICATE_HUB,3
WTH_01384,TXN_00668,ATM_088,13.090447,80.293861,2500,2026-06-27 03:50:00,SYNDICATE_HUB,3
WTH_00085,TXN_00040,ATM_104,13.143941,78.140721,2000,2026-06-27 04:25:00,SYNDICATE_HUB,4
WTH_01161,TXN_00559,ATM_049,28.114922,77.000221,7500,2026-06-27 04:25:00,VICTIM_CITY,4
WTH_01162,TXN_00559,ATM_049,28.114922,77.000221,8500,2026-06-27 04:32:00,VICTIM_CITY,4
WTH_00086,TXN_00040,ATM_104,13.143941,78.140721,10500,2026-06-27 04:36:00,SYNDICATE_HUB,4
WTH_00087,TXN_00040,ATM_104,13.143941,78.140721,15000,2026-06-27 04:39:00,SYNDICATE_HUB,4
WTH_01164,TXN_00560,ATM_073,17.393316,78.511718,15000,2026-06-27 04:41:00,SYNDICATE_HUB,4
WTH_01385,TXN_00669,ATM_022,28.532724,77.383774,15000,2026-06-27 04:44:00,SYNDICATE_HUB,4
WTH_01163,TXN_00559,ATM_049,28.114922,77.000221,15000,2026-06-27 04:45:00,VICTIM_CITY,4
WTH_01386,TXN_00669,ATM_022,28.532724,77.383774,4000,2026-06-27 04:50:00,SYNDICATE_HUB,4
WTH_01387,TXN_00669,ATM_022,28.532724,77.383774,15000,2026-06-27 04:52:00,SYNDICATE_HUB,4
WTH_01165,TXN_00560,ATM_073,17.393316,78.511718,15000,2026-06-27 04:53:00,SYNDICATE_HUB,4
WTH_01607,TXN_00787,ATM_089,13.083064,80.311399,10500,2026-06-27 05:06:00,SYNDICATE_HUB,5
WTH_04642,TXN_02266,ATM_065,12.974789,77.578489,15000,2026-06-27 05:21:00,SYNDICATE_HUB,5
WTH_01166,TXN_00561,ATM_054,28.146724,76.998492,14500,2026-06-27 05:27:00,VICTIM_CITY,5
WTH_04741,TXN_02317,ATM_078,17.394378,78.463841,8500,2026-06-27 05:31:00,SYNDICATE_HUB,5
WTH_04742,TXN_02317,ATM_078,17.394378,78.463841,15000,2026-06-27 05:43:00,SYNDICATE_HUB,5
WTH_04743,TXN_02317,ATM_078,17.394378,78.463841,2000,2026-06-27 05:47:00,SYNDICATE_HUB,5
WTH_04643,TXN_02267,ATM_110,14.432893,79.988137,5000,2026-06-27 05:56:00,VICTIM_CITY,5
WTH_04645,TXN_02268,ATM_116,14.427993,79.990829,15000,2026-06-27 05:57:00,VICTIM_CITY,5
WTH_04646,TXN_02268,ATM_116,14.427993,79.990829,15000,2026-06-27 06:01:00,VICTIM_CITY,6
WTH_04644,TXN_02267,ATM_110,14.432893,79.988137,14500,2026-06-27 06:04:00,VICTIM_CITY,6
WTH_04647,TXN_02268,ATM_116,14.427993,79.990829,5500,2026-06-27 06:05:00,VICTIM_CITY,6
WTH_00088,TXN_00041,ATM_092,13.052715,80.284209,13000,2026-06-27 06:08:00,SYNDICATE_HUB,6
WTH_04648,TXN_02269,ATM_118,14.485479,79.999178,15000,2026-06-27 07:02:00,VICTIM_CITY,7
WTH_04649,TXN_02269,ATM_118,14.485479,79.999178,15000,2026-06-27 07:08:00,VICTIM_CITY,7
WTH_01608,TXN_00788,ATM_023,28.500015,77.373724,15000,2026-06-27 07:09:00,SYNDICATE_HUB,7
WTH_01610,TXN_00789,ATM_045,28.098405,77.005265,15000,2026-06-27 07:16:00,VICTIM_CITY,7
WTH_01609,TXN_00788,ATM_023,28.500015,77.373724,5500,2026-06-27 07:19:00,SYNDICATE_HUB,7
WTH_01388,TXN_00670,ATM_035,23.968286,86.792578,9500,2026-06-27 07:21:00,SYNDICATE_HUB,7
WTH_01611,TXN_00789,ATM_045,28.098405,77.005265,15000,2026-06-27 07:21:00,VICTIM_CITY,7
WTH_00089,TXN_00042,ATM_065,12.974789,77.578489,10000,2026-06-27 07:38:00,SYNDICATE_HUB,7
WTH_00090,TXN_00042,ATM_065,12.974789,77.578489,6000,2026-06-27 07:41:00,SYNDICATE_HUB,7
WTH_01167,TXN_00562,ATM_003,28.45388,77.020981,15000,2026-06-27 07:42:00,SYNDICATE_HUB,7
WTH_00777,TXN_00374,ATM_084,17.411306,78.547397,15000,2026-06-27 07:44:00,VICTIM_CITY,7
WTH_00778,TXN_00374,ATM_084,17.411306,78.547397,15000,2026-06-27 07:51:00,VICTIM_CITY,7
WTH_00779,TXN_00374,ATM_084,17.411306,78.547397,15000,2026-06-27 07:52:00,VICTIM_CITY,7
WTH_01168,TXN_00562,ATM_003,28.45388,77.020981,1000,2026-06-27 07:52:00,SYNDICATE_HUB,7
WTH_00091,TXN_00042,ATM_065,12.974789,77.578489,15000,2026-06-27 07:58:00,SYNDICATE_HUB,7
WTH_00092,TXN_00043,ATM_073,17.393316,78.511718,14000,2026-06-27 08:02:00,VICTIM_CITY,8
WTH_00093,TXN_00043,ATM_073,17.393316,78.511718,12000,2026-06-27 08:07:00,VICTIM_CITY,8
WTH_00094,TXN_00043,ATM_073,17.393316,78.511718,13500,2026-06-27 08:08:00,VICTIM_CITY,8
WTH_01612,TXN_00790,ATM_037,23.961927,86.827934,14500,2026-06-27 08:15:00,SYNDICATE_HUB,8
WTH_01613,TXN_00790,ATM_037,23.961927,86.827934,5000,2026-06-27 08:18:00,SYNDICATE_HUB,8
WTH_01389,TXN_00671,ATM_035,23.968286,86.792578,15000,2026-06-27 08:25:00,SYNDICATE_HUB,8
WTH_01390,TXN_00671,ATM_035,23.968286,86.792578,15000,2026-06-27 08:36:00,SYNDICATE_HUB,8
WTH_01169,TXN_00563,ATM_071,17.392279,78.528529,15000,2026-06-27 08:47:00,SYNDICATE_HUB,8
WTH_01614,TXN_00791,ATM_024,28.524445,77.416371,6500,2026-06-27 08:48:00,SYNDICATE_HUB,8
WTH_01170,TXN_00563,ATM_071,17.392279,78.528529,4000,2026-06-27 08:51:00,SYNDICATE_HUB,8
WTH_01615,TXN_00791,ATM_024,28.524445,77.416371,10500,2026-06-27 08:53:00,SYNDICATE_HUB,8
WTH_01616,TXN_00792,ATM_108,13.130656,78.144644,5500,2026-06-27 09:01:00,SYNDICATE_HUB,9
WTH_01617,TXN_00792,ATM_108,13.130656,78.144644,15000,2026-06-27 09:10:00,SYNDICATE_HUB,9
WTH_04650,TXN_02270,ATM_113,14.433161,80.008279,15000,2026-06-27 09:21:00,VICTIM_CITY,9
WTH_01391,TXN_00672,ATM_019,28.540513,77.343968,15000,2026-06-27 09:30:00,SYNDICATE_HUB,9
WTH_01392,TXN_00672,ATM_019,28.540513,77.343968,15000,2026-06-27 09:37:00,SYNDICATE_HUB,9
WTH_02837,TXN_01388,ATM_022,28.532724,77.383774,15000,2026-06-27 16:34:00,SYNDICATE_HUB,16
WTH_02838,TXN_01388,ATM_022,28.532724,77.383774,15000,2026-06-27 16:45:00,SYNDICATE_HUB,16
WTH_02839,TXN_01388,ATM_022,28.532724,77.383774,15000,2026-06-27 16:52:00,SYNDICATE_HUB,16
WTH_03778,TXN_01840,ATM_061,12.996913,77.5655,14500,2026-06-27 17:19:00,SYNDICATE_HUB,17
WTH_03779,TXN_01841,ATM_056,12.910199,77.593752,15000,2026-06-27 18:13:00,SYNDICATE_HUB,18
WTH_03780,TXN_01841,ATM_056,12.910199,77.593752,15000,2026-06-27 18:19:00,SYNDICATE_HUB,18
WTH_03781,TXN_01841,ATM_056,12.910199,77.593752,15000,2026-06-27 18:37:00,SYNDICATE_HUB,18
WTH_02840,TXN_01389,ATM_071,17.392279,78.528529,15000,2026-06-27 19:13:00,VICTIM_CITY,19
WTH_02841,TXN_01389,ATM_071,17.392279,78.528529,15000,2026-06-27 19:24:00,VICTIM_CITY,19
WTH_03782,TXN_01842,ATM_009,28.435192,77.034142,15000,2026-06-27 19:30:00,SYNDICATE_HUB,19
WTH_03783,TXN_01842,ATM_009,28.435192,77.034142,13500,2026-06-27 19:34:00,SYNDICATE_HUB,19
WTH_03784,TXN_01842,ATM_009,28.435192,77.034142,14000,2026-06-27 19:46:00,SYNDICATE_HUB,19
WTH_02599,TXN_01269,ATM_040,23.963968,86.771099,13500,2026-06-27 20:16:00,SYNDICATE_HUB,20
WTH_02600,TXN_01270,ATM_009,28.435192,77.034142,15000,2026-06-27 20:52:00,VICTIM_CITY,20
WTH_03785,TXN_01843,ATM_029,28.515359,77.383579,10000,2026-06-27 21:51:00,SYNDICATE_HUB,21
WTH_03786,TXN_01843,ATM_029,28.515359,77.383579,7000,2026-06-27 21:57:00,SYNDICATE_HUB,21
WTH_05480,TXN_02675,ATM_142,22.617008,88.329241,15000,2026-06-27 22:46:00,VICTIM_CITY,22
WTH_05481,TXN_02675,ATM_142,22.617008,88.329241,15000,2026-06-27 22:56:00,VICTIM_CITY,22
WTH_05482,TXN_02675,ATM_142,22.617008,88.329241,4500,2026-06-27 23:10:00,VICTIM_CITY,23
WTH_05332,TXN_02604,ATM_061,12.996913,77.5655,10000,2026-06-27 23:12:00,SYNDICATE_HUB,23
WTH_05333,TXN_02604,ATM_061,12.996913,77.5655,9500,2026-06-27 23:21:00,SYNDICATE_HUB,23
WTH_02604,TXN_01272,ATM_015,28.445085,77.019599,10500,2026-06-27 23:34:00,VICTIM_CITY,23
WTH_02601,TXN_01271,ATM_018,28.555241,77.3617,5500,2026-06-27 23:37:00,SYNDICATE_HUB,23
WTH_02605,TXN_01272,ATM_015,28.445085,77.019599,8500,2026-06-27 23:38:00,VICTIM_CITY,23
WTH_02602,TXN_01271,ATM_018,28.555241,77.3617,15000,2026-06-27 23:41:00,SYNDICATE_HUB,23
WTH_02603,TXN_01271,ATM_018,28.555241,77.3617,7000,2026-06-27 23:53:00,SYNDICATE_HUB,23
WTH_02606,TXN_01273,ATM_004,28.497401,77.045018,14500,2026-06-28 00:09:00,SYNDICATE_HUB,0
WTH_03787,TXN_01844,ATM_011,28.494676,77.021181,15000,2026-06-28 00:20:00,SYNDICATE_HUB,0
WTH_03793,TXN_01847,ATM_011,28.494676,77.021181,6500,2026-06-28 00:43:00,VICTIM_CITY,0
WTH_03788,TXN_01845,ATM_005,28.448233,77.039621,15000,2026-06-28 00:44:00,SYNDICATE_HUB,0
WTH_03789,TXN_01845,ATM_005,28.448233,77.039621,4000,2026-06-28 00:47:00,SYNDICATE_HUB,0
WTH_03794,TXN_01847,ATM_011,28.494676,77.021181,14000,2026-06-28 00:51:00,VICTIM_CITY,0
WTH_03949,TXN_01923,ATM_111,14.488893,79.949155,15000,2026-06-28 00:56:00,SYNDICATE_HUB,0
WTH_04869,TXN_02381,ATM_085,17.377148,78.46258,2000,2026-06-28 01:03:00,SYNDICATE_HUB,1
WTH_03790,TXN_01845,ATM_005,28.448233,77.039621,15000,2026-06-28 01:06:00,SYNDICATE_HUB,1
WTH_03950,TXN_01923,ATM_111,14.488893,79.949155,1500,2026-06-28 01:06:00,SYNDICATE_HUB,1
WTH_03791,TXN_01846,ATM_052,28.102146,76.978954,15000,2026-06-28 01:13:00,SYNDICATE_HUB,1
WTH_04870,TXN_02381,ATM_085,17.377148,78.46258,10000,2026-06-28 01:13:00,SYNDICATE_HUB,1
WTH_04871,TXN_02381,ATM_085,17.377148,78.46258,15000,2026-06-28 01:13:00,SYNDICATE_HUB,1
WTH_03951,TXN_01923,ATM_111,14.488893,79.949155,15000,2026-06-28 01:16:00,SYNDICATE_HUB,1
WTH_03792,TXN_01846,ATM_052,28.102146,76.978954,1500,2026-06-28 01:23:00,SYNDICATE_HUB,1
WTH_04872,TXN_02382,ATM_074,17.345418,78.444445,15000,2026-06-28 01:48:00,SYNDICATE_HUB,1
WTH_04873,TXN_02382,ATM_074,17.345418,78.444445,7500,2026-06-28 01:53:00,SYNDICATE_HUB,1
WTH_05334,TXN_02605,ATM_095,13.05899,80.228284,11000,2026-06-28 01:56:00,SYNDICATE_HUB,1
WTH_03795,TXN_01848,ATM_005,28.448233,77.039621,15000,2026-06-28 02:29:00,VICTIM_CITY,2
WTH_03796,TXN_01848,ATM_005,28.448233,77.039621,15000,2026-06-28 02:39:00,VICTIM_CITY,2
WTH_05335,TXN_02606,ATM_086,13.057794,80.247857,9000,2026-06-28 03:21:00,SYNDICATE_HUB,3
WTH_05336,TXN_02606,ATM_086,13.057794,80.247857,15000,2026-06-28 03:25:00,SYNDICATE_HUB,3
WTH_05337,TXN_02606,ATM_086,13.057794,80.247857,13000,2026-06-28 03:33:00,SYNDICATE_HUB,3
WTH_04874,TXN_02383,ATM_023,28.500015,77.373724,15000,2026-06-28 03:43:00,SYNDICATE_HUB,3
WTH_04875,TXN_02383,ATM_023,28.500015,77.373724,15000,2026-06-28 03:51:00,SYNDICATE_HUB,3
WTH_05338,TXN_02607,ATM_088,13.090447,80.293861,15000,2026-06-28 04:01:00,SYNDICATE_HUB,4
WTH_05339,TXN_02607,ATM_088,13.090447,80.293861,15000,2026-06-28 04:04:00,SYNDICATE_HUB,4
WTH_05340,TXN_02607,ATM_088,13.090447,80.293861,9000,2026-06-28 04:09:00,SYNDICATE_HUB,4
WTH_05098,TXN_02493,ATM_017,28.535176,77.365615,15000,2026-06-28 04:27:00,SYNDICATE_HUB,4
WTH_03867,TXN_01883,ATM_087,13.080541,80.280252,15000,2026-06-28 04:29:00,SYNDICATE_HUB,4
WTH_03865,TXN_01882,ATM_082,17.422075,78.460438,15000,2026-06-28 04:32:00,SYNDICATE_HUB,4
WTH_03868,TXN_01883,ATM_087,13.080541,80.280252,5500,2026-06-28 04:35:00,SYNDICATE_HUB,4
WTH_04876,TXN_02384,ATM_096,13.070198,80.294679,10000,2026-06-28 04:35:00,SYNDICATE_HUB,4
WTH_03866,TXN_01882,ATM_082,17.422075,78.460438,2500,2026-06-28 04:36:00,SYNDICATE_HUB,4
WTH_05097,TXN_02492,ATM_057,12.973527,77.673424,13000,2026-06-28 04:40:00,SYNDICATE_HUB,4
WTH_03869,TXN_01883,ATM_087,13.080541,80.280252,15000,2026-06-28 04:49:00,SYNDICATE_HUB,4
WTH_05341,TXN_02608,ATM_070,12.997633,77.555212,10000,2026-06-28 05:47:00,SYNDICATE_HUB,5
WTH_05345,TXN_02610,ATM_100,13.136631,78.114212,15000,2026-06-28 05:49:00,VICTIM_CITY,5
WTH_03797,TXN_01849,ATM_008,28.418102,77.013105,15000,2026-06-28 05:51:00,SYNDICATE_HUB,5
WTH_05346,TXN_02610,ATM_100,13.136631,78.114212,2000,2026-06-28 05:53:00,VICTIM_CITY,5
WTH_03799,TXN_01849,ATM_008,28.418102,77.013105,15000,2026-06-28 05:57:00,SYNDICATE_HUB,5
WTH_05099,TXN_02494,ATM_061,12.996913,77.5655,9500,2026-06-28 05:58:00,SYNDICATE_HUB,5
WTH_03798,TXN_01849,ATM_008,28.418102,77.013105,14000,2026-06-28 06:01:00,SYNDICATE_HUB,6
WTH_05100,TXN_02494,ATM_061,12.996913,77.5655,9500,2026-06-28 06:05:00,SYNDICATE_HUB,6
WTH_05342,TXN_02609,ATM_040,23.963968,86.771099,15000,2026-06-28 06:09:00,SYNDICATE_HUB,6
WTH_05347,TXN_02610,ATM_100,13.136631,78.114212,7500,2026-06-28 06:11:00,VICTIM_CITY,6
WTH_03978,TXN_01938,ATM_149,9.95279,76.274675,15000,2026-06-28 06:16:00,VICTIM_CITY,6
WTH_03979,TXN_01938,ATM_149,9.95279,76.274675,15000,2026-06-28 06:19:00,VICTIM_CITY,6
WTH_05343,TXN_02609,ATM_040,23.963968,86.771099,6500,2026-06-28 06:19:00,SYNDICATE_HUB,6
WTH_05344,TXN_02609,ATM_040,23.963968,86.771099,15000,2026-06-28 06:19:00,SYNDICATE_HUB,6
WTH_03870,TXN_01884,ATM_132,18.959314,72.840822,12500,2026-06-28 06:45:00,VICTIM_CITY,6
WTH_03871,TXN_01884,ATM_132,18.959314,72.840822,6500,2026-06-28 06:51:00,VICTIM_CITY,6
WTH_05101,TXN_02495,ATM_101,13.141425,78.141473,15000,2026-06-28 06:59:00,VICTIM_CITY,6
WTH_05102,TXN_02495,ATM_101,13.141425,78.141473,4000,2026-06-28 07:03:00,VICTIM_CITY,7
WTH_03980,TXN_01939,ATM_018,28.555241,77.3617,2000,2026-06-28 07:07:00,SYNDICATE_HUB,7
WTH_03800,TXN_01850,ATM_082,17.422075,78.460438,15000,2026-06-28 07:09:00,SYNDICATE_HUB,7
WTH_03981,TXN_01939,ATM_018,28.555241,77.3617,5500,2026-06-28 07:14:00,SYNDICATE_HUB,7
WTH_03801,TXN_01850,ATM_082,17.422075,78.460438,13500,2026-06-28 07:15:00,SYNDICATE_HUB,7
WTH_03802,TXN_01850,ATM_082,17.422075,78.460438,15000,2026-06-28 07:19:00,SYNDICATE_HUB,7
WTH_05103,TXN_02495,ATM_101,13.141425,78.141473,15000,2026-06-28 07:19:00,VICTIM_CITY,7
WTH_04877,TXN_02385,ATM_047,28.094959,76.988447,15000,2026-06-28 07:20:00,SYNDICATE_HUB,7
WTH_03982,TXN_01939,ATM_018,28.555241,77.3617,15000,2026-06-28 07:25:00,SYNDICATE_HUB,7
WTH_04878,TXN_02385,ATM_047,28.094959,76.988447,15000,2026-06-28 07:25:00,SYNDICATE_HUB,7
WTH_05348,TXN_02611,ATM_108,13.130656,78.144644,12500,2026-06-28 07:33:00,VICTIM_CITY,7
WTH_05349,TXN_02611,ATM_108,13.130656,78.144644,15000,2026-06-28 07:45:00,VICTIM_CITY,7
WTH_03983,TXN_01940,ATM_069,12.946536,77.584294,10000,2026-06-28 08:29:00,SYNDICATE_HUB,8
WTH_03984,TXN_01941,ATM_101,13.141425,78.141473,1000,2026-06-28 09:27:00,SYNDICATE_HUB,9
WTH_03985,TXN_01941,ATM_101,13.141425,78.141473,15000,2026-06-28 09:32:00,SYNDICATE_HUB,9
WTH_05104,TXN_02496,ATM_100,13.136631,78.114212,13500,2026-06-28 10:03:00,VICTIM_CITY,10
WTH_05105,TXN_02497,ATM_055,12.979842,77.592218,5500,2026-06-28 12:33:00,SYNDICATE_HUB,12
WTH_05106,TXN_02497,ATM_055,12.979842,77.592218,5500,2026-06-28 12:43:00,SYNDICATE_HUB,12
WTH_05107,TXN_02497,ATM_055,12.979842,77.592218,15000,2026-06-28 12:45:00,SYNDICATE_HUB,12
WTH_00979,TXN_00476,ATM_111,14.488893,79.949155,8000,2026-06-28 17:57:00,SYNDICATE_HUB,17
WTH_00980,TXN_00476,ATM_111,14.488893,79.949155,12000,2026-06-28 18:00:00,SYNDICATE_HUB,18
WTH_00981,TXN_00476,ATM_111,14.488893,79.949155,15000,2026-06-28 18:19:00,SYNDICATE_HUB,18
WTH_03551,TXN_01727,ATM_144,11.013157,76.96992,5000,2026-06-28 19:39:00,VICTIM_CITY,19
WTH_03552,TXN_01727,ATM_144,11.013157,76.96992,15000,2026-06-28 19:45:00,VICTIM_CITY,19
WTH_03553,TXN_01727,ATM_144,11.013157,76.96992,15000,2026-06-28 19:55:00,VICTIM_CITY,19
WTH_03013,TXN_01470,ATM_045,28.098405,77.005265,11000,2026-06-28 19:57:00,SYNDICATE_HUB,19
WTH_03810,TXN_01855,ATM_113,14.433161,80.008279,15000,2026-06-28 19:58:00,VICTIM_CITY,19
WTH_03811,TXN_01855,ATM_113,14.433161,80.008279,15000,2026-06-28 20:06:00,VICTIM_CITY,20
WTH_00982,TXN_00477,ATM_016,28.521059,77.435455,15000,2026-06-28 20:09:00,SYNDICATE_HUB,20
WTH_03812,TXN_01855,ATM_113,14.433161,80.008279,15000,2026-06-28 20:18:00,VICTIM_CITY,20
WTH_00983,TXN_00477,ATM_016,28.521059,77.435455,15000,2026-06-28 20:20:00,SYNDICATE_HUB,20
WTH_03014,TXN_01471,ATM_067,12.937606,77.609755,15000,2026-06-28 20:30:00,VICTIM_CITY,20
WTH_03015,TXN_01471,ATM_067,12.937606,77.609755,1000,2026-06-28 20:41:00,VICTIM_CITY,20
WTH_01279,TXN_00619,ATM_144,11.013157,76.96992,3500,2026-06-28 20:58:00,VICTIM_CITY,20
WTH_01280,TXN_00619,ATM_144,11.013157,76.96992,15000,2026-06-28 21:04:00,VICTIM_CITY,21
WTH_03554,TXN_01728,ATM_098,13.087549,80.281489,14500,2026-06-28 21:10:00,SYNDICATE_HUB,21
WTH_02446,TXN_01193,ATM_062,13.016489,77.549741,10500,2026-06-28 21:36:00,SYNDICATE_HUB,21
WTH_02447,TXN_01194,ATM_017,28.535176,77.365615,4500,2026-06-28 21:37:00,VICTIM_CITY,21
WTH_02448,TXN_01194,ATM_017,28.535176,77.365615,5500,2026-06-28 21:40:00,VICTIM_CITY,21
WTH_02449,TXN_01194,ATM_017,28.535176,77.365615,15000,2026-06-28 21:45:00,VICTIM_CITY,21
WTH_02444,TXN_01192,ATM_081,17.35381,78.511887,7000,2026-06-28 21:55:00,SYNDICATE_HUB,21
WTH_02445,TXN_01192,ATM_081,17.35381,78.511887,14000,2026-06-28 21:58:00,SYNDICATE_HUB,21
WTH_01839,TXN_00898,ATM_084,17.411306,78.547397,12500,2026-06-28 22:15:00,SYNDICATE_HUB,22
WTH_01840,TXN_00898,ATM_084,17.411306,78.547397,8500,2026-06-28 22:25:00,SYNDICATE_HUB,22
WTH_03813,TXN_01856,ATM_021,28.553223,77.395113,15000,2026-06-28 22:30:00,SYNDICATE_HUB,22
WTH_03814,TXN_01856,ATM_021,28.553223,77.395113,15000,2026-06-28 22:37:00,SYNDICATE_HUB,22
WTH_03815,TXN_01856,ATM_021,28.553223,77.395113,12500,2026-06-28 22:42:00,SYNDICATE_HUB,22
WTH_00984,TXN_00478,ATM_069,12.946536,77.584294,15000,2026-06-28 23:05:00,SYNDICATE_HUB,23
WTH_00986,TXN_00478,ATM_069,12.946536,77.584294,15000,2026-06-28 23:13:00,SYNDICATE_HUB,23
WTH_01284,TXN_00621,ATM_073,17.393316,78.511718,9500,2026-06-28 23:13:00,SYNDICATE_HUB,23
WTH_01841,TXN_00899,ATM_057,12.973527,77.673424,9500,2026-06-28 23:13:00,SYNDICATE_HUB,23
WTH_00985,TXN_00478,ATM_069,12.946536,77.584294,7500,2026-06-28 23:17:00,SYNDICATE_HUB,23
WTH_01842,TXN_00900,ATM_093,13.076443,80.290692,15000,2026-06-28 23:17:00,SYNDICATE_HUB,23
WTH_01285,TXN_00621,ATM_073,17.393316,78.511718,9500,2026-06-28 23:20:00,SYNDICATE_HUB,23
WTH_01843,TXN_00900,ATM_093,13.076443,80.290692,15000,2026-06-28 23:23:00,SYNDICATE_HUB,23
WTH_03016,TXN_01472,ATM_108,13.130656,78.144644,7000,2026-06-28 23:36:00,SYNDICATE_HUB,23
WTH_01286,TXN_00622,ATM_005,28.448233,77.039621,9500,2026-06-28 23:38:00,SYNDICATE_HUB,23
WTH_03017,TXN_01472,ATM_108,13.130656,78.144644,15000,2026-06-28 23:39:00,SYNDICATE_HUB,23
WTH_03018,TXN_01472,ATM_108,13.130656,78.144644,15000,2026-06-28 23:44:00,SYNDICATE_HUB,23
WTH_02450,TXN_01195,ATM_027,28.519254,77.40568,15000,2026-06-28 23:58:00,SYNDICATE_HUB,23
WTH_01281,TXN_00620,ATM_146,11.011805,76.943968,6500,2026-06-29 00:02:00,VICTIM_CITY,0
WTH_01282,TXN_00620,ATM_146,11.011805,76.943968,15000,2026-06-29 00:11:00,VICTIM_CITY,0
WTH_02451,TXN_01196,ATM_082,17.422075,78.460438,15000,2026-06-29 00:18:00,SYNDICATE_HUB,0
WTH_01283,TXN_00620,ATM_146,11.011805,76.943968,15000,2026-06-29 00:24:00,VICTIM_CITY,0
WTH_05739,TXN_02799,ATM_064,12.939903,77.576478,15000,2026-06-29 00:24:00,SYNDICATE_HUB,0
WTH_02452,TXN_01196,ATM_082,17.422075,78.460438,15000,2026-06-29 00:26:00,SYNDICATE_HUB,0
WTH_05740,TXN_02799,ATM_064,12.939903,77.576478,6000,2026-06-29 00:29:00,SYNDICATE_HUB,0
WTH_02453,TXN_01196,ATM_082,17.422075,78.460438,15000,2026-06-29 00:34:00,SYNDICATE_HUB,0
WTH_03816,TXN_01857,ATM_036,23.968282,86.827509,12000,2026-06-29 00:50:00,SYNDICATE_HUB,0
WTH_03817,TXN_01857,ATM_036,23.968282,86.827509,11500,2026-06-29 00:58:00,SYNDICATE_HUB,0
WTH_03818,TXN_01858,ATM_046,28.110942,77.014373,15000,2026-06-29 00:58:00,SYNDICATE_HUB,0
WTH_00989,TXN_00480,ATM_094,13.095951,80.268661,9500,2026-06-29 01:01:00,SYNDICATE_HUB,1
WTH_00987,TXN_00479,ATM_024,28.524445,77.416371,4000,2026-06-29 01:02:00,VICTIM_CITY,1
WTH_00988,TXN_00479,ATM_024,28.524445,77.416371,14000,2026-06-29 01:09:00,VICTIM_CITY,1
WTH_03819,TXN_01858,ATM_046,28.110942,77.014373,15000,2026-06-29 01:09:00,SYNDICATE_HUB,1
WTH_02454,TXN_01197,ATM_011,28.494676,77.021181,11000,2026-06-29 01:29:00,SYNDICATE_HUB,1
WTH_03019,TXN_01473,ATM_056,12.910199,77.593752,15000,2026-06-29 01:40:00,VICTIM_CITY,1
WTH_03020,TXN_01473,ATM_056,12.910199,77.593752,1000,2026-06-29 01:47:00,VICTIM_CITY,1
WTH_00990,TXN_00481,ATM_107,13.150964,78.142922,15000,2026-06-29 02:34:00,SYNDICATE_HUB,2
WTH_00991,TXN_00481,ATM_107,13.150964,78.142922,1500,2026-06-29 02:37:00,SYNDICATE_HUB,2
WTH_00992,TXN_00481,ATM_107,13.150964,78.142922,15000,2026-06-29 02:42:00,SYNDICATE_HUB,2
WTH_01844,TXN_00901,ATM_081,17.35381,78.511887,15000,2026-06-29 02:50:00,SYNDICATE_HUB,2
WTH_03021,TXN_01474,ATM_060,13.00817,77.618662,9500,2026-06-29 02:51:00,VICTIM_CITY,2
WTH_03022,TXN_01474,ATM_060,13.00817,77.618662,15000,2026-06-29 02:57:00,VICTIM_CITY,2
WTH_00373,TXN_00183,ATM_082,17.422075,78.460438,10000,2026-06-29 03:17:00,SYNDICATE_HUB,3
WTH_00374,TXN_00184,ATM_010,28.437707,76.992705,13000,2026-06-29 03:24:00,SYNDICATE_HUB,3
WTH_03820,TXN_01859,ATM_052,28.102146,76.978954,15000,2026-06-29 03:24:00,SYNDICATE_HUB,3
WTH_00375,TXN_00184,ATM_010,28.437707,76.992705,15000,2026-06-29 03:32:00,SYNDICATE_HUB,3
WTH_05155,TXN_02521,ATM_072,17.333561,78.492608,10000,2026-06-29 03:41:00,SYNDICATE_HUB,3
WTH_00376,TXN_00184,ATM_010,28.437707,76.992705,15000,2026-06-29 03:42:00,SYNDICATE_HUB,3
WTH_00993,TXN_00482,ATM_097,13.088695,80.235819,15000,2026-06-29 03:50:00,SYNDICATE_HUB,3
WTH_00995,TXN_00482,ATM_097,13.088695,80.235819,15000,2026-06-29 04:00:00,SYNDICATE_HUB,4
WTH_00994,TXN_00482,ATM_097,13.088695,80.235819,15000,2026-06-29 04:02:00,SYNDICATE_HUB,4
WTH_03821,TXN_01860,ATM_026,28.543278,77.381758,15000,2026-06-29 04:21:00,SYNDICATE_HUB,4
WTH_03023,TXN_01475,ATM_109,13.123335,78.128711,15000,2026-06-29 04:28:00,SYNDICATE_HUB,4
WTH_03822,TXN_01860,ATM_026,28.543278,77.381758,1000,2026-06-29 04:28:00,SYNDICATE_HUB,4
WTH_05156,TXN_02522,ATM_146,11.011805,76.943968,10500,2026-06-29 04:31:00,VICTIM_CITY,4
WTH_00369,TXN_00181,ATM_006,28.448378,77.015422,11500,2026-06-29 04:38:00,SYNDICATE_HUB,4
WTH_03823,TXN_01860,ATM_026,28.543278,77.381758,15000,2026-06-29 04:39:00,SYNDICATE_HUB,4
WTH_03024,TXN_01475,ATM_109,13.123335,78.128711,5500,2026-06-29 04:40:00,SYNDICATE_HUB,4
WTH_03025,TXN_01475,ATM_109,13.123335,78.128711,4500,2026-06-29 04:40:00,SYNDICATE_HUB,4
WTH_05157,TXN_02522,ATM_146,11.011805,76.943968,15000,2026-06-29 04:40:00,VICTIM_CITY,4
WTH_05158,TXN_02522,ATM_146,11.011805,76.943968,2500,2026-06-29 04:43:00,VICTIM_CITY,4
WTH_00370,TXN_00181,ATM_006,28.448378,77.015422,9000,2026-06-29 04:48:00,SYNDICATE_HUB,4
WTH_03368,TXN_01638,ATM_059,12.970489,77.557202,15000,2026-06-29 05:12:00,SYNDICATE_HUB,5
WTH_03369,TXN_01638,ATM_059,12.970489,77.557202,2000,2026-06-29 05:19:00,SYNDICATE_HUB,5
WTH_01845,TXN_00902,ATM_102,13.153029,78.149361,15000,2026-06-29 05:32:00,VICTIM_CITY,5
WTH_03824,TXN_01861,ATM_110,14.432893,79.988137,9500,2026-06-29 06:00:00,VICTIM_CITY,6
WTH_00380,TXN_00186,ATM_139,22.578174,88.347094,15000,2026-06-29 06:13:00,VICTIM_CITY,6
WTH_00996,TXN_00483,ATM_039,23.963893,86.798116,15000,2026-06-29 06:14:00,SYNDICATE_HUB,6
WTH_03026,TXN_01476,ATM_070,12.997633,77.555212,11000,2026-06-29 06:16:00,VICTIM_CITY,6
WTH_00377,TXN_00185,ATM_082,17.422075,78.460438,11000,2026-06-29 06:21:00,SYNDICATE_HUB,6
WTH_00997,TXN_00483,ATM_039,23.963893,86.798116,6500,2026-06-29 06:22:00,SYNDICATE_HUB,6
WTH_00998,TXN_00483,ATM_039,23.963893,86.798116,15000,2026-06-29 06:24:00,SYNDICATE_HUB,6
WTH_00381,TXN_00186,ATM_139,22.578174,88.347094,8500,2026-06-29 06:25:00,VICTIM_CITY,6
WTH_03027,TXN_01476,ATM_070,12.997633,77.555212,15000,2026-06-29 06:25:00,VICTIM_CITY,6
WTH_00378,TXN_00185,ATM_082,17.422075,78.460438,15000,2026-06-29 06:28:00,SYNDICATE_HUB,6
WTH_00379,TXN_00185,ATM_082,17.422075,78.460438,13000,2026-06-29 06:35:00,SYNDICATE_HUB,6
WTH_00371,TXN_00182,ATM_112,14.456325,79.954246,15000,2026-06-29 07:01:00,SYNDICATE_HUB,7
WTH_03370,TXN_01639,ATM_115,14.428294,80.000092,10000,2026-06-29 07:10:00,VICTIM_CITY,7
WTH_00372,TXN_00182,ATM_112,14.456325,79.954246,14500,2026-06-29 07:13:00,SYNDICATE_HUB,7
WTH_01846,TXN_00903,ATM_109,13.123335,78.128711,10500,2026-06-29 07:17:00,VICTIM_CITY,7
WTH_01847,TXN_00903,ATM_109,13.123335,78.128711,1000,2026-06-29 07:26:00,VICTIM_CITY,7
WTH_01848,TXN_00903,ATM_109,13.123335,78.128711,15000,2026-06-29 07:27:00,VICTIM_CITY,7
WTH_03028,TXN_01477,ATM_010,28.437707,76.992705,15000,2026-06-29 07:29:00,SYNDICATE_HUB,7
WTH_03030,TXN_01477,ATM_010,28.437707,76.992705,15000,2026-06-29 07:37:00,SYNDICATE_HUB,7
WTH_03029,TXN_01477,ATM_010,28.437707,76.992705,7500,2026-06-29 07:38:00,SYNDICATE_HUB,7
WTH_05159,TXN_02523,ATM_147,11.002655,76.97619,14500,2026-06-29 07:42:00,VICTIM_CITY,7
WTH_00999,TXN_00484,ATM_026,28.543278,77.381758,15000,2026-06-29 07:50:00,VICTIM_CITY,7
WTH_05160,TXN_02523,ATM_147,11.002655,76.97619,5000,2026-06-29 07:51:00,VICTIM_CITY,7
WTH_01000,TXN_00484,ATM_026,28.543278,77.381758,15000,2026-06-29 07:59:00,VICTIM_CITY,7
WTH_01849,TXN_00904,ATM_057,12.973527,77.673424,6000,2026-06-29 08:00:00,SYNDICATE_HUB,8
WTH_01850,TXN_00904,ATM_057,12.973527,77.673424,15000,2026-06-29 08:03:00,SYNDICATE_HUB,8
WTH_01851,TXN_00904,ATM_057,12.973527,77.673424,1500,2026-06-29 08:18:00,SYNDICATE_HUB,8
WTH_03825,TXN_01862,ATM_111,14.488893,79.949155,15000,2026-06-29 08:44:00,VICTIM_CITY,8
WTH_03031,TXN_01478,ATM_065,12.974789,77.578489,6500,2026-06-29 08:53:00,VICTIM_CITY,8
WTH_03032,TXN_01478,ATM_065,12.974789,77.578489,15000,2026-06-29 08:57:00,VICTIM_CITY,8
WTH_00382,TXN_00187,ATM_103,13.113657,78.117495,15000,2026-06-29 08:58:00,SYNDICATE_HUB,8
WTH_00383,TXN_00187,ATM_103,13.113657,78.117495,15000,2026-06-29 09:10:00,SYNDICATE_HUB,9
WTH_05161,TXN_02524,ATM_076,17.393016,78.497786,15000,2026-06-29 09:15:00,SYNDICATE_HUB,9
WTH_05162,TXN_02524,ATM_076,17.393016,78.497786,15000,2026-06-29 09:20:00,SYNDICATE_HUB,9
WTH_03826,TXN_01863,ATM_037,23.961927,86.827934,4500,2026-06-29 09:29:00,SYNDICATE_HUB,9
WTH_03827,TXN_01863,ATM_037,23.961927,86.827934,13000,2026-06-29 09:33:00,SYNDICATE_HUB,9
WTH_01852,TXN_00905,ATM_012,28.461121,76.992406,15000,2026-06-29 09:53:00,SYNDICATE_HUB,9
WTH_01853,TXN_00905,ATM_012,28.461121,76.992406,1000,2026-06-29 09:58:00,SYNDICATE_HUB,9
WTH_01001,TXN_00485,ATM_070,12.997633,77.555212,15000,2026-06-29 10:09:00,SYNDICATE_HUB,10
WTH_05163,TXN_02525,ATM_145,11.023544,76.940855,12500,2026-06-29 10:11:00,VICTIM_CITY,10
WTH_01854,TXN_00905,ATM_012,28.461121,76.992406,15000,2026-06-29 10:15:00,SYNDICATE_HUB,10
WTH_05164,TXN_02525,ATM_145,11.023544,76.940855,15000,2026-06-29 10:18:00,VICTIM_CITY,10
WTH_01002,TXN_00485,ATM_070,12.997633,77.555212,15000,2026-06-29 10:21:00,SYNDICATE_HUB,10
WTH_01003,TXN_00485,ATM_070,12.997633,77.555212,15000,2026-06-29 10:25:00,SYNDICATE_HUB,10
WTH_01855,TXN_00906,ATM_018,28.555241,77.3617,15000,2026-06-29 11:01:00,SYNDICATE_HUB,11
WTH_01856,TXN_00906,ATM_018,28.555241,77.3617,15000,2026-06-29 11:05:00,SYNDICATE_HUB,11
WTH_03828,TXN_01864,ATM_118,14.485479,79.999178,15000,2026-06-29 11:20:00,SYNDICATE_HUB,11
WTH_01857,TXN_00906,ATM_018,28.555241,77.3617,2000,2026-06-29 11:23:00,SYNDICATE_HUB,11
WTH_03829,TXN_01864,ATM_118,14.485479,79.999178,4000,2026-06-29 11:28:00,SYNDICATE_HUB,11
WTH_03830,TXN_01864,ATM_118,14.485479,79.999178,15000,2026-06-29 11:38:00,SYNDICATE_HUB,11
WTH_01858,TXN_00907,ATM_109,13.123335,78.128711,14000,2026-06-29 11:59:00,VICTIM_CITY,11
WTH_01859,TXN_00908,ATM_106,13.144834,78.150669,4500,2026-06-29 12:02:00,VICTIM_CITY,12
WTH_01004,TXN_00486,ATM_024,28.524445,77.416371,12500,2026-06-29 12:04:00,VICTIM_CITY,12
WTH_01005,TXN_00486,ATM_024,28.524445,77.416371,14500,2026-06-29 12:11:00,VICTIM_CITY,12
WTH_01860,TXN_00908,ATM_106,13.144834,78.150669,15000,2026-06-29 12:11:00,VICTIM_CITY,12
WTH_01007,TXN_00487,ATM_029,28.515359,77.383579,8000,2026-06-29 12:20:00,VICTIM_CITY,12
WTH_01006,TXN_00486,ATM_024,28.524445,77.416371,15000,2026-06-29 12:28:00,VICTIM_CITY,12
WTH_01009,TXN_00487,ATM_029,28.515359,77.383579,15000,2026-06-29 12:30:00,VICTIM_CITY,12
WTH_01008,TXN_00487,ATM_029,28.515359,77.383579,15000,2026-06-29 12:32:00,VICTIM_CITY,12
WTH_01861,TXN_00909,ATM_055,12.979842,77.592218,4000,2026-06-29 14:03:00,SYNDICATE_HUB,14
WTH_01010,TXN_00488,ATM_032,23.944799,86.783761,3500,2026-06-29 14:11:00,SYNDICATE_HUB,14
WTH_01862,TXN_00909,ATM_055,12.979842,77.592218,7500,2026-06-29 14:14:00,SYNDICATE_HUB,14
WTH_01011,TXN_00488,ATM_032,23.944799,86.783761,15000,2026-06-29 14:18:00,SYNDICATE_HUB,14
WTH_01864,TXN_00910,ATM_102,13.153029,78.149361,10000,2026-06-29 14:20:00,SYNDICATE_HUB,14
WTH_01863,TXN_00909,ATM_055,12.979842,77.592218,15000,2026-06-29 14:25:00,SYNDICATE_HUB,14
WTH_01865,TXN_00911,ATM_103,13.113657,78.117495,15000,2026-06-29 14:33:00,VICTIM_CITY,14
WTH_01866,TXN_00911,ATM_103,13.113657,78.117495,15000,2026-06-29 14:44:00,VICTIM_CITY,14
WTH_01867,TXN_00912,ATM_101,13.141425,78.141473,13500,2026-06-29 14:59:00,VICTIM_CITY,14
WTH_01868,TXN_00912,ATM_101,13.141425,78.141473,3500,2026-06-29 15:02:00,VICTIM_CITY,15
WTH_01015,TXN_00490,ATM_036,23.968282,86.827509,15000,2026-06-29 15:08:00,SYNDICATE_HUB,15
WTH_01016,TXN_00490,ATM_036,23.968282,86.827509,15000,2026-06-29 15:11:00,SYNDICATE_HUB,15
WTH_01012,TXN_00489,ATM_045,28.098405,77.005265,15000,2026-06-29 16:06:00,SYNDICATE_HUB,16
WTH_01013,TXN_00489,ATM_045,28.098405,77.005265,15000,2026-06-29 16:15:00,SYNDICATE_HUB,16
WTH_01014,TXN_00489,ATM_045,28.098405,77.005265,4500,2026-06-29 16:18:00,SYNDICATE_HUB,16
WTH_05165,TXN_02526,ATM_021,28.553223,77.395113,9000,2026-06-29 17:08:00,SYNDICATE_HUB,17
WTH_01017,TXN_00491,ATM_113,14.433161,80.008279,13000,2026-06-29 17:51:00,SYNDICATE_HUB,17
WTH_01018,TXN_00491,ATM_113,14.433161,80.008279,8500,2026-06-29 17:59:00,SYNDICATE_HUB,17
WTH_01869,TXN_00913,ATM_071,17.392279,78.528529,5000,2026-06-29 18:23:00,SYNDICATE_HUB,18
WTH_01870,TXN_00913,ATM_071,17.392279,78.528529,15000,2026-06-29 18:33:00,SYNDICATE_HUB,18
WTH_05166,TXN_02527,ATM_050,28.109102,76.990308,15000,2026-06-29 19:19:00,SYNDICATE_HUB,19
WTH_05167,TXN_02527,ATM_050,28.109102,76.990308,11000,2026-06-29 19:23:00,SYNDICATE_HUB,19
WTH_05168,TXN_02527,ATM_050,28.109102,76.990308,15000,2026-06-29 19:29:00,SYNDICATE_HUB,19
WTH_01871,TXN_00914,ATM_077,17.363239,78.494132,14500,2026-06-29 21:22:00,SYNDICATE_HUB,21
WTH_05169,TXN_02528,ATM_044,28.127308,77.001575,9500,2026-06-29 21:41:00,SYNDICATE_HUB,21
WTH_05170,TXN_02529,ATM_105,13.143941,78.194144,14000,2026-06-29 23:03:00,SYNDICATE_HUB,23
WTH_05171,TXN_02530,ATM_056,12.910199,77.593752,13000,2026-06-30 00:21:00,SYNDICATE_HUB,0
WTH_05130,TXN_02508,ATM_051,28.080693,76.986587,10500,2026-06-30 00:35:00,SYNDICATE_HUB,0
WTH_05172,TXN_02531,ATM_109,13.123335,78.128711,13500,2026-06-30 01:37:00,VICTIM_CITY,1
WTH_05131,TXN_02509,ATM_090,13.07529,80.346865,15000,2026-06-30 02:09:00,SYNDICATE_HUB,2
WTH_05132,TXN_02509,ATM_090,13.07529,80.346865,15000,2026-06-30 02:12:00,SYNDICATE_HUB,2
WTH_05133,TXN_02510,ATM_101,13.141425,78.141473,14000,2026-06-30 02:49:00,SYNDICATE_HUB,2
WTH_05134,TXN_02510,ATM_101,13.141425,78.141473,10500,2026-06-30 02:53:00,SYNDICATE_HUB,2
WTH_05135,TXN_02511,ATM_059,12.970489,77.557202,15000,2026-06-30 05:19:00,SYNDICATE_HUB,5
WTH_05136,TXN_02511,ATM_059,12.970489,77.557202,8000,2026-06-30 05:22:00,SYNDICATE_HUB,5
WTH_05137,TXN_02511,ATM_059,12.970489,77.557202,1000,2026-06-30 05:29:00,SYNDICATE_HUB,5
WTH_05138,TXN_02512,ATM_031,23.954833,86.799929,15000,2026-06-30 05:53:00,VICTIM_CITY,5
WTH_05139,TXN_02512,ATM_031,23.954833,86.799929,15000,2026-06-30 05:58:00,VICTIM_CITY,5
WTH_05566,TXN_02717,ATM_086,13.057794,80.247857,10000,2026-06-30 06:32:00,SYNDICATE_HUB,6
WTH_02105,TXN_01027,ATM_144,11.013157,76.96992,15000,2026-06-30 06:42:00,VICTIM_CITY,6
WTH_02106,TXN_01027,ATM_144,11.013157,76.96992,15000,2026-06-30 06:48:00,VICTIM_CITY,6
WTH_02107,TXN_01028,ATM_145,11.023544,76.940855,15000,2026-06-30 07:01:00,VICTIM_CITY,7
WTH_02108,TXN_01028,ATM_145,11.023544,76.940855,14000,2026-06-30 07:04:00,VICTIM_CITY,7
WTH_02109,TXN_01028,ATM_145,11.023544,76.940855,15000,2026-06-30 07:11:00,VICTIM_CITY,7
WTH_05140,TXN_02513,ATM_061,12.996913,77.5655,15000,2026-06-30 07:25:00,SYNDICATE_HUB,7
WTH_05141,TXN_02513,ATM_061,12.996913,77.5655,15000,2026-06-30 07:34:00,SYNDICATE_HUB,7
WTH_05142,TXN_02514,ATM_045,28.098405,77.005265,9000,2026-06-30 09:00:00,SYNDICATE_HUB,9
WTH_02110,TXN_01029,ATM_105,13.143941,78.194144,15000,2026-06-30 09:39:00,SYNDICATE_HUB,9
WTH_02111,TXN_01029,ATM_105,13.143941,78.194144,10500,2026-06-30 09:51:00,SYNDICATE_HUB,9
WTH_05143,TXN_02515,ATM_060,13.00817,77.618662,15000,2026-06-30 11:11:00,SYNDICATE_HUB,11
WTH_05144,TXN_02515,ATM_060,13.00817,77.618662,15000,2026-06-30 11:18:00,SYNDICATE_HUB,11
WTH_05145,TXN_02515,ATM_060,13.00817,77.618662,2500,2026-06-30 11:23:00,SYNDICATE_HUB,11
WTH_02112,TXN_01030,ATM_010,28.437707,76.992705,13500,2026-06-30 11:39:00,SYNDICATE_HUB,11
WTH_02113,TXN_01030,ATM_010,28.437707,76.992705,5000,2026-06-30 11:48:00,SYNDICATE_HUB,11
WTH_02114,TXN_01031,ATM_073,17.393316,78.511718,10500,2026-06-30 11:59:00,SYNDICATE_HUB,11
WTH_05146,TXN_02516,ATM_037,23.961927,86.827934,15000,2026-06-30 12:52:00,SYNDICATE_HUB,12
WTH_05147,TXN_02517,ATM_040,23.963968,86.771099,10000,2026-06-30 14:50:00,VICTIM_CITY,14
WTH_02115,TXN_01032,ATM_147,11.002655,76.97619,14000,2026-06-30 15:24:00,VICTIM_CITY,15
WTH_02116,TXN_01033,ATM_017,28.535176,77.365615,15000,2026-06-30 16:04:00,SYNDICATE_HUB,16
WTH_02117,TXN_01033,ATM_017,28.535176,77.365615,12500,2026-06-30 16:08:00,SYNDICATE_HUB,16
WTH_05148,TXN_02518,ATM_017,28.535176,77.365615,15000,2026-06-30 16:08:00,SYNDICATE_HUB,16
WTH_05149,TXN_02518,ATM_017,28.535176,77.365615,15000,2026-06-30 16:20:00,SYNDICATE_HUB,16
WTH_05150,TXN_02518,ATM_017,28.535176,77.365615,5000,2026-06-30 16:22:00,SYNDICATE_HUB,16
WTH_02118,TXN_01033,ATM_017,28.535176,77.365615,15000,2026-06-30 16:28:00,SYNDICATE_HUB,16
WTH_05151,TXN_02519,ATM_014,28.431876,77.035617,15000,2026-06-30 16:36:00,SYNDICATE_HUB,16
WTH_02119,TXN_01034,ATM_146,11.011805,76.943968,15000,2026-06-30 16:41:00,VICTIM_CITY,16
WTH_05152,TXN_02519,ATM_014,28.431876,77.035617,15000,2026-06-30 16:41:00,SYNDICATE_HUB,16
WTH_05153,TXN_02520,ATM_105,13.143941,78.194144,13000,2026-06-30 16:56:00,SYNDICATE_HUB,16
WTH_02120,TXN_01035,ATM_109,13.123335,78.128711,15000,2026-06-30 17:04:00,SYNDICATE_HUB,17
WTH_05154,TXN_02520,ATM_105,13.143941,78.194144,15000,2026-06-30 17:08:00,SYNDICATE_HUB,17
WTH_02121,TXN_01035,ATM_109,13.123335,78.128711,9500,2026-06-30 17:11:00,SYNDICATE_HUB,17
WTH_02122,TXN_01035,ATM_109,13.123335,78.128711,15000,2026-06-30 17:24:00,SYNDICATE_HUB,17
WTH_02023,TXN_00988,ATM_042,23.986146,86.794608,15000,2026-06-30 17:26:00,SYNDICATE_HUB,17
WTH_02136,TXN_01043,ATM_041,23.958985,86.808614,15000,2026-06-30 18:31:00,SYNDICATE_HUB,18
WTH_02137,TXN_01043,ATM_041,23.958985,86.808614,15000,2026-06-30 18:36:00,SYNDICATE_HUB,18
WTH_02138,TXN_01044,ATM_016,28.521059,77.435455,10000,2026-06-30 18:39:00,SYNDICATE_HUB,18
WTH_02139,TXN_01044,ATM_016,28.521059,77.435455,7000,2026-06-30 18:45:00,SYNDICATE_HUB,18
WTH_02140,TXN_01044,ATM_016,28.521059,77.435455,15000,2026-06-30 19:01:00,SYNDICATE_HUB,19
WTH_02123,TXN_01036,ATM_147,11.002655,76.97619,15000,2026-06-30 19:18:00,VICTIM_CITY,19
WTH_02812,TXN_01373,ATM_004,28.497401,77.045018,15000,2026-06-30 19:32:00,VICTIM_CITY,19
WTH_04541,TXN_02214,ATM_010,28.437707,76.992705,14500,2026-06-30 19:32:00,SYNDICATE_HUB,19
WTH_02024,TXN_00989,ATM_054,28.146724,76.998492,1000,2026-06-30 19:34:00,SYNDICATE_HUB,19
WTH_04542,TXN_02215,ATM_098,13.087549,80.281489,15000,2026-06-30 19:35:00,VICTIM_CITY,19
WTH_02025,TXN_00989,ATM_054,28.146724,76.998492,15000,2026-06-30 19:38:00,SYNDICATE_HUB,19
WTH_02124,TXN_01037,ATM_147,11.002655,76.97619,14000,2026-06-30 19:57:00,VICTIM_CITY,19
WTH_02125,TXN_01037,ATM_147,11.002655,76.97619,7500,2026-06-30 20:06:00,VICTIM_CITY,20
WTH_02126,TXN_01038,ATM_030,28.54345,77.414413,7500,2026-06-30 20:25:00,SYNDICATE_HUB,20
WTH_02127,TXN_01038,ATM_030,28.54345,77.414413,10500,2026-06-30 20:30:00,SYNDICATE_HUB,20
WTH_02141,TXN_01045,ATM_046,28.110942,77.014373,1000,2026-06-30 20:34:00,SYNDICATE_HUB,20
WTH_02144,TXN_01046,ATM_058,12.965444,77.60425,12500,2026-06-30 20:36:00,SYNDICATE_HUB,20
WTH_02142,TXN_01045,ATM_046,28.110942,77.014373,7500,2026-06-30 20:37:00,SYNDICATE_HUB,20
WTH_02128,TXN_01038,ATM_030,28.54345,77.414413,15000,2026-06-30 20:39:00,SYNDICATE_HUB,20
WTH_02145,TXN_01046,ATM_058,12.965444,77.60425,3000,2026-06-30 20:41:00,SYNDICATE_HUB,20
WTH_02143,TXN_01045,ATM_046,28.110942,77.014373,15000,2026-06-30 20:56:00,SYNDICATE_HUB,20
WTH_02813,TXN_01374,ATM_087,13.080541,80.280252,15000,2026-06-30 21:02:00,SYNDICATE_HUB,21
WTH_02026,TXN_00990,ATM_041,23.958985,86.808614,14000,2026-06-30 21:05:00,SYNDICATE_HUB,21
WTH_02814,TXN_01374,ATM_087,13.080541,80.280252,15000,2026-06-30 21:09:00,SYNDICATE_HUB,21
WTH_02129,TXN_01039,ATM_145,11.023544,76.940855,14000,2026-06-30 21:44:00,VICTIM_CITY,21
WTH_02547,TXN_01245,ATM_034,23.961348,86.818957,15000,2026-06-30 22:05:00,SYNDICATE_HUB,22
WTH_02549,TXN_01245,ATM_034,23.961348,86.818957,9500,2026-06-30 22:11:00,SYNDICATE_HUB,22
WTH_02548,TXN_01245,ATM_034,23.961348,86.818957,13500,2026-06-30 22:12:00,SYNDICATE_HUB,22
WTH_02815,TXN_01375,ATM_081,17.35381,78.511887,15000,2026-06-30 22:44:00,SYNDICATE_HUB,22
WTH_04543,TXN_02216,ATM_091,13.100219,80.2467,14500,2026-06-30 22:48:00,VICTIM_CITY,22
WTH_02816,TXN_01375,ATM_081,17.35381,78.511887,3000,2026-06-30 22:51:00,SYNDICATE_HUB,22
WTH_02027,TXN_00991,ATM_106,13.144834,78.150669,9000,2026-06-30 22:53:00,SYNDICATE_HUB,22
WTH_00311,TXN_00150,ATM_023,28.500015,77.373724,15000,2026-06-30 22:58:00,SYNDICATE_HUB,22
WTH_00312,TXN_00150,ATM_023,28.500015,77.373724,6000,2026-06-30 23:06:00,SYNDICATE_HUB,23
WTH_04544,TXN_02217,ATM_012,28.461121,76.992406,4000,2026-06-30 23:06:00,SYNDICATE_HUB,23
WTH_02146,TXN_01047,ATM_060,13.00817,77.618662,2500,2026-06-30 23:16:00,SYNDICATE_HUB,23
WTH_04545,TXN_02217,ATM_012,28.461121,76.992406,15000,2026-06-30 23:17:00,SYNDICATE_HUB,23
WTH_02147,TXN_01047,ATM_060,13.00817,77.618662,15000,2026-06-30 23:22:00,SYNDICATE_HUB,23
WTH_00264,TXN_00127,ATM_015,28.445085,77.019599,1000,2026-06-30 23:35:00,SYNDICATE_HUB,23
WTH_02031,TXN_00993,ATM_016,28.521059,77.435455,6500,2026-06-30 23:44:00,SYNDICATE_HUB,23
WTH_00265,TXN_00127,ATM_015,28.445085,77.019599,15000,2026-06-30 23:45:00,SYNDICATE_HUB,23
WTH_02032,TXN_00993,ATM_016,28.521059,77.435455,15000,2026-06-30 23:51:00,SYNDICATE_HUB,23
WTH_00266,TXN_00127,ATM_015,28.445085,77.019599,15000,2026-06-30 23:55:00,SYNDICATE_HUB,23
WTH_01721,TXN_00841,ATM_111,14.488893,79.949155,15000,2026-06-30 23:57:00,SYNDICATE_HUB,23
WTH_01722,TXN_00841,ATM_111,14.488893,79.949155,2500,2026-07-01 00:01:00,SYNDICATE_HUB,0
WTH_02028,TXN_00992,ATM_074,17.345418,78.444445,15000,2026-07-01 00:06:00,SYNDICATE_HUB,0
WTH_02130,TXN_01040,ATM_100,13.136631,78.114212,15000,2026-07-01 00:12:00,SYNDICATE_HUB,0
WTH_02030,TXN_00992,ATM_074,17.345418,78.444445,15000,2026-07-01 00:16:00,SYNDICATE_HUB,0
WTH_01723,TXN_00841,ATM_111,14.488893,79.949155,15000,2026-07-01 00:17:00,SYNDICATE_HUB,0
WTH_02029,TXN_00992,ATM_074,17.345418,78.444445,15000,2026-07-01 00:17:00,SYNDICATE_HUB,0
WTH_02131,TXN_01040,ATM_100,13.136631,78.114212,15000,2026-07-01 00:17:00,SYNDICATE_HUB,0
WTH_02817,TXN_01376,ATM_032,23.944799,86.783761,14500,2026-07-01 00:20:00,SYNDICATE_HUB,0
WTH_03075,TXN_01503,ATM_013,28.446435,77.029262,3000,2026-07-01 00:20:00,SYNDICATE_HUB,0
WTH_02132,TXN_01040,ATM_100,13.136631,78.114212,15000,2026-07-01 00:26:00,SYNDICATE_HUB,0
WTH_03076,TXN_01503,ATM_013,28.446435,77.029262,15000,2026-07-01 00:26:00,SYNDICATE_HUB,0
WTH_02818,TXN_01376,ATM_032,23.944799,86.783761,5000,2026-07-01 00:27:00,SYNDICATE_HUB,0
WTH_00267,TXN_00128,ATM_055,12.979842,77.592218,3000,2026-07-01 00:29:00,VICTIM_CITY,0
WTH_00268,TXN_00128,ATM_055,12.979842,77.592218,15000,2026-07-01 00:35:00,VICTIM_CITY,0
WTH_03077,TXN_01503,ATM_013,28.446435,77.029262,15000,2026-07-01 00:44:00,SYNDICATE_HUB,0
WTH_00269,TXN_00128,ATM_055,12.979842,77.592218,15000,2026-07-01 00:49:00,VICTIM_CITY,0
WTH_03078,TXN_01504,ATM_029,28.515359,77.383579,1000,2026-07-01 00:57:00,SYNDICATE_HUB,0
WTH_03080,TXN_01504,ATM_029,28.515359,77.383579,15000,2026-07-01 01:05:00,SYNDICATE_HUB,1
WTH_03079,TXN_01504,ATM_029,28.515359,77.383579,1000,2026-07-01 01:07:00,SYNDICATE_HUB,1
WTH_02550,TXN_01246,ATM_096,13.070198,80.294679,8000,2026-07-01 01:10:00,VICTIM_CITY,1
WTH_02551,TXN_01246,ATM_096,13.070198,80.294679,15000,2026-07-01 01:14:00,VICTIM_CITY,1
WTH_01724,TXN_00842,ATM_032,23.944799,86.783761,5500,2026-07-01 01:15:00,SYNDICATE_HUB,1
WTH_01725,TXN_00842,ATM_032,23.944799,86.783761,12500,2026-07-01 01:19:00,SYNDICATE_HUB,1
WTH_02819,TXN_01377,ATM_089,13.083064,80.311399,1000,2026-07-01 01:21:00,SYNDICATE_HUB,1
WTH_01726,TXN_00842,ATM_032,23.944799,86.783761,15000,2026-07-01 01:27:00,SYNDICATE_HUB,1
WTH_02820,TXN_01377,ATM_089,13.083064,80.311399,15000,2026-07-01 01:29:00,SYNDICATE_HUB,1
WTH_02134,TXN_01042,ATM_014,28.431876,77.035617,15000,2026-07-01 01:30:00,SYNDICATE_HUB,1
WTH_02135,TXN_01042,ATM_014,28.431876,77.035617,7000,2026-07-01 01:37:00,SYNDICATE_HUB,1
WTH_02133,TXN_01041,ATM_014,28.431876,77.035617,10000,2026-07-01 02:05:00,SYNDICATE_HUB,2
WTH_02034,TXN_00995,ATM_148,9.939768,76.25067,3000,2026-07-01 02:10:00,VICTIM_CITY,2
WTH_02036,TXN_00995,ATM_148,9.939768,76.25067,4000,2026-07-01 02:20:00,VICTIM_CITY,2
WTH_02033,TXN_00994,ATM_087,13.080541,80.280252,13000,2026-07-01 02:22:00,SYNDICATE_HUB,2
WTH_02035,TXN_00995,ATM_148,9.939768,76.25067,15000,2026-07-01 02:22:00,VICTIM_CITY,2
WTH_01727,TXN_00843,ATM_092,13.052715,80.284209,15000,2026-07-01 02:41:00,SYNDICATE_HUB,2
WTH_01728,TXN_00843,ATM_092,13.052715,80.284209,1500,2026-07-01 02:46:00,SYNDICATE_HUB,2
WTH_01729,TXN_00843,ATM_092,13.052715,80.284209,5500,2026-07-01 02:47:00,SYNDICATE_HUB,2
WTH_02037,TXN_00996,ATM_103,13.113657,78.117495,15000,2026-07-01 02:48:00,SYNDICATE_HUB,2
WTH_02555,TXN_01248,ATM_061,12.996913,77.5655,10000,2026-07-01 02:55:00,SYNDICATE_HUB,2
WTH_02552,TXN_01247,ATM_074,17.345418,78.444445,3000,2026-07-01 02:58:00,SYNDICATE_HUB,2
WTH_02038,TXN_00996,ATM_103,13.113657,78.117495,15000,2026-07-01 03:00:00,SYNDICATE_HUB,3
WTH_00270,TXN_00129,ATM_066,12.921979,77.596794,3000,2026-07-01 03:03:00,SYNDICATE_HUB,3
WTH_02556,TXN_01248,ATM_061,12.996913,77.5655,15000,2026-07-01 03:04:00,SYNDICATE_HUB,3
WTH_02553,TXN_01247,ATM_074,17.345418,78.444445,4000,2026-07-01 03:06:00,SYNDICATE_HUB,3
WTH_02554,TXN_01247,ATM_074,17.345418,78.444445,15000,2026-07-01 03:08:00,SYNDICATE_HUB,3
WTH_02039,TXN_00996,ATM_103,13.113657,78.117495,13000,2026-07-01 03:10:00,SYNDICATE_HUB,3
WTH_00271,TXN_00129,ATM_066,12.921979,77.596794,15000,2026-07-01 03:13:00,SYNDICATE_HUB,3
WTH_02557,TXN_01248,ATM_061,12.996913,77.5655,1000,2026-07-01 03:19:00,SYNDICATE_HUB,3
WTH_00272,TXN_00130,ATM_031,23.954833,86.799929,15000,2026-07-01 03:30:00,SYNDICATE_HUB,3
WTH_02821,TXN_01378,ATM_040,23.963968,86.771099,15000,2026-07-01 04:09:00,SYNDICATE_HUB,4
WTH_02822,TXN_01378,ATM_040,23.963968,86.771099,6500,2026-07-01 04:21:00,SYNDICATE_HUB,4
WTH_03086,TXN_01507,ATM_067,12.937606,77.609755,15000,2026-07-01 04:29:00,SYNDICATE_HUB,4
WTH_01730,TXN_00844,ATM_113,14.433161,80.008279,15000,2026-07-01 04:39:00,VICTIM_CITY,4
WTH_03087,TXN_01507,ATM_067,12.937606,77.609755,15000,2026-07-01 04:41:00,SYNDICATE_HUB,4
WTH_01731,TXN_00844,ATM_113,14.433161,80.008279,15000,2026-07-01 04:46:00,VICTIM_CITY,4
WTH_03088,TXN_01507,ATM_067,12.937606,77.609755,15000,2026-07-01 04:51:00,SYNDICATE_HUB,4
WTH_03081,TXN_01505,ATM_146,11.011805,76.943968,15000,2026-07-01 05:08:00,VICTIM_CITY,5
WTH_03084,TXN_01506,ATM_146,11.011805,76.943968,15000,2026-07-01 05:13:00,VICTIM_CITY,5
WTH_03082,TXN_01505,ATM_146,11.011805,76.943968,14500,2026-07-01 05:17:00,VICTIM_CITY,5
WTH_03085,TXN_01506,ATM_146,11.011805,76.943968,15000,2026-07-01 05:19:00,VICTIM_CITY,5
WTH_03083,TXN_01505,ATM_146,11.011805,76.943968,12500,2026-07-01 05:28:00,VICTIM_CITY,5
WTH_00273,TXN_00131,ATM_019,28.540513,77.343968,15000,2026-07-01 05:57:00,SYNDICATE_HUB,5
WTH_00274,TXN_00131,ATM_019,28.540513,77.343968,15000,2026-07-01 06:03:00,SYNDICATE_HUB,6
WTH_00275,TXN_00131,ATM_019,28.540513,77.343968,1500,2026-07-01 06:03:00,SYNDICATE_HUB,6
WTH_01732,TXN_00845,ATM_051,28.080693,76.986587,7000,2026-07-01 06:16:00,SYNDICATE_HUB,6
WTH_01733,TXN_00845,ATM_051,28.080693,76.986587,15000,2026-07-01 06:23:00,SYNDICATE_HUB,6
WTH_01826,TXN_00891,ATM_021,28.553223,77.395113,15000,2026-07-01 06:46:00,VICTIM_CITY,6
WTH_01827,TXN_00891,ATM_021,28.553223,77.395113,15000,2026-07-01 06:56:00,VICTIM_CITY,6
WTH_01828,TXN_00891,ATM_021,28.553223,77.395113,15000,2026-07-01 07:10:00,VICTIM_CITY,7
WTH_00276,TXN_00132,ATM_055,12.979842,77.592218,15000,2026-07-01 07:28:00,SYNDICATE_HUB,7
WTH_00277,TXN_00132,ATM_055,12.979842,77.592218,15000,2026-07-01 07:37:00,SYNDICATE_HUB,7
WTH_03089,TXN_01508,ATM_090,13.07529,80.346865,9000,2026-07-01 07:49:00,SYNDICATE_HUB,7
WTH_01829,TXN_00892,ATM_030,28.54345,77.414413,10000,2026-07-01 08:26:00,VICTIM_CITY,8
WTH_01830,TXN_00892,ATM_030,28.54345,77.414413,15000,2026-07-01 08:31:00,VICTIM_CITY,8
WTH_01734,TXN_00846,ATM_019,28.540513,77.343968,15000,2026-07-01 08:35:00,SYNDICATE_HUB,8
WTH_03975,TXN_01936,ATM_019,28.540513,77.343968,9000,2026-07-01 08:35:00,SYNDICATE_HUB,8
WTH_01735,TXN_00846,ATM_019,28.540513,77.343968,15000,2026-07-01 08:43:00,SYNDICATE_HUB,8
WTH_01831,TXN_00893,ATM_018,28.555241,77.3617,15000,2026-07-01 08:51:00,SYNDICATE_HUB,8
WTH_01736,TXN_00847,ATM_114,14.443886,79.964945,15000,2026-07-01 08:57:00,VICTIM_CITY,8
WTH_01832,TXN_00893,ATM_018,28.555241,77.3617,1000,2026-07-01 08:57:00,SYNDICATE_HUB,8
WTH_00278,TXN_00133,ATM_079,17.444705,78.501863,15000,2026-07-01 09:00:00,SYNDICATE_HUB,9
WTH_01737,TXN_00847,ATM_114,14.443886,79.964945,15000,2026-07-01 09:04:00,VICTIM_CITY,9
WTH_00279,TXN_00133,ATM_079,17.444705,78.501863,13500,2026-07-01 09:05:00,SYNDICATE_HUB,9
WTH_01738,TXN_00847,ATM_114,14.443886,79.964945,12000,2026-07-01 09:05:00,VICTIM_CITY,9
WTH_00280,TXN_00134,ATM_031,23.954833,86.799929,15000,2026-07-01 09:30:00,SYNDICATE_HUB,9
WTH_00281,TXN_00134,ATM_031,23.954833,86.799929,1500,2026-07-01 09:36:00,SYNDICATE_HUB,9
WTH_03090,TXN_01509,ATM_006,28.448378,77.015422,7500,2026-07-01 09:56:00,SYNDICATE_HUB,9
WTH_03091,TXN_01509,ATM_006,28.448378,77.015422,15000,2026-07-01 10:04:00,SYNDICATE_HUB,10
WTH_03092,TXN_01509,ATM_006,28.448378,77.015422,15000,2026-07-01 10:06:00,SYNDICATE_HUB,10
WTH_03976,TXN_01937,ATM_070,12.997633,77.555212,11500,2026-07-01 10:47:00,VICTIM_CITY,10
WTH_03977,TXN_01937,ATM_070,12.997633,77.555212,4000,2026-07-01 10:55:00,VICTIM_CITY,10
WTH_00282,TXN_00135,ATM_054,28.146724,76.998492,15000,2026-07-01 11:32:00,SYNDICATE_HUB,11
WTH_03093,TXN_01510,ATM_064,12.939903,77.576478,15000,2026-07-01 11:42:00,SYNDICATE_HUB,11
WTH_01833,TXN_00894,ATM_100,13.136631,78.114212,13500,2026-07-01 11:49:00,SYNDICATE_HUB,11
WTH_03095,TXN_01510,ATM_064,12.939903,77.576478,11000,2026-07-01 11:50:00,SYNDICATE_HUB,11
WTH_03094,TXN_01510,ATM_064,12.939903,77.576478,6500,2026-07-01 11:51:00,SYNDICATE_HUB,11
WTH_03096,TXN_01511,ATM_106,13.144834,78.150669,4500,2026-07-01 12:18:00,SYNDICATE_HUB,12
WTH_03097,TXN_01511,ATM_106,13.144834,78.150669,15000,2026-07-01 12:28:00,SYNDICATE_HUB,12
WTH_01834,TXN_00895,ATM_083,17.415828,78.499909,15000,2026-07-01 12:45:00,SYNDICATE_HUB,12
WTH_01835,TXN_00895,ATM_083,17.415828,78.499909,11000,2026-07-01 12:52:00,SYNDICATE_HUB,12
WTH_01836,TXN_00896,ATM_018,28.555241,77.3617,15000,2026-07-01 13:57:00,VICTIM_CITY,13
WTH_00283,TXN_00136,ATM_057,12.973527,77.673424,10500,2026-07-01 14:33:00,VICTIM_CITY,14
WTH_01837,TXN_00897,ATM_024,28.524445,77.416371,10500,2026-07-01 14:39:00,VICTIM_CITY,14
WTH_01838,TXN_00897,ATM_024,28.524445,77.416371,8000,2026-07-01 14:42:00,VICTIM_CITY,14
WTH_00284,TXN_00137,ATM_047,28.094959,76.988447,8500,2026-07-01 14:47:00,SYNDICATE_HUB,14
WTH_00285,TXN_00138,ATM_068,12.942178,77.644198,15000,2026-07-01 17:04:00,SYNDICATE_HUB,17
WTH_00286,TXN_00138,ATM_068,12.942178,77.644198,12000,2026-07-01 17:12:00,SYNDICATE_HUB,17
WTH_00287,TXN_00139,ATM_055,12.979842,77.592218,15000,2026-07-01 17:30:00,VICTIM_CITY,17
WTH_04321,TXN_02107,ATM_135,22.560279,88.367561,7000,2026-07-01 18:00:00,VICTIM_CITY,18
WTH_04322,TXN_02107,ATM_135,22.560279,88.367561,15000,2026-07-01 18:07:00,VICTIM_CITY,18
WTH_00931,TXN_00451,ATM_137,22.605169,88.364187,15000,2026-07-01 18:49:00,VICTIM_CITY,18
WTH_01566,TXN_00763,ATM_122,19.09418,72.908867,15000,2026-07-01 18:53:00,VICTIM_CITY,18
WTH_02184,TXN_01067,ATM_076,17.393016,78.497786,4000,2026-07-01 19:16:00,SYNDICATE_HUB,19
WTH_01567,TXN_00764,ATM_042,23.986146,86.794608,13500,2026-07-01 19:20:00,SYNDICATE_HUB,19
WTH_01565,TXN_00762,ATM_014,28.431876,77.035617,13500,2026-07-01 19:27:00,SYNDICATE_HUB,19
WTH_02185,TXN_01067,ATM_076,17.393016,78.497786,15000,2026-07-01 19:27:00,SYNDICATE_HUB,19
WTH_00288,TXN_00140,ATM_112,14.456325,79.954246,15000,2026-07-01 20:11:00,SYNDICATE_HUB,20
WTH_00289,TXN_00140,ATM_112,14.456325,79.954246,3000,2026-07-01 20:15:00,SYNDICATE_HUB,20
WTH_00290,TXN_00140,ATM_112,14.456325,79.954246,15000,2026-07-01 20:33:00,SYNDICATE_HUB,20
WTH_02186,TXN_01068,ATM_118,14.485479,79.999178,15000,2026-07-01 20:41:00,SYNDICATE_HUB,20
WTH_02187,TXN_01068,ATM_118,14.485479,79.999178,11000,2026-07-01 20:44:00,SYNDICATE_HUB,20
WTH_02188,TXN_01068,ATM_118,14.485479,79.999178,5500,2026-07-01 20:47:00,SYNDICATE_HUB,20
WTH_04323,TXN_02108,ATM_105,13.143941,78.194144,10000,2026-07-01 21:01:00,SYNDICATE_HUB,21
WTH_00932,TXN_00452,ATM_075,17.401702,78.496204,12000,2026-07-01 21:15:00,SYNDICATE_HUB,21
WTH_00933,TXN_00452,ATM_075,17.401702,78.496204,15000,2026-07-01 21:18:00,SYNDICATE_HUB,21
WTH_00934,TXN_00453,ATM_012,28.461121,76.992406,12500,2026-07-01 21:28:00,SYNDICATE_HUB,21
WTH_02862,TXN_01399,ATM_089,13.083064,80.311399,15000,2026-07-01 21:37:00,SYNDICATE_HUB,21
WTH_02863,TXN_01399,ATM_089,13.083064,80.311399,15000,2026-07-01 21:48:00,SYNDICATE_HUB,21
WTH_02189,TXN_01069,ATM_110,14.432893,79.988137,15000,2026-07-01 21:52:00,VICTIM_CITY,21
WTH_02190,TXN_01069,ATM_110,14.432893,79.988137,15000,2026-07-01 21:56:00,VICTIM_CITY,21
WTH_03670,TXN_01785,ATM_049,28.114922,77.000221,15000,2026-07-01 22:00:00,SYNDICATE_HUB,22
WTH_03671,TXN_01785,ATM_049,28.114922,77.000221,3000,2026-07-01 22:03:00,SYNDICATE_HUB,22
WTH_02361,TXN_01155,ATM_032,23.944799,86.783761,10000,2026-07-01 22:06:00,SYNDICATE_HUB,22
WTH_02191,TXN_01070,ATM_026,28.543278,77.381758,14000,2026-07-01 22:09:00,SYNDICATE_HUB,22
WTH_02362,TXN_01155,ATM_032,23.944799,86.783761,1000,2026-07-01 22:16:00,SYNDICATE_HUB,22
WTH_02864,TXN_01400,ATM_022,28.532724,77.383774,15000,2026-07-01 22:19:00,VICTIM_CITY,22
WTH_02363,TXN_01155,ATM_032,23.944799,86.783761,15000,2026-07-01 22:22:00,SYNDICATE_HUB,22
WTH_02866,TXN_01400,ATM_022,28.532724,77.383774,15000,2026-07-01 22:25:00,VICTIM_CITY,22
WTH_02865,TXN_01400,ATM_022,28.532724,77.383774,15000,2026-07-01 22:31:00,VICTIM_CITY,22
WTH_00291,TXN_00141,ATM_006,28.448378,77.015422,14000,2026-07-01 23:09:00,SYNDICATE_HUB,23
WTH_03672,TXN_01786,ATM_017,28.535176,77.365615,5500,2026-07-01 23:10:00,SYNDICATE_HUB,23
WTH_00292,TXN_00141,ATM_006,28.448378,77.015422,15000,2026-07-01 23:16:00,SYNDICATE_HUB,23
WTH_03673,TXN_01786,ATM_017,28.535176,77.365615,15000,2026-07-01 23:16:00,SYNDICATE_HUB,23
WTH_04324,TXN_02109,ATM_137,22.605169,88.364187,15000,2026-07-01 23:17:00,VICTIM_CITY,23
WTH_02364,TXN_01156,ATM_009,28.435192,77.034142,10500,2026-07-01 23:18:00,SYNDICATE_HUB,23
WTH_04325,TXN_02109,ATM_137,22.605169,88.364187,15000,2026-07-01 23:25:00,VICTIM_CITY,23
WTH_02365,TXN_01156,ATM_009,28.435192,77.034142,8500,2026-07-01 23:29:00,SYNDICATE_HUB,23
WTH_00293,TXN_00141,ATM_006,28.448378,77.015422,15000,2026-07-01 23:31:00,SYNDICATE_HUB,23
WTH_04326,TXN_02109,ATM_137,22.605169,88.364187,3500,2026-07-01 23:35:00,VICTIM_CITY,23
WTH_04327,TXN_02110,ATM_088,13.090447,80.293861,10500,2026-07-01 23:35:00,SYNDICATE_HUB,23
WTH_00935,TXN_00454,ATM_058,12.965444,77.60425,15000,2026-07-01 23:46:00,SYNDICATE_HUB,23
WTH_00936,TXN_00454,ATM_058,12.965444,77.60425,15000,2026-07-01 23:52:00,SYNDICATE_HUB,23
WTH_00937,TXN_00454,ATM_058,12.965444,77.60425,1000,2026-07-02 00:08:00,SYNDICATE_HUB,0
WTH_02366,TXN_01157,ATM_005,28.448233,77.039621,14500,2026-07-02 00:34:00,VICTIM_CITY,0
WTH_00938,TXN_00455,ATM_059,12.970489,77.557202,15000,2026-07-02 00:37:00,SYNDICATE_HUB,0
WTH_02867,TXN_01401,ATM_022,28.532724,77.383774,15000,2026-07-02 00:37:00,VICTIM_CITY,0
WTH_00294,TXN_00142,ATM_050,28.109102,76.990308,14500,2026-07-02 00:40:00,SYNDICATE_HUB,0
WTH_02868,TXN_01401,ATM_022,28.532724,77.383774,15000,2026-07-02 00:42:00,VICTIM_CITY,0
WTH_00939,TXN_00455,ATM_059,12.970489,77.557202,1000,2026-07-02 00:49:00,SYNDICATE_HUB,0
WTH_00940,TXN_00455,ATM_059,12.970489,77.557202,1500,2026-07-02 00:51:00,SYNDICATE_HUB,0
WTH_00295,TXN_00142,ATM_050,28.109102,76.990308,3500,2026-07-02 00:52:00,SYNDICATE_HUB,0
WTH_05227,TXN_02555,ATM_055,12.979842,77.592218,6500,2026-07-02 00:53:00,VICTIM_CITY,0
WTH_05228,TXN_02555,ATM_055,12.979842,77.592218,11000,2026-07-02 01:04:00,VICTIM_CITY,1
WTH_04328,TXN_02111,ATM_099,13.057952,80.275004,15000,2026-07-02 01:34:00,SYNDICATE_HUB,1
WTH_02367,TXN_01158,ATM_012,28.461121,76.992406,15000,2026-07-02 01:43:00,VICTIM_CITY,1
WTH_04329,TXN_02111,ATM_099,13.057952,80.275004,9500,2026-07-02 01:43:00,SYNDICATE_HUB,1
WTH_02368,TXN_01158,ATM_012,28.461121,76.992406,13000,2026-07-02 01:48:00,VICTIM_CITY,1
WTH_02369,TXN_01158,ATM_012,28.461121,76.992406,15000,2026-07-02 02:01:00,VICTIM_CITY,2
WTH_03251,TXN_01582,ATM_117,14.443511,79.973468,15000,2026-07-02 02:35:00,SYNDICATE_HUB,2
WTH_03252,TXN_01582,ATM_117,14.443511,79.973468,15000,2026-07-02 02:46:00,SYNDICATE_HUB,2
WTH_03253,TXN_01582,ATM_117,14.443511,79.973468,15000,2026-07-02 02:53:00,SYNDICATE_HUB,2
WTH_04330,TXN_02112,ATM_020,28.503624,77.395725,15000,2026-07-02 03:10:00,SYNDICATE_HUB,3
WTH_02979,TXN_01453,ATM_087,13.080541,80.280252,6000,2026-07-02 03:20:00,SYNDICATE_HUB,3
WTH_04331,TXN_02112,ATM_020,28.503624,77.395725,15000,2026-07-02 03:22:00,SYNDICATE_HUB,3
WTH_02980,TXN_01453,ATM_087,13.080541,80.280252,10000,2026-07-02 03:28:00,SYNDICATE_HUB,3
WTH_02370,TXN_01159,ATM_007,28.465307,76.980681,15000,2026-07-02 03:43:00,SYNDICATE_HUB,3
WTH_02373,TXN_01160,ATM_057,12.973527,77.673424,15000,2026-07-02 03:51:00,SYNDICATE_HUB,3
WTH_02371,TXN_01159,ATM_007,28.465307,76.980681,1000,2026-07-02 03:53:00,SYNDICATE_HUB,3
WTH_02372,TXN_01159,ATM_007,28.465307,76.980681,15000,2026-07-02 03:53:00,SYNDICATE_HUB,3
WTH_02374,TXN_01160,ATM_057,12.973527,77.673424,8500,2026-07-02 03:59:00,SYNDICATE_HUB,3
WTH_03443,TXN_01675,ATM_024,28.524445,77.416371,14500,2026-07-02 04:07:00,SYNDICATE_HUB,4
WTH_05229,TXN_02556,ATM_067,12.937606,77.609755,15000,2026-07-02 04:08:00,VICTIM_CITY,4
WTH_03444,TXN_01675,ATM_024,28.524445,77.416371,6000,2026-07-02 04:13:00,SYNDICATE_HUB,4
WTH_05230,TXN_02556,ATM_067,12.937606,77.609755,15000,2026-07-02 04:16:00,VICTIM_CITY,4
WTH_05231,TXN_02556,ATM_067,12.937606,77.609755,6500,2026-07-02 04:30:00,VICTIM_CITY,4
WTH_02375,TXN_01161,ATM_054,28.146724,76.998492,10500,2026-07-02 04:36:00,SYNDICATE_HUB,4
WTH_03254,TXN_01583,ATM_091,13.100219,80.2467,13000,2026-07-02 05:25:00,SYNDICATE_HUB,5
WTH_03255,TXN_01584,ATM_083,17.415828,78.499909,13000,2026-07-02 05:37:00,SYNDICATE_HUB,5
WTH_03256,TXN_01584,ATM_083,17.415828,78.499909,15000,2026-07-02 05:40:00,SYNDICATE_HUB,5
WTH_04847,TXN_02369,ATM_077,17.363239,78.494132,10500,2026-07-02 05:44:00,SYNDICATE_HUB,5
WTH_02376,TXN_01162,ATM_114,14.443886,79.964945,13500,2026-07-02 05:45:00,SYNDICATE_HUB,5
WTH_03257,TXN_01584,ATM_083,17.415828,78.499909,3500,2026-07-02 05:53:00,SYNDICATE_HUB,5
WTH_02981,TXN_01454,ATM_024,28.524445,77.416371,11000,2026-07-02 06:13:00,SYNDICATE_HUB,6
WTH_02982,TXN_01454,ATM_024,28.524445,77.416371,15000,2026-07-02 06:18:00,SYNDICATE_HUB,6
WTH_02983,TXN_01454,ATM_024,28.524445,77.416371,8500,2026-07-02 06:25:00,SYNDICATE_HUB,6
WTH_02267,TXN_01108,ATM_054,28.146724,76.998492,9000,2026-07-02 06:38:00,VICTIM_CITY,6
WTH_03445,TXN_01676,ATM_110,14.432893,79.988137,6500,2026-07-02 06:46:00,SYNDICATE_HUB,6
WTH_03446,TXN_01676,ATM_110,14.432893,79.988137,12500,2026-07-02 06:56:00,SYNDICATE_HUB,6
WTH_01199,TXN_00576,ATM_118,14.485479,79.999178,13000,2026-07-02 07:10:00,SYNDICATE_HUB,7
WTH_02268,TXN_01109,ATM_052,28.102146,76.978954,15000,2026-07-02 07:33:00,VICTIM_CITY,7
WTH_03258,TXN_01585,ATM_150,9.950709,76.282411,15000,2026-07-02 07:33:00,VICTIM_CITY,7
WTH_02269,TXN_01109,ATM_052,28.102146,76.978954,15000,2026-07-02 07:39:00,VICTIM_CITY,7
WTH_03259,TXN_01585,ATM_150,9.950709,76.282411,15000,2026-07-02 07:43:00,VICTIM_CITY,7
WTH_02987,TXN_01456,ATM_079,17.444705,78.501863,14500,2026-07-02 07:47:00,SYNDICATE_HUB,7
WTH_02270,TXN_01109,ATM_052,28.102146,76.978954,15000,2026-07-02 07:51:00,VICTIM_CITY,7
WTH_02984,TXN_01455,ATM_067,12.937606,77.609755,10500,2026-07-02 07:54:00,VICTIM_CITY,7
WTH_02989,TXN_01456,ATM_079,17.444705,78.501863,15000,2026-07-02 07:57:00,SYNDICATE_HUB,7
WTH_02988,TXN_01456,ATM_079,17.444705,78.501863,2000,2026-07-02 07:59:00,SYNDICATE_HUB,7
WTH_02985,TXN_01455,ATM_067,12.937606,77.609755,5500,2026-07-02 08:00:00,VICTIM_CITY,8
WTH_03447,TXN_01677,ATM_109,13.123335,78.128711,15000,2026-07-02 08:12:00,SYNDICATE_HUB,8
WTH_02986,TXN_01455,ATM_067,12.937606,77.609755,15000,2026-07-02 08:14:00,VICTIM_CITY,8
WTH_03448,TXN_01677,ATM_109,13.123335,78.128711,14000,2026-07-02 08:18:00,SYNDICATE_HUB,8
WTH_03449,TXN_01677,ATM_109,13.123335,78.128711,7000,2026-07-02 08:20:00,SYNDICATE_HUB,8
WTH_04848,TXN_02370,ATM_074,17.345418,78.444445,15000,2026-07-02 08:50:00,VICTIM_CITY,8
WTH_02377,TXN_01163,ATM_064,12.939903,77.576478,9500,2026-07-02 08:57:00,SYNDICATE_HUB,8
WTH_04849,TXN_02370,ATM_074,17.345418,78.444445,14500,2026-07-02 08:58:00,VICTIM_CITY,8
WTH_02378,TXN_01164,ATM_045,28.098405,77.005265,15000,2026-07-02 09:07:00,SYNDICATE_HUB,9
WTH_02379,TXN_01164,ATM_045,28.098405,77.005265,15000,2026-07-02 09:16:00,SYNDICATE_HUB,9
WTH_01200,TXN_00577,ATM_083,17.415828,78.499909,13000,2026-07-02 09:22:00,SYNDICATE_HUB,9
WTH_02380,TXN_01164,ATM_045,28.098405,77.005265,15000,2026-07-02 09:27:00,SYNDICATE_HUB,9
WTH_03450,TXN_01678,ATM_127,19.152398,72.914869,13500,2026-07-02 09:30:00,VICTIM_CITY,9
WTH_01201,TXN_00577,ATM_083,17.415828,78.499909,4000,2026-07-02 09:31:00,SYNDICATE_HUB,9
WTH_02381,TXN_01165,ATM_049,28.114922,77.000221,11500,2026-07-02 09:34:00,SYNDICATE_HUB,9
WTH_03451,TXN_01678,ATM_127,19.152398,72.914869,15000,2026-07-02 09:35:00,VICTIM_CITY,9
WTH_02382,TXN_01165,ATM_049,28.114922,77.000221,15000,2026-07-02 09:37:00,SYNDICATE_HUB,9
WTH_03260,TXN_01586,ATM_095,13.05899,80.228284,15000,2026-07-02 09:52:00,SYNDICATE_HUB,9
WTH_03452,TXN_01679,ATM_010,28.437707,76.992705,11000,2026-07-02 09:53:00,SYNDICATE_HUB,9
WTH_04850,TXN_02371,ATM_036,23.968282,86.827509,8000,2026-07-02 09:55:00,SYNDICATE_HUB,9
WTH_02383,TXN_01165,ATM_049,28.114922,77.000221,7500,2026-07-02 09:56:00,SYNDICATE_HUB,9
WTH_02384,TXN_01166,ATM_014,28.431876,77.035617,15000,2026-07-02 09:57:00,VICTIM_CITY,9
WTH_03453,TXN_01679,ATM_010,28.437707,76.992705,15000,2026-07-02 09:57:00,SYNDICATE_HUB,9
WTH_03261,TXN_01586,ATM_095,13.05899,80.228284,5500,2026-07-02 10:00:00,SYNDICATE_HUB,10
WTH_02385,TXN_01166,ATM_014,28.431876,77.035617,1000,2026-07-02 10:03:00,VICTIM_CITY,10
WTH_04851,TXN_02371,ATM_036,23.968282,86.827509,15000,2026-07-02 10:03:00,SYNDICATE_HUB,10
WTH_03454,TXN_01679,ATM_010,28.437707,76.992705,15000,2026-07-02 10:07:00,SYNDICATE_HUB,10
WTH_01202,TXN_00578,ATM_039,23.963893,86.798116,15000,2026-07-02 10:21:00,VICTIM_CITY,10
WTH_02271,TXN_01110,ATM_054,28.146724,76.998492,7000,2026-07-02 10:27:00,VICTIM_CITY,10
WTH_01203,TXN_00578,ATM_039,23.963893,86.798116,15000,2026-07-02 10:28:00,VICTIM_CITY,10
WTH_01204,TXN_00578,ATM_039,23.963893,86.798116,12000,2026-07-02 10:37:00,VICTIM_CITY,10
WTH_02272,TXN_01110,ATM_054,28.146724,76.998492,15000,2026-07-02 10:39:00,VICTIM_CITY,10
WTH_02386,TXN_01167,ATM_101,13.141425,78.141473,15000,2026-07-02 10:47:00,SYNDICATE_HUB,10
WTH_02387,TXN_01167,ATM_101,13.141425,78.141473,1500,2026-07-02 10:54:00,SYNDICATE_HUB,10
WTH_03262,TXN_01587,ATM_026,28.543278,77.381758,15000,2026-07-02 11:41:00,SYNDICATE_HUB,11
WTH_03263,TXN_01587,ATM_026,28.543278,77.381758,4500,2026-07-02 11:51:00,SYNDICATE_HUB,11
WTH_03264,TXN_01587,ATM_026,28.543278,77.381758,15000,2026-07-02 11:55:00,SYNDICATE_HUB,11
WTH_01205,TXN_00579,ATM_108,13.130656,78.144644,15000,2026-07-02 12:03:00,SYNDICATE_HUB,12
WTH_01206,TXN_00579,ATM_108,13.130656,78.144644,15000,2026-07-02 12:14:00,SYNDICATE_HUB,12
WTH_01207,TXN_00579,ATM_108,13.130656,78.144644,15000,2026-07-02 12:25:00,SYNDICATE_HUB,12
WTH_02388,TXN_01168,ATM_011,28.494676,77.021181,15000,2026-07-02 12:52:00,VICTIM_CITY,12
WTH_02389,TXN_01168,ATM_011,28.494676,77.021181,15000,2026-07-02 13:03:00,VICTIM_CITY,13
WTH_02390,TXN_01168,ATM_011,28.494676,77.021181,15000,2026-07-02 13:06:00,VICTIM_CITY,13
WTH_03265,TXN_01588,ATM_025,28.543747,77.348687,15000,2026-07-02 13:30:00,SYNDICATE_HUB,13
WTH_03266,TXN_01588,ATM_025,28.543747,77.348687,3500,2026-07-02 13:40:00,SYNDICATE_HUB,13
WTH_03267,TXN_01589,ATM_058,12.965444,77.60425,13000,2026-07-02 15:22:00,SYNDICATE_HUB,15
WTH_02884,TXN_01409,ATM_107,13.150964,78.142922,15000,2026-07-02 17:27:00,SYNDICATE_HUB,17
WTH_03268,TXN_01590,ATM_088,13.090447,80.293861,15000,2026-07-02 17:30:00,SYNDICATE_HUB,17
WTH_04435,TXN_02161,ATM_003,28.45388,77.020981,10000,2026-07-02 17:34:00,SYNDICATE_HUB,17
WTH_02885,TXN_01409,ATM_107,13.150964,78.142922,1500,2026-07-02 17:35:00,SYNDICATE_HUB,17
WTH_03269,TXN_01590,ATM_088,13.090447,80.293861,2500,2026-07-02 17:37:00,SYNDICATE_HUB,17
WTH_03270,TXN_01590,ATM_088,13.090447,80.293861,15000,2026-07-02 17:48:00,SYNDICATE_HUB,17
WTH_03186,TXN_01554,ATM_096,13.070198,80.294679,15000,2026-07-02 18:49:00,SYNDICATE_HUB,18
WTH_03187,TXN_01554,ATM_096,13.070198,80.294679,15000,2026-07-02 18:53:00,SYNDICATE_HUB,18
WTH_03188,TXN_01554,ATM_096,13.070198,80.294679,13000,2026-07-02 19:11:00,SYNDICATE_HUB,19
WTH_02886,TXN_01410,ATM_128,19.021303,72.860268,15000,2026-07-02 20:10:00,VICTIM_CITY,20
WTH_02887,TXN_01410,ATM_128,19.021303,72.860268,1000,2026-07-02 20:16:00,VICTIM_CITY,20
WTH_02888,TXN_01410,ATM_128,19.021303,72.860268,15000,2026-07-02 20:32:00,VICTIM_CITY,20
WTH_04436,TXN_02162,ATM_018,28.555241,77.3617,12500,2026-07-02 20:39:00,SYNDICATE_HUB,20
WTH_04437,TXN_02162,ATM_018,28.555241,77.3617,2500,2026-07-02 20:46:00,SYNDICATE_HUB,20
WTH_03189,TXN_01555,ATM_037,23.961927,86.827934,2500,2026-07-02 20:58:00,SYNDICATE_HUB,20
WTH_04438,TXN_02162,ATM_018,28.555241,77.3617,15000,2026-07-02 20:59:00,SYNDICATE_HUB,20
WTH_03190,TXN_01555,ATM_037,23.961927,86.827934,13000,2026-07-02 21:02:00,SYNDICATE_HUB,21
WTH_04439,TXN_02163,ATM_001,28.471421,77.023282,15000,2026-07-02 21:03:00,SYNDICATE_HUB,21
WTH_04440,TXN_02163,ATM_001,28.471421,77.023282,10500,2026-07-02 21:07:00,SYNDICATE_HUB,21
WTH_04441,TXN_02163,ATM_001,28.471421,77.023282,15000,2026-07-02 21:09:00,SYNDICATE_HUB,21
WTH_03191,TXN_01556,ATM_104,13.143941,78.140721,3000,2026-07-02 21:26:00,SYNDICATE_HUB,21
WTH_03192,TXN_01556,ATM_104,13.143941,78.140721,15000,2026-07-02 21:31:00,SYNDICATE_HUB,21
WTH_03193,TXN_01556,ATM_104,13.143941,78.140721,11500,2026-07-02 21:44:00,SYNDICATE_HUB,21
WTH_02889,TXN_01411,ATM_080,17.346878,78.50771,9500,2026-07-02 22:04:00,SYNDICATE_HUB,22
WTH_02890,TXN_01412,ATM_037,23.961927,86.827934,15000,2026-07-02 22:14:00,SYNDICATE_HUB,22
WTH_02891,TXN_01412,ATM_037,23.961927,86.827934,15000,2026-07-02 22:26:00,SYNDICATE_HUB,22
WTH_02892,TXN_01412,ATM_037,23.961927,86.827934,15000,2026-07-02 22:30:00,SYNDICATE_HUB,22
WTH_03887,TXN_01893,ATM_035,23.968286,86.792578,15000,2026-07-02 22:51:00,SYNDICATE_HUB,22
WTH_03888,TXN_01893,ATM_035,23.968286,86.792578,15000,2026-07-02 22:57:00,SYNDICATE_HUB,22
WTH_03194,TXN_01557,ATM_067,12.937606,77.609755,15000,2026-07-02 23:39:00,SYNDICATE_HUB,23
WTH_03195,TXN_01557,ATM_067,12.937606,77.609755,8500,2026-07-02 23:43:00,SYNDICATE_HUB,23
WTH_02247,TXN_01098,ATM_104,13.143941,78.140721,4000,2026-07-02 23:45:00,SYNDICATE_HUB,23
WTH_03196,TXN_01557,ATM_067,12.937606,77.609755,1000,2026-07-02 23:49:00,SYNDICATE_HUB,23
WTH_02248,TXN_01098,ATM_104,13.143941,78.140721,1000,2026-07-02 23:54:00,SYNDICATE_HUB,23
WTH_02249,TXN_01098,ATM_104,13.143941,78.140721,15000,2026-07-02 23:59:00,SYNDICATE_HUB,23
WTH_05614,TXN_02737,ATM_144,11.013157,76.96992,15000,2026-07-03 00:05:00,VICTIM_CITY,0
WTH_04442,TXN_02164,ATM_004,28.497401,77.045018,9500,2026-07-03 00:07:00,VICTIM_CITY,0
WTH_05615,TXN_02737,ATM_144,11.013157,76.96992,15000,2026-07-03 00:12:00,VICTIM_CITY,0
WTH_02893,TXN_01413,ATM_101,13.141425,78.141473,15000,2026-07-03 00:19:00,SYNDICATE_HUB,0
WTH_02895,TXN_01414,ATM_127,19.152398,72.914869,15000,2026-07-03 00:20:00,VICTIM_CITY,0
WTH_02896,TXN_01414,ATM_127,19.152398,72.914869,3500,2026-07-03 00:23:00,VICTIM_CITY,0
WTH_04689,TXN_02289,ATM_041,23.958985,86.808614,3000,2026-07-03 00:25:00,SYNDICATE_HUB,0
WTH_02894,TXN_01413,ATM_101,13.141425,78.141473,14000,2026-07-03 00:29:00,SYNDICATE_HUB,0
WTH_03197,TXN_01558,ATM_004,28.497401,77.045018,15000,2026-07-03 00:29:00,SYNDICATE_HUB,0
WTH_04690,TXN_02289,ATM_041,23.958985,86.808614,15000,2026-07-03 00:29:00,SYNDICATE_HUB,0
WTH_05616,TXN_02737,ATM_144,11.013157,76.96992,11000,2026-07-03 00:29:00,VICTIM_CITY,0
WTH_03198,TXN_01558,ATM_004,28.497401,77.045018,15000,2026-07-03 00:35:00,SYNDICATE_HUB,0
WTH_04691,TXN_02290,ATM_097,13.088695,80.235819,11000,2026-07-03 01:10:00,VICTIM_CITY,1
WTH_02250,TXN_01099,ATM_068,12.942178,77.644198,5000,2026-07-03 01:11:00,SYNDICATE_HUB,1
WTH_03889,TXN_01894,ATM_137,22.605169,88.364187,13500,2026-07-03 01:20:00,VICTIM_CITY,1
WTH_02251,TXN_01099,ATM_068,12.942178,77.644198,13500,2026-07-03 01:22:00,SYNDICATE_HUB,1
WTH_05617,TXN_02738,ATM_145,11.023544,76.940855,9000,2026-07-03 01:28:00,VICTIM_CITY,1
WTH_03890,TXN_01894,ATM_137,22.605169,88.364187,15000,2026-07-03 01:29:00,VICTIM_CITY,1
WTH_02897,TXN_01415,ATM_078,17.394378,78.463841,15000,2026-07-03 01:35:00,SYNDICATE_HUB,1
WTH_02898,TXN_01415,ATM_078,17.394378,78.463841,15000,2026-07-03 01:41:00,SYNDICATE_HUB,1
WTH_02252,TXN_01100,ATM_013,28.446435,77.029262,9000,2026-07-03 01:50:00,VICTIM_CITY,1
WTH_03199,TXN_01559,ATM_019,28.540513,77.343968,9500,2026-07-03 01:51:00,SYNDICATE_HUB,1
WTH_02899,TXN_01415,ATM_078,17.394378,78.463841,2500,2026-07-03 01:59:00,SYNDICATE_HUB,1
WTH_03891,TXN_01895,ATM_137,22.605169,88.364187,15000,2026-07-03 02:24:00,VICTIM_CITY,2
WTH_03892,TXN_01895,ATM_137,22.605169,88.364187,13500,2026-07-03 02:34:00,VICTIM_CITY,2
WTH_04692,TXN_02291,ATM_098,13.087549,80.281489,15000,2026-07-03 02:56:00,SYNDICATE_HUB,2
WTH_04693,TXN_02291,ATM_098,13.087549,80.281489,10000,2026-07-03 03:04:00,SYNDICATE_HUB,3
WTH_04694,TXN_02291,ATM_098,13.087549,80.281489,15000,2026-07-03 03:16:00,SYNDICATE_HUB,3
WTH_03200,TXN_01560,ATM_086,13.057794,80.247857,10500,2026-07-03 03:24:00,SYNDICATE_HUB,3
WTH_03532,TXN_01720,ATM_109,13.123335,78.128711,9500,2026-07-03 03:32:00,SYNDICATE_HUB,3
WTH_02253,TXN_01101,ATM_004,28.497401,77.045018,15000,2026-07-03 03:37:00,VICTIM_CITY,3
WTH_00591,TXN_00282,ATM_102,13.153029,78.149361,15000,2026-07-03 03:41:00,VICTIM_CITY,3
WTH_04695,TXN_02292,ATM_138,22.545118,88.376839,15000,2026-07-03 03:41:00,VICTIM_CITY,3
WTH_03533,TXN_01720,ATM_109,13.123335,78.128711,15000,2026-07-03 03:44:00,SYNDICATE_HUB,3
WTH_02254,TXN_01101,ATM_004,28.497401,77.045018,8500,2026-07-03 03:45:00,VICTIM_CITY,3
WTH_03534,TXN_01720,ATM_109,13.123335,78.128711,15000,2026-07-03 03:48:00,SYNDICATE_HUB,3
WTH_00592,TXN_00282,ATM_102,13.153029,78.149361,8500,2026-07-03 03:52:00,VICTIM_CITY,3
WTH_04696,TXN_02292,ATM_138,22.545118,88.376839,9000,2026-07-03 03:53:00,VICTIM_CITY,3
WTH_00593,TXN_00282,ATM_102,13.153029,78.149361,7000,2026-07-03 03:59:00,VICTIM_CITY,3
WTH_03893,TXN_01896,ATM_095,13.05899,80.228284,14500,2026-07-03 04:08:00,SYNDICATE_HUB,4
WTH_05618,TXN_02739,ATM_005,28.448233,77.039621,7500,2026-07-03 04:26:00,SYNDICATE_HUB,4
WTH_05619,TXN_02739,ATM_005,28.448233,77.039621,15000,2026-07-03 04:34:00,SYNDICATE_HUB,4
WTH_05620,TXN_02740,ATM_004,28.497401,77.045018,15000,2026-07-03 04:53:00,SYNDICATE_HUB,4
WTH_05621,TXN_02740,ATM_004,28.497401,77.045018,15000,2026-07-03 04:59:00,SYNDICATE_HUB,4
WTH_03894,TXN_01897,ATM_112,14.456325,79.954246,15000,2026-07-03 05:03:00,SYNDICATE_HUB,5
WTH_03895,TXN_01897,ATM_112,14.456325,79.954246,15000,2026-07-03 05:15:00,SYNDICATE_HUB,5
WTH_03535,TXN_01721,ATM_088,13.090447,80.293861,3000,2026-07-03 05:24:00,SYNDICATE_HUB,5
WTH_05622,TXN_02741,ATM_145,11.023544,76.940855,15000,2026-07-03 05:27:00,VICTIM_CITY,5
WTH_01331,TXN_00643,ATM_067,12.937606,77.609755,9000,2026-07-03 05:31:00,VICTIM_CITY,5
WTH_03536,TXN_01721,ATM_088,13.090447,80.293861,15000,2026-07-03 05:33:00,SYNDICATE_HUB,5
WTH_04048,TXN_01975,ATM_085,17.377148,78.46258,15000,2026-07-03 05:35:00,SYNDICATE_HUB,5
WTH_05623,TXN_02741,ATM_145,11.023544,76.940855,14500,2026-07-03 05:35:00,VICTIM_CITY,5
WTH_02255,TXN_01102,ATM_013,28.446435,77.029262,6000,2026-07-03 05:38:00,SYNDICATE_HUB,5
WTH_04049,TXN_01975,ATM_085,17.377148,78.46258,6000,2026-07-03 05:43:00,SYNDICATE_HUB,5
WTH_02256,TXN_01102,ATM_013,28.446435,77.029262,15000,2026-07-03 05:45:00,SYNDICATE_HUB,5
WTH_02257,TXN_01102,ATM_013,28.446435,77.029262,15000,2026-07-03 05:52:00,SYNDICATE_HUB,5
WTH_00594,TXN_00283,ATM_074,17.345418,78.444445,10000,2026-07-03 06:17:00,SYNDICATE_HUB,6
WTH_02258,TXN_01103,ATM_085,17.377148,78.46258,15000,2026-07-03 06:50:00,SYNDICATE_HUB,6
WTH_02259,TXN_01103,ATM_085,17.377148,78.46258,15000,2026-07-03 06:57:00,SYNDICATE_HUB,6
WTH_03537,TXN_01722,ATM_097,13.088695,80.235819,9000,2026-07-03 07:06:00,SYNDICATE_HUB,7
WTH_03538,TXN_01722,ATM_097,13.088695,80.235819,15000,2026-07-03 07:12:00,SYNDICATE_HUB,7
WTH_03539,TXN_01722,ATM_097,13.088695,80.235819,6000,2026-07-03 07:20:00,SYNDICATE_HUB,7
WTH_02260,TXN_01104,ATM_035,23.968286,86.792578,13000,2026-07-03 07:44:00,SYNDICATE_HUB,7
WTH_01332,TXN_00644,ATM_099,13.057952,80.275004,2000,2026-07-03 07:48:00,SYNDICATE_HUB,7
WTH_01333,TXN_00644,ATM_099,13.057952,80.275004,15000,2026-07-03 07:56:00,SYNDICATE_HUB,7
WTH_04050,TXN_01976,ATM_096,13.070198,80.294679,9000,2026-07-03 07:59:00,SYNDICATE_HUB,7
WTH_03540,TXN_01723,ATM_018,28.555241,77.3617,15000,2026-07-03 08:05:00,SYNDICATE_HUB,8
WTH_03541,TXN_01723,ATM_018,28.555241,77.3617,8500,2026-07-03 08:08:00,SYNDICATE_HUB,8
WTH_03542,TXN_01723,ATM_018,28.555241,77.3617,7500,2026-07-03 08:29:00,SYNDICATE_HUB,8
WTH_00595,TXN_00284,ATM_105,13.143941,78.194144,15000,2026-07-03 08:49:00,VICTIM_CITY,8
WTH_03896,TXN_01898,ATM_027,28.519254,77.40568,15000,2026-07-03 08:49:00,SYNDICATE_HUB,8
WTH_03897,TXN_01898,ATM_027,28.519254,77.40568,15000,2026-07-03 08:57:00,SYNDICATE_HUB,8
WTH_00596,TXN_00284,ATM_105,13.143941,78.194144,4500,2026-07-03 08:58:00,VICTIM_CITY,8
WTH_03898,TXN_01898,ATM_027,28.519254,77.40568,10500,2026-07-03 09:05:00,SYNDICATE_HUB,9
WTH_04051,TXN_01977,ATM_004,28.497401,77.045018,15000,2026-07-03 09:20:00,VICTIM_CITY,9
WTH_04052,TXN_01977,ATM_004,28.497401,77.045018,15000,2026-07-03 09:31:00,VICTIM_CITY,9
WTH_04053,TXN_01977,ATM_004,28.497401,77.045018,14000,2026-07-03 09:44:00,VICTIM_CITY,9
WTH_03901,TXN_01900,ATM_143,22.632325,88.309242,1500,2026-07-03 09:53:00,VICTIM_CITY,9
WTH_03899,TXN_01899,ATM_026,28.543278,77.381758,7500,2026-07-03 09:59:00,SYNDICATE_HUB,9
WTH_03900,TXN_01899,ATM_026,28.543278,77.381758,11000,2026-07-03 10:02:00,SYNDICATE_HUB,10
WTH_04054,TXN_01978,ATM_007,28.465307,76.980681,15000,2026-07-03 10:03:00,VICTIM_CITY,10
WTH_03902,TXN_01900,ATM_143,22.632325,88.309242,15000,2026-07-03 10:04:00,VICTIM_CITY,10
WTH_03903,TXN_01900,ATM_143,22.632325,88.309242,2500,2026-07-03 10:15:00,VICTIM_CITY,10
WTH_01334,TXN_00645,ATM_064,12.939903,77.576478,13500,2026-07-03 10:39:00,VICTIM_CITY,10
WTH_01335,TXN_00645,ATM_064,12.939903,77.576478,15000,2026-07-03 10:44:00,VICTIM_CITY,10
WTH_03904,TXN_01901,ATM_020,28.503624,77.395725,15000,2026-07-03 12:34:00,SYNDICATE_HUB,12
WTH_03905,TXN_01901,ATM_020,28.503624,77.395725,15000,2026-07-03 12:37:00,SYNDICATE_HUB,12
WTH_04055,TXN_01979,ATM_013,28.446435,77.029262,15000,2026-07-03 13:06:00,SYNDICATE_HUB,13
WTH_04056,TXN_01979,ATM_013,28.446435,77.029262,1500,2026-07-03 13:18:00,SYNDICATE_HUB,13
WTH_01336,TXN_00646,ATM_092,13.052715,80.284209,15000,2026-07-03 13:37:00,SYNDICATE_HUB,13
WTH_01339,TXN_00647,ATM_011,28.494676,77.021181,14000,2026-07-03 13:43:00,SYNDICATE_HUB,13
WTH_01337,TXN_00646,ATM_092,13.052715,80.284209,15000,2026-07-03 13:49:00,SYNDICATE_HUB,13
WTH_01338,TXN_00646,ATM_092,13.052715,80.284209,13000,2026-07-03 13:53:00,SYNDICATE_HUB,13
WTH_03906,TXN_01902,ATM_016,28.521059,77.435455,8500,2026-07-03 13:58:00,SYNDICATE_HUB,13
WTH_04057,TXN_01980,ATM_015,28.445085,77.019599,15000,2026-07-03 14:16:00,VICTIM_CITY,14
WTH_04058,TXN_01980,ATM_015,28.445085,77.019599,15000,2026-07-03 14:24:00,VICTIM_CITY,14
WTH_04059,TXN_01981,ATM_071,17.392279,78.528529,15000,2026-07-03 15:24:00,SYNDICATE_HUB,15
WTH_04060,TXN_01981,ATM_071,17.392279,78.528529,15000,2026-07-03 15:27:00,SYNDICATE_HUB,15
WTH_03907,TXN_01903,ATM_141,22.575778,88.38244,15000,2026-07-03 15:35:00,VICTIM_CITY,15
WTH_03908,TXN_01903,ATM_141,22.575778,88.38244,1500,2026-07-03 15:41:00,VICTIM_CITY,15
WTH_04061,TXN_01982,ATM_004,28.497401,77.045018,9500,2026-07-03 16:24:00,SYNDICATE_HUB,16
WTH_03909,TXN_01904,ATM_001,28.471421,77.023282,15000,2026-07-03 17:19:00,SYNDICATE_HUB,17
WTH_03910,TXN_01904,ATM_001,28.471421,77.023282,9000,2026-07-03 17:28:00,SYNDICATE_HUB,17
WTH_03911,TXN_01904,ATM_001,28.471421,77.023282,10500,2026-07-03 17:43:00,SYNDICATE_HUB,17
WTH_04062,TXN_01983,ATM_068,12.942178,77.644198,15000,2026-07-03 17:45:00,SYNDICATE_HUB,17
WTH_04063,TXN_01983,ATM_068,12.942178,77.644198,15000,2026-07-03 17:57:00,SYNDICATE_HUB,17
WTH_04064,TXN_01983,ATM_068,12.942178,77.644198,8500,2026-07-03 18:09:00,SYNDICATE_HUB,18
WTH_04065,TXN_01984,ATM_014,28.431876,77.035617,9000,2026-07-03 18:31:00,SYNDICATE_HUB,18
WTH_04066,TXN_01984,ATM_014,28.431876,77.035617,15000,2026-07-03 18:43:00,SYNDICATE_HUB,18
WTH_03912,TXN_01905,ATM_006,28.448378,77.015422,15000,2026-07-03 20:11:00,SYNDICATE_HUB,20
WTH_03914,TXN_01905,ATM_006,28.448378,77.015422,15000,2026-07-03 20:17:00,SYNDICATE_HUB,20
WTH_03913,TXN_01905,ATM_006,28.448378,77.015422,6500,2026-07-03 20:18:00,SYNDICATE_HUB,20
WTH_01635,TXN_00803,ATM_009,28.435192,77.034142,14500,2026-07-03 21:15:00,VICTIM_CITY,21
WTH_01636,TXN_00803,ATM_009,28.435192,77.034142,2000,2026-07-03 21:21:00,VICTIM_CITY,21
WTH_03301,TXN_01604,ATM_101,13.141425,78.141473,15000,2026-07-03 21:22:00,SYNDICATE_HUB,21
WTH_01637,TXN_00804,ATM_003,28.45388,77.020981,14500,2026-07-03 21:28:00,VICTIM_CITY,21
WTH_03302,TXN_01604,ATM_101,13.141425,78.141473,1000,2026-07-03 21:34:00,SYNDICATE_HUB,21
WTH_05512,TXN_02691,ATM_090,13.07529,80.346865,15000,2026-07-03 23:33:00,SYNDICATE_HUB,23
WTH_05515,TXN_02692,ATM_149,9.95279,76.274675,15000,2026-07-03 23:34:00,VICTIM_CITY,23
WTH_05513,TXN_02691,ATM_090,13.07529,80.346865,6500,2026-07-03 23:37:00,SYNDICATE_HUB,23
WTH_05514,TXN_02691,ATM_090,13.07529,80.346865,2500,2026-07-03 23:39:00,SYNDICATE_HUB,23
WTH_05516,TXN_02692,ATM_149,9.95279,76.274675,11000,2026-07-03 23:39:00,VICTIM_CITY,23
WTH_03305,TXN_01606,ATM_029,28.515359,77.383579,2000,2026-07-03 23:48:00,SYNDICATE_HUB,23
WTH_05517,TXN_02692,ATM_149,9.95279,76.274675,15000,2026-07-03 23:50:00,VICTIM_CITY,23
WTH_03306,TXN_01606,ATM_029,28.515359,77.383579,15000,2026-07-03 23:52:00,SYNDICATE_HUB,23
WTH_01641,TXN_00806,ATM_099,13.057952,80.275004,8500,2026-07-03 23:58:00,SYNDICATE_HUB,23
WTH_01642,TXN_00806,ATM_099,13.057952,80.275004,6500,2026-07-04 00:01:00,SYNDICATE_HUB,0
WTH_01638,TXN_00805,ATM_073,17.393316,78.511718,15000,2026-07-04 00:03:00,SYNDICATE_HUB,0
WTH_01643,TXN_00806,ATM_099,13.057952,80.275004,15000,2026-07-04 00:04:00,SYNDICATE_HUB,0
WTH_03307,TXN_01606,ATM_029,28.515359,77.383579,2500,2026-07-04 00:06:00,SYNDICATE_HUB,0
WTH_01639,TXN_00805,ATM_073,17.393316,78.511718,1000,2026-07-04 00:08:00,SYNDICATE_HUB,0
WTH_03303,TXN_01605,ATM_105,13.143941,78.194144,15000,2026-07-04 00:09:00,VICTIM_CITY,0
WTH_03304,TXN_01605,ATM_105,13.143941,78.194144,15000,2026-07-04 00:17:00,VICTIM_CITY,0
WTH_01640,TXN_00805,ATM_073,17.393316,78.511718,9000,2026-07-04 00:19:00,SYNDICATE_HUB,0
WTH_01647,TXN_00808,ATM_015,28.445085,77.019599,15000,2026-07-04 01:57:00,SYNDICATE_HUB,1
WTH_01648,TXN_00808,ATM_015,28.445085,77.019599,15000,2026-07-04 02:02:00,SYNDICATE_HUB,2
WTH_03308,TXN_01607,ATM_067,12.937606,77.609755,15000,2026-07-04 02:03:00,SYNDICATE_HUB,2
WTH_03005,TXN_01466,ATM_146,11.011805,76.943968,15000,2026-07-04 02:04:00,VICTIM_CITY,2
WTH_01649,TXN_00808,ATM_015,28.445085,77.019599,12000,2026-07-04 02:05:00,SYNDICATE_HUB,2
WTH_03309,TXN_01607,ATM_067,12.937606,77.609755,10500,2026-07-04 02:12:00,SYNDICATE_HUB,2
WTH_01644,TXN_00807,ATM_071,17.392279,78.528529,6500,2026-07-04 02:13:00,SYNDICATE_HUB,2
WTH_03006,TXN_01466,ATM_146,11.011805,76.943968,10000,2026-07-04 02:14:00,VICTIM_CITY,2
WTH_01645,TXN_00807,ATM_071,17.392279,78.528529,15000,2026-07-04 02:20:00,SYNDICATE_HUB,2
WTH_01646,TXN_00807,ATM_071,17.392279,78.528529,15000,2026-07-04 02:25:00,SYNDICATE_HUB,2
WTH_01340,TXN_00648,ATM_092,13.052715,80.284209,13500,2026-07-04 02:54:00,SYNDICATE_HUB,2
WTH_01650,TXN_00809,ATM_015,28.445085,77.019599,14500,2026-07-04 03:18:00,SYNDICATE_HUB,3
WTH_03007,TXN_01467,ATM_067,12.937606,77.609755,15000,2026-07-04 03:20:00,SYNDICATE_HUB,3
WTH_03008,TXN_01467,ATM_067,12.937606,77.609755,15000,2026-07-04 03:24:00,SYNDICATE_HUB,3
WTH_01651,TXN_00809,ATM_015,28.445085,77.019599,5500,2026-07-04 03:28:00,SYNDICATE_HUB,3
WTH_03010,TXN_01468,ATM_090,13.07529,80.346865,1000,2026-07-04 03:31:00,SYNDICATE_HUB,3
WTH_03011,TXN_01468,ATM_090,13.07529,80.346865,15000,2026-07-04 03:37:00,SYNDICATE_HUB,3
WTH_05518,TXN_02693,ATM_149,9.95279,76.274675,15000,2026-07-04 03:37:00,VICTIM_CITY,3
WTH_03009,TXN_01467,ATM_067,12.937606,77.609755,15000,2026-07-04 03:38:00,SYNDICATE_HUB,3
WTH_05519,TXN_02693,ATM_149,9.95279,76.274675,15000,2026-07-04 03:44:00,VICTIM_CITY,3
WTH_01341,TXN_00649,ATM_020,28.503624,77.395725,15000,2026-07-04 04:51:00,SYNDICATE_HUB,4
WTH_01342,TXN_00649,ATM_020,28.503624,77.395725,2000,2026-07-04 04:58:00,SYNDICATE_HUB,4
WTH_03310,TXN_01608,ATM_108,13.130656,78.144644,13500,2026-07-04 05:00:00,VICTIM_CITY,5
WTH_03311,TXN_01608,ATM_108,13.130656,78.144644,6500,2026-07-04 05:04:00,VICTIM_CITY,5
WTH_01343,TXN_00649,ATM_020,28.503624,77.395725,15000,2026-07-04 05:11:00,SYNDICATE_HUB,5
WTH_05520,TXN_02694,ATM_148,9.939768,76.25067,3000,2026-07-04 05:38:00,VICTIM_CITY,5
WTH_05521,TXN_02694,ATM_148,9.939768,76.25067,15000,2026-07-04 05:42:00,VICTIM_CITY,5
WTH_03012,TXN_01469,ATM_013,28.446435,77.029262,15000,2026-07-04 05:49:00,SYNDICATE_HUB,5
WTH_05524,TXN_02696,ATM_149,9.95279,76.274675,8500,2026-07-04 05:56:00,VICTIM_CITY,5
WTH_05525,TXN_02696,ATM_149,9.95279,76.274675,10500,2026-07-04 06:08:00,VICTIM_CITY,6
WTH_05522,TXN_02695,ATM_059,12.970489,77.557202,9000,2026-07-04 06:09:00,SYNDICATE_HUB,6
WTH_01924,TXN_00939,ATM_090,13.07529,80.346865,15000,2026-07-04 06:15:00,SYNDICATE_HUB,6
WTH_05523,TXN_02695,ATM_059,12.970489,77.557202,13000,2026-07-04 06:20:00,SYNDICATE_HUB,6
WTH_01344,TXN_00650,ATM_050,28.109102,76.990308,15000,2026-07-04 06:27:00,SYNDICATE_HUB,6
WTH_01652,TXN_00810,ATM_100,13.136631,78.114212,15000,2026-07-04 06:35:00,SYNDICATE_HUB,6
WTH_01345,TXN_00650,ATM_050,28.109102,76.990308,10000,2026-07-04 06:36:00,SYNDICATE_HUB,6
WTH_01346,TXN_00650,ATM_050,28.109102,76.990308,7000,2026-07-04 06:43:00,SYNDICATE_HUB,6
WTH_03312,TXN_01609,ATM_106,13.144834,78.150669,15000,2026-07-04 06:45:00,VICTIM_CITY,6
WTH_01653,TXN_00810,ATM_100,13.136631,78.114212,15000,2026-07-04 06:47:00,SYNDICATE_HUB,6
WTH_03313,TXN_01609,ATM_106,13.144834,78.150669,15000,2026-07-04 06:51:00,VICTIM_CITY,6
WTH_02747,TXN_01343,ATM_029,28.515359,77.383579,1000,2026-07-04 06:53:00,SYNDICATE_HUB,6
WTH_01654,TXN_00810,ATM_100,13.136631,78.114212,12000,2026-07-04 06:57:00,SYNDICATE_HUB,6
WTH_02748,TXN_01343,ATM_029,28.515359,77.383579,15000,2026-07-04 06:58:00,SYNDICATE_HUB,6
WTH_01925,TXN_00940,ATM_144,11.013157,76.96992,15000,2026-07-04 07:33:00,VICTIM_CITY,7
WTH_01926,TXN_00940,ATM_144,11.013157,76.96992,15000,2026-07-04 07:36:00,VICTIM_CITY,7
WTH_05526,TXN_02697,ATM_116,14.427993,79.990829,13500,2026-07-04 07:50:00,SYNDICATE_HUB,7
WTH_01655,TXN_00811,ATM_106,13.144834,78.150669,15000,2026-07-04 08:02:00,SYNDICATE_HUB,8
WTH_01656,TXN_00811,ATM_106,13.144834,78.150669,2500,2026-07-04 08:13:00,SYNDICATE_HUB,8
WTH_01347,TXN_00651,ATM_047,28.094959,76.988447,15000,2026-07-04 08:26:00,SYNDICATE_HUB,8
WTH_01348,TXN_00651,ATM_047,28.094959,76.988447,1500,2026-07-04 08:31:00,SYNDICATE_HUB,8
WTH_01927,TXN_00941,ATM_145,11.023544,76.940855,14500,2026-07-04 08:47:00,VICTIM_CITY,8
WTH_01349,TXN_00651,ATM_047,28.094959,76.988447,11000,2026-07-04 08:48:00,SYNDICATE_HUB,8
WTH_01350,TXN_00652,ATM_012,28.461121,76.992406,10500,2026-07-04 09:25:00,SYNDICATE_HUB,9
WTH_01351,TXN_00652,ATM_012,28.461121,76.992406,9500,2026-07-04 09:37:00,SYNDICATE_HUB,9
WTH_03314,TXN_01610,ATM_108,13.130656,78.144644,15000,2026-07-04 09:56:00,VICTIM_CITY,9
WTH_03315,TXN_01610,ATM_108,13.130656,78.144644,15000,2026-07-04 10:01:00,VICTIM_CITY,10
WTH_03316,TXN_01610,ATM_108,13.130656,78.144644,15000,2026-07-04 10:04:00,VICTIM_CITY,10
WTH_02749,TXN_01344,ATM_112,14.456325,79.954246,13500,2026-07-04 10:12:00,SYNDICATE_HUB,10
WTH_03317,TXN_01611,ATM_012,28.461121,76.992406,10500,2026-07-04 10:28:00,SYNDICATE_HUB,10
WTH_03318,TXN_01611,ATM_012,28.461121,76.992406,8500,2026-07-04 10:37:00,SYNDICATE_HUB,10
WTH_01657,TXN_00812,ATM_009,28.435192,77.034142,15000,2026-07-04 10:52:00,VICTIM_CITY,10
WTH_01928,TXN_00942,ATM_011,28.494676,77.021181,4500,2026-07-04 11:10:00,SYNDICATE_HUB,11
WTH_02750,TXN_01345,ATM_022,28.532724,77.383774,15000,2026-07-04 11:13:00,VICTIM_CITY,11
WTH_01929,TXN_00942,ATM_011,28.494676,77.021181,1500,2026-07-04 11:16:00,SYNDICATE_HUB,11
WTH_02751,TXN_01345,ATM_022,28.532724,77.383774,9000,2026-07-04 11:17:00,VICTIM_CITY,11
WTH_01930,TXN_00942,ATM_011,28.494676,77.021181,15000,2026-07-04 11:20:00,SYNDICATE_HUB,11
WTH_01352,TXN_00653,ATM_040,23.963968,86.771099,10000,2026-07-04 11:33:00,SYNDICATE_HUB,11
WTH_02752,TXN_01346,ATM_048,28.101158,76.96573,13000,2026-07-04 12:14:00,SYNDICATE_HUB,12
WTH_01353,TXN_00654,ATM_047,28.094959,76.988447,15000,2026-07-04 12:16:00,SYNDICATE_HUB,12
WTH_02753,TXN_01346,ATM_048,28.101158,76.96573,11500,2026-07-04 12:17:00,SYNDICATE_HUB,12
WTH_01354,TXN_00654,ATM_047,28.094959,76.988447,1000,2026-07-04 12:24:00,SYNDICATE_HUB,12
WTH_03319,TXN_01612,ATM_029,28.515359,77.383579,12500,2026-07-04 12:31:00,SYNDICATE_HUB,12
WTH_01355,TXN_00654,ATM_047,28.094959,76.988447,15000,2026-07-04 12:34:00,SYNDICATE_HUB,12
WTH_01356,TXN_00655,ATM_014,28.431876,77.035617,8500,2026-07-04 12:58:00,SYNDICATE_HUB,12
WTH_01931,TXN_00943,ATM_144,11.013157,76.96992,9500,2026-07-04 12:58:00,VICTIM_CITY,12
WTH_01932,TXN_00943,ATM_144,11.013157,76.96992,13500,2026-07-04 13:03:00,VICTIM_CITY,13
WTH_01357,TXN_00655,ATM_014,28.431876,77.035617,10000,2026-07-04 13:07:00,SYNDICATE_HUB,13
WTH_01358,TXN_00656,ATM_012,28.461121,76.992406,14000,2026-07-04 13:49:00,SYNDICATE_HUB,13
WTH_01359,TXN_00656,ATM_012,28.461121,76.992406,15000,2026-07-04 13:58:00,SYNDICATE_HUB,13
WTH_03320,TXN_01613,ATM_085,17.377148,78.46258,15000,2026-07-04 14:49:00,SYNDICATE_HUB,14
WTH_03442,TXN_01674,ATM_079,17.444705,78.501863,10500,2026-07-04 14:50:00,SYNDICATE_HUB,14
WTH_03321,TXN_01613,ATM_085,17.377148,78.46258,6500,2026-07-04 14:58:00,SYNDICATE_HUB,14
WTH_01933,TXN_00944,ATM_145,11.023544,76.940855,15000,2026-07-04 16:04:00,VICTIM_CITY,16
WTH_01934,TXN_00944,ATM_145,11.023544,76.940855,15000,2026-07-04 16:16:00,VICTIM_CITY,16
WTH_03322,TXN_01614,ATM_043,28.09283,76.984965,5000,2026-07-04 17:08:00,SYNDICATE_HUB,17
WTH_03323,TXN_01614,ATM_043,28.09283,76.984965,12500,2026-07-04 17:13:00,SYNDICATE_HUB,17
WTH_02061,TXN_01006,ATM_060,13.00817,77.618662,15000,2026-07-04 18:10:00,SYNDICATE_HUB,18
WTH_02058,TXN_01005,ATM_150,9.950709,76.282411,15000,2026-07-04 18:13:00,VICTIM_CITY,18
WTH_02059,TXN_01005,ATM_150,9.950709,76.282411,4000,2026-07-04 18:17:00,VICTIM_CITY,18
WTH_02062,TXN_01006,ATM_060,13.00817,77.618662,15000,2026-07-04 18:19:00,SYNDICATE_HUB,18
WTH_02060,TXN_01005,ATM_150,9.950709,76.282411,1000,2026-07-04 18:27:00,VICTIM_CITY,18
WTH_01935,TXN_00945,ATM_069,12.946536,77.584294,4500,2026-07-04 18:51:00,SYNDICATE_HUB,18
WTH_01936,TXN_00945,ATM_069,12.946536,77.584294,15000,2026-07-04 18:55:00,SYNDICATE_HUB,18
WTH_01937,TXN_00945,ATM_069,12.946536,77.584294,10500,2026-07-04 19:03:00,SYNDICATE_HUB,19
WTH_02063,TXN_01007,ATM_076,17.393016,78.497786,15000,2026-07-04 19:42:00,SYNDICATE_HUB,19
WTH_02064,TXN_01007,ATM_076,17.393016,78.497786,3000,2026-07-04 19:53:00,SYNDICATE_HUB,19
WTH_01938,TXN_00946,ATM_051,28.080693,76.986587,13500,2026-07-04 21:12:00,SYNDICATE_HUB,21
WTH_01939,TXN_00946,ATM_051,28.080693,76.986587,15000,2026-07-04 21:24:00,SYNDICATE_HUB,21
WTH_01940,TXN_00946,ATM_051,28.080693,76.986587,1500,2026-07-04 21:24:00,SYNDICATE_HUB,21
WTH_01941,TXN_00947,ATM_082,17.422075,78.460438,6000,2026-07-04 23:58:00,SYNDICATE_HUB,23
WTH_01943,TXN_00947,ATM_082,17.422075,78.460438,4000,2026-07-05 00:08:00,SYNDICATE_HUB,0
WTH_01942,TXN_00947,ATM_082,17.422075,78.460438,15000,2026-07-05 00:09:00,SYNDICATE_HUB,0
WTH_01944,TXN_00948,ATM_088,13.090447,80.293861,1000,2026-07-05 01:21:00,SYNDICATE_HUB,1
WTH_01945,TXN_00948,ATM_088,13.090447,80.293861,15000,2026-07-05 01:26:00,SYNDICATE_HUB,1
WTH_01296,TXN_00627,ATM_115,14.428294,80.000092,12000,2026-07-05 03:02:00,SYNDICATE_HUB,3
WTH_01297,TXN_00627,ATM_115,14.428294,80.000092,6000,2026-07-05 03:14:00,SYNDICATE_HUB,3
WTH_00512,TXN_00247,ATM_081,17.35381,78.511887,8000,2026-07-05 05:02:00,SYNDICATE_HUB,5
WTH_00513,TXN_00247,ATM_081,17.35381,78.511887,15000,2026-07-05 05:14:00,SYNDICATE_HUB,5
WTH_00516,TXN_00249,ATM_111,14.488893,79.949155,15000,2026-07-05 07:45:00,VICTIM_CITY,7
WTH_00517,TXN_00249,ATM_111,14.488893,79.949155,8500,2026-07-05 07:49:00,VICTIM_CITY,7
WTH_00514,TXN_00248,ATM_079,17.444705,78.501863,13000,2026-07-05 07:51:00,SYNDICATE_HUB,7
WTH_05741,TXN_02800,ATM_045,28.098405,77.005265,15000,2026-07-05 07:54:00,SYNDICATE_HUB,7
WTH_00515,TXN_00248,ATM_079,17.444705,78.501863,4500,2026-07-05 07:57:00,SYNDICATE_HUB,7
WTH_00518,TXN_00249,ATM_111,14.488893,79.949155,7500,2026-07-05 07:59:00,VICTIM_CITY,7
WTH_05742,TXN_02800,ATM_045,28.098405,77.005265,3000,2026-07-05 08:05:00,SYNDICATE_HUB,8
WTH_00519,TXN_00250,ATM_083,17.415828,78.499909,8500,2026-07-05 09:07:00,SYNDICATE_HUB,9
WTH_02077,TXN_01014,ATM_001,28.471421,77.023282,15000,2026-07-05 09:14:00,SYNDICATE_HUB,9
WTH_00520,TXN_00250,ATM_083,17.415828,78.499909,15000,2026-07-05 09:15:00,SYNDICATE_HUB,9
WTH_00521,TXN_00250,ATM_083,17.415828,78.499909,15000,2026-07-05 09:23:00,SYNDICATE_HUB,9
WTH_00522,TXN_00251,ATM_076,17.393016,78.497786,15000,2026-07-05 09:48:00,SYNDICATE_HUB,9
WTH_00523,TXN_00251,ATM_076,17.393016,78.497786,5000,2026-07-05 09:57:00,SYNDICATE_HUB,9
WTH_00524,TXN_00251,ATM_076,17.393016,78.497786,14500,2026-07-05 10:06:00,SYNDICATE_HUB,10
WTH_02078,TXN_01015,ATM_116,14.427993,79.990829,8500,2026-07-05 10:38:00,VICTIM_CITY,10
WTH_00525,TXN_00252,ATM_020,28.503624,77.395725,15000,2026-07-05 12:58:00,SYNDICATE_HUB,12
WTH_00527,TXN_00252,ATM_020,28.503624,77.395725,13000,2026-07-05 13:04:00,SYNDICATE_HUB,13
WTH_00526,TXN_00252,ATM_020,28.503624,77.395725,14500,2026-07-05 13:08:00,SYNDICATE_HUB,13
WTH_02079,TXN_01016,ATM_094,13.095951,80.268661,15000,2026-07-05 13:37:00,SYNDICATE_HUB,13
WTH_02080,TXN_01016,ATM_094,13.095951,80.268661,13000,2026-07-05 13:41:00,SYNDICATE_HUB,13
WTH_00528,TXN_00253,ATM_085,17.377148,78.46258,11000,2026-07-05 16:00:00,SYNDICATE_HUB,16
WTH_00529,TXN_00253,ATM_085,17.377148,78.46258,14000,2026-07-05 16:09:00,SYNDICATE_HUB,16
WTH_01764,TXN_00860,ATM_044,28.127308,77.001575,13000,2026-07-05 18:46:00,SYNDICATE_HUB,18
WTH_04429,TXN_02158,ATM_058,12.965444,77.60425,15000,2026-07-05 19:31:00,SYNDICATE_HUB,19
WTH_00320,TXN_00156,ATM_102,13.153029,78.149361,15000,2026-07-05 19:50:00,SYNDICATE_HUB,19
WTH_00321,TXN_00156,ATM_102,13.153029,78.149361,3000,2026-07-05 19:54:00,SYNDICATE_HUB,19
WTH_04430,TXN_02159,ATM_067,12.937606,77.609755,10500,2026-07-05 19:56:00,VICTIM_CITY,19
WTH_04431,TXN_02159,ATM_067,12.937606,77.609755,7000,2026-07-05 20:05:00,VICTIM_CITY,20
WTH_04432,TXN_02160,ATM_093,13.076443,80.290692,15000,2026-07-05 21:46:00,SYNDICATE_HUB,21
WTH_00322,TXN_00157,ATM_114,14.443886,79.964945,15000,2026-07-05 21:53:00,SYNDICATE_HUB,21
WTH_04433,TXN_02160,ATM_093,13.076443,80.290692,15000,2026-07-05 21:55:00,SYNDICATE_HUB,21
WTH_04434,TXN_02160,ATM_093,13.076443,80.290692,1000,2026-07-05 21:56:00,SYNDICATE_HUB,21
WTH_00323,TXN_00157,ATM_114,14.443886,79.964945,15000,2026-07-05 22:02:00,SYNDICATE_HUB,22
WTH_00324,TXN_00157,ATM_114,14.443886,79.964945,15000,2026-07-05 22:15:00,SYNDICATE_HUB,22
WTH_01771,TXN_00864,ATM_013,28.446435,77.029262,9000,2026-07-05 22:29:00,SYNDICATE_HUB,22
WTH_04462,TXN_02174,ATM_104,13.143941,78.140721,1500,2026-07-06 00:02:00,VICTIM_CITY,0
WTH_01772,TXN_00865,ATM_101,13.141425,78.141473,6500,2026-07-06 00:03:00,SYNDICATE_HUB,0
WTH_04463,TXN_02174,ATM_104,13.143941,78.140721,15000,2026-07-06 00:07:00,VICTIM_CITY,0
WTH_00325,TXN_00158,ATM_125,19.139556,72.892279,15000,2026-07-06 00:12:00,VICTIM_CITY,0
WTH_01773,TXN_00865,ATM_101,13.141425,78.141473,13500,2026-07-06 00:13:00,SYNDICATE_HUB,0
WTH_00326,TXN_00158,ATM_125,19.139556,72.892279,15000,2026-07-06 00:23:00,VICTIM_CITY,0
WTH_00327,TXN_00158,ATM_125,19.139556,72.892279,11000,2026-07-06 00:34:00,VICTIM_CITY,0
WTH_05527,TXN_02698,ATM_021,28.553223,77.395113,14500,2026-07-06 01:33:00,SYNDICATE_HUB,1
WTH_05529,TXN_02698,ATM_021,28.553223,77.395113,1000,2026-07-06 01:43:00,SYNDICATE_HUB,1
WTH_05528,TXN_02698,ATM_021,28.553223,77.395113,15000,2026-07-06 01:44:00,SYNDICATE_HUB,1
WTH_05530,TXN_02699,ATM_036,23.968282,86.827509,9500,2026-07-06 02:07:00,SYNDICATE_HUB,2
WTH_00352,TXN_00171,ATM_094,13.095951,80.268661,8000,2026-07-06 03:16:00,SYNDICATE_HUB,3
WTH_00353,TXN_00171,ATM_094,13.095951,80.268661,15000,2026-07-06 03:20:00,SYNDICATE_HUB,3
WTH_02425,TXN_01184,ATM_037,23.961927,86.827934,10500,2026-07-06 03:51:00,SYNDICATE_HUB,3
WTH_00354,TXN_00172,ATM_011,28.494676,77.021181,15000,2026-07-06 03:52:00,SYNDICATE_HUB,3
WTH_00355,TXN_00172,ATM_011,28.494676,77.021181,15000,2026-07-06 04:03:00,SYNDICATE_HUB,4
WTH_00356,TXN_00173,ATM_078,17.394378,78.463841,15000,2026-07-06 04:45:00,SYNDICATE_HUB,4
WTH_00357,TXN_00174,ATM_142,22.617008,88.329241,15000,2026-07-06 05:00:00,VICTIM_CITY,5
WTH_05531,TXN_02700,ATM_049,28.114922,77.000221,11500,2026-07-06 05:04:00,SYNDICATE_HUB,5
WTH_00358,TXN_00174,ATM_142,22.617008,88.329241,15000,2026-07-06 05:06:00,VICTIM_CITY,5
WTH_05532,TXN_02700,ATM_049,28.114922,77.000221,10500,2026-07-06 05:10:00,SYNDICATE_HUB,5
WTH_00359,TXN_00174,ATM_142,22.617008,88.329241,13500,2026-07-06 05:22:00,VICTIM_CITY,5
WTH_04277,TXN_02088,ATM_093,13.076443,80.290692,13500,2026-07-06 05:44:00,SYNDICATE_HUB,5
WTH_04278,TXN_02088,ATM_093,13.076443,80.290692,15000,2026-07-06 05:55:00,SYNDICATE_HUB,5
WTH_04279,TXN_02088,ATM_093,13.076443,80.290692,15000,2026-07-06 06:08:00,SYNDICATE_HUB,6
WTH_02426,TXN_01185,ATM_031,23.954833,86.799929,15000,2026-07-06 06:21:00,SYNDICATE_HUB,6
WTH_02429,TXN_01186,ATM_007,28.465307,76.980681,13500,2026-07-06 06:23:00,SYNDICATE_HUB,6
WTH_02430,TXN_01186,ATM_007,28.465307,76.980681,15000,2026-07-06 06:31:00,SYNDICATE_HUB,6
WTH_02427,TXN_01185,ATM_031,23.954833,86.799929,13500,2026-07-06 06:32:00,SYNDICATE_HUB,6
WTH_02428,TXN_01185,ATM_031,23.954833,86.799929,15000,2026-07-06 06:35:00,SYNDICATE_HUB,6
WTH_05533,TXN_02701,ATM_115,14.428294,80.000092,4000,2026-07-06 06:44:00,VICTIM_CITY,6
WTH_00035,TXN_00017,ATM_097,13.088695,80.235819,12500,2026-07-06 06:51:00,SYNDICATE_HUB,6
WTH_05534,TXN_02701,ATM_115,14.428294,80.000092,15000,2026-07-06 06:55:00,VICTIM_CITY,6
WTH_05536,TXN_02703,ATM_112,14.456325,79.954246,13000,2026-07-06 07:07:00,VICTIM_CITY,7
WTH_05537,TXN_02703,ATM_112,14.456325,79.954246,15000,2026-07-06 07:14:00,VICTIM_CITY,7
WTH_05535,TXN_02702,ATM_114,14.443886,79.964945,14500,2026-07-06 07:30:00,VICTIM_CITY,7
WTH_01091,TXN_00526,ATM_045,28.098405,77.005265,15000,2026-07-06 07:33:00,VICTIM_CITY,7
WTH_01092,TXN_00526,ATM_045,28.098405,77.005265,15000,2026-07-06 07:41:00,VICTIM_CITY,7
WTH_00036,TXN_00018,ATM_098,13.087549,80.281489,15000,2026-07-06 08:13:00,SYNDICATE_HUB,8
WTH_00037,TXN_00018,ATM_098,13.087549,80.281489,15000,2026-07-06 08:17:00,SYNDICATE_HUB,8
WTH_02431,TXN_01187,ATM_074,17.345418,78.444445,15000,2026-07-06 08:27:00,SYNDICATE_HUB,8
WTH_00038,TXN_00018,ATM_098,13.087549,80.281489,6000,2026-07-06 08:33:00,SYNDICATE_HUB,8
WTH_02432,TXN_01187,ATM_074,17.345418,78.444445,15000,2026-07-06 08:34:00,SYNDICATE_HUB,8
WTH_04280,TXN_02089,ATM_033,23.9755,86.8246,3500,2026-07-06 08:36:00,SYNDICATE_HUB,8
WTH_04281,TXN_02089,ATM_033,23.9755,86.8246,15000,2026-07-06 08:42:00,SYNDICATE_HUB,8
WTH_04282,TXN_02089,ATM_033,23.9755,86.8246,15000,2026-07-06 09:00:00,SYNDICATE_HUB,9
WTH_05538,TXN_02704,ATM_009,28.435192,77.034142,8500,2026-07-06 09:03:00,SYNDICATE_HUB,9
WTH_00039,TXN_00019,ATM_058,12.965444,77.60425,15000,2026-07-06 09:23:00,SYNDICATE_HUB,9
WTH_00040,TXN_00019,ATM_058,12.965444,77.60425,13000,2026-07-06 09:29:00,SYNDICATE_HUB,9
WTH_00041,TXN_00019,ATM_058,12.965444,77.60425,15000,2026-07-06 09:31:00,SYNDICATE_HUB,9
WTH_02433,TXN_01188,ATM_108,13.130656,78.144644,4500,2026-07-06 10:01:00,SYNDICATE_HUB,10
WTH_02434,TXN_01188,ATM_108,13.130656,78.144644,11000,2026-07-06 10:05:00,SYNDICATE_HUB,10
WTH_00042,TXN_00020,ATM_119,14.402097,79.990229,15000,2026-07-06 10:06:00,VICTIM_CITY,10
WTH_01093,TXN_00527,ATM_118,14.485479,79.999178,15000,2026-07-06 10:06:00,SYNDICATE_HUB,10
WTH_01094,TXN_00527,ATM_118,14.485479,79.999178,15000,2026-07-06 10:11:00,SYNDICATE_HUB,10
WTH_04283,TXN_02090,ATM_063,12.990379,77.664695,3000,2026-07-06 10:13:00,SYNDICATE_HUB,10
WTH_01095,TXN_00527,ATM_118,14.485479,79.999178,6500,2026-07-06 10:16:00,SYNDICATE_HUB,10
WTH_00043,TXN_00020,ATM_119,14.402097,79.990229,1000,2026-07-06 10:17:00,VICTIM_CITY,10
WTH_04284,TXN_02090,ATM_063,12.990379,77.664695,15000,2026-07-06 10:21:00,SYNDICATE_HUB,10
WTH_04285,TXN_02090,ATM_063,12.990379,77.664695,15000,2026-07-06 10:29:00,SYNDICATE_HUB,10
WTH_05539,TXN_02705,ATM_119,14.402097,79.990229,9500,2026-07-06 10:43:00,SYNDICATE_HUB,10
WTH_05540,TXN_02705,ATM_119,14.402097,79.990229,15000,2026-07-06 10:54:00,SYNDICATE_HUB,10
WTH_01096,TXN_00528,ATM_051,28.080693,76.986587,14000,2026-07-06 10:55:00,VICTIM_CITY,10
WTH_02435,TXN_01189,ATM_020,28.503624,77.395725,15000,2026-07-06 11:14:00,SYNDICATE_HUB,11
WTH_02436,TXN_01189,ATM_020,28.503624,77.395725,8000,2026-07-06 11:24:00,SYNDICATE_HUB,11
WTH_02437,TXN_01189,ATM_020,28.503624,77.395725,10000,2026-07-06 11:24:00,SYNDICATE_HUB,11
WTH_04286,TXN_02091,ATM_072,17.333561,78.492608,12500,2026-07-06 11:28:00,SYNDICATE_HUB,11
WTH_00044,TXN_00021,ATM_082,17.422075,78.460438,9000,2026-07-06 12:08:00,SYNDICATE_HUB,12
WTH_04287,TXN_02092,ATM_070,12.997633,77.555212,15000,2026-07-06 12:26:00,SYNDICATE_HUB,12
WTH_04288,TXN_02093,ATM_025,28.543747,77.348687,15000,2026-07-06 12:51:00,SYNDICATE_HUB,12
WTH_04289,TXN_02093,ATM_025,28.543747,77.348687,5000,2026-07-06 13:01:00,SYNDICATE_HUB,13
WTH_02438,TXN_01190,ATM_047,28.094959,76.988447,15000,2026-07-06 13:16:00,SYNDICATE_HUB,13
WTH_05543,TXN_02707,ATM_023,28.500015,77.373724,15000,2026-07-06 13:23:00,SYNDICATE_HUB,13
WTH_02440,TXN_01190,ATM_047,28.094959,76.988447,15000,2026-07-06 13:26:00,SYNDICATE_HUB,13
WTH_02439,TXN_01190,ATM_047,28.094959,76.988447,13000,2026-07-06 13:28:00,SYNDICATE_HUB,13
WTH_05541,TXN_02706,ATM_119,14.402097,79.990229,15000,2026-07-06 13:30:00,VICTIM_CITY,13
WTH_05544,TXN_02707,ATM_023,28.500015,77.373724,1500,2026-07-06 13:35:00,SYNDICATE_HUB,13
WTH_05542,TXN_02706,ATM_119,14.402097,79.990229,15000,2026-07-06 13:37:00,VICTIM_CITY,13
WTH_00045,TXN_00022,ATM_042,23.986146,86.794608,9000,2026-07-06 14:27:00,SYNDICATE_HUB,14
WTH_04290,TXN_02094,ATM_145,11.023544,76.940855,1000,2026-07-06 14:27:00,VICTIM_CITY,14
WTH_04291,TXN_02094,ATM_145,11.023544,76.940855,15000,2026-07-06 14:38:00,VICTIM_CITY,14
WTH_04292,TXN_02094,ATM_145,11.023544,76.940855,15000,2026-07-06 14:41:00,VICTIM_CITY,14
WTH_04293,TXN_02095,ATM_045,28.098405,77.005265,15000,2026-07-06 14:49:00,SYNDICATE_HUB,14
WTH_04294,TXN_02095,ATM_045,28.098405,77.005265,15000,2026-07-06 14:57:00,SYNDICATE_HUB,14
WTH_04295,TXN_02095,ATM_045,28.098405,77.005265,15000,2026-07-06 14:57:00,SYNDICATE_HUB,14
WTH_05545,TXN_02708,ATM_014,28.431876,77.035617,15000,2026-07-06 15:06:00,SYNDICATE_HUB,15
WTH_05546,TXN_02708,ATM_014,28.431876,77.035617,15000,2026-07-06 15:16:00,SYNDICATE_HUB,15
WTH_05547,TXN_02708,ATM_014,28.431876,77.035617,3500,2026-07-06 15:22:00,SYNDICATE_HUB,15
WTH_02441,TXN_01191,ATM_147,11.002655,76.97619,12500,2026-07-06 15:26:00,VICTIM_CITY,15
WTH_02442,TXN_01191,ATM_147,11.002655,76.97619,12000,2026-07-06 15:33:00,VICTIM_CITY,15
WTH_04296,TXN_02096,ATM_094,13.095951,80.268661,6500,2026-07-06 15:35:00,SYNDICATE_HUB,15
WTH_04297,TXN_02096,ATM_094,13.095951,80.268661,15000,2026-07-06 15:40:00,SYNDICATE_HUB,15
WTH_02443,TXN_01191,ATM_147,11.002655,76.97619,15000,2026-07-06 15:48:00,VICTIM_CITY,15
WTH_05548,TXN_02709,ATM_118,14.485479,79.999178,10500,2026-07-06 16:27:00,VICTIM_CITY,16
WTH_00857,TXN_00416,ATM_067,12.937606,77.609755,11000,2026-07-06 16:29:00,VICTIM_CITY,16
WTH_05549,TXN_02709,ATM_118,14.485479,79.999178,10500,2026-07-06 16:38:00,VICTIM_CITY,16
WTH_00046,TXN_00023,ATM_041,23.958985,86.808614,12500,2026-07-06 16:43:00,SYNDICATE_HUB,16
WTH_01970,TXN_00960,ATM_067,12.937606,77.609755,9500,2026-07-06 16:57:00,SYNDICATE_HUB,16
WTH_01971,TXN_00961,ATM_042,23.986146,86.794608,15000,2026-07-06 17:02:00,VICTIM_CITY,17
WTH_00047,TXN_00024,ATM_057,12.973527,77.673424,15000,2026-07-06 17:09:00,SYNDICATE_HUB,17
WTH_00858,TXN_00417,ATM_013,28.446435,77.029262,13500,2026-07-06 17:43:00,SYNDICATE_HUB,17
WTH_01972,TXN_00962,ATM_022,28.532724,77.383774,3500,2026-07-06 18:11:00,SYNDICATE_HUB,18
WTH_01973,TXN_00962,ATM_022,28.532724,77.383774,8500,2026-07-06 18:23:00,SYNDICATE_HUB,18
WTH_01974,TXN_00962,ATM_022,28.532724,77.383774,15000,2026-07-06 18:33:00,SYNDICATE_HUB,18
WTH_04298,TXN_02097,ATM_036,23.968282,86.827509,9000,2026-07-06 18:41:00,SYNDICATE_HUB,18
WTH_00859,TXN_00418,ATM_018,28.555241,77.3617,8000,2026-07-06 19:11:00,SYNDICATE_HUB,19
WTH_00861,TXN_00419,ATM_042,23.986146,86.794608,15000,2026-07-06 19:18:00,SYNDICATE_HUB,19
WTH_00860,TXN_00418,ATM_018,28.555241,77.3617,15000,2026-07-06 19:21:00,SYNDICATE_HUB,19
WTH_00862,TXN_00419,ATM_042,23.986146,86.794608,15000,2026-07-06 19:26:00,SYNDICATE_HUB,19
WTH_00863,TXN_00419,ATM_042,23.986146,86.794608,15000,2026-07-06 19:28:00,SYNDICATE_HUB,19
WTH_05550,TXN_02710,ATM_028,28.560244,77.413351,15000,2026-07-06 19:32:00,SYNDICATE_HUB,19
WTH_05551,TXN_02710,ATM_028,28.560244,77.413351,15000,2026-07-06 19:38:00,SYNDICATE_HUB,19
WTH_04304,TXN_02100,ATM_068,12.942178,77.644198,4500,2026-07-06 19:57:00,SYNDICATE_HUB,19
WTH_02261,TXN_01105,ATM_074,17.345418,78.444445,4000,2026-07-06 19:59:00,SYNDICATE_HUB,19
WTH_04299,TXN_02098,ATM_118,14.485479,79.999178,15000,2026-07-06 20:02:00,SYNDICATE_HUB,20
WTH_02262,TXN_01105,ATM_074,17.345418,78.444445,13000,2026-07-06 20:07:00,SYNDICATE_HUB,20
WTH_04305,TXN_02100,ATM_068,12.942178,77.644198,15000,2026-07-06 20:07:00,SYNDICATE_HUB,20
WTH_04306,TXN_02100,ATM_068,12.942178,77.644198,13000,2026-07-06 20:07:00,SYNDICATE_HUB,20
WTH_04300,TXN_02098,ATM_118,14.485479,79.999178,7500,2026-07-06 20:10:00,SYNDICATE_HUB,20
WTH_02263,TXN_01106,ATM_091,13.100219,80.2467,1000,2026-07-06 20:13:00,VICTIM_CITY,20
WTH_04301,TXN_02098,ATM_118,14.485479,79.999178,15000,2026-07-06 20:20:00,SYNDICATE_HUB,20
WTH_02264,TXN_01106,ATM_091,13.100219,80.2467,15000,2026-07-06 20:21:00,VICTIM_CITY,20
WTH_04302,TXN_02099,ATM_021,28.553223,77.395113,15000,2026-07-06 20:24:00,SYNDICATE_HUB,20
WTH_04303,TXN_02099,ATM_021,28.553223,77.395113,2000,2026-07-06 20:31:00,SYNDICATE_HUB,20
WTH_00864,TXN_00420,ATM_001,28.471421,77.023282,15000,2026-07-06 20:32:00,SYNDICATE_HUB,20
WTH_00865,TXN_00420,ATM_001,28.471421,77.023282,12000,2026-07-06 20:44:00,SYNDICATE_HUB,20
WTH_01264,TXN_00610,ATM_052,28.102146,76.978954,15000,2026-07-06 21:17:00,SYNDICATE_HUB,21
WTH_05552,TXN_02711,ATM_083,17.415828,78.499909,15000,2026-07-06 21:31:00,SYNDICATE_HUB,21
WTH_05553,TXN_02712,ATM_117,14.443511,79.973468,15000,2026-07-06 21:35:00,VICTIM_CITY,21
WTH_05554,TXN_02712,ATM_117,14.443511,79.973468,15000,2026-07-06 21:39:00,VICTIM_CITY,21
WTH_01978,TXN_00964,ATM_100,13.136631,78.114212,13000,2026-07-06 21:43:00,SYNDICATE_HUB,21
WTH_04309,TXN_02102,ATM_105,13.143941,78.194144,15000,2026-07-06 21:55:00,SYNDICATE_HUB,21
WTH_01975,TXN_00963,ATM_033,23.9755,86.8246,15000,2026-07-06 21:57:00,VICTIM_CITY,21
WTH_01976,TXN_00963,ATM_033,23.9755,86.8246,15000,2026-07-06 22:03:00,VICTIM_CITY,22
WTH_04310,TXN_02102,ATM_105,13.143941,78.194144,15000,2026-07-06 22:03:00,SYNDICATE_HUB,22
WTH_04311,TXN_02102,ATM_105,13.143941,78.194144,15000,2026-07-06 22:09:00,SYNDICATE_HUB,22
WTH_03350,TXN_01629,ATM_066,12.921979,77.596794,9500,2026-07-06 22:13:00,SYNDICATE_HUB,22
WTH_01977,TXN_00963,ATM_033,23.9755,86.8246,9000,2026-07-06 22:17:00,VICTIM_CITY,22
WTH_01265,TXN_00611,ATM_116,14.427993,79.990829,1500,2026-07-06 22:23:00,VICTIM_CITY,22
WTH_01266,TXN_00611,ATM_116,14.427993,79.990829,15000,2026-07-06 22:26:00,VICTIM_CITY,22
WTH_03351,TXN_01630,ATM_121,19.047469,72.873569,12000,2026-07-06 22:32:00,VICTIM_CITY,22
WTH_03352,TXN_01630,ATM_121,19.047469,72.873569,15000,2026-07-06 22:36:00,VICTIM_CITY,22
WTH_01979,TXN_00965,ATM_094,13.095951,80.268661,15000,2026-07-06 22:43:00,SYNDICATE_HUB,22
WTH_04307,TXN_02101,ATM_147,11.002655,76.97619,15000,2026-07-06 22:44:00,VICTIM_CITY,22
WTH_01980,TXN_00965,ATM_094,13.095951,80.268661,15000,2026-07-06 22:46:00,SYNDICATE_HUB,22
WTH_04308,TXN_02101,ATM_147,11.002655,76.97619,15000,2026-07-06 22:47:00,VICTIM_CITY,22
WTH_01981,TXN_00965,ATM_094,13.095951,80.268661,15000,2026-07-06 22:49:00,SYNDICATE_HUB,22
WTH_02265,TXN_01107,ATM_023,28.500015,77.373724,3500,2026-07-06 23:01:00,SYNDICATE_HUB,23
WTH_02266,TXN_01107,ATM_023,28.500015,77.373724,15000,2026-07-06 23:11:00,SYNDICATE_HUB,23
WTH_05555,TXN_02713,ATM_111,14.488893,79.949155,15000,2026-07-06 23:20:00,VICTIM_CITY,23
WTH_05557,TXN_02713,ATM_111,14.488893,79.949155,15000,2026-07-06 23:26:00,VICTIM_CITY,23
WTH_05556,TXN_02713,ATM_111,14.488893,79.949155,5000,2026-07-06 23:27:00,VICTIM_CITY,23
WTH_00866,TXN_00421,ATM_050,28.109102,76.990308,4000,2026-07-07 00:30:00,SYNDICATE_HUB,0
WTH_00871,TXN_00423,ATM_043,28.09283,76.984965,13000,2026-07-07 00:37:00,SYNDICATE_HUB,0
WTH_00867,TXN_00421,ATM_050,28.109102,76.990308,13000,2026-07-07 00:42:00,SYNDICATE_HUB,0
WTH_00872,TXN_00423,ATM_043,28.09283,76.984965,15000,2026-07-07 00:46:00,SYNDICATE_HUB,0
WTH_00868,TXN_00422,ATM_069,12.946536,77.584294,14000,2026-07-07 01:00:00,VICTIM_CITY,1
WTH_00870,TXN_00422,ATM_069,12.946536,77.584294,15000,2026-07-07 01:10:00,VICTIM_CITY,1
WTH_00869,TXN_00422,ATM_069,12.946536,77.584294,15000,2026-07-07 01:11:00,VICTIM_CITY,1
WTH_00730,TXN_00350,ATM_062,13.016489,77.549741,15000,2026-07-07 02:07:00,SYNDICATE_HUB,2
WTH_00731,TXN_00350,ATM_062,13.016489,77.549741,6500,2026-07-07 02:11:00,SYNDICATE_HUB,2
WTH_00873,TXN_00424,ATM_075,17.401702,78.496204,15000,2026-07-07 02:11:00,SYNDICATE_HUB,2
WTH_00732,TXN_00350,ATM_062,13.016489,77.549741,8000,2026-07-07 02:15:00,SYNDICATE_HUB,2
WTH_00874,TXN_00424,ATM_075,17.401702,78.496204,4000,2026-07-07 02:16:00,SYNDICATE_HUB,2
WTH_00728,TXN_00349,ATM_042,23.986146,86.794608,3500,2026-07-07 02:19:00,SYNDICATE_HUB,2
WTH_00729,TXN_00349,ATM_042,23.986146,86.794608,15000,2026-07-07 02:31:00,SYNDICATE_HUB,2
WTH_00875,TXN_00425,ATM_074,17.345418,78.444445,2500,2026-07-07 02:31:00,SYNDICATE_HUB,2
WTH_00876,TXN_00425,ATM_074,17.345418,78.444445,15000,2026-07-07 02:40:00,SYNDICATE_HUB,2
WTH_00877,TXN_00426,ATM_063,12.990379,77.664695,9000,2026-07-07 04:04:00,VICTIM_CITY,4
WTH_02204,TXN_01077,ATM_081,17.35381,78.511887,11000,2026-07-07 04:26:00,VICTIM_CITY,4
WTH_02205,TXN_01077,ATM_081,17.35381,78.511887,4500,2026-07-07 04:34:00,VICTIM_CITY,4
WTH_00733,TXN_00351,ATM_049,28.114922,77.000221,14000,2026-07-07 05:15:00,SYNDICATE_HUB,5
WTH_00734,TXN_00351,ATM_049,28.114922,77.000221,15000,2026-07-07 05:21:00,SYNDICATE_HUB,5
WTH_00735,TXN_00352,ATM_023,28.500015,77.373724,15000,2026-07-07 05:29:00,SYNDICATE_HUB,5
WTH_05706,TXN_02780,ATM_018,28.555241,77.3617,15000,2026-07-07 06:05:00,VICTIM_CITY,6
WTH_05707,TXN_02780,ATM_018,28.555241,77.3617,8500,2026-07-07 06:16:00,VICTIM_CITY,6
WTH_00360,TXN_00175,ATM_011,28.494676,77.021181,13000,2026-07-07 06:23:00,SYNDICATE_HUB,6
WTH_05708,TXN_02781,ATM_022,28.532724,77.383774,8000,2026-07-07 07:11:00,SYNDICATE_HUB,7
WTH_02219,TXN_01084,ATM_106,13.144834,78.150669,15000,2026-07-07 07:16:00,VICTIM_CITY,7
WTH_05709,TXN_02781,ATM_022,28.532724,77.383774,9500,2026-07-07 07:22:00,SYNDICATE_HUB,7
WTH_02218,TXN_01083,ATM_038,23.920584,86.81605,10500,2026-07-07 07:30:00,SYNDICATE_HUB,7
WTH_00736,TXN_00353,ATM_117,14.443511,79.973468,9500,2026-07-07 07:42:00,SYNDICATE_HUB,7
WTH_02206,TXN_01078,ATM_023,28.500015,77.373724,15000,2026-07-07 07:46:00,SYNDICATE_HUB,7
WTH_02207,TXN_01078,ATM_023,28.500015,77.373724,15000,2026-07-07 07:54:00,SYNDICATE_HUB,7
WTH_02208,TXN_01078,ATM_023,28.500015,77.373724,15000,2026-07-07 08:08:00,SYNDICATE_HUB,8
WTH_00737,TXN_00354,ATM_091,13.100219,80.2467,15000,2026-07-07 08:21:00,VICTIM_CITY,8
WTH_00363,TXN_00177,ATM_124,19.058902,72.85418,8500,2026-07-07 08:23:00,VICTIM_CITY,8
WTH_00738,TXN_00354,ATM_091,13.100219,80.2467,2000,2026-07-07 08:27:00,VICTIM_CITY,8
WTH_01045,TXN_00504,ATM_074,17.345418,78.444445,13000,2026-07-07 08:30:00,SYNDICATE_HUB,8
WTH_00361,TXN_00176,ATM_130,19.091977,72.905587,2500,2026-07-07 08:42:00,VICTIM_CITY,8
WTH_01046,TXN_00505,ATM_129,19.121609,72.852224,1000,2026-07-07 08:50:00,VICTIM_CITY,8
WTH_02220,TXN_01085,ATM_062,13.016489,77.549741,15000,2026-07-07 08:53:00,SYNDICATE_HUB,8
WTH_00362,TXN_00176,ATM_130,19.091977,72.905587,13000,2026-07-07 08:54:00,VICTIM_CITY,8
WTH_01047,TXN_00505,ATM_129,19.121609,72.852224,4500,2026-07-07 08:57:00,VICTIM_CITY,8
WTH_05710,TXN_02782,ATM_021,28.553223,77.395113,13500,2026-07-07 08:58:00,VICTIM_CITY,8
WTH_02221,TXN_01085,ATM_062,13.016489,77.549741,1000,2026-07-07 09:04:00,SYNDICATE_HUB,9
WTH_01048,TXN_00505,ATM_129,19.121609,72.852224,15000,2026-07-07 09:08:00,VICTIM_CITY,9
WTH_00739,TXN_00355,ATM_046,28.110942,77.014373,15000,2026-07-07 09:12:00,SYNDICATE_HUB,9
WTH_02222,TXN_01085,ATM_062,13.016489,77.549741,3000,2026-07-07 09:15:00,SYNDICATE_HUB,9
WTH_00740,TXN_00355,ATM_046,28.110942,77.014373,15000,2026-07-07 09:22:00,SYNDICATE_HUB,9
WTH_02209,TXN_01079,ATM_028,28.560244,77.413351,15000,2026-07-07 09:26:00,SYNDICATE_HUB,9
WTH_02210,TXN_01079,ATM_028,28.560244,77.413351,1000,2026-07-07 09:31:00,SYNDICATE_HUB,9
WTH_00741,TXN_00355,ATM_046,28.110942,77.014373,12000,2026-07-07 09:36:00,SYNDICATE_HUB,9
WTH_05711,TXN_02783,ATM_022,28.532724,77.383774,10500,2026-07-07 09:49:00,SYNDICATE_HUB,9
WTH_02211,TXN_01079,ATM_028,28.560244,77.413351,15000,2026-07-07 09:50:00,SYNDICATE_HUB,9
WTH_02223,TXN_01086,ATM_101,13.141425,78.141473,4500,2026-07-07 10:04:00,VICTIM_CITY,10
WTH_02225,TXN_01087,ATM_050,28.109102,76.990308,15000,2026-07-07 10:10:00,SYNDICATE_HUB,10
WTH_02224,TXN_01086,ATM_101,13.141425,78.141473,15000,2026-07-07 10:12:00,VICTIM_CITY,10
WTH_02226,TXN_01087,ATM_050,28.109102,76.990308,2500,2026-07-07 10:13:00,SYNDICATE_HUB,10
WTH_00742,TXN_00356,ATM_098,13.087549,80.281489,15000,2026-07-07 10:18:00,VICTIM_CITY,10
WTH_02227,TXN_01087,ATM_050,28.109102,76.990308,11500,2026-07-07 10:18:00,SYNDICATE_HUB,10
WTH_00364,TXN_00178,ATM_129,19.121609,72.852224,14500,2026-07-07 10:25:00,VICTIM_CITY,10
WTH_00365,TXN_00178,ATM_129,19.121609,72.852224,15000,2026-07-07 10:31:00,VICTIM_CITY,10
WTH_00743,TXN_00357,ATM_088,13.090447,80.293861,15000,2026-07-07 11:02:00,SYNDICATE_HUB,11
WTH_00744,TXN_00357,ATM_088,13.090447,80.293861,2500,2026-07-07 11:05:00,SYNDICATE_HUB,11
WTH_01049,TXN_00506,ATM_099,13.057952,80.275004,15000,2026-07-07 11:23:00,SYNDICATE_HUB,11
WTH_00745,TXN_00357,ATM_088,13.090447,80.293861,15000,2026-07-07 11:26:00,SYNDICATE_HUB,11
WTH_02212,TXN_01080,ATM_036,23.968282,86.827509,5500,2026-07-07 11:27:00,SYNDICATE_HUB,11
WTH_01051,TXN_00506,ATM_099,13.057952,80.275004,4500,2026-07-07 11:29:00,SYNDICATE_HUB,11
WTH_01050,TXN_00506,ATM_099,13.057952,80.275004,13500,2026-07-07 11:31:00,SYNDICATE_HUB,11
WTH_02213,TXN_01080,ATM_036,23.968282,86.827509,15000,2026-07-07 11:35:00,SYNDICATE_HUB,11
WTH_02214,TXN_01080,ATM_036,23.968282,86.827509,5500,2026-07-07 11:39:00,SYNDICATE_HUB,11
WTH_00366,TXN_00179,ATM_055,12.979842,77.592218,15000,2026-07-07 11:45:00,SYNDICATE_HUB,11
WTH_05712,TXN_02784,ATM_032,23.944799,86.783761,15000,2026-07-07 11:46:00,SYNDICATE_HUB,11
WTH_05713,TXN_02784,ATM_032,23.944799,86.783761,5500,2026-07-07 11:51:00,SYNDICATE_HUB,11
WTH_00367,TXN_00179,ATM_055,12.979842,77.592218,2500,2026-07-07 11:55:00,SYNDICATE_HUB,11
WTH_01052,TXN_00507,ATM_105,13.143941,78.194144,15000,2026-07-07 11:56:00,SYNDICATE_HUB,11
WTH_01053,TXN_00507,ATM_105,13.143941,78.194144,15000,2026-07-07 12:02:00,SYNDICATE_HUB,12
WTH_01054,TXN_00507,ATM_105,13.143941,78.194144,14500,2026-07-07 12:14:00,SYNDICATE_HUB,12
WTH_02215,TXN_01081,ATM_058,12.965444,77.60425,15000,2026-07-07 12:36:00,SYNDICATE_HUB,12
WTH_00368,TXN_00180,ATM_131,19.042631,72.875557,15000,2026-07-07 12:45:00,VICTIM_CITY,12
WTH_02216,TXN_01082,ATM_005,28.448233,77.039621,3500,2026-07-07 13:02:00,SYNDICATE_HUB,13
WTH_02217,TXN_01082,ATM_005,28.448233,77.039621,13000,2026-07-07 13:13:00,SYNDICATE_HUB,13
WTH_05714,TXN_02785,ATM_006,28.448378,77.015422,7000,2026-07-07 13:17:00,SYNDICATE_HUB,13
WTH_05715,TXN_02785,ATM_006,28.448378,77.015422,15000,2026-07-07 13:22:00,SYNDICATE_HUB,13
WTH_05716,TXN_02786,ATM_017,28.535176,77.365615,10000,2026-07-07 14:28:00,VICTIM_CITY,14
WTH_01055,TXN_00508,ATM_123,19.032789,72.865658,15000,2026-07-07 14:57:00,VICTIM_CITY,14
WTH_01056,TXN_00508,ATM_123,19.032789,72.865658,15000,2026-07-07 15:01:00,VICTIM_CITY,15
WTH_01057,TXN_00509,ATM_113,14.433161,80.008279,15000,2026-07-07 16:26:00,SYNDICATE_HUB,16
WTH_01058,TXN_00509,ATM_113,14.433161,80.008279,2000,2026-07-07 16:33:00,SYNDICATE_HUB,16
WTH_01059,TXN_00509,ATM_113,14.433161,80.008279,15000,2026-07-07 16:36:00,SYNDICATE_HUB,16
WTH_01060,TXN_00510,ATM_130,19.091977,72.905587,15000,2026-07-07 18:04:00,VICTIM_CITY,18
WTH_01061,TXN_00510,ATM_130,19.091977,72.905587,15000,2026-07-07 18:11:00,VICTIM_CITY,18
WTH_01063,TXN_00512,ATM_039,23.963893,86.798116,13500,2026-07-07 20:13:00,SYNDICATE_HUB,20
WTH_01062,TXN_00511,ATM_029,28.515359,77.383579,15000,2026-07-07 20:31:00,SYNDICATE_HUB,20
WTH_01064,TXN_00513,ATM_120,19.052176,72.908388,4500,2026-07-07 22:04:00,VICTIM_CITY,22
WTH_01065,TXN_00513,ATM_120,19.052176,72.908388,15000,2026-07-07 22:11:00,VICTIM_CITY,22
WTH_05281,TXN_02579,ATM_018,28.555241,77.3617,15000,2026-07-07 22:32:00,SYNDICATE_HUB,22
WTH_05282,TXN_02579,ATM_018,28.555241,77.3617,15000,2026-07-07 22:41:00,SYNDICATE_HUB,22
WTH_01066,TXN_00514,ATM_076,17.393016,78.497786,2500,2026-07-07 23:58:00,SYNDICATE_HUB,23
WTH_05283,TXN_02580,ATM_104,13.143941,78.140721,15000,2026-07-07 23:59:00,SYNDICATE_HUB,23
WTH_01067,TXN_00514,ATM_076,17.393016,78.497786,1000,2026-07-08 00:05:00,SYNDICATE_HUB,0
WTH_05284,TXN_02580,ATM_104,13.143941,78.140721,15000,2026-07-08 00:07:00,SYNDICATE_HUB,0
WTH_05285,TXN_02580,ATM_104,13.143941,78.140721,15000,2026-07-08 00:11:00,SYNDICATE_HUB,0
WTH_01068,TXN_00514,ATM_076,17.393016,78.497786,15000,2026-07-08 00:16:00,SYNDICATE_HUB,0
WTH_00449,TXN_00217,ATM_009,28.435192,77.034142,10500,2026-07-08 00:18:00,SYNDICATE_HUB,0
WTH_00450,TXN_00217,ATM_009,28.435192,77.034142,8000,2026-07-08 00:28:00,SYNDICATE_HUB,0
WTH_00451,TXN_00218,ATM_070,12.997633,77.555212,15000,2026-07-08 01:51:00,SYNDICATE_HUB,1
WTH_05286,TXN_02581,ATM_069,12.946536,77.584294,4000,2026-07-08 01:57:00,VICTIM_CITY,1
WTH_05288,TXN_02581,ATM_069,12.946536,77.584294,1000,2026-07-08 02:07:00,VICTIM_CITY,2
WTH_05287,TXN_02581,ATM_069,12.946536,77.584294,15000,2026-07-08 02:09:00,VICTIM_CITY,2
WTH_05289,TXN_02582,ATM_078,17.394378,78.463841,10000,2026-07-08 02:59:00,SYNDICATE_HUB,2
WTH_04412,TXN_02150,ATM_077,17.363239,78.494132,15000,2026-07-08 03:54:00,SYNDICATE_HUB,3
WTH_04413,TXN_02150,ATM_077,17.363239,78.494132,15000,2026-07-08 04:02:00,SYNDICATE_HUB,4
WTH_00455,TXN_00220,ATM_109,13.123335,78.128711,15000,2026-07-08 04:10:00,SYNDICATE_HUB,4
WTH_00452,TXN_00219,ATM_115,14.428294,80.000092,8500,2026-07-08 04:20:00,SYNDICATE_HUB,4
WTH_05290,TXN_02583,ATM_060,13.00817,77.618662,12000,2026-07-08 04:25:00,VICTIM_CITY,4
WTH_05291,TXN_02583,ATM_060,13.00817,77.618662,3000,2026-07-08 04:28:00,VICTIM_CITY,4
WTH_00453,TXN_00219,ATM_115,14.428294,80.000092,5500,2026-07-08 04:31:00,SYNDICATE_HUB,4
WTH_00454,TXN_00219,ATM_115,14.428294,80.000092,15000,2026-07-08 04:34:00,SYNDICATE_HUB,4
WTH_05292,TXN_02583,ATM_060,13.00817,77.618662,15000,2026-07-08 04:45:00,VICTIM_CITY,4
WTH_00456,TXN_00221,ATM_092,13.052715,80.284209,6500,2026-07-08 04:55:00,SYNDICATE_HUB,4
WTH_00457,TXN_00221,ATM_092,13.052715,80.284209,13500,2026-07-08 05:02:00,SYNDICATE_HUB,5
WTH_05293,TXN_02584,ATM_068,12.942178,77.644198,15000,2026-07-08 05:20:00,VICTIM_CITY,5
WTH_05294,TXN_02584,ATM_068,12.942178,77.644198,12500,2026-07-08 05:24:00,VICTIM_CITY,5
WTH_04414,TXN_02151,ATM_046,28.110942,77.014373,15000,2026-07-08 05:36:00,SYNDICATE_HUB,5
WTH_04415,TXN_02151,ATM_046,28.110942,77.014373,15000,2026-07-08 05:40:00,SYNDICATE_HUB,5
WTH_05295,TXN_02584,ATM_068,12.942178,77.644198,15000,2026-07-08 05:44:00,VICTIM_CITY,5
WTH_04419,TXN_02153,ATM_139,22.578174,88.347094,10500,2026-07-08 06:18:00,VICTIM_CITY,6
WTH_04420,TXN_02153,ATM_139,22.578174,88.347094,6500,2026-07-08 06:26:00,VICTIM_CITY,6
WTH_04416,TXN_02152,ATM_071,17.392279,78.528529,12500,2026-07-08 06:40:00,SYNDICATE_HUB,6
WTH_04417,TXN_02152,ATM_071,17.392279,78.528529,15000,2026-07-08 06:52:00,SYNDICATE_HUB,6
WTH_04418,TXN_02152,ATM_071,17.392279,78.528529,15000,2026-07-08 06:52:00,SYNDICATE_HUB,6
WTH_05296,TXN_02585,ATM_105,13.143941,78.194144,15000,2026-07-08 07:15:00,SYNDICATE_HUB,7
WTH_05297,TXN_02585,ATM_105,13.143941,78.194144,14000,2026-07-08 07:24:00,SYNDICATE_HUB,7
WTH_05299,TXN_02586,ATM_050,28.109102,76.990308,9000,2026-07-08 07:32:00,SYNDICATE_HUB,7
WTH_05298,TXN_02585,ATM_105,13.143941,78.194144,15000,2026-07-08 07:39:00,SYNDICATE_HUB,7
WTH_04421,TXN_02154,ATM_098,13.087549,80.281489,9000,2026-07-08 08:52:00,SYNDICATE_HUB,8
WTH_05302,TXN_02588,ATM_055,12.979842,77.592218,9500,2026-07-08 08:53:00,SYNDICATE_HUB,8
WTH_00925,TXN_00449,ATM_069,12.946536,77.584294,4500,2026-07-08 09:01:00,SYNDICATE_HUB,9
WTH_00926,TXN_00449,ATM_069,12.946536,77.584294,15000,2026-07-08 09:05:00,SYNDICATE_HUB,9
WTH_00928,TXN_00450,ATM_022,28.532724,77.383774,15000,2026-07-08 09:08:00,SYNDICATE_HUB,9
WTH_00927,TXN_00449,ATM_069,12.946536,77.584294,15000,2026-07-08 09:09:00,SYNDICATE_HUB,9
WTH_00929,TXN_00450,ATM_022,28.532724,77.383774,2000,2026-07-08 09:12:00,SYNDICATE_HUB,9
WTH_00930,TXN_00450,ATM_022,28.532724,77.383774,5500,2026-07-08 09:18:00,SYNDICATE_HUB,9
WTH_05300,TXN_02587,ATM_029,28.515359,77.383579,8000,2026-07-08 09:19:00,SYNDICATE_HUB,9
WTH_05301,TXN_02587,ATM_029,28.515359,77.383579,13000,2026-07-08 09:26:00,SYNDICATE_HUB,9
WTH_05306,TXN_02590,ATM_070,12.997633,77.555212,5500,2026-07-08 11:05:00,VICTIM_CITY,11
WTH_05303,TXN_02589,ATM_001,28.471421,77.023282,6500,2026-07-08 11:11:00,SYNDICATE_HUB,11
WTH_05307,TXN_02590,ATM_070,12.997633,77.555212,15000,2026-07-08 11:13:00,VICTIM_CITY,11
WTH_05304,TXN_02589,ATM_001,28.471421,77.023282,4000,2026-07-08 11:17:00,SYNDICATE_HUB,11
WTH_05308,TXN_02590,ATM_070,12.997633,77.555212,15000,2026-07-08 11:23:00,VICTIM_CITY,11
WTH_05305,TXN_02589,ATM_001,28.471421,77.023282,15000,2026-07-08 11:31:00,SYNDICATE_HUB,11
WTH_05309,TXN_02591,ATM_062,13.016489,77.549741,15000,2026-07-08 13:53:00,VICTIM_CITY,13
WTH_01428,TXN_00692,ATM_035,23.968286,86.792578,1000,2026-07-08 15:19:00,VICTIM_CITY,15
WTH_01429,TXN_00692,ATM_035,23.968286,86.792578,15000,2026-07-08 15:22:00,VICTIM_CITY,15
WTH_05310,TXN_02592,ATM_065,12.974789,77.578489,1000,2026-07-08 15:52:00,SYNDICATE_HUB,15
WTH_05311,TXN_02592,ATM_065,12.974789,77.578489,15000,2026-07-08 15:56:00,SYNDICATE_HUB,15
WTH_01430,TXN_00693,ATM_042,23.986146,86.794608,10000,2026-07-08 18:17:00,VICTIM_CITY,18
WTH_05312,TXN_02593,ATM_053,28.105774,77.003081,15000,2026-07-08 18:31:00,SYNDICATE_HUB,18
WTH_05313,TXN_02593,ATM_053,28.105774,77.003081,11000,2026-07-08 18:34:00,SYNDICATE_HUB,18
WTH_05314,TXN_02593,ATM_053,28.105774,77.003081,15000,2026-07-08 18:49:00,SYNDICATE_HUB,18
WTH_05315,TXN_02594,ATM_074,17.345418,78.444445,2000,2026-07-08 21:17:00,SYNDICATE_HUB,21
WTH_05316,TXN_02594,ATM_074,17.345418,78.444445,15000,2026-07-08 21:24:00,SYNDICATE_HUB,21
WTH_01431,TXN_00694,ATM_063,12.990379,77.664695,5500,2026-07-08 21:39:00,SYNDICATE_HUB,21
WTH_01432,TXN_00694,ATM_063,12.990379,77.664695,15000,2026-07-08 21:47:00,SYNDICATE_HUB,21
WTH_01433,TXN_00695,ATM_101,13.141425,78.141473,1000,2026-07-08 22:53:00,SYNDICATE_HUB,22
WTH_01434,TXN_00695,ATM_101,13.141425,78.141473,15000,2026-07-08 22:59:00,SYNDICATE_HUB,22
WTH_00224,TXN_00109,ATM_050,28.109102,76.990308,15000,2026-07-09 00:21:00,SYNDICATE_HUB,0
WTH_02766,TXN_01352,ATM_039,23.963893,86.798116,3500,2026-07-09 00:21:00,SYNDICATE_HUB,0
WTH_02767,TXN_01352,ATM_039,23.963893,86.798116,15000,2026-07-09 00:26:00,SYNDICATE_HUB,0
WTH_00225,TXN_00109,ATM_050,28.109102,76.990308,15000,2026-07-09 00:32:00,SYNDICATE_HUB,0
WTH_01435,TXN_00696,ATM_042,23.986146,86.794608,4000,2026-07-09 00:37:00,SYNDICATE_HUB,0
WTH_01436,TXN_00696,ATM_042,23.986146,86.794608,15000,2026-07-09 00:44:00,SYNDICATE_HUB,0
WTH_00226,TXN_00109,ATM_050,28.109102,76.990308,1500,2026-07-09 00:45:00,SYNDICATE_HUB,0
WTH_02685,TXN_01309,ATM_014,28.431876,77.035617,15000,2026-07-09 00:47:00,SYNDICATE_HUB,0
WTH_02686,TXN_01309,ATM_014,28.431876,77.035617,15000,2026-07-09 00:54:00,SYNDICATE_HUB,0
WTH_03769,TXN_01836,ATM_103,13.113657,78.117495,15000,2026-07-09 01:07:00,SYNDICATE_HUB,1
WTH_03770,TXN_01836,ATM_103,13.113657,78.117495,15000,2026-07-09 01:15:00,SYNDICATE_HUB,1
WTH_03771,TXN_01836,ATM_103,13.113657,78.117495,1000,2026-07-09 01:23:00,SYNDICATE_HUB,1
WTH_02687,TXN_01310,ATM_118,14.485479,79.999178,13000,2026-07-09 01:53:00,VICTIM_CITY,1
WTH_02688,TXN_01310,ATM_118,14.485479,79.999178,15000,2026-07-09 01:56:00,VICTIM_CITY,1
WTH_03772,TXN_01837,ATM_079,17.444705,78.501863,15000,2026-07-09 01:59:00,SYNDICATE_HUB,1
WTH_03773,TXN_01837,ATM_079,17.444705,78.501863,15000,2026-07-09 02:07:00,SYNDICATE_HUB,2
WTH_00227,TXN_00110,ATM_066,12.921979,77.596794,3500,2026-07-09 02:20:00,VICTIM_CITY,2
WTH_00228,TXN_00110,ATM_066,12.921979,77.596794,15000,2026-07-09 02:29:00,VICTIM_CITY,2
WTH_02768,TXN_01353,ATM_110,14.432893,79.988137,15000,2026-07-09 02:55:00,VICTIM_CITY,2
WTH_02769,TXN_01353,ATM_110,14.432893,79.988137,11000,2026-07-09 03:02:00,VICTIM_CITY,3
WTH_01437,TXN_00697,ATM_036,23.968282,86.827509,15000,2026-07-09 03:05:00,SYNDICATE_HUB,3
WTH_02770,TXN_01353,ATM_110,14.432893,79.988137,3000,2026-07-09 03:05:00,VICTIM_CITY,3
WTH_01438,TXN_00697,ATM_036,23.968282,86.827509,2000,2026-07-09 03:08:00,SYNDICATE_HUB,3
WTH_00229,TXN_00111,ATM_055,12.979842,77.592218,1000,2026-07-09 03:31:00,VICTIM_CITY,3
WTH_04947,TXN_02421,ATM_139,22.578174,88.347094,15000,2026-07-09 03:36:00,VICTIM_CITY,3
WTH_00230,TXN_00111,ATM_055,12.979842,77.592218,15000,2026-07-09 03:37:00,VICTIM_CITY,3
WTH_03543,TXN_01724,ATM_073,17.393316,78.511718,4000,2026-07-09 03:45:00,SYNDICATE_HUB,3
WTH_03544,TXN_01724,ATM_073,17.393316,78.511718,15000,2026-07-09 03:50:00,SYNDICATE_HUB,3
WTH_03545,TXN_01724,ATM_073,17.393316,78.511718,5500,2026-07-09 03:51:00,SYNDICATE_HUB,3
WTH_03774,TXN_01838,ATM_021,28.553223,77.395113,13000,2026-07-09 04:00:00,SYNDICATE_HUB,4
WTH_00231,TXN_00112,ATM_058,12.965444,77.60425,15000,2026-07-09 04:26:00,VICTIM_CITY,4
WTH_00232,TXN_00112,ATM_058,12.965444,77.60425,15000,2026-07-09 04:32:00,VICTIM_CITY,4
WTH_01439,TXN_00698,ATM_036,23.968282,86.827509,1000,2026-07-09 04:47:00,VICTIM_CITY,4
WTH_00233,TXN_00112,ATM_058,12.965444,77.60425,13000,2026-07-09 04:50:00,VICTIM_CITY,4
WTH_01440,TXN_00698,ATM_036,23.968282,86.827509,15000,2026-07-09 04:53:00,VICTIM_CITY,4
WTH_02771,TXN_01354,ATM_018,28.555241,77.3617,15000,2026-07-09 05:13:00,SYNDICATE_HUB,5
WTH_03546,TXN_01725,ATM_085,17.377148,78.46258,14500,2026-07-09 05:16:00,SYNDICATE_HUB,5
WTH_02772,TXN_01354,ATM_018,28.555241,77.3617,15000,2026-07-09 05:23:00,SYNDICATE_HUB,5
WTH_03547,TXN_01725,ATM_085,17.377148,78.46258,3000,2026-07-09 05:24:00,SYNDICATE_HUB,5
WTH_03775,TXN_01839,ATM_053,28.105774,77.003081,1500,2026-07-09 05:59:00,VICTIM_CITY,5
WTH_04948,TXN_02422,ATM_140,22.574554,88.353111,11500,2026-07-09 06:04:00,VICTIM_CITY,6
WTH_03776,TXN_01839,ATM_053,28.105774,77.003081,15000,2026-07-09 06:07:00,VICTIM_CITY,6
WTH_03777,TXN_01839,ATM_053,28.105774,77.003081,15000,2026-07-09 06:15:00,VICTIM_CITY,6
WTH_04949,TXN_02422,ATM_140,22.574554,88.353111,15000,2026-07-09 06:16:00,VICTIM_CITY,6
WTH_02774,TXN_01356,ATM_073,17.393316,78.511718,14000,2026-07-09 06:52:00,SYNDICATE_HUB,6
WTH_00234,TXN_00113,ATM_084,17.411306,78.547397,1000,2026-07-09 07:00:00,SYNDICATE_HUB,7
WTH_02775,TXN_01356,ATM_073,17.393316,78.511718,12000,2026-07-09 07:03:00,SYNDICATE_HUB,7
WTH_03548,TXN_01726,ATM_095,13.05899,80.228284,15000,2026-07-09 07:03:00,SYNDICATE_HUB,7
WTH_02776,TXN_01356,ATM_073,17.393316,78.511718,15000,2026-07-09 07:06:00,SYNDICATE_HUB,7
WTH_00236,TXN_00113,ATM_084,17.411306,78.547397,15000,2026-07-09 07:08:00,SYNDICATE_HUB,7
WTH_00235,TXN_00113,ATM_084,17.411306,78.547397,9500,2026-07-09 07:09:00,SYNDICATE_HUB,7
WTH_03550,TXN_01726,ATM_095,13.05899,80.228284,15000,2026-07-09 07:13:00,SYNDICATE_HUB,7
WTH_03549,TXN_01726,ATM_095,13.05899,80.228284,1000,2026-07-09 07:14:00,SYNDICATE_HUB,7
WTH_04089,TXN_01993,ATM_141,22.575778,88.38244,15000,2026-07-09 07:26:00,VICTIM_CITY,7
WTH_02777,TXN_01357,ATM_019,28.540513,77.343968,15000,2026-07-09 07:30:00,SYNDICATE_HUB,7
WTH_02778,TXN_01357,ATM_019,28.540513,77.343968,15000,2026-07-09 07:38:00,SYNDICATE_HUB,7
WTH_02773,TXN_01355,ATM_115,14.428294,80.000092,13500,2026-07-09 07:45:00,VICTIM_CITY,7
WTH_02779,TXN_01357,ATM_019,28.540513,77.343968,7000,2026-07-09 07:48:00,SYNDICATE_HUB,7
WTH_04950,TXN_02423,ATM_079,17.444705,78.501863,10000,2026-07-09 07:48:00,SYNDICATE_HUB,7
WTH_04952,TXN_02423,ATM_079,17.444705,78.501863,13500,2026-07-09 07:54:00,SYNDICATE_HUB,7
WTH_04951,TXN_02423,ATM_079,17.444705,78.501863,15000,2026-07-09 07:57:00,SYNDICATE_HUB,7
WTH_02780,TXN_01358,ATM_111,14.488893,79.949155,10500,2026-07-09 08:48:00,SYNDICATE_HUB,8
WTH_02781,TXN_01358,ATM_111,14.488893,79.949155,9500,2026-07-09 08:55:00,SYNDICATE_HUB,8
WTH_04090,TXN_01994,ATM_035,23.968286,86.792578,15000,2026-07-09 09:03:00,SYNDICATE_HUB,9
WTH_04092,TXN_01995,ATM_057,12.973527,77.673424,1000,2026-07-09 09:10:00,SYNDICATE_HUB,9
WTH_04091,TXN_01994,ATM_035,23.968286,86.792578,15000,2026-07-09 09:11:00,SYNDICATE_HUB,9
WTH_04093,TXN_01995,ATM_057,12.973527,77.673424,15000,2026-07-09 09:20:00,SYNDICATE_HUB,9
WTH_04953,TXN_02424,ATM_107,13.150964,78.142922,15000,2026-07-09 09:48:00,SYNDICATE_HUB,9
WTH_04954,TXN_02424,ATM_107,13.150964,78.142922,5500,2026-07-09 09:55:00,SYNDICATE_HUB,9
WTH_04094,TXN_01996,ATM_090,13.07529,80.346865,15000,2026-07-09 09:57:00,SYNDICATE_HUB,9
WTH_04095,TXN_01996,ATM_090,13.07529,80.346865,12500,2026-07-09 10:02:00,SYNDICATE_HUB,10
WTH_04955,TXN_02424,ATM_107,13.150964,78.142922,15000,2026-07-09 10:08:00,SYNDICATE_HUB,10
WTH_04096,TXN_01996,ATM_090,13.07529,80.346865,8000,2026-07-09 10:09:00,SYNDICATE_HUB,10
WTH_02782,TXN_01359,ATM_024,28.524445,77.416371,1500,2026-07-09 11:20:00,SYNDICATE_HUB,11
WTH_04956,TXN_02425,ATM_025,28.543747,77.348687,10500,2026-07-09 11:21:00,SYNDICATE_HUB,11
WTH_02783,TXN_01359,ATM_024,28.524445,77.416371,15000,2026-07-09 11:29:00,SYNDICATE_HUB,11
WTH_02784,TXN_01359,ATM_024,28.524445,77.416371,13000,2026-07-09 11:36:00,SYNDICATE_HUB,11
WTH_02785,TXN_01360,ATM_063,12.990379,77.664695,1500,2026-07-09 12:01:00,SYNDICATE_HUB,12
WTH_02786,TXN_01360,ATM_063,12.990379,77.664695,15000,2026-07-09 12:06:00,SYNDICATE_HUB,12
WTH_02787,TXN_01360,ATM_063,12.990379,77.664695,15000,2026-07-09 12:15:00,SYNDICATE_HUB,12
WTH_04097,TXN_01997,ATM_023,28.500015,77.373724,12500,2026-07-09 12:23:00,SYNDICATE_HUB,12
WTH_04098,TXN_01997,ATM_023,28.500015,77.373724,15000,2026-07-09 12:30:00,SYNDICATE_HUB,12
WTH_04099,TXN_01997,ATM_023,28.500015,77.373724,9500,2026-07-09 12:37:00,SYNDICATE_HUB,12
WTH_02788,TXN_01361,ATM_081,17.35381,78.511887,12500,2026-07-09 12:48:00,SYNDICATE_HUB,12
WTH_02789,TXN_01361,ATM_081,17.35381,78.511887,12500,2026-07-09 12:54:00,SYNDICATE_HUB,12
WTH_04957,TXN_02426,ATM_107,13.150964,78.142922,14000,2026-07-09 12:55:00,SYNDICATE_HUB,12
WTH_04958,TXN_02426,ATM_107,13.150964,78.142922,15000,2026-07-09 13:04:00,SYNDICATE_HUB,13
WTH_04959,TXN_02427,ATM_119,14.402097,79.990229,14500,2026-07-09 13:25:00,SYNDICATE_HUB,13
WTH_04100,TXN_01998,ATM_077,17.363239,78.494132,15000,2026-07-09 14:23:00,SYNDICATE_HUB,14
WTH_04101,TXN_01998,ATM_077,17.363239,78.494132,1500,2026-07-09 14:26:00,SYNDICATE_HUB,14
WTH_04960,TXN_02428,ATM_118,14.485479,79.999178,15000,2026-07-09 16:09:00,SYNDICATE_HUB,16
WTH_04961,TXN_02428,ATM_118,14.485479,79.999178,6000,2026-07-09 16:13:00,SYNDICATE_HUB,16
WTH_04962,TXN_02428,ATM_118,14.485479,79.999178,4000,2026-07-09 16:17:00,SYNDICATE_HUB,16
WTH_04102,TXN_01999,ATM_081,17.35381,78.511887,4500,2026-07-09 16:45:00,SYNDICATE_HUB,16
WTH_04103,TXN_01999,ATM_081,17.35381,78.511887,15000,2026-07-09 16:57:00,SYNDICATE_HUB,16
WTH_01576,TXN_00769,ATM_106,13.144834,78.150669,15000,2026-07-09 16:58:00,VICTIM_CITY,16
WTH_01577,TXN_00769,ATM_106,13.144834,78.150669,15000,2026-07-09 17:09:00,VICTIM_CITY,17
WTH_01578,TXN_00770,ATM_015,28.445085,77.019599,15000,2026-07-09 17:41:00,SYNDICATE_HUB,17
WTH_04963,TXN_02429,ATM_103,13.113657,78.117495,15000,2026-07-09 17:46:00,SYNDICATE_HUB,17
WTH_01579,TXN_00770,ATM_015,28.445085,77.019599,15000,2026-07-09 17:51:00,SYNDICATE_HUB,17
WTH_04965,TXN_02429,ATM_103,13.113657,78.117495,15000,2026-07-09 17:52:00,SYNDICATE_HUB,17
WTH_03271,TXN_01591,ATM_095,13.05899,80.228284,11000,2026-07-09 17:56:00,SYNDICATE_HUB,17
WTH_04964,TXN_02429,ATM_103,13.113657,78.117495,1000,2026-07-09 17:57:00,SYNDICATE_HUB,17
WTH_03272,TXN_01591,ATM_095,13.05899,80.228284,15000,2026-07-09 18:02:00,SYNDICATE_HUB,18
WTH_03273,TXN_01591,ATM_095,13.05899,80.228284,15000,2026-07-09 18:04:00,SYNDICATE_HUB,18
WTH_01658,TXN_00813,ATM_057,12.973527,77.673424,15000,2026-07-09 19:14:00,SYNDICATE_HUB,19
WTH_01580,TXN_00771,ATM_046,28.110942,77.014373,15000,2026-07-09 19:17:00,SYNDICATE_HUB,19
WTH_01581,TXN_00771,ATM_046,28.110942,77.014373,15000,2026-07-09 19:20:00,SYNDICATE_HUB,19
WTH_01659,TXN_00813,ATM_057,12.973527,77.673424,15000,2026-07-09 19:22:00,SYNDICATE_HUB,19
WTH_01582,TXN_00771,ATM_046,28.110942,77.014373,15000,2026-07-09 19:25:00,SYNDICATE_HUB,19
WTH_01749,TXN_00853,ATM_075,17.401702,78.496204,9500,2026-07-09 20:07:00,SYNDICATE_HUB,20
WTH_04966,TXN_02430,ATM_083,17.415828,78.499909,15000,2026-07-09 21:11:00,SYNDICATE_HUB,21
WTH_04967,TXN_02430,ATM_083,17.415828,78.499909,12000,2026-07-09 21:16:00,SYNDICATE_HUB,21
WTH_04968,TXN_02430,ATM_083,17.415828,78.499909,1000,2026-07-09 21:35:00,SYNDICATE_HUB,21
WTH_01583,TXN_00772,ATM_080,17.346878,78.50771,13000,2026-07-09 22:17:00,SYNDICATE_HUB,22
WTH_01584,TXN_00772,ATM_080,17.346878,78.50771,6000,2026-07-09 22:26:00,SYNDICATE_HUB,22
WTH_01585,TXN_00773,ATM_105,13.143941,78.194144,13000,2026-07-09 22:50:00,SYNDICATE_HUB,22
WTH_05082,TXN_02485,ATM_070,12.997633,77.555212,14500,2026-07-09 23:36:00,SYNDICATE_HUB,23
WTH_05083,TXN_02485,ATM_070,12.997633,77.555212,15000,2026-07-09 23:41:00,SYNDICATE_HUB,23
WTH_05084,TXN_02485,ATM_070,12.997633,77.555212,15000,2026-07-09 23:42:00,SYNDICATE_HUB,23
WTH_01586,TXN_00774,ATM_091,13.100219,80.2467,15000,2026-07-10 01:18:00,SYNDICATE_HUB,1
WTH_05085,TXN_02486,ATM_071,17.392279,78.528529,14500,2026-07-10 01:24:00,SYNDICATE_HUB,1
WTH_01587,TXN_00774,ATM_091,13.100219,80.2467,15000,2026-07-10 01:25:00,SYNDICATE_HUB,1
WTH_05086,TXN_02487,ATM_035,23.968286,86.792578,15000,2026-07-10 01:58:00,SYNDICATE_HUB,1
WTH_05087,TXN_02487,ATM_035,23.968286,86.792578,15000,2026-07-10 02:03:00,SYNDICATE_HUB,2
WTH_01588,TXN_00775,ATM_109,13.123335,78.128711,15000,2026-07-10 02:51:00,VICTIM_CITY,2
WTH_01589,TXN_00775,ATM_109,13.123335,78.128711,15000,2026-07-10 02:58:00,VICTIM_CITY,2
WTH_01278,TXN_00618,ATM_019,28.540513,77.343968,14000,2026-07-10 03:14:00,VICTIM_CITY,3
WTH_02420,TXN_01182,ATM_071,17.392279,78.528529,13000,2026-07-10 03:27:00,SYNDICATE_HUB,3
WTH_02421,TXN_01182,ATM_071,17.392279,78.528529,7000,2026-07-10 03:38:00,SYNDICATE_HUB,3
WTH_02422,TXN_01182,ATM_071,17.392279,78.528529,15000,2026-07-10 03:39:00,SYNDICATE_HUB,3
WTH_05088,TXN_02488,ATM_091,13.100219,80.2467,1500,2026-07-10 03:56:00,SYNDICATE_HUB,3
WTH_05089,TXN_02488,ATM_091,13.100219,80.2467,15000,2026-07-10 04:04:00,SYNDICATE_HUB,4
WTH_02423,TXN_01183,ATM_119,14.402097,79.990229,15000,2026-07-10 04:27:00,SYNDICATE_HUB,4
WTH_02424,TXN_01183,ATM_119,14.402097,79.990229,15000,2026-07-10 04:30:00,SYNDICATE_HUB,4
WTH_01590,TXN_00776,ATM_011,28.494676,77.021181,9500,2026-07-10 04:41:00,SYNDICATE_HUB,4
WTH_01591,TXN_00777,ATM_018,28.555241,77.3617,15000,2026-07-10 05:32:00,SYNDICATE_HUB,5
WTH_04879,TXN_02386,ATM_042,23.986146,86.794608,15000,2026-07-10 05:32:00,SYNDICATE_HUB,5
WTH_04880,TXN_02386,ATM_042,23.986146,86.794608,13500,2026-07-10 05:38:00,SYNDICATE_HUB,5
WTH_04881,TXN_02386,ATM_042,23.986146,86.794608,13500,2026-07-10 05:38:00,SYNDICATE_HUB,5
WTH_01592,TXN_00777,ATM_018,28.555241,77.3617,15000,2026-07-10 05:40:00,SYNDICATE_HUB,5
WTH_05090,TXN_02489,ATM_074,17.345418,78.444445,15000,2026-07-10 05:42:00,SYNDICATE_HUB,5
WTH_05091,TXN_02489,ATM_074,17.345418,78.444445,15000,2026-07-10 05:52:00,SYNDICATE_HUB,5
WTH_01593,TXN_00777,ATM_018,28.555241,77.3617,15000,2026-07-10 05:56:00,SYNDICATE_HUB,5
WTH_01594,TXN_00778,ATM_016,28.521059,77.435455,10500,2026-07-10 06:15:00,SYNDICATE_HUB,6
WTH_02845,TXN_01392,ATM_006,28.448378,77.015422,8500,2026-07-10 06:18:00,VICTIM_CITY,6
WTH_02846,TXN_01392,ATM_006,28.448378,77.015422,9000,2026-07-10 06:26:00,VICTIM_CITY,6
WTH_05092,TXN_02490,ATM_088,13.090447,80.293861,15000,2026-07-10 07:08:00,VICTIM_CITY,7
WTH_05093,TXN_02490,ATM_088,13.090447,80.293861,15000,2026-07-10 07:15:00,VICTIM_CITY,7
WTH_03831,TXN_01865,ATM_104,13.143941,78.140721,8000,2026-07-10 07:41:00,VICTIM_CITY,7
WTH_03832,TXN_01865,ATM_104,13.143941,78.140721,15000,2026-07-10 07:48:00,VICTIM_CITY,7
WTH_02847,TXN_01393,ATM_084,17.411306,78.547397,15000,2026-07-10 07:55:00,SYNDICATE_HUB,7
WTH_05094,TXN_02491,ATM_090,13.07529,80.346865,15000,2026-07-10 07:57:00,VICTIM_CITY,7
WTH_05095,TXN_02491,ATM_090,13.07529,80.346865,15000,2026-07-10 08:03:00,VICTIM_CITY,8
WTH_02848,TXN_01393,ATM_084,17.411306,78.547397,15000,2026-07-10 08:07:00,SYNDICATE_HUB,8
WTH_05096,TXN_02491,ATM_090,13.07529,80.346865,15000,2026-07-10 08:13:00,VICTIM_CITY,8
WTH_02852,TXN_01395,ATM_033,23.9755,86.8246,1000,2026-07-10 08:23:00,SYNDICATE_HUB,8
WTH_02853,TXN_01395,ATM_033,23.9755,86.8246,15000,2026-07-10 08:27:00,SYNDICATE_HUB,8
WTH_02849,TXN_01394,ATM_049,28.114922,77.000221,15000,2026-07-10 08:32:00,SYNDICATE_HUB,8
WTH_02850,TXN_01394,ATM_049,28.114922,77.000221,15000,2026-07-10 08:42:00,SYNDICATE_HUB,8
WTH_02851,TXN_01394,ATM_049,28.114922,77.000221,15000,2026-07-10 08:42:00,SYNDICATE_HUB,8
WTH_02857,TXN_01397,ATM_077,17.363239,78.494132,15000,2026-07-10 09:31:00,SYNDICATE_HUB,9
WTH_02858,TXN_01397,ATM_077,17.363239,78.494132,4500,2026-07-10 09:37:00,SYNDICATE_HUB,9
WTH_02854,TXN_01396,ATM_010,28.437707,76.992705,8000,2026-07-10 10:00:00,VICTIM_CITY,10
WTH_02855,TXN_01396,ATM_010,28.437707,76.992705,9500,2026-07-10 10:06:00,VICTIM_CITY,10
WTH_02856,TXN_01396,ATM_010,28.437707,76.992705,15000,2026-07-10 10:18:00,VICTIM_CITY,10
WTH_02859,TXN_01398,ATM_085,17.377148,78.46258,15000,2026-07-10 11:27:00,SYNDICATE_HUB,11
WTH_02860,TXN_01398,ATM_085,17.377148,78.46258,14500,2026-07-10 11:34:00,SYNDICATE_HUB,11
WTH_02861,TXN_01398,ATM_085,17.377148,78.46258,15000,2026-07-10 11:41:00,SYNDICATE_HUB,11
WTH_05188,TXN_02538,ATM_023,28.500015,77.373724,15000,2026-07-10 16:36:00,SYNDICATE_HUB,16
WTH_05189,TXN_02538,ATM_023,28.500015,77.373724,7000,2026-07-10 16:43:00,SYNDICATE_HUB,16
WTH_01360,TXN_00657,ATM_072,17.333561,78.492608,15000,2026-07-10 16:45:00,SYNDICATE_HUB,16
WTH_05190,TXN_02539,ATM_052,28.102146,76.978954,15000,2026-07-10 16:48:00,SYNDICATE_HUB,16
WTH_01361,TXN_00657,ATM_072,17.333561,78.492608,12000,2026-07-10 16:49:00,SYNDICATE_HUB,16
WTH_05191,TXN_02539,ATM_052,28.102146,76.978954,15000,2026-07-10 16:53:00,SYNDICATE_HUB,16
WTH_02706,TXN_01321,ATM_134,22.618308,88.323856,9500,2026-07-10 17:02:00,VICTIM_CITY,17
WTH_05192,TXN_02539,ATM_052,28.102146,76.978954,8500,2026-07-10 17:08:00,SYNDICATE_HUB,17
WTH_03281,TXN_01596,ATM_060,13.00817,77.618662,2500,2026-07-10 17:26:00,SYNDICATE_HUB,17
WTH_03282,TXN_01596,ATM_060,13.00817,77.618662,15000,2026-07-10 17:29:00,SYNDICATE_HUB,17
WTH_03283,TXN_01596,ATM_060,13.00817,77.618662,2000,2026-07-10 17:40:00,SYNDICATE_HUB,17
WTH_03284,TXN_01597,ATM_020,28.503624,77.395725,15000,2026-07-10 18:15:00,SYNDICATE_HUB,18
WTH_03285,TXN_01597,ATM_020,28.503624,77.395725,6500,2026-07-10 18:19:00,SYNDICATE_HUB,18
WTH_01362,TXN_00658,ATM_066,12.921979,77.596794,13000,2026-07-10 18:24:00,SYNDICATE_HUB,18
WTH_05193,TXN_02540,ATM_077,17.363239,78.494132,15000,2026-07-10 18:40:00,SYNDICATE_HUB,18
WTH_05194,TXN_02540,ATM_077,17.363239,78.494132,15000,2026-07-10 18:49:00,SYNDICATE_HUB,18
WTH_05195,TXN_02540,ATM_077,17.363239,78.494132,8500,2026-07-10 18:54:00,SYNDICATE_HUB,18
WTH_03286,TXN_01598,ATM_020,28.503624,77.395725,15000,2026-07-10 19:34:00,SYNDICATE_HUB,19
WTH_02707,TXN_01322,ATM_141,22.575778,88.38244,15000,2026-07-10 19:39:00,VICTIM_CITY,19
WTH_03287,TXN_01598,ATM_020,28.503624,77.395725,1000,2026-07-10 19:39:00,SYNDICATE_HUB,19
WTH_02708,TXN_01322,ATM_141,22.575778,88.38244,15000,2026-07-10 19:43:00,VICTIM_CITY,19
WTH_02709,TXN_01322,ATM_141,22.575778,88.38244,14500,2026-07-10 19:49:00,VICTIM_CITY,19
WTH_02710,TXN_01323,ATM_138,22.545118,88.376839,15000,2026-07-10 20:12:00,VICTIM_CITY,20
WTH_05196,TXN_02541,ATM_143,22.632325,88.309242,7000,2026-07-10 20:20:00,VICTIM_CITY,20
WTH_02711,TXN_01323,ATM_138,22.545118,88.376839,15000,2026-07-10 20:23:00,VICTIM_CITY,20
WTH_05198,TXN_02541,ATM_143,22.632325,88.309242,5000,2026-07-10 20:30:00,VICTIM_CITY,20
WTH_05197,TXN_02541,ATM_143,22.632325,88.309242,15000,2026-07-10 20:31:00,VICTIM_CITY,20
WTH_01363,TXN_00659,ATM_014,28.431876,77.035617,15000,2026-07-10 20:44:00,SYNDICATE_HUB,20
WTH_01364,TXN_00659,ATM_014,28.431876,77.035617,10000,2026-07-10 20:47:00,SYNDICATE_HUB,20
WTH_03288,TXN_01599,ATM_129,19.121609,72.852224,15000,2026-07-10 21:11:00,VICTIM_CITY,21
WTH_03289,TXN_01599,ATM_129,19.121609,72.852224,2000,2026-07-10 21:19:00,VICTIM_CITY,21
WTH_03290,TXN_01599,ATM_129,19.121609,72.852224,15000,2026-07-10 21:25:00,VICTIM_CITY,21
WTH_05199,TXN_02542,ATM_042,23.986146,86.794608,13500,2026-07-10 21:49:00,SYNDICATE_HUB,21
WTH_02712,TXN_01324,ATM_140,22.574554,88.353111,9000,2026-07-10 22:12:00,VICTIM_CITY,22
WTH_02714,TXN_01324,ATM_140,22.574554,88.353111,15000,2026-07-10 22:18:00,VICTIM_CITY,22
WTH_02713,TXN_01324,ATM_140,22.574554,88.353111,5500,2026-07-10 22:20:00,VICTIM_CITY,22
WTH_01365,TXN_00660,ATM_032,23.944799,86.783761,14000,2026-07-10 22:25:00,VICTIM_CITY,22
WTH_01366,TXN_00660,ATM_032,23.944799,86.783761,15000,2026-07-10 22:30:00,VICTIM_CITY,22
WTH_01367,TXN_00660,ATM_032,23.944799,86.783761,6500,2026-07-10 22:47:00,VICTIM_CITY,22
WTH_03291,TXN_01600,ATM_100,13.136631,78.114212,15000,2026-07-10 23:00:00,SYNDICATE_HUB,23
WTH_03292,TXN_01600,ATM_100,13.136631,78.114212,3000,2026-07-10 23:12:00,SYNDICATE_HUB,23
WTH_03293,TXN_01600,ATM_100,13.136631,78.114212,15000,2026-07-10 23:16:00,SYNDICATE_HUB,23
WTH_05200,TXN_02543,ATM_083,17.415828,78.499909,12000,2026-07-10 23:50:00,SYNDICATE_HUB,23
WTH_05201,TXN_02543,ATM_083,17.415828,78.499909,15000,2026-07-11 00:00:00,SYNDICATE_HUB,0
WTH_05202,TXN_02543,ATM_083,17.415828,78.499909,15000,2026-07-11 00:12:00,SYNDICATE_HUB,0
WTH_01368,TXN_00661,ATM_071,17.392279,78.528529,3000,2026-07-11 00:44:00,SYNDICATE_HUB,0
WTH_01369,TXN_00661,ATM_071,17.392279,78.528529,15000,2026-07-11 00:56:00,SYNDICATE_HUB,0
WTH_01370,TXN_00662,ATM_077,17.363239,78.494132,15000,2026-07-11 00:56:00,SYNDICATE_HUB,0
WTH_03294,TXN_01601,ATM_079,17.444705,78.501863,15000,2026-07-11 01:01:00,SYNDICATE_HUB,1
WTH_01371,TXN_00662,ATM_077,17.363239,78.494132,11500,2026-07-11 01:05:00,SYNDICATE_HUB,1
WTH_03295,TXN_01601,ATM_079,17.444705,78.501863,8000,2026-07-11 01:11:00,SYNDICATE_HUB,1
WTH_01372,TXN_00662,ATM_077,17.363239,78.494132,15000,2026-07-11 01:18:00,SYNDICATE_HUB,1
WTH_02715,TXN_01325,ATM_095,13.05899,80.228284,13500,2026-07-11 01:20:00,SYNDICATE_HUB,1
WTH_02716,TXN_01325,ATM_095,13.05899,80.228284,7000,2026-07-11 01:26:00,SYNDICATE_HUB,1
WTH_01373,TXN_00663,ATM_036,23.968282,86.827509,15000,2026-07-11 02:20:00,VICTIM_CITY,2
WTH_04205,TXN_02053,ATM_007,28.465307,76.980681,15000,2026-07-11 02:25:00,VICTIM_CITY,2
WTH_01374,TXN_00663,ATM_036,23.968282,86.827509,8500,2026-07-11 02:29:00,VICTIM_CITY,2
WTH_04206,TXN_02053,ATM_007,28.465307,76.980681,10500,2026-07-11 02:32:00,VICTIM_CITY,2
WTH_01375,TXN_00663,ATM_036,23.968282,86.827509,15000,2026-07-11 02:44:00,VICTIM_CITY,2
WTH_04207,TXN_02054,ATM_032,23.944799,86.783761,12000,2026-07-11 03:16:00,SYNDICATE_HUB,3
WTH_01991,TXN_00971,ATM_024,28.524445,77.416371,8000,2026-07-11 03:17:00,VICTIM_CITY,3
WTH_01891,TXN_00925,ATM_030,28.54345,77.414413,7500,2026-07-11 03:19:00,VICTIM_CITY,3
WTH_01892,TXN_00925,ATM_030,28.54345,77.414413,8000,2026-07-11 03:22:00,VICTIM_CITY,3
WTH_04208,TXN_02054,ATM_032,23.944799,86.783761,15000,2026-07-11 03:24:00,SYNDICATE_HUB,3
WTH_04209,TXN_02054,ATM_032,23.944799,86.783761,2500,2026-07-11 03:24:00,SYNDICATE_HUB,3
WTH_02717,TXN_01326,ATM_075,17.401702,78.496204,9500,2026-07-11 03:34:00,SYNDICATE_HUB,3
WTH_03296,TXN_01602,ATM_039,23.963893,86.798116,15000,2026-07-11 03:53:00,SYNDICATE_HUB,3
WTH_03297,TXN_01602,ATM_039,23.963893,86.798116,3000,2026-07-11 03:57:00,SYNDICATE_HUB,3
WTH_03299,TXN_01603,ATM_132,18.959314,72.840822,7500,2026-07-11 04:08:00,VICTIM_CITY,4
WTH_03298,TXN_01602,ATM_039,23.963893,86.798116,8000,2026-07-11 04:13:00,SYNDICATE_HUB,4
WTH_03300,TXN_01603,ATM_132,18.959314,72.840822,7500,2026-07-11 04:14:00,VICTIM_CITY,4
WTH_02790,TXN_01362,ATM_008,28.418102,77.013105,12500,2026-07-11 04:18:00,SYNDICATE_HUB,4
WTH_02791,TXN_01362,ATM_008,28.418102,77.013105,15000,2026-07-11 04:30:00,SYNDICATE_HUB,4
WTH_01893,TXN_00926,ATM_017,28.535176,77.365615,11000,2026-07-11 04:41:00,SYNDICATE_HUB,4
WTH_01894,TXN_00926,ATM_017,28.535176,77.365615,7000,2026-07-11 04:44:00,SYNDICATE_HUB,4
WTH_01376,TXN_00664,ATM_002,28.475045,77.063153,15000,2026-07-11 04:46:00,SYNDICATE_HUB,4
WTH_01377,TXN_00664,ATM_002,28.475045,77.063153,1000,2026-07-11 04:49:00,SYNDICATE_HUB,4
WTH_02718,TXN_01327,ATM_143,22.632325,88.309242,13000,2026-07-11 04:52:00,VICTIM_CITY,4
WTH_01895,TXN_00926,ATM_017,28.535176,77.365615,15000,2026-07-11 05:01:00,SYNDICATE_HUB,5
WTH_01992,TXN_00972,ATM_008,28.418102,77.013105,2000,2026-07-11 05:18:00,SYNDICATE_HUB,5
WTH_00125,TXN_00059,ATM_040,23.963968,86.771099,9500,2026-07-11 05:25:00,SYNDICATE_HUB,5
WTH_01993,TXN_00972,ATM_008,28.418102,77.013105,15000,2026-07-11 05:27:00,SYNDICATE_HUB,5
WTH_00126,TXN_00059,ATM_040,23.963968,86.771099,15000,2026-07-11 05:35:00,SYNDICATE_HUB,5
WTH_00127,TXN_00059,ATM_040,23.963968,86.771099,7000,2026-07-11 05:35:00,SYNDICATE_HUB,5
WTH_04210,TXN_02055,ATM_026,28.543278,77.381758,9500,2026-07-11 05:51:00,SYNDICATE_HUB,5
WTH_01898,TXN_00928,ATM_054,28.146724,76.998492,4000,2026-07-11 05:59:00,SYNDICATE_HUB,5
WTH_01899,TXN_00928,ATM_054,28.146724,76.998492,15000,2026-07-11 06:06:00,SYNDICATE_HUB,6
WTH_02719,TXN_01328,ATM_044,28.127308,77.001575,15000,2026-07-11 06:12:00,SYNDICATE_HUB,6
WTH_01900,TXN_00928,ATM_054,28.146724,76.998492,12000,2026-07-11 06:13:00,SYNDICATE_HUB,6
WTH_01896,TXN_00927,ATM_111,14.488893,79.949155,5500,2026-07-11 06:17:00,SYNDICATE_HUB,6
WTH_02720,TXN_01328,ATM_044,28.127308,77.001575,2000,2026-07-11 06:23:00,SYNDICATE_HUB,6
WTH_01897,TXN_00927,ATM_111,14.488893,79.949155,13000,2026-07-11 06:26:00,SYNDICATE_HUB,6
WTH_02721,TXN_01329,ATM_092,13.052715,80.284209,9500,2026-07-11 06:30:00,SYNDICATE_HUB,6
WTH_04211,TXN_02056,ATM_012,28.461121,76.992406,14500,2026-07-11 06:57:00,VICTIM_CITY,6
WTH_01378,TXN_00665,ATM_053,28.105774,77.003081,3500,2026-07-11 07:02:00,SYNDICATE_HUB,7
WTH_01379,TXN_00665,ATM_053,28.105774,77.003081,15000,2026-07-11 07:06:00,SYNDICATE_HUB,7
WTH_01994,TXN_00973,ATM_029,28.515359,77.383579,13000,2026-07-11 07:12:00,VICTIM_CITY,7
WTH_02722,TXN_01330,ATM_142,22.617008,88.329241,9500,2026-07-11 07:21:00,VICTIM_CITY,7
WTH_00128,TXN_00060,ATM_090,13.07529,80.346865,14500,2026-07-11 07:46:00,SYNDICATE_HUB,7
WTH_04212,TXN_02057,ATM_067,12.937606,77.609755,15000,2026-07-11 08:31:00,SYNDICATE_HUB,8
WTH_04213,TXN_02057,ATM_067,12.937606,77.609755,15000,2026-07-11 08:38:00,SYNDICATE_HUB,8
WTH_01901,TXN_00929,ATM_024,28.524445,77.416371,15000,2026-07-11 09:13:00,VICTIM_CITY,9
WTH_01902,TXN_00929,ATM_024,28.524445,77.416371,15000,2026-07-11 09:25:00,VICTIM_CITY,9
WTH_04215,TXN_02059,ATM_011,28.494676,77.021181,9500,2026-07-11 09:37:00,VICTIM_CITY,9
WTH_04216,TXN_02059,ATM_011,28.494676,77.021181,10000,2026-07-11 09:40:00,VICTIM_CITY,9
WTH_00129,TXN_00061,ATM_051,28.080693,76.986587,3500,2026-07-11 09:41:00,SYNDICATE_HUB,9
WTH_00130,TXN_00061,ATM_051,28.080693,76.986587,15000,2026-07-11 09:44:00,SYNDICATE_HUB,9
WTH_01380,TXN_00666,ATM_032,23.944799,86.783761,12000,2026-07-11 09:50:00,VICTIM_CITY,9
WTH_01381,TXN_00666,ATM_032,23.944799,86.783761,15000,2026-07-11 09:56:00,VICTIM_CITY,9
WTH_04214,TXN_02058,ATM_008,28.418102,77.013105,9500,2026-07-11 09:56:00,VICTIM_CITY,9
WTH_04217,TXN_02059,ATM_011,28.494676,77.021181,15000,2026-07-11 10:01:00,VICTIM_CITY,10
WTH_01903,TXN_00930,ATM_023,28.500015,77.373724,10000,2026-07-11 10:18:00,SYNDICATE_HUB,10
WTH_01995,TXN_00974,ATM_022,28.532724,77.383774,15000,2026-07-11 10:20:00,SYNDICATE_HUB,10
WTH_01904,TXN_00930,ATM_023,28.500015,77.373724,15000,2026-07-11 10:24:00,SYNDICATE_HUB,10
WTH_01996,TXN_00974,ATM_022,28.532724,77.383774,10500,2026-07-11 10:27:00,SYNDICATE_HUB,10
WTH_02723,TXN_01331,ATM_101,13.141425,78.141473,15000,2026-07-11 10:55:00,SYNDICATE_HUB,10
WTH_01997,TXN_00975,ATM_018,28.555241,77.3617,2500,2026-07-11 11:06:00,VICTIM_CITY,11
WTH_01998,TXN_00975,ATM_018,28.555241,77.3617,13500,2026-07-11 11:12:00,VICTIM_CITY,11
WTH_02724,TXN_01332,ATM_117,14.443511,79.973468,14000,2026-07-11 11:32:00,SYNDICATE_HUB,11
WTH_02725,TXN_01332,ATM_117,14.443511,79.973468,5500,2026-07-11 11:37:00,SYNDICATE_HUB,11
WTH_01999,TXN_00976,ATM_099,13.057952,80.275004,15000,2026-07-11 11:48:00,SYNDICATE_HUB,11
WTH_01905,TXN_00931,ATM_099,13.057952,80.275004,15000,2026-07-11 11:52:00,SYNDICATE_HUB,11
WTH_01906,TXN_00931,ATM_099,13.057952,80.275004,15000,2026-07-11 11:57:00,SYNDICATE_HUB,11
WTH_04218,TXN_02060,ATM_042,23.986146,86.794608,15000,2026-07-11 12:05:00,SYNDICATE_HUB,12
WTH_04219,TXN_02060,ATM_042,23.986146,86.794608,15000,2026-07-11 12:08:00,SYNDICATE_HUB,12
WTH_01907,TXN_00931,ATM_099,13.057952,80.275004,2000,2026-07-11 12:16:00,SYNDICATE_HUB,12
WTH_02726,TXN_01333,ATM_046,28.110942,77.014373,15000,2026-07-11 13:27:00,SYNDICATE_HUB,13
WTH_02727,TXN_01333,ATM_046,28.110942,77.014373,1000,2026-07-11 13:32:00,SYNDICATE_HUB,13
WTH_04220,TXN_02061,ATM_081,17.35381,78.511887,15000,2026-07-11 13:36:00,SYNDICATE_HUB,13
WTH_01910,TXN_00933,ATM_009,28.435192,77.034142,10500,2026-07-11 13:51:00,SYNDICATE_HUB,13
WTH_01908,TXN_00932,ATM_016,28.521059,77.435455,1000,2026-07-11 13:55:00,VICTIM_CITY,13
WTH_01911,TXN_00933,ATM_009,28.435192,77.034142,15000,2026-07-11 13:57:00,SYNDICATE_HUB,13
WTH_02728,TXN_01334,ATM_039,23.963893,86.798116,13500,2026-07-11 14:01:00,SYNDICATE_HUB,14
WTH_01909,TXN_00932,ATM_016,28.521059,77.435455,15000,2026-07-11 14:07:00,VICTIM_CITY,14
WTH_02729,TXN_01334,ATM_039,23.963893,86.798116,15000,2026-07-11 14:09:00,SYNDICATE_HUB,14
WTH_02000,TXN_00977,ATM_030,28.54345,77.414413,14000,2026-07-11 14:57:00,VICTIM_CITY,14
WTH_02001,TXN_00977,ATM_030,28.54345,77.414413,5000,2026-07-11 15:01:00,VICTIM_CITY,15
WTH_01912,TXN_00934,ATM_034,23.961348,86.818957,15000,2026-07-11 15:04:00,SYNDICATE_HUB,15
WTH_01913,TXN_00934,ATM_034,23.961348,86.818957,12500,2026-07-11 15:08:00,SYNDICATE_HUB,15
WTH_01914,TXN_00934,ATM_034,23.961348,86.818957,15000,2026-07-11 15:18:00,SYNDICATE_HUB,15
WTH_02002,TXN_00978,ATM_087,13.080541,80.280252,8500,2026-07-11 16:12:00,SYNDICATE_HUB,16
WTH_02003,TXN_00978,ATM_087,13.080541,80.280252,11500,2026-07-11 16:22:00,SYNDICATE_HUB,16
WTH_02730,TXN_01335,ATM_108,13.130656,78.144644,15000,2026-07-11 16:33:00,SYNDICATE_HUB,16
WTH_02731,TXN_01335,ATM_108,13.130656,78.144644,2500,2026-07-11 16:41:00,SYNDICATE_HUB,16
WTH_02004,TXN_00979,ATM_017,28.535176,77.365615,13500,2026-07-11 17:03:00,VICTIM_CITY,17
WTH_04221,TXN_02062,ATM_012,28.461121,76.992406,15000,2026-07-11 17:03:00,VICTIM_CITY,17
WTH_01918,TXN_00936,ATM_102,13.153029,78.149361,15000,2026-07-11 17:07:00,SYNDICATE_HUB,17
WTH_02005,TXN_00979,ATM_017,28.535176,77.365615,15000,2026-07-11 17:13:00,VICTIM_CITY,17
WTH_01919,TXN_00936,ATM_102,13.153029,78.149361,15000,2026-07-11 17:14:00,SYNDICATE_HUB,17
WTH_01915,TXN_00935,ATM_006,28.448378,77.015422,12000,2026-07-11 17:18:00,SYNDICATE_HUB,17
WTH_02006,TXN_00979,ATM_017,28.535176,77.365615,5000,2026-07-11 17:23:00,VICTIM_CITY,17
WTH_01917,TXN_00935,ATM_006,28.448378,77.015422,13000,2026-07-11 17:24:00,SYNDICATE_HUB,17
WTH_01916,TXN_00935,ATM_006,28.448378,77.015422,8000,2026-07-11 17:29:00,SYNDICATE_HUB,17
WTH_04222,TXN_02063,ATM_009,28.435192,77.034142,14000,2026-07-11 17:32:00,VICTIM_CITY,17
WTH_04223,TXN_02063,ATM_009,28.435192,77.034142,15000,2026-07-11 17:43:00,VICTIM_CITY,17
WTH_04224,TXN_02063,ATM_009,28.435192,77.034142,8000,2026-07-11 17:44:00,VICTIM_CITY,17
WTH_02399,TXN_01173,ATM_136,22.612956,88.323696,3500,2026-07-11 18:52:00,VICTIM_CITY,18
WTH_02400,TXN_01173,ATM_136,22.612956,88.323696,15000,2026-07-11 18:57:00,VICTIM_CITY,18
WTH_02401,TXN_01173,ATM_136,22.612956,88.323696,9000,2026-07-11 19:16:00,VICTIM_CITY,19
WTH_02010,TXN_00981,ATM_001,28.471421,77.023282,13000,2026-07-11 19:23:00,SYNDICATE_HUB,19
WTH_02007,TXN_00980,ATM_095,13.05899,80.228284,10500,2026-07-11 19:24:00,SYNDICATE_HUB,19
WTH_02011,TXN_00981,ATM_001,28.471421,77.023282,15000,2026-07-11 19:26:00,SYNDICATE_HUB,19
WTH_02008,TXN_00980,ATM_095,13.05899,80.228284,5000,2026-07-11 19:31:00,SYNDICATE_HUB,19
WTH_05052,TXN_02469,ATM_040,23.963968,86.771099,14000,2026-07-11 19:31:00,SYNDICATE_HUB,19
WTH_05053,TXN_02469,ATM_040,23.963968,86.771099,2000,2026-07-11 19:38:00,SYNDICATE_HUB,19
WTH_02012,TXN_00981,ATM_001,28.471421,77.023282,5500,2026-07-11 19:43:00,SYNDICATE_HUB,19
WTH_01920,TXN_00937,ATM_024,28.524445,77.416371,1000,2026-07-11 19:44:00,VICTIM_CITY,19
WTH_02009,TXN_00980,ATM_095,13.05899,80.228284,15000,2026-07-11 19:48:00,SYNDICATE_HUB,19
WTH_01921,TXN_00937,ATM_024,28.524445,77.416371,15000,2026-07-11 19:56:00,VICTIM_CITY,19
WTH_04225,TXN_02064,ATM_033,23.9755,86.8246,15000,2026-07-11 20:06:00,SYNDICATE_HUB,20
WTH_00664,TXN_00316,ATM_067,12.937606,77.609755,15000,2026-07-11 20:46:00,SYNDICATE_HUB,20
WTH_05054,TXN_02470,ATM_088,13.090447,80.293861,8500,2026-07-11 20:48:00,SYNDICATE_HUB,20
WTH_00665,TXN_00316,ATM_067,12.937606,77.609755,15000,2026-07-11 20:54:00,SYNDICATE_HUB,20
WTH_00666,TXN_00316,ATM_067,12.937606,77.609755,15000,2026-07-11 20:58:00,SYNDICATE_HUB,20
WTH_04226,TXN_02065,ATM_082,17.422075,78.460438,15000,2026-07-11 21:04:00,SYNDICATE_HUB,21
WTH_02013,TXN_00982,ATM_110,14.432893,79.988137,14000,2026-07-11 21:07:00,SYNDICATE_HUB,21
WTH_04228,TXN_02065,ATM_082,17.422075,78.460438,15000,2026-07-11 21:12:00,SYNDICATE_HUB,21
WTH_04227,TXN_02065,ATM_082,17.422075,78.460438,15000,2026-07-11 21:13:00,SYNDICATE_HUB,21
WTH_01922,TXN_00938,ATM_081,17.35381,78.511887,15000,2026-07-11 21:42:00,SYNDICATE_HUB,21
WTH_01923,TXN_00938,ATM_081,17.35381,78.511887,2500,2026-07-11 21:52:00,SYNDICATE_HUB,21
WTH_04229,TXN_02066,ATM_004,28.497401,77.045018,15000,2026-07-11 21:57:00,VICTIM_CITY,21
WTH_04230,TXN_02066,ATM_004,28.497401,77.045018,1000,2026-07-11 22:02:00,VICTIM_CITY,22
WTH_04231,TXN_02066,ATM_004,28.497401,77.045018,15000,2026-07-11 22:09:00,VICTIM_CITY,22
WTH_03355,TXN_01632,ATM_055,12.979842,77.592218,1000,2026-07-11 22:33:00,SYNDICATE_HUB,22
WTH_03356,TXN_01632,ATM_055,12.979842,77.592218,15000,2026-07-11 22:38:00,SYNDICATE_HUB,22
WTH_01237,TXN_00594,ATM_105,13.143941,78.194144,3000,2026-07-11 22:43:00,SYNDICATE_HUB,22
WTH_03357,TXN_01632,ATM_055,12.979842,77.592218,15000,2026-07-11 22:47:00,SYNDICATE_HUB,22
WTH_01238,TXN_00594,ATM_105,13.143941,78.194144,15000,2026-07-11 22:54:00,SYNDICATE_HUB,22
WTH_01239,TXN_00594,ATM_105,13.143941,78.194144,5500,2026-07-11 22:59:00,SYNDICATE_HUB,22
WTH_05055,TXN_02471,ATM_057,12.973527,77.673424,9000,2026-07-11 23:16:00,VICTIM_CITY,23
WTH_05056,TXN_02471,ATM_057,12.973527,77.673424,13500,2026-07-11 23:23:00,VICTIM_CITY,23
WTH_02016,TXN_00984,ATM_061,12.996913,77.5655,15000,2026-07-11 23:29:00,SYNDICATE_HUB,23
WTH_00667,TXN_00317,ATM_020,28.503624,77.395725,9500,2026-07-11 23:31:00,SYNDICATE_HUB,23
WTH_02017,TXN_00984,ATM_061,12.996913,77.5655,15000,2026-07-11 23:32:00,SYNDICATE_HUB,23
WTH_02014,TXN_00983,ATM_019,28.540513,77.343968,15000,2026-07-11 23:33:00,VICTIM_CITY,23
WTH_05057,TXN_02471,ATM_057,12.973527,77.673424,15000,2026-07-11 23:34:00,VICTIM_CITY,23
WTH_00668,TXN_00317,ATM_020,28.503624,77.395725,15000,2026-07-11 23:41:00,SYNDICATE_HUB,23
WTH_02015,TXN_00983,ATM_019,28.540513,77.343968,7500,2026-07-11 23:43:00,VICTIM_CITY,23
WTH_04232,TXN_02067,ATM_015,28.445085,77.019599,14500,2026-07-11 23:53:00,VICTIM_CITY,23
WTH_00669,TXN_00318,ATM_039,23.963893,86.798116,15000,2026-07-12 00:08:00,VICTIM_CITY,0
WTH_00670,TXN_00318,ATM_039,23.963893,86.798116,15000,2026-07-12 00:17:00,VICTIM_CITY,0
WTH_03358,TXN_01633,ATM_027,28.519254,77.40568,15000,2026-07-12 00:27:00,SYNDICATE_HUB,0
WTH_02081,TXN_01017,ATM_128,19.021303,72.860268,15000,2026-07-12 00:28:00,VICTIM_CITY,0
WTH_02082,TXN_01017,ATM_128,19.021303,72.860268,15000,2026-07-12 00:40:00,VICTIM_CITY,0
WTH_04233,TXN_02068,ATM_111,14.488893,79.949155,1000,2026-07-12 00:49:00,SYNDICATE_HUB,0
WTH_02083,TXN_01017,ATM_128,19.021303,72.860268,5000,2026-07-12 00:50:00,VICTIM_CITY,0
WTH_04235,TXN_02068,ATM_111,14.488893,79.949155,6500,2026-07-12 00:59:00,SYNDICATE_HUB,0
WTH_04234,TXN_02068,ATM_111,14.488893,79.949155,15000,2026-07-12 01:00:00,SYNDICATE_HUB,1
WTH_03353,TXN_01631,ATM_009,28.435192,77.034142,9000,2026-07-12 01:08:00,SYNDICATE_HUB,1
WTH_04666,TXN_02279,ATM_070,12.997633,77.555212,7000,2026-07-12 01:09:00,SYNDICATE_HUB,1
WTH_03354,TXN_01631,ATM_009,28.435192,77.034142,15000,2026-07-12 01:14:00,SYNDICATE_HUB,1
WTH_04667,TXN_02279,ATM_070,12.997633,77.555212,9500,2026-07-12 01:16:00,SYNDICATE_HUB,1
WTH_01240,TXN_00595,ATM_087,13.080541,80.280252,11000,2026-07-12 01:19:00,SYNDICATE_HUB,1
WTH_03654,TXN_01778,ATM_019,28.540513,77.343968,15000,2026-07-12 01:32:00,SYNDICATE_HUB,1
WTH_03655,TXN_01778,ATM_019,28.540513,77.343968,3500,2026-07-12 01:38:00,SYNDICATE_HUB,1
WTH_04236,TXN_02069,ATM_015,28.445085,77.019599,1000,2026-07-12 01:38:00,SYNDICATE_HUB,1
WTH_00671,TXN_00319,ATM_042,23.986146,86.794608,13500,2026-07-12 01:40:00,SYNDICATE_HUB,1
WTH_02018,TXN_00985,ATM_022,28.532724,77.383774,15000,2026-07-12 01:42:00,VICTIM_CITY,1
WTH_00672,TXN_00319,ATM_042,23.986146,86.794608,3500,2026-07-12 01:43:00,SYNDICATE_HUB,1
WTH_04237,TXN_02069,ATM_015,28.445085,77.019599,2500,2026-07-12 01:47:00,SYNDICATE_HUB,1
WTH_03359,TXN_01634,ATM_107,13.150964,78.142922,9000,2026-07-12 01:49:00,SYNDICATE_HUB,1
WTH_02019,TXN_00985,ATM_022,28.532724,77.383774,15000,2026-07-12 01:50:00,VICTIM_CITY,1
WTH_04238,TXN_02069,ATM_015,28.445085,77.019599,15000,2026-07-12 01:52:00,SYNDICATE_HUB,1
WTH_03360,TXN_01634,ATM_107,13.150964,78.142922,15000,2026-07-12 01:56:00,SYNDICATE_HUB,1
WTH_03656,TXN_01778,ATM_019,28.540513,77.343968,15000,2026-07-12 01:56:00,SYNDICATE_HUB,1
WTH_03361,TXN_01634,ATM_107,13.150964,78.142922,7500,2026-07-12 02:01:00,SYNDICATE_HUB,2
WTH_03966,TXN_01930,ATM_110,14.432893,79.988137,3500,2026-07-12 02:02:00,SYNDICATE_HUB,2
WTH_03967,TXN_01930,ATM_110,14.432893,79.988137,13500,2026-07-12 02:10:00,SYNDICATE_HUB,2
WTH_05457,TXN_02663,ATM_011,28.494676,77.021181,8000,2026-07-12 02:16:00,VICTIM_CITY,2
WTH_05458,TXN_02663,ATM_011,28.494676,77.021181,15000,2026-07-12 02:19:00,VICTIM_CITY,2
WTH_04668,TXN_02280,ATM_027,28.519254,77.40568,15000,2026-07-12 02:22:00,SYNDICATE_HUB,2
WTH_02020,TXN_00986,ATM_023,28.500015,77.373724,15000,2026-07-12 02:23:00,SYNDICATE_HUB,2
WTH_05058,TXN_02472,ATM_060,13.00817,77.618662,10500,2026-07-12 02:33:00,SYNDICATE_HUB,2
WTH_04669,TXN_02280,ATM_027,28.519254,77.40568,13500,2026-07-12 02:34:00,SYNDICATE_HUB,2
WTH_04670,TXN_02280,ATM_027,28.519254,77.40568,1000,2026-07-12 02:36:00,SYNDICATE_HUB,2
WTH_02084,TXN_01018,ATM_126,19.030608,72.910743,15000,2026-07-12 02:39:00,VICTIM_CITY,2
WTH_02085,TXN_01018,ATM_126,19.030608,72.910743,6500,2026-07-12 02:45:00,VICTIM_CITY,2
WTH_02086,TXN_01018,ATM_126,19.030608,72.910743,15000,2026-07-12 02:59:00,VICTIM_CITY,2
WTH_04161,TXN_02030,ATM_058,12.965444,77.60425,15000,2026-07-12 02:59:00,SYNDICATE_HUB,2
WTH_04162,TXN_02030,ATM_058,12.965444,77.60425,1000,2026-07-12 03:04:00,SYNDICATE_HUB,3
WTH_05459,TXN_02664,ATM_014,28.431876,77.035617,14000,2026-07-12 03:17:00,VICTIM_CITY,3
WTH_04163,TXN_02030,ATM_058,12.965444,77.60425,15000,2026-07-12 03:21:00,SYNDICATE_HUB,3
WTH_00673,TXN_00320,ATM_041,23.958985,86.808614,1000,2026-07-12 03:22:00,SYNDICATE_HUB,3
WTH_01241,TXN_00596,ATM_132,18.959314,72.840822,15000,2026-07-12 03:25:00,VICTIM_CITY,3
WTH_00674,TXN_00320,ATM_041,23.958985,86.808614,5000,2026-07-12 03:26:00,SYNDICATE_HUB,3
WTH_03362,TXN_01635,ATM_054,28.146724,76.998492,4000,2026-07-12 03:27:00,VICTIM_CITY,3
WTH_01242,TXN_00596,ATM_132,18.959314,72.840822,10500,2026-07-12 03:30:00,VICTIM_CITY,3
WTH_00675,TXN_00320,ATM_041,23.958985,86.808614,15000,2026-07-12 03:34:00,SYNDICATE_HUB,3
WTH_03363,TXN_01635,ATM_054,28.146724,76.998492,10500,2026-07-12 03:34:00,VICTIM_CITY,3
WTH_05460,TXN_02665,ATM_079,17.444705,78.501863,15000,2026-07-12 03:46:00,SYNDICATE_HUB,3
WTH_03364,TXN_01635,ATM_054,28.146724,76.998492,15000,2026-07-12 03:47:00,VICTIM_CITY,3
WTH_05061,TXN_02474,ATM_099,13.057952,80.275004,12500,2026-07-12 03:49:00,SYNDICATE_HUB,3
WTH_03657,TXN_01779,ATM_106,13.144834,78.150669,15000,2026-07-12 03:55:00,SYNDICATE_HUB,3
WTH_05461,TXN_02665,ATM_079,17.444705,78.501863,7000,2026-07-12 03:57:00,SYNDICATE_HUB,3
WTH_00676,TXN_00321,ATM_051,28.080693,76.986587,15000,2026-07-12 03:59:00,SYNDICATE_HUB,3
WTH_03658,TXN_01779,ATM_106,13.144834,78.150669,2000,2026-07-12 04:03:00,SYNDICATE_HUB,4
WTH_00677,TXN_00321,ATM_051,28.080693,76.986587,4000,2026-07-12 04:08:00,SYNDICATE_HUB,4
WTH_05462,TXN_02665,ATM_079,17.444705,78.501863,7000,2026-07-12 04:10:00,SYNDICATE_HUB,4
WTH_01243,TXN_00597,ATM_014,28.431876,77.035617,14000,2026-07-12 04:22:00,SYNDICATE_HUB,4
WTH_02087,TXN_01019,ATM_008,28.418102,77.013105,11500,2026-07-12 04:26:00,SYNDICATE_HUB,4
WTH_02021,TXN_00987,ATM_024,28.524445,77.416371,15000,2026-07-12 04:28:00,VICTIM_CITY,4
WTH_02088,TXN_01019,ATM_008,28.418102,77.013105,15000,2026-07-12 04:35:00,SYNDICATE_HUB,4
WTH_05059,TXN_02473,ATM_014,28.431876,77.035617,10500,2026-07-12 04:37:00,SYNDICATE_HUB,4
WTH_02022,TXN_00987,ATM_024,28.524445,77.416371,15000,2026-07-12 04:39:00,VICTIM_CITY,4
WTH_03365,TXN_01636,ATM_053,28.105774,77.003081,9000,2026-07-12 04:44:00,VICTIM_CITY,4
WTH_05060,TXN_02473,ATM_014,28.431876,77.035617,15000,2026-07-12 04:44:00,SYNDICATE_HUB,4
WTH_04164,TXN_02031,ATM_027,28.519254,77.40568,10000,2026-07-12 04:59:00,VICTIM_CITY,4
WTH_04671,TXN_02281,ATM_075,17.401702,78.496204,10500,2026-07-12 05:11:00,SYNDICATE_HUB,5
WTH_04672,TXN_02281,ATM_075,17.401702,78.496204,7000,2026-07-12 05:23:00,SYNDICATE_HUB,5
WTH_00678,TXN_00322,ATM_095,13.05899,80.228284,2500,2026-07-12 05:31:00,SYNDICATE_HUB,5
WTH_00679,TXN_00322,ATM_095,13.05899,80.228284,15000,2026-07-12 05:35:00,SYNDICATE_HUB,5
WTH_01244,TXN_00598,ATM_068,12.942178,77.644198,15000,2026-07-12 05:39:00,SYNDICATE_HUB,5
WTH_00680,TXN_00322,ATM_095,13.05899,80.228284,15000,2026-07-12 05:45:00,SYNDICATE_HUB,5
WTH_01246,TXN_00598,ATM_068,12.942178,77.644198,11000,2026-07-12 05:47:00,SYNDICATE_HUB,5
WTH_01245,TXN_00598,ATM_068,12.942178,77.644198,3500,2026-07-12 05:51:00,SYNDICATE_HUB,5
WTH_02092,TXN_01021,ATM_121,19.047469,72.873569,14000,2026-07-12 05:52:00,VICTIM_CITY,5
WTH_02089,TXN_01020,ATM_131,19.042631,72.875557,6500,2026-07-12 05:57:00,VICTIM_CITY,5
WTH_02090,TXN_01020,ATM_131,19.042631,72.875557,4000,2026-07-12 06:04:00,VICTIM_CITY,6
WTH_02093,TXN_01022,ATM_118,14.485479,79.999178,14500,2026-07-12 06:05:00,SYNDICATE_HUB,6
WTH_02091,TXN_01020,ATM_131,19.042631,72.875557,15000,2026-07-12 06:07:00,VICTIM_CITY,6
WTH_00681,TXN_00323,ATM_076,17.393016,78.497786,10500,2026-07-12 06:48:00,SYNDICATE_HUB,6
WTH_03366,TXN_01637,ATM_096,13.070198,80.294679,15000,2026-07-12 06:51:00,SYNDICATE_HUB,6
WTH_03367,TXN_01637,ATM_096,13.070198,80.294679,7500,2026-07-12 06:58:00,SYNDICATE_HUB,6
WTH_01247,TXN_00599,ATM_031,23.954833,86.799929,12500,2026-07-12 07:33:00,SYNDICATE_HUB,7
WTH_05062,TXN_02475,ATM_003,28.45388,77.020981,15000,2026-07-12 07:40:00,SYNDICATE_HUB,7
WTH_05063,TXN_02475,ATM_003,28.45388,77.020981,15000,2026-07-12 07:49:00,SYNDICATE_HUB,7
WTH_05064,TXN_02475,ATM_003,28.45388,77.020981,15000,2026-07-12 07:52:00,SYNDICATE_HUB,7
WTH_04676,TXN_02284,ATM_040,23.963968,86.771099,10000,2026-07-12 08:06:00,SYNDICATE_HUB,8
WTH_04674,TXN_02283,ATM_111,14.488893,79.949155,15000,2026-07-12 08:08:00,SYNDICATE_HUB,8
WTH_04675,TXN_02283,ATM_111,14.488893,79.949155,15000,2026-07-12 08:11:00,SYNDICATE_HUB,8
WTH_04677,TXN_02284,ATM_040,23.963968,86.771099,1000,2026-07-12 08:14:00,SYNDICATE_HUB,8
WTH_04678,TXN_02284,ATM_040,23.963968,86.771099,15000,2026-07-12 08:20:00,SYNDICATE_HUB,8
WTH_04673,TXN_02282,ATM_088,13.090447,80.293861,10500,2026-07-12 08:24:00,SYNDICATE_HUB,8
WTH_04679,TXN_02285,ATM_117,14.443511,79.973468,15000,2026-07-12 08:44:00,SYNDICATE_HUB,8
WTH_02094,TXN_01023,ATM_133,19.066908,72.83278,15000,2026-07-12 08:55:00,VICTIM_CITY,8
WTH_04680,TXN_02285,ATM_117,14.443511,79.973468,6500,2026-07-12 08:56:00,SYNDICATE_HUB,8
WTH_04681,TXN_02285,ATM_117,14.443511,79.973468,15000,2026-07-12 09:06:00,SYNDICATE_HUB,9
WTH_02095,TXN_01023,ATM_133,19.066908,72.83278,15000,2026-07-12 09:07:00,VICTIM_CITY,9
WTH_05065,TXN_02476,ATM_064,12.939903,77.576478,15000,2026-07-12 09:20:00,VICTIM_CITY,9
WTH_05066,TXN_02476,ATM_064,12.939903,77.576478,2500,2026-07-12 09:26:00,VICTIM_CITY,9
WTH_02102,TXN_01026,ATM_059,12.970489,77.557202,15000,2026-07-12 09:27:00,SYNDICATE_HUB,9
WTH_02103,TXN_01026,ATM_059,12.970489,77.557202,13000,2026-07-12 09:33:00,SYNDICATE_HUB,9
WTH_02099,TXN_01025,ATM_115,14.428294,80.000092,15000,2026-07-12 09:35:00,SYNDICATE_HUB,9
WTH_01249,TXN_00601,ATM_033,23.9755,86.8246,10500,2026-07-12 09:38:00,SYNDICATE_HUB,9
WTH_01248,TXN_00600,ATM_080,17.346878,78.50771,15000,2026-07-12 09:39:00,SYNDICATE_HUB,9
WTH_01250,TXN_00601,ATM_033,23.9755,86.8246,7000,2026-07-12 09:42:00,SYNDICATE_HUB,9
WTH_02100,TXN_01025,ATM_115,14.428294,80.000092,10000,2026-07-12 09:42:00,SYNDICATE_HUB,9
WTH_05067,TXN_02477,ATM_065,12.974789,77.578489,15000,2026-07-12 09:42:00,VICTIM_CITY,9
WTH_02104,TXN_01026,ATM_059,12.970489,77.557202,10000,2026-07-12 09:47:00,SYNDICATE_HUB,9
WTH_05068,TXN_02477,ATM_065,12.974789,77.578489,15000,2026-07-12 09:47:00,VICTIM_CITY,9
WTH_02101,TXN_01025,ATM_115,14.428294,80.000092,15000,2026-07-12 09:55:00,SYNDICATE_HUB,9
WTH_02096,TXN_01024,ATM_126,19.030608,72.910743,15000,2026-07-12 09:59:00,VICTIM_CITY,9
WTH_04682,TXN_02286,ATM_106,13.144834,78.150669,9500,2026-07-12 09:59:00,VICTIM_CITY,9
WTH_05069,TXN_02477,ATM_065,12.974789,77.578489,6500,2026-07-12 10:00:00,VICTIM_CITY,10
WTH_02097,TXN_01024,ATM_126,19.030608,72.910743,15000,2026-07-12 10:02:00,VICTIM_CITY,10
WTH_02098,TXN_01024,ATM_126,19.030608,72.910743,15000,2026-07-12 10:19:00,VICTIM_CITY,10
WTH_00684,TXN_00325,ATM_039,23.963893,86.798116,15000,2026-07-12 10:42:00,VICTIM_CITY,10
WTH_04683,TXN_02287,ATM_084,17.411306,78.547397,15000,2026-07-12 10:45:00,SYNDICATE_HUB,10
WTH_00685,TXN_00325,ATM_039,23.963893,86.798116,15000,2026-07-12 10:53:00,VICTIM_CITY,10
WTH_04685,TXN_02287,ATM_084,17.411306,78.547397,1000,2026-07-12 10:53:00,SYNDICATE_HUB,10
WTH_00682,TXN_00324,ATM_065,12.974789,77.578489,1500,2026-07-12 10:55:00,SYNDICATE_HUB,10
WTH_04684,TXN_02287,ATM_084,17.411306,78.547397,1000,2026-07-12 10:57:00,SYNDICATE_HUB,10
WTH_00686,TXN_00325,ATM_039,23.963893,86.798116,15000,2026-07-12 11:02:00,VICTIM_CITY,11
WTH_00683,TXN_00324,ATM_065,12.974789,77.578489,15000,2026-07-12 11:06:00,SYNDICATE_HUB,11
WTH_05070,TXN_02478,ATM_061,12.996913,77.5655,8500,2026-07-12 11:28:00,VICTIM_CITY,11
WTH_01251,TXN_00602,ATM_035,23.968286,86.792578,13500,2026-07-12 11:50:00,SYNDICATE_HUB,11
WTH_01252,TXN_00602,ATM_035,23.968286,86.792578,4000,2026-07-12 12:01:00,SYNDICATE_HUB,12
WTH_05071,TXN_02479,ATM_063,12.990379,77.664695,13000,2026-07-12 12:03:00,VICTIM_CITY,12
WTH_05072,TXN_02479,ATM_063,12.990379,77.664695,14500,2026-07-12 12:12:00,VICTIM_CITY,12
WTH_05073,TXN_02479,ATM_063,12.990379,77.664695,10000,2026-07-12 12:13:00,VICTIM_CITY,12
WTH_00689,TXN_00327,ATM_039,23.963893,86.798116,15000,2026-07-12 12:18:00,SYNDICATE_HUB,12
WTH_00687,TXN_00326,ATM_091,13.100219,80.2467,15000,2026-07-12 12:19:00,SYNDICATE_HUB,12
WTH_00688,TXN_00326,ATM_091,13.100219,80.2467,15000,2026-07-12 12:26:00,SYNDICATE_HUB,12
WTH_00690,TXN_00327,ATM_039,23.963893,86.798116,1000,2026-07-12 12:30:00,SYNDICATE_HUB,12
WTH_05074,TXN_02480,ATM_041,23.958985,86.808614,9000,2026-07-12 12:35:00,SYNDICATE_HUB,12
WTH_01253,TXN_00603,ATM_011,28.494676,77.021181,15000,2026-07-12 12:38:00,SYNDICATE_HUB,12
WTH_01254,TXN_00603,ATM_011,28.494676,77.021181,15000,2026-07-12 12:47:00,SYNDICATE_HUB,12
WTH_00691,TXN_00328,ATM_105,13.143941,78.194144,11000,2026-07-12 13:22:00,SYNDICATE_HUB,13
WTH_00692,TXN_00328,ATM_105,13.143941,78.194144,7500,2026-07-12 13:33:00,SYNDICATE_HUB,13
WTH_00693,TXN_00328,ATM_105,13.143941,78.194144,15000,2026-07-12 13:46:00,SYNDICATE_HUB,13
WTH_01255,TXN_00604,ATM_126,19.030608,72.910743,13500,2026-07-12 14:41:00,VICTIM_CITY,14
WTH_04252,TXN_02076,ATM_101,13.141425,78.141473,3000,2026-07-12 16:08:00,VICTIM_CITY,16
WTH_04253,TXN_02076,ATM_101,13.141425,78.141473,15000,2026-07-12 16:19:00,VICTIM_CITY,16
WTH_04254,TXN_02076,ATM_101,13.141425,78.141473,4000,2026-07-12 16:26:00,VICTIM_CITY,16
WTH_00495,TXN_00240,ATM_117,14.443511,79.973468,9500,2026-07-12 16:33:00,SYNDICATE_HUB,16
WTH_00497,TXN_00240,ATM_117,14.443511,79.973468,15000,2026-07-12 16:41:00,SYNDICATE_HUB,16
WTH_00496,TXN_00240,ATM_117,14.443511,79.973468,8500,2026-07-12 16:45:00,SYNDICATE_HUB,16
WTH_01256,TXN_00605,ATM_073,17.393316,78.511718,15000,2026-07-12 16:45:00,SYNDICATE_HUB,16
WTH_00493,TXN_00239,ATM_056,12.910199,77.593752,10000,2026-07-12 16:51:00,SYNDICATE_HUB,16
WTH_01257,TXN_00606,ATM_090,13.07529,80.346865,14500,2026-07-12 16:55:00,SYNDICATE_HUB,16
WTH_00494,TXN_00239,ATM_056,12.910199,77.593752,11000,2026-07-12 17:03:00,SYNDICATE_HUB,17
WTH_00694,TXN_00329,ATM_048,28.101158,76.96573,15000,2026-07-12 17:35:00,SYNDICATE_HUB,17
WTH_00695,TXN_00329,ATM_048,28.101158,76.96573,15000,2026-07-12 17:38:00,SYNDICATE_HUB,17
WTH_04255,TXN_02077,ATM_102,13.153029,78.149361,11500,2026-07-12 18:42:00,VICTIM_CITY,18
WTH_01258,TXN_00607,ATM_124,19.058902,72.85418,15000,2026-07-12 18:46:00,VICTIM_CITY,18
WTH_01259,TXN_00607,ATM_124,19.058902,72.85418,15000,2026-07-12 18:49:00,VICTIM_CITY,18
WTH_04256,TXN_02077,ATM_102,13.153029,78.149361,15000,2026-07-12 18:50:00,VICTIM_CITY,18
WTH_01260,TXN_00608,ATM_133,19.066908,72.83278,15000,2026-07-12 19:13:00,VICTIM_CITY,19
WTH_01261,TXN_00608,ATM_133,19.066908,72.83278,15000,2026-07-12 19:24:00,VICTIM_CITY,19
WTH_00847,TXN_00410,ATM_102,13.153029,78.149361,9500,2026-07-12 19:31:00,SYNDICATE_HUB,19
WTH_01262,TXN_00608,ATM_133,19.066908,72.83278,1500,2026-07-12 19:35:00,VICTIM_CITY,19
WTH_03459,TXN_01683,ATM_086,13.057794,80.247857,14500,2026-07-12 19:57:00,SYNDICATE_HUB,19
WTH_01263,TXN_00609,ATM_084,17.411306,78.547397,9500,2026-07-12 19:58:00,SYNDICATE_HUB,19
WTH_00844,TXN_00409,ATM_131,19.042631,72.875557,15000,2026-07-12 20:01:00,VICTIM_CITY,20
WTH_00845,TXN_00409,ATM_131,19.042631,72.875557,15000,2026-07-12 20:08:00,VICTIM_CITY,20
WTH_03460,TXN_01683,ATM_086,13.057794,80.247857,9000,2026-07-12 20:08:00,SYNDICATE_HUB,20
WTH_00846,TXN_00409,ATM_131,19.042631,72.875557,2000,2026-07-12 20:15:00,VICTIM_CITY,20
WTH_00848,TXN_00411,ATM_073,17.393316,78.511718,7000,2026-07-12 20:50:00,SYNDICATE_HUB,20
WTH_00849,TXN_00411,ATM_073,17.393316,78.511718,8000,2026-07-12 20:55:00,SYNDICATE_HUB,20
WTH_00850,TXN_00411,ATM_073,17.393316,78.511718,15000,2026-07-12 21:10:00,SYNDICATE_HUB,21
WTH_04024,TXN_01962,ATM_054,28.146724,76.998492,14000,2026-07-12 21:59:00,SYNDICATE_HUB,21
WTH_04025,TXN_01963,ATM_074,17.345418,78.444445,15000,2026-07-12 22:38:00,SYNDICATE_HUB,22
WTH_03461,TXN_01684,ATM_135,22.560279,88.367561,9000,2026-07-12 22:41:00,VICTIM_CITY,22
WTH_04026,TXN_01963,ATM_074,17.345418,78.444445,11000,2026-07-12 22:43:00,SYNDICATE_HUB,22
WTH_00851,TXN_00412,ATM_132,18.959314,72.840822,9500,2026-07-12 22:54:00,VICTIM_CITY,22
WTH_03462,TXN_01685,ATM_080,17.346878,78.50771,15000,2026-07-12 23:06:00,SYNDICATE_HUB,23
WTH_03463,TXN_01685,ATM_080,17.346878,78.50771,15000,2026-07-12 23:13:00,SYNDICATE_HUB,23
WTH_03464,TXN_01685,ATM_080,17.346878,78.50771,15000,2026-07-12 23:22:00,SYNDICATE_HUB,23
WTH_04027,TXN_01964,ATM_032,23.944799,86.783761,7500,2026-07-13 00:00:00,VICTIM_CITY,0
WTH_04028,TXN_01964,ATM_032,23.944799,86.783761,15000,2026-07-13 00:03:00,VICTIM_CITY,0
WTH_04029,TXN_01964,ATM_032,23.944799,86.783761,15000,2026-07-13 00:18:00,VICTIM_CITY,0
WTH_00852,TXN_00413,ATM_122,19.09418,72.908867,15000,2026-07-13 00:24:00,VICTIM_CITY,0
WTH_00853,TXN_00413,ATM_122,19.09418,72.908867,13000,2026-07-13 00:28:00,VICTIM_CITY,0
WTH_00854,TXN_00413,ATM_122,19.09418,72.908867,15000,2026-07-13 00:38:00,VICTIM_CITY,0
WTH_00855,TXN_00414,ATM_110,14.432893,79.988137,11000,2026-07-13 00:41:00,SYNDICATE_HUB,0
WTH_03465,TXN_01686,ATM_116,14.427993,79.990829,14000,2026-07-13 01:12:00,SYNDICATE_HUB,1
WTH_00856,TXN_00415,ATM_126,19.030608,72.910743,13000,2026-07-13 02:45:00,VICTIM_CITY,2
WTH_04030,TXN_01965,ATM_021,28.553223,77.395113,1000,2026-07-13 02:53:00,SYNDICATE_HUB,2
WTH_04031,TXN_01965,ATM_021,28.553223,77.395113,15000,2026-07-13 02:59:00,SYNDICATE_HUB,2
WTH_04032,TXN_01965,ATM_021,28.553223,77.395113,9000,2026-07-13 02:59:00,SYNDICATE_HUB,2
WTH_04033,TXN_01966,ATM_030,28.54345,77.414413,1000,2026-07-13 04:00:00,SYNDICATE_HUB,4
WTH_04034,TXN_01966,ATM_030,28.54345,77.414413,15000,2026-07-13 04:08:00,SYNDICATE_HUB,4
WTH_04035,TXN_01967,ATM_036,23.968282,86.827509,15000,2026-07-13 04:23:00,VICTIM_CITY,4
WTH_04036,TXN_01967,ATM_036,23.968282,86.827509,15000,2026-07-13 04:33:00,VICTIM_CITY,4
WTH_01171,TXN_00564,ATM_020,28.503624,77.395725,15000,2026-07-13 04:51:00,SYNDICATE_HUB,4
WTH_01172,TXN_00564,ATM_020,28.503624,77.395725,8000,2026-07-13 04:56:00,SYNDICATE_HUB,4
WTH_01173,TXN_00564,ATM_020,28.503624,77.395725,5000,2026-07-13 04:59:00,SYNDICATE_HUB,4
WTH_04037,TXN_01968,ATM_091,13.100219,80.2467,14500,2026-07-13 05:10:00,SYNDICATE_HUB,5
WTH_01174,TXN_00565,ATM_043,28.09283,76.984965,15000,2026-07-13 05:17:00,SYNDICATE_HUB,5
WTH_02701,TXN_01317,ATM_020,28.503624,77.395725,14000,2026-07-13 06:06:00,SYNDICATE_HUB,6
WTH_02702,TXN_01318,ATM_113,14.433161,80.008279,10000,2026-07-13 06:29:00,VICTIM_CITY,6
WTH_02461,TXN_01202,ATM_021,28.553223,77.395113,15000,2026-07-13 06:42:00,VICTIM_CITY,6
WTH_02462,TXN_01202,ATM_021,28.553223,77.395113,15000,2026-07-13 06:52:00,VICTIM_CITY,6
WTH_04038,TXN_01969,ATM_078,17.394378,78.463841,2000,2026-07-13 07:10:00,SYNDICATE_HUB,7
WTH_04039,TXN_01969,ATM_078,17.394378,78.463841,15000,2026-07-13 07:19:00,SYNDICATE_HUB,7
WTH_04040,TXN_01970,ATM_035,23.968286,86.792578,1000,2026-07-13 07:46:00,SYNDICATE_HUB,7
WTH_04041,TXN_01970,ATM_035,23.968286,86.792578,15000,2026-07-13 07:49:00,SYNDICATE_HUB,7
WTH_01175,TXN_00566,ATM_106,13.144834,78.150669,14000,2026-07-13 07:58:00,VICTIM_CITY,7
WTH_01178,TXN_00567,ATM_107,13.150964,78.142922,15000,2026-07-13 08:00:00,SYNDICATE_HUB,8
WTH_02463,TXN_01203,ATM_048,28.101158,76.96573,15000,2026-07-13 08:00:00,SYNDICATE_HUB,8
WTH_01176,TXN_00566,ATM_106,13.144834,78.150669,2500,2026-07-13 08:02:00,VICTIM_CITY,8
WTH_01177,TXN_00566,ATM_106,13.144834,78.150669,15000,2026-07-13 08:04:00,VICTIM_CITY,8
WTH_01179,TXN_00567,ATM_107,13.150964,78.142922,14000,2026-07-13 08:06:00,SYNDICATE_HUB,8
WTH_02464,TXN_01203,ATM_048,28.101158,76.96573,7000,2026-07-13 08:07:00,SYNDICATE_HUB,8
WTH_01180,TXN_00567,ATM_107,13.150964,78.142922,9500,2026-07-13 08:18:00,SYNDICATE_HUB,8
WTH_02703,TXN_01319,ATM_119,14.402097,79.990229,9500,2026-07-13 08:22:00,VICTIM_CITY,8
WTH_01181,TXN_00568,ATM_064,12.939903,77.576478,15000,2026-07-13 08:57:00,SYNDICATE_HUB,8
WTH_01182,TXN_00568,ATM_064,12.939903,77.576478,15000,2026-07-13 09:03:00,SYNDICATE_HUB,9
WTH_04239,TXN_02070,ATM_002,28.475045,77.063153,15000,2026-07-13 09:04:00,SYNDICATE_HUB,9
WTH_04042,TXN_01971,ATM_100,13.136631,78.114212,15000,2026-07-13 09:45:00,SYNDICATE_HUB,9
WTH_04043,TXN_01971,ATM_100,13.136631,78.114212,15000,2026-07-13 09:52:00,SYNDICATE_HUB,9
WTH_04240,TXN_02071,ATM_102,13.153029,78.149361,13000,2026-07-13 10:00:00,SYNDICATE_HUB,10
WTH_04241,TXN_02071,ATM_102,13.153029,78.149361,1000,2026-07-13 10:10:00,SYNDICATE_HUB,10
WTH_04242,TXN_02071,ATM_102,13.153029,78.149361,15000,2026-07-13 10:22:00,SYNDICATE_HUB,10
WTH_02704,TXN_01320,ATM_085,17.377148,78.46258,3000,2026-07-13 10:50:00,SYNDICATE_HUB,10
WTH_02705,TXN_01320,ATM_085,17.377148,78.46258,15000,2026-07-13 11:02:00,SYNDICATE_HUB,11
WTH_01185,TXN_00570,ATM_107,13.150964,78.142922,1500,2026-07-13 11:17:00,VICTIM_CITY,11
WTH_01186,TXN_00570,ATM_107,13.150964,78.142922,15000,2026-07-13 11:22:00,VICTIM_CITY,11
WTH_02465,TXN_01204,ATM_058,12.965444,77.60425,15000,2026-07-13 11:28:00,SYNDICATE_HUB,11
WTH_02467,TXN_01204,ATM_058,12.965444,77.60425,1000,2026-07-13 11:36:00,SYNDICATE_HUB,11
WTH_02466,TXN_01204,ATM_058,12.965444,77.60425,8500,2026-07-13 11:38:00,SYNDICATE_HUB,11
WTH_01187,TXN_00570,ATM_107,13.150964,78.142922,3000,2026-07-13 11:41:00,VICTIM_CITY,11
WTH_01183,TXN_00569,ATM_105,13.143941,78.194144,15000,2026-07-13 11:45:00,VICTIM_CITY,11
WTH_01184,TXN_00569,ATM_105,13.143941,78.194144,7500,2026-07-13 11:53:00,VICTIM_CITY,11
WTH_01188,TXN_00571,ATM_083,17.415828,78.499909,2000,2026-07-13 12:08:00,SYNDICATE_HUB,12
WTH_01190,TXN_00572,ATM_063,12.990379,77.664695,1000,2026-07-13 12:14:00,SYNDICATE_HUB,12
WTH_01189,TXN_00571,ATM_083,17.415828,78.499909,15000,2026-07-13 12:16:00,SYNDICATE_HUB,12
WTH_01191,TXN_00572,ATM_063,12.990379,77.664695,15000,2026-07-13 12:20:00,SYNDICATE_HUB,12
WTH_01192,TXN_00572,ATM_063,12.990379,77.664695,15000,2026-07-13 12:22:00,SYNDICATE_HUB,12
WTH_04044,TXN_01972,ATM_096,13.070198,80.294679,15000,2026-07-13 12:44:00,SYNDICATE_HUB,12
WTH_04045,TXN_01972,ATM_096,13.070198,80.294679,15000,2026-07-13 12:48:00,SYNDICATE_HUB,12
WTH_02468,TXN_01205,ATM_020,28.503624,77.395725,15000,2026-07-13 13:02:00,VICTIM_CITY,13
WTH_02470,TXN_01205,ATM_020,28.503624,77.395725,15000,2026-07-13 13:08:00,VICTIM_CITY,13
WTH_02469,TXN_01205,ATM_020,28.503624,77.395725,15000,2026-07-13 13:13:00,VICTIM_CITY,13
WTH_04046,TXN_01973,ATM_067,12.937606,77.609755,10500,2026-07-13 13:28:00,SYNDICATE_HUB,13
WTH_01193,TXN_00573,ATM_022,28.532724,77.383774,15000,2026-07-13 14:50:00,SYNDICATE_HUB,14
WTH_01194,TXN_00573,ATM_022,28.532724,77.383774,2000,2026-07-13 14:58:00,SYNDICATE_HUB,14
WTH_01196,TXN_00575,ATM_102,13.153029,78.149361,15000,2026-07-13 15:18:00,VICTIM_CITY,15
WTH_01197,TXN_00575,ATM_102,13.153029,78.149361,2500,2026-07-13 15:21:00,VICTIM_CITY,15
WTH_01198,TXN_00575,ATM_102,13.153029,78.149361,6500,2026-07-13 15:24:00,VICTIM_CITY,15
WTH_01195,TXN_00574,ATM_102,13.153029,78.149361,13500,2026-07-13 15:38:00,SYNDICATE_HUB,15
WTH_02471,TXN_01206,ATM_023,28.500015,77.373724,15000,2026-07-13 16:23:00,VICTIM_CITY,16
WTH_02472,TXN_01206,ATM_023,28.500015,77.373724,8000,2026-07-13 16:30:00,VICTIM_CITY,16
WTH_02473,TXN_01207,ATM_029,28.515359,77.383579,15000,2026-07-13 17:34:00,SYNDICATE_HUB,17
WTH_02474,TXN_01207,ATM_029,28.515359,77.383579,14500,2026-07-13 17:37:00,SYNDICATE_HUB,17
WTH_02475,TXN_01208,ATM_073,17.393316,78.511718,8500,2026-07-13 18:20:00,SYNDICATE_HUB,18
WTH_02476,TXN_01209,ATM_020,28.503624,77.395725,11000,2026-07-13 20:23:00,SYNDICATE_HUB,20
WTH_02477,TXN_01209,ATM_020,28.503624,77.395725,12500,2026-07-13 20:27:00,SYNDICATE_HUB,20
WTH_02478,TXN_01210,ATM_086,13.057794,80.247857,15000,2026-07-13 20:44:00,SYNDICATE_HUB,20
WTH_02689,TXN_01311,ATM_083,17.415828,78.499909,15000,2026-07-13 20:47:00,SYNDICATE_HUB,20
WTH_02479,TXN_01210,ATM_086,13.057794,80.247857,15000,2026-07-13 20:49:00,SYNDICATE_HUB,20
WTH_02690,TXN_01311,ATM_083,17.415828,78.499909,15000,2026-07-13 20:56:00,SYNDICATE_HUB,20
WTH_02691,TXN_01311,ATM_083,17.415828,78.499909,3500,2026-07-13 21:03:00,SYNDICATE_HUB,21
WTH_00103,TXN_00049,ATM_100,13.136631,78.114212,11500,2026-07-13 22:08:00,SYNDICATE_HUB,22
WTH_00104,TXN_00049,ATM_100,13.136631,78.114212,15000,2026-07-13 22:15:00,SYNDICATE_HUB,22
WTH_00105,TXN_00050,ATM_087,13.080541,80.280252,15000,2026-07-13 22:20:00,SYNDICATE_HUB,22
WTH_00106,TXN_00050,ATM_087,13.080541,80.280252,15000,2026-07-13 22:30:00,SYNDICATE_HUB,22
WTH_02480,TXN_01211,ATM_011,28.494676,77.021181,15000,2026-07-13 23:53:00,SYNDICATE_HUB,23
WTH_02481,TXN_01211,ATM_011,28.494676,77.021181,15000,2026-07-13 23:59:00,SYNDICATE_HUB,23
WTH_01515,TXN_00735,ATM_059,12.970489,77.557202,9500,2026-07-14 00:01:00,VICTIM_CITY,0
WTH_01750,TXN_00854,ATM_059,12.970489,77.557202,5000,2026-07-14 00:39:00,SYNDICATE_HUB,0
WTH_01751,TXN_00854,ATM_059,12.970489,77.557202,15000,2026-07-14 00:44:00,SYNDICATE_HUB,0
WTH_00107,TXN_00051,ATM_007,28.465307,76.980681,15000,2026-07-14 01:10:00,SYNDICATE_HUB,1
WTH_01407,TXN_00680,ATM_014,28.431876,77.035617,15000,2026-07-14 01:10:00,SYNDICATE_HUB,1
WTH_00108,TXN_00051,ATM_007,28.465307,76.980681,9500,2026-07-14 01:14:00,SYNDICATE_HUB,1
WTH_00109,TXN_00051,ATM_007,28.465307,76.980681,15000,2026-07-14 01:34:00,SYNDICATE_HUB,1
WTH_01752,TXN_00855,ATM_086,13.057794,80.247857,15000,2026-07-14 01:35:00,SYNDICATE_HUB,1
WTH_01753,TXN_00855,ATM_086,13.057794,80.247857,6500,2026-07-14 01:44:00,SYNDICATE_HUB,1
WTH_01754,TXN_00855,ATM_086,13.057794,80.247857,15000,2026-07-14 01:57:00,SYNDICATE_HUB,1
WTH_00110,TXN_00052,ATM_083,17.415828,78.499909,15000,2026-07-14 02:03:00,SYNDICATE_HUB,2
WTH_03469,TXN_01689,ATM_020,28.503624,77.395725,9500,2026-07-14 02:05:00,SYNDICATE_HUB,2
WTH_00111,TXN_00052,ATM_083,17.415828,78.499909,1000,2026-07-14 02:09:00,SYNDICATE_HUB,2
WTH_00112,TXN_00053,ATM_121,19.047469,72.873569,7500,2026-07-14 02:25:00,VICTIM_CITY,2
WTH_00113,TXN_00053,ATM_121,19.047469,72.873569,11500,2026-07-14 02:28:00,VICTIM_CITY,2
WTH_00114,TXN_00053,ATM_121,19.047469,72.873569,15000,2026-07-14 02:39:00,VICTIM_CITY,2
WTH_03470,TXN_01690,ATM_073,17.393316,78.511718,15000,2026-07-14 03:14:00,SYNDICATE_HUB,3
WTH_01755,TXN_00856,ATM_046,28.110942,77.014373,15000,2026-07-14 03:17:00,SYNDICATE_HUB,3
WTH_03471,TXN_01690,ATM_073,17.393316,78.511718,4000,2026-07-14 03:20:00,SYNDICATE_HUB,3
WTH_01756,TXN_00856,ATM_046,28.110942,77.014373,5500,2026-07-14 03:28:00,SYNDICATE_HUB,3
WTH_01757,TXN_00856,ATM_046,28.110942,77.014373,1000,2026-07-14 03:35:00,SYNDICATE_HUB,3
WTH_01408,TXN_00681,ATM_104,13.143941,78.140721,15000,2026-07-14 03:43:00,VICTIM_CITY,3
WTH_03561,TXN_01732,ATM_061,12.996913,77.5655,13500,2026-07-14 03:43:00,SYNDICATE_HUB,3
WTH_01409,TXN_00681,ATM_104,13.143941,78.140721,15000,2026-07-14 03:54:00,VICTIM_CITY,3
WTH_03562,TXN_01733,ATM_113,14.433161,80.008279,15000,2026-07-14 03:58:00,SYNDICATE_HUB,3
WTH_03563,TXN_01733,ATM_113,14.433161,80.008279,15000,2026-07-14 04:06:00,SYNDICATE_HUB,4
WTH_01410,TXN_00682,ATM_106,13.144834,78.150669,11000,2026-07-14 04:22:00,VICTIM_CITY,4
WTH_01411,TXN_00682,ATM_106,13.144834,78.150669,9000,2026-07-14 04:29:00,VICTIM_CITY,4
WTH_03472,TXN_01691,ATM_104,13.143941,78.140721,10500,2026-07-14 04:55:00,SYNDICATE_HUB,4
WTH_00313,TXN_00151,ATM_149,9.95279,76.274675,14500,2026-07-14 04:58:00,VICTIM_CITY,4
WTH_03564,TXN_01734,ATM_043,28.09283,76.984965,11000,2026-07-14 05:35:00,VICTIM_CITY,5
WTH_03565,TXN_01734,ATM_043,28.09283,76.984965,15000,2026-07-14 05:46:00,VICTIM_CITY,5
WTH_03566,TXN_01734,ATM_043,28.09283,76.984965,4500,2026-07-14 05:47:00,VICTIM_CITY,5
WTH_01412,TXN_00683,ATM_108,13.130656,78.144644,15000,2026-07-14 05:53:00,SYNDICATE_HUB,5
WTH_01413,TXN_00683,ATM_108,13.130656,78.144644,15000,2026-07-14 06:03:00,SYNDICATE_HUB,6
WTH_01758,TXN_00857,ATM_102,13.153029,78.149361,12000,2026-07-14 06:03:00,SYNDICATE_HUB,6
WTH_03473,TXN_01692,ATM_055,12.979842,77.592218,15000,2026-07-14 06:03:00,SYNDICATE_HUB,6
WTH_01414,TXN_00683,ATM_108,13.130656,78.144644,15000,2026-07-14 06:09:00,SYNDICATE_HUB,6
WTH_03567,TXN_01735,ATM_014,28.431876,77.035617,8500,2026-07-14 06:10:00,SYNDICATE_HUB,6
WTH_01759,TXN_00857,ATM_102,13.153029,78.149361,15000,2026-07-14 06:12:00,SYNDICATE_HUB,6
WTH_03474,TXN_01692,ATM_055,12.979842,77.592218,15000,2026-07-14 06:13:00,SYNDICATE_HUB,6
WTH_03568,TXN_01736,ATM_082,17.422075,78.460438,15000,2026-07-14 06:36:00,SYNDICATE_HUB,6
WTH_03569,TXN_01736,ATM_082,17.422075,78.460438,15000,2026-07-14 06:46:00,SYNDICATE_HUB,6
WTH_01760,TXN_00858,ATM_007,28.465307,76.980681,14000,2026-07-14 07:03:00,VICTIM_CITY,7
WTH_03475,TXN_01693,ATM_001,28.471421,77.023282,15000,2026-07-14 07:16:00,SYNDICATE_HUB,7
WTH_01417,TXN_00685,ATM_057,12.973527,77.673424,3000,2026-07-14 07:53:00,SYNDICATE_HUB,7
WTH_01418,TXN_00685,ATM_057,12.973527,77.673424,13000,2026-07-14 07:56:00,SYNDICATE_HUB,7
WTH_05376,TXN_02626,ATM_017,28.535176,77.365615,9500,2026-07-14 08:04:00,VICTIM_CITY,8
WTH_01415,TXN_00684,ATM_106,13.144834,78.150669,15000,2026-07-14 08:08:00,VICTIM_CITY,8
WTH_01416,TXN_00684,ATM_106,13.144834,78.150669,11500,2026-07-14 08:11:00,VICTIM_CITY,8
WTH_03476,TXN_01694,ATM_032,23.944799,86.783761,15000,2026-07-14 08:18:00,SYNDICATE_HUB,8
WTH_03570,TXN_01737,ATM_107,13.150964,78.142922,15000,2026-07-14 08:25:00,SYNDICATE_HUB,8
WTH_03478,TXN_01694,ATM_032,23.944799,86.783761,15000,2026-07-14 08:26:00,SYNDICATE_HUB,8
WTH_03477,TXN_01694,ATM_032,23.944799,86.783761,15000,2026-07-14 08:28:00,SYNDICATE_HUB,8
WTH_03571,TXN_01737,ATM_107,13.150964,78.142922,6500,2026-07-14 08:36:00,SYNDICATE_HUB,8
WTH_03572,TXN_01737,ATM_107,13.150964,78.142922,1000,2026-07-14 08:47:00,SYNDICATE_HUB,8
WTH_01419,TXN_00686,ATM_106,13.144834,78.150669,9500,2026-07-14 09:12:00,VICTIM_CITY,9
WTH_00314,TXN_00152,ATM_024,28.524445,77.416371,4000,2026-07-14 09:16:00,SYNDICATE_HUB,9
WTH_00315,TXN_00152,ATM_024,28.524445,77.416371,9000,2026-07-14 09:26:00,SYNDICATE_HUB,9
WTH_00316,TXN_00152,ATM_024,28.524445,77.416371,15000,2026-07-14 09:28:00,SYNDICATE_HUB,9
WTH_00317,TXN_00153,ATM_009,28.435192,77.034142,15000,2026-07-14 09:47:00,SYNDICATE_HUB,9
WTH_03479,TXN_01695,ATM_092,13.052715,80.284209,15000,2026-07-14 10:30:00,SYNDICATE_HUB,10
WTH_03480,TXN_01695,ATM_092,13.052715,80.284209,1500,2026-07-14 10:42:00,SYNDICATE_HUB,10
WTH_03481,TXN_01695,ATM_092,13.052715,80.284209,15000,2026-07-14 10:48:00,SYNDICATE_HUB,10
WTH_00318,TXN_00154,ATM_100,13.136631,78.114212,13500,2026-07-14 11:08:00,SYNDICATE_HUB,11
WTH_03573,TXN_01738,ATM_052,28.102146,76.978954,11000,2026-07-14 11:14:00,VICTIM_CITY,11
WTH_01420,TXN_00687,ATM_077,17.363239,78.494132,1000,2026-07-14 11:44:00,SYNDICATE_HUB,11
WTH_01421,TXN_00687,ATM_077,17.363239,78.494132,15000,2026-07-14 11:51:00,SYNDICATE_HUB,11
WTH_01423,TXN_00689,ATM_078,17.394378,78.463841,15000,2026-07-14 12:23:00,SYNDICATE_HUB,12
WTH_03574,TXN_01739,ATM_073,17.393316,78.511718,6000,2026-07-14 12:26:00,SYNDICATE_HUB,12
WTH_03575,TXN_01739,ATM_073,17.393316,78.511718,10000,2026-07-14 12:29:00,SYNDICATE_HUB,12
WTH_01424,TXN_00689,ATM_078,17.394378,78.463841,4500,2026-07-14 12:33:00,SYNDICATE_HUB,12
WTH_01422,TXN_00688,ATM_039,23.963893,86.798116,14000,2026-07-14 12:51:00,SYNDICATE_HUB,12
WTH_03482,TXN_01696,ATM_036,23.968282,86.827509,15000,2026-07-14 12:51:00,SYNDICATE_HUB,12
WTH_03483,TXN_01696,ATM_036,23.968282,86.827509,1000,2026-07-14 13:03:00,SYNDICATE_HUB,13
WTH_00319,TXN_00155,ATM_005,28.448233,77.039621,10500,2026-07-14 13:06:00,SYNDICATE_HUB,13
WTH_03484,TXN_01696,ATM_036,23.968282,86.827509,15000,2026-07-14 13:13:00,SYNDICATE_HUB,13
WTH_03485,TXN_01697,ATM_112,14.456325,79.954246,14000,2026-07-14 15:05:00,VICTIM_CITY,15
WTH_01425,TXN_00690,ATM_103,13.113657,78.117495,15000,2026-07-14 15:12:00,VICTIM_CITY,15
WTH_01426,TXN_00690,ATM_103,13.113657,78.117495,15000,2026-07-14 15:22:00,VICTIM_CITY,15
WTH_01427,TXN_00691,ATM_105,13.143941,78.194144,13000,2026-07-14 15:39:00,VICTIM_CITY,15
WTH_03576,TXN_01740,ATM_049,28.114922,77.000221,9000,2026-07-14 15:56:00,SYNDICATE_HUB,15
WTH_03486,TXN_01698,ATM_117,14.443511,79.973468,15000,2026-07-14 16:52:00,VICTIM_CITY,16
WTH_03487,TXN_01698,ATM_117,14.443511,79.973468,15000,2026-07-14 16:58:00,VICTIM_CITY,16
WTH_03986,TXN_01942,ATM_072,17.333561,78.492608,15000,2026-07-14 17:48:00,SYNDICATE_HUB,17
WTH_03488,TXN_01699,ATM_058,12.965444,77.60425,13000,2026-07-14 17:53:00,SYNDICATE_HUB,17
WTH_03987,TXN_01942,ATM_072,17.333561,78.492608,15000,2026-07-14 18:00:00,SYNDICATE_HUB,18
WTH_04339,TXN_02116,ATM_107,13.150964,78.142922,15000,2026-07-14 18:02:00,SYNDICATE_HUB,18
WTH_03577,TXN_01741,ATM_047,28.094959,76.988447,15000,2026-07-14 18:10:00,SYNDICATE_HUB,18
WTH_03049,TXN_01489,ATM_052,28.102146,76.978954,9500,2026-07-14 18:19:00,SYNDICATE_HUB,18
WTH_05377,TXN_02627,ATM_017,28.535176,77.365615,9500,2026-07-14 18:59:00,SYNDICATE_HUB,18
WTH_04340,TXN_02117,ATM_023,28.500015,77.373724,13500,2026-07-14 19:20:00,SYNDICATE_HUB,19
WTH_03050,TXN_01490,ATM_005,28.448233,77.039621,15000,2026-07-14 19:25:00,SYNDICATE_HUB,19
WTH_05378,TXN_02628,ATM_149,9.95279,76.274675,15000,2026-07-14 19:37:00,VICTIM_CITY,19
WTH_03489,TXN_01700,ATM_114,14.443886,79.964945,1000,2026-07-14 19:38:00,VICTIM_CITY,19
WTH_03490,TXN_01700,ATM_114,14.443886,79.964945,15000,2026-07-14 19:43:00,VICTIM_CITY,19
WTH_05380,TXN_02628,ATM_149,9.95279,76.274675,15000,2026-07-14 19:45:00,VICTIM_CITY,19
WTH_05379,TXN_02628,ATM_149,9.95279,76.274675,15000,2026-07-14 19:46:00,VICTIM_CITY,19
WTH_03491,TXN_01700,ATM_114,14.443886,79.964945,15000,2026-07-14 19:48:00,VICTIM_CITY,19
WTH_04390,TXN_02139,ATM_024,28.524445,77.416371,2500,2026-07-14 20:36:00,VICTIM_CITY,20
WTH_05381,TXN_02629,ATM_149,9.95279,76.274675,13500,2026-07-14 20:38:00,VICTIM_CITY,20
WTH_04391,TXN_02139,ATM_024,28.524445,77.416371,15000,2026-07-14 20:46:00,VICTIM_CITY,20
WTH_04392,TXN_02140,ATM_019,28.540513,77.343968,9500,2026-07-14 20:47:00,VICTIM_CITY,20
WTH_04820,TXN_02355,ATM_112,14.456325,79.954246,15000,2026-07-14 21:11:00,SYNDICATE_HUB,21
WTH_04341,TXN_02118,ATM_026,28.543278,77.381758,5000,2026-07-14 21:14:00,SYNDICATE_HUB,21
WTH_04342,TXN_02118,ATM_026,28.543278,77.381758,9500,2026-07-14 21:18:00,SYNDICATE_HUB,21
WTH_03988,TXN_01943,ATM_071,17.392279,78.528529,15000,2026-07-14 21:20:00,VICTIM_CITY,21
WTH_04821,TXN_02355,ATM_112,14.456325,79.954246,15000,2026-07-14 21:21:00,SYNDICATE_HUB,21
WTH_04343,TXN_02118,ATM_026,28.543278,77.381758,15000,2026-07-14 21:24:00,SYNDICATE_HUB,21
WTH_03989,TXN_01943,ATM_071,17.392279,78.528529,3500,2026-07-14 21:30:00,VICTIM_CITY,21
WTH_04822,TXN_02355,ATM_112,14.456325,79.954246,15000,2026-07-14 21:31:00,SYNDICATE_HUB,21
WTH_03578,TXN_01742,ATM_053,28.105774,77.003081,10000,2026-07-14 21:37:00,VICTIM_CITY,21
WTH_03990,TXN_01944,ATM_013,28.446435,77.029262,15000,2026-07-14 21:43:00,SYNDICATE_HUB,21
WTH_03991,TXN_01944,ATM_013,28.446435,77.029262,15000,2026-07-14 21:51:00,SYNDICATE_HUB,21
WTH_03053,TXN_01492,ATM_106,13.144834,78.150669,15000,2026-07-14 21:55:00,SYNDICATE_HUB,21
WTH_03054,TXN_01492,ATM_106,13.144834,78.150669,15000,2026-07-14 21:58:00,SYNDICATE_HUB,21
WTH_03992,TXN_01944,ATM_013,28.446435,77.029262,3500,2026-07-14 22:01:00,SYNDICATE_HUB,22
WTH_03051,TXN_01491,ATM_071,17.392279,78.528529,15000,2026-07-14 22:07:00,SYNDICATE_HUB,22
WTH_03052,TXN_01491,ATM_071,17.392279,78.528529,15000,2026-07-14 22:14:00,SYNDICATE_HUB,22
WTH_04344,TXN_02119,ATM_063,12.990379,77.664695,15000,2026-07-14 22:41:00,SYNDICATE_HUB,22
WTH_04345,TXN_02119,ATM_063,12.990379,77.664695,15000,2026-07-14 22:49:00,SYNDICATE_HUB,22
WTH_05382,TXN_02630,ATM_095,13.05899,80.228284,15000,2026-07-14 22:53:00,SYNDICATE_HUB,22
WTH_04346,TXN_02119,ATM_063,12.990379,77.664695,15000,2026-07-14 22:55:00,SYNDICATE_HUB,22
WTH_05384,TXN_02630,ATM_095,13.05899,80.228284,15000,2026-07-14 22:59:00,SYNDICATE_HUB,22
WTH_05383,TXN_02630,ATM_095,13.05899,80.228284,15000,2026-07-14 23:04:00,SYNDICATE_HUB,23
WTH_05385,TXN_02631,ATM_150,9.950709,76.282411,15000,2026-07-14 23:28:00,VICTIM_CITY,23
WTH_04393,TXN_02141,ATM_024,28.524445,77.416371,15000,2026-07-14 23:37:00,VICTIM_CITY,23
WTH_04605,TXN_02248,ATM_060,13.00817,77.618662,10500,2026-07-14 23:40:00,SYNDICATE_HUB,23
WTH_00338,TXN_00164,ATM_111,14.488893,79.949155,15000,2026-07-14 23:43:00,VICTIM_CITY,23
WTH_04394,TXN_02141,ATM_024,28.524445,77.416371,6500,2026-07-14 23:46:00,VICTIM_CITY,23
WTH_04395,TXN_02141,ATM_024,28.524445,77.416371,11500,2026-07-14 23:47:00,VICTIM_CITY,23
WTH_03492,TXN_01701,ATM_118,14.485479,79.999178,15000,2026-07-14 23:48:00,VICTIM_CITY,23
WTH_00339,TXN_00164,ATM_111,14.488893,79.949155,12000,2026-07-14 23:51:00,VICTIM_CITY,23
WTH_03493,TXN_01701,ATM_118,14.485479,79.999178,15000,2026-07-14 23:54:00,VICTIM_CITY,23
WTH_04396,TXN_02142,ATM_073,17.393316,78.511718,15000,2026-07-14 23:55:00,SYNDICATE_HUB,23
WTH_00340,TXN_00164,ATM_111,14.488893,79.949155,15000,2026-07-14 23:57:00,VICTIM_CITY,23
WTH_04823,TXN_02356,ATM_136,22.612956,88.323696,15000,2026-07-15 00:01:00,VICTIM_CITY,0
WTH_03494,TXN_01701,ATM_118,14.485479,79.999178,15000,2026-07-15 00:04:00,VICTIM_CITY,0
WTH_04397,TXN_02142,ATM_073,17.393316,78.511718,7000,2026-07-15 00:05:00,SYNDICATE_HUB,0
WTH_04398,TXN_02142,ATM_073,17.393316,78.511718,15000,2026-07-15 00:05:00,SYNDICATE_HUB,0
WTH_00341,TXN_00165,ATM_056,12.910199,77.593752,15000,2026-07-15 00:32:00,SYNDICATE_HUB,0
WTH_00342,TXN_00165,ATM_056,12.910199,77.593752,9500,2026-07-15 00:38:00,SYNDICATE_HUB,0
WTH_05386,TXN_02632,ATM_117,14.443511,79.973468,4500,2026-07-15 00:50:00,SYNDICATE_HUB,0
WTH_05387,TXN_02632,ATM_117,14.443511,79.973468,15000,2026-07-15 01:00:00,SYNDICATE_HUB,1
WTH_05388,TXN_02632,ATM_117,14.443511,79.973468,12000,2026-07-15 01:08:00,SYNDICATE_HUB,1
WTH_04824,TXN_02357,ATM_054,28.146724,76.998492,3000,2026-07-15 01:09:00,SYNDICATE_HUB,1
WTH_03993,TXN_01945,ATM_071,17.392279,78.528529,9500,2026-07-15 01:11:00,VICTIM_CITY,1
WTH_03497,TXN_01703,ATM_011,28.494676,77.021181,9500,2026-07-15 01:12:00,SYNDICATE_HUB,1
WTH_04347,TXN_02120,ATM_111,14.488893,79.949155,1500,2026-07-15 01:14:00,VICTIM_CITY,1
WTH_04606,TXN_02249,ATM_009,28.435192,77.034142,15000,2026-07-15 01:14:00,SYNDICATE_HUB,1
WTH_04825,TXN_02357,ATM_054,28.146724,76.998492,15000,2026-07-15 01:19:00,SYNDICATE_HUB,1
WTH_03058,TXN_01494,ATM_072,17.333561,78.492608,4500,2026-07-15 01:23:00,SYNDICATE_HUB,1
WTH_04348,TXN_02120,ATM_111,14.488893,79.949155,15000,2026-07-15 01:23:00,VICTIM_CITY,1
WTH_04607,TXN_02249,ATM_009,28.435192,77.034142,1500,2026-07-15 01:25:00,SYNDICATE_HUB,1
WTH_04608,TXN_02249,ATM_009,28.435192,77.034142,15000,2026-07-15 01:28:00,SYNDICATE_HUB,1
WTH_03059,TXN_01494,ATM_072,17.333561,78.492608,15000,2026-07-15 01:33:00,SYNDICATE_HUB,1
WTH_04826,TXN_02357,ATM_054,28.146724,76.998492,12500,2026-07-15 01:33:00,SYNDICATE_HUB,1
WTH_04349,TXN_02120,ATM_111,14.488893,79.949155,3500,2026-07-15 01:38:00,VICTIM_CITY,1
WTH_05389,TXN_02633,ATM_150,9.950709,76.282411,10000,2026-07-15 01:48:00,VICTIM_CITY,1
WTH_03055,TXN_01493,ATM_146,11.011805,76.943968,15000,2026-07-15 01:52:00,VICTIM_CITY,1
WTH_04350,TXN_02121,ATM_119,14.402097,79.990229,15000,2026-07-15 01:57:00,VICTIM_CITY,1
WTH_03056,TXN_01493,ATM_146,11.011805,76.943968,15000,2026-07-15 01:59:00,VICTIM_CITY,1
WTH_04351,TXN_02121,ATM_119,14.402097,79.990229,15000,2026-07-15 02:05:00,VICTIM_CITY,2
WTH_03057,TXN_01493,ATM_146,11.011805,76.943968,6000,2026-07-15 02:08:00,VICTIM_CITY,2
WTH_03495,TXN_01702,ATM_112,14.456325,79.954246,1000,2026-07-15 02:09:00,VICTIM_CITY,2
WTH_03496,TXN_01702,ATM_112,14.456325,79.954246,15000,2026-07-15 02:16:00,VICTIM_CITY,2
WTH_00343,TXN_00166,ATM_096,13.070198,80.294679,7500,2026-07-15 02:32:00,SYNDICATE_HUB,2
WTH_00344,TXN_00166,ATM_096,13.070198,80.294679,15000,2026-07-15 02:37:00,SYNDICATE_HUB,2
WTH_04609,TXN_02250,ATM_085,17.377148,78.46258,15000,2026-07-15 02:37:00,SYNDICATE_HUB,2
WTH_04610,TXN_02250,ATM_085,17.377148,78.46258,15000,2026-07-15 02:47:00,SYNDICATE_HUB,2
WTH_01618,TXN_00793,ATM_002,28.475045,77.063153,15000,2026-07-15 02:51:00,SYNDICATE_HUB,2
WTH_03498,TXN_01704,ATM_110,14.432893,79.988137,15000,2026-07-15 02:51:00,SYNDICATE_HUB,2
WTH_04399,TXN_02143,ATM_072,17.333561,78.492608,14500,2026-07-15 02:53:00,SYNDICATE_HUB,2
WTH_01619,TXN_00793,ATM_002,28.475045,77.063153,15000,2026-07-15 02:54:00,SYNDICATE_HUB,2
WTH_03499,TXN_01704,ATM_110,14.432893,79.988137,7000,2026-07-15 02:56:00,SYNDICATE_HUB,2
WTH_04400,TXN_02143,ATM_072,17.333561,78.492608,15000,2026-07-15 03:01:00,SYNDICATE_HUB,3
WTH_00345,TXN_00167,ATM_115,14.428294,80.000092,15000,2026-07-15 03:02:00,SYNDICATE_HUB,3
WTH_00346,TXN_00167,ATM_115,14.428294,80.000092,15000,2026-07-15 03:07:00,SYNDICATE_HUB,3
WTH_03500,TXN_01704,ATM_110,14.432893,79.988137,10000,2026-07-15 03:09:00,SYNDICATE_HUB,3
WTH_05585,TXN_02725,ATM_008,28.418102,77.013105,15000,2026-07-15 03:12:00,SYNDICATE_HUB,3
WTH_00773,TXN_00372,ATM_084,17.411306,78.547397,15000,2026-07-15 03:16:00,SYNDICATE_HUB,3
WTH_05586,TXN_02725,ATM_008,28.418102,77.013105,15000,2026-07-15 03:22:00,SYNDICATE_HUB,3
WTH_00774,TXN_00372,ATM_084,17.411306,78.547397,15000,2026-07-15 03:24:00,SYNDICATE_HUB,3
WTH_00775,TXN_00372,ATM_084,17.411306,78.547397,15000,2026-07-15 03:24:00,SYNDICATE_HUB,3
WTH_03060,TXN_01495,ATM_084,17.411306,78.547397,9500,2026-07-15 03:31:00,SYNDICATE_HUB,3
WTH_04827,TXN_02358,ATM_040,23.963968,86.771099,8500,2026-07-15 03:32:00,SYNDICATE_HUB,3
WTH_03061,TXN_01495,ATM_084,17.411306,78.547397,7000,2026-07-15 03:39:00,SYNDICATE_HUB,3
WTH_03062,TXN_01495,ATM_084,17.411306,78.547397,15000,2026-07-15 03:39:00,SYNDICATE_HUB,3
WTH_05390,TXN_02634,ATM_085,17.377148,78.46258,15000,2026-07-15 03:41:00,SYNDICATE_HUB,3
WTH_05587,TXN_02726,ATM_083,17.415828,78.499909,15000,2026-07-15 03:50:00,SYNDICATE_HUB,3
WTH_00772,TXN_00371,ATM_119,14.402097,79.990229,10500,2026-07-15 03:55:00,SYNDICATE_HUB,3
WTH_05588,TXN_02726,ATM_083,17.415828,78.499909,15000,2026-07-15 03:56:00,SYNDICATE_HUB,3
WTH_03996,TXN_01947,ATM_078,17.394378,78.463841,11500,2026-07-15 04:01:00,VICTIM_CITY,4
WTH_03994,TXN_01946,ATM_105,13.143941,78.194144,15000,2026-07-15 04:08:00,SYNDICATE_HUB,4
WTH_03997,TXN_01947,ATM_078,17.394378,78.463841,13000,2026-07-15 04:09:00,VICTIM_CITY,4
WTH_05589,TXN_02726,ATM_083,17.415828,78.499909,8500,2026-07-15 04:14:00,SYNDICATE_HUB,4
WTH_03995,TXN_01946,ATM_105,13.143941,78.194144,15000,2026-07-15 04:16:00,SYNDICATE_HUB,4
WTH_00347,TXN_00168,ATM_115,14.428294,80.000092,15000,2026-07-15 04:23:00,VICTIM_CITY,4
WTH_00348,TXN_00168,ATM_115,14.428294,80.000092,15000,2026-07-15 04:31:00,VICTIM_CITY,4
WTH_00776,TXN_00373,ATM_096,13.070198,80.294679,15000,2026-07-15 04:31:00,SYNDICATE_HUB,4
WTH_05391,TXN_02635,ATM_048,28.101158,76.96573,10500,2026-07-15 04:45:00,SYNDICATE_HUB,4
WTH_05392,TXN_02635,ATM_048,28.101158,76.96573,15000,2026-07-15 04:48:00,SYNDICATE_HUB,4
WTH_05590,TXN_02727,ATM_115,14.428294,80.000092,11500,2026-07-15 04:48:00,VICTIM_CITY,4
WTH_05591,TXN_02727,ATM_115,14.428294,80.000092,15000,2026-07-15 04:53:00,VICTIM_CITY,4
WTH_04611,TXN_02251,ATM_085,17.377148,78.46258,15000,2026-07-15 04:56:00,SYNDICATE_HUB,4
WTH_05393,TXN_02635,ATM_048,28.101158,76.96573,15000,2026-07-15 05:05:00,SYNDICATE_HUB,5
WTH_05592,TXN_02727,ATM_115,14.428294,80.000092,14000,2026-07-15 05:06:00,VICTIM_CITY,5
WTH_01620,TXN_00794,ATM_018,28.555241,77.3617,15000,2026-07-15 05:32:00,SYNDICATE_HUB,5
WTH_01621,TXN_00795,ATM_105,13.143941,78.194144,15000,2026-07-15 05:37:00,SYNDICATE_HUB,5
WTH_03998,TXN_01948,ATM_058,12.965444,77.60425,15000,2026-07-15 05:44:00,SYNDICATE_HUB,5
WTH_03999,TXN_01948,ATM_058,12.965444,77.60425,15000,2026-07-15 05:47:00,SYNDICATE_HUB,5
WTH_04000,TXN_01949,ATM_034,23.961348,86.818957,9000,2026-07-15 06:16:00,SYNDICATE_HUB,6
WTH_03063,TXN_01496,ATM_059,12.970489,77.557202,15000,2026-07-15 06:18:00,SYNDICATE_HUB,6
WTH_00550,TXN_00264,ATM_089,13.083064,80.311399,3500,2026-07-15 06:19:00,SYNDICATE_HUB,6
WTH_03064,TXN_01496,ATM_059,12.970489,77.557202,15000,2026-07-15 06:23:00,SYNDICATE_HUB,6
WTH_00552,TXN_00264,ATM_089,13.083064,80.311399,15000,2026-07-15 06:25:00,SYNDICATE_HUB,6
WTH_00553,TXN_00265,ATM_021,28.553223,77.395113,12000,2026-07-15 06:26:00,SYNDICATE_HUB,6
WTH_00551,TXN_00264,ATM_089,13.083064,80.311399,1000,2026-07-15 06:30:00,SYNDICATE_HUB,6
WTH_00554,TXN_00265,ATM_021,28.553223,77.395113,15000,2026-07-15 06:33:00,SYNDICATE_HUB,6
WTH_00349,TXN_00169,ATM_117,14.443511,79.973468,15000,2026-07-15 06:42:00,VICTIM_CITY,6
WTH_00350,TXN_00169,ATM_117,14.443511,79.973468,15000,2026-07-15 06:53:00,VICTIM_CITY,6
WTH_05593,TXN_02728,ATM_110,14.432893,79.988137,9500,2026-07-15 06:56:00,SYNDICATE_HUB,6
WTH_04001,TXN_01950,ATM_047,28.094959,76.988447,15000,2026-07-15 07:08:00,SYNDICATE_HUB,7
WTH_00878,TXN_00427,ATM_113,14.433161,80.008279,12500,2026-07-15 07:10:00,VICTIM_CITY,7
WTH_00555,TXN_00266,ATM_054,28.146724,76.998492,15000,2026-07-15 07:17:00,SYNDICATE_HUB,7
WTH_04002,TXN_01950,ATM_047,28.094959,76.988447,15000,2026-07-15 07:17:00,SYNDICATE_HUB,7
WTH_00879,TXN_00427,ATM_113,14.433161,80.008279,4500,2026-07-15 07:20:00,VICTIM_CITY,7
WTH_00556,TXN_00266,ATM_054,28.146724,76.998492,15000,2026-07-15 07:23:00,SYNDICATE_HUB,7
WTH_00880,TXN_00427,ATM_113,14.433161,80.008279,15000,2026-07-15 07:24:00,VICTIM_CITY,7
WTH_04612,TXN_02252,ATM_111,14.488893,79.949155,15000,2026-07-15 08:02:00,SYNDICATE_HUB,8
WTH_04613,TXN_02252,ATM_111,14.488893,79.949155,2500,2026-07-15 08:07:00,SYNDICATE_HUB,8
WTH_04614,TXN_02252,ATM_111,14.488893,79.949155,4500,2026-07-15 08:24:00,SYNDICATE_HUB,8
WTH_05594,TXN_02729,ATM_111,14.488893,79.949155,15000,2026-07-15 08:24:00,VICTIM_CITY,8
WTH_05595,TXN_02729,ATM_111,14.488893,79.949155,3000,2026-07-15 08:29:00,VICTIM_CITY,8
WTH_05596,TXN_02729,ATM_111,14.488893,79.949155,15000,2026-07-15 08:46:00,VICTIM_CITY,8
WTH_00557,TXN_00267,ATM_060,13.00817,77.618662,15000,2026-07-15 09:03:00,SYNDICATE_HUB,9
WTH_00558,TXN_00267,ATM_060,13.00817,77.618662,9000,2026-07-15 09:07:00,SYNDICATE_HUB,9
WTH_00351,TXN_00170,ATM_064,12.939903,77.576478,9500,2026-07-15 09:31:00,SYNDICATE_HUB,9
WTH_00881,TXN_00428,ATM_086,13.057794,80.247857,5500,2026-07-15 09:55:00,SYNDICATE_HUB,9
WTH_00882,TXN_00428,ATM_086,13.057794,80.247857,13500,2026-07-15 10:04:00,SYNDICATE_HUB,10
WTH_04615,TXN_02253,ATM_003,28.45388,77.020981,15000,2026-07-15 10:34:00,SYNDICATE_HUB,10
WTH_04616,TXN_02253,ATM_003,28.45388,77.020981,15000,2026-07-15 10:43:00,SYNDICATE_HUB,10
WTH_00885,TXN_00430,ATM_112,14.456325,79.954246,13500,2026-07-15 10:53:00,VICTIM_CITY,10
WTH_00886,TXN_00430,ATM_112,14.456325,79.954246,12000,2026-07-15 10:58:00,VICTIM_CITY,10
WTH_00883,TXN_00429,ATM_060,13.00817,77.618662,15000,2026-07-15 10:59:00,SYNDICATE_HUB,10
WTH_00884,TXN_00429,ATM_060,13.00817,77.618662,15000,2026-07-15 11:10:00,SYNDICATE_HUB,11
WTH_04617,TXN_02254,ATM_147,11.002655,76.97619,6000,2026-07-15 11:34:00,VICTIM_CITY,11
WTH_00559,TXN_00268,ATM_044,28.127308,77.001575,15000,2026-07-15 11:35:00,SYNDICATE_HUB,11
WTH_04618,TXN_02254,ATM_147,11.002655,76.97619,15000,2026-07-15 11:44:00,VICTIM_CITY,11
WTH_00887,TXN_00431,ATM_118,14.485479,79.999178,15000,2026-07-15 12:04:00,VICTIM_CITY,12
WTH_00888,TXN_00431,ATM_118,14.485479,79.999178,15000,2026-07-15 12:15:00,VICTIM_CITY,12
WTH_00889,TXN_00431,ATM_118,14.485479,79.999178,15000,2026-07-15 12:20:00,VICTIM_CITY,12
WTH_00562,TXN_00270,ATM_133,19.066908,72.83278,6500,2026-07-15 13:05:00,VICTIM_CITY,13
WTH_00563,TXN_00270,ATM_133,19.066908,72.83278,10000,2026-07-15 13:10:00,VICTIM_CITY,13
WTH_00890,TXN_00432,ATM_099,13.057952,80.275004,14500,2026-07-15 13:11:00,SYNDICATE_HUB,13
WTH_00564,TXN_00270,ATM_133,19.066908,72.83278,15000,2026-07-15 13:17:00,VICTIM_CITY,13
WTH_00560,TXN_00269,ATM_019,28.540513,77.343968,15000,2026-07-15 13:19:00,SYNDICATE_HUB,13
WTH_04619,TXN_02255,ATM_049,28.114922,77.000221,15000,2026-07-15 13:19:00,SYNDICATE_HUB,13
WTH_00561,TXN_00269,ATM_019,28.540513,77.343968,15000,2026-07-15 13:25:00,SYNDICATE_HUB,13
WTH_04620,TXN_02256,ATM_144,11.013157,76.96992,5000,2026-07-15 13:49:00,VICTIM_CITY,13
WTH_04621,TXN_02256,ATM_144,11.013157,76.96992,13500,2026-07-15 13:54:00,VICTIM_CITY,13
WTH_00891,TXN_00433,ATM_089,13.083064,80.311399,5000,2026-07-15 14:31:00,SYNDICATE_HUB,14
WTH_00892,TXN_00433,ATM_089,13.083064,80.311399,14500,2026-07-15 14:41:00,SYNDICATE_HUB,14
WTH_00565,TXN_00271,ATM_125,19.139556,72.892279,14000,2026-07-15 15:28:00,VICTIM_CITY,15
WTH_04624,TXN_02258,ATM_144,11.013157,76.96992,3000,2026-07-15 15:42:00,VICTIM_CITY,15
WTH_04625,TXN_02258,ATM_144,11.013157,76.96992,7500,2026-07-15 15:53:00,VICTIM_CITY,15
WTH_04626,TXN_02258,ATM_144,11.013157,76.96992,15000,2026-07-15 15:56:00,VICTIM_CITY,15
WTH_04622,TXN_02257,ATM_147,11.002655,76.97619,15000,2026-07-15 16:24:00,VICTIM_CITY,16
WTH_04623,TXN_02257,ATM_147,11.002655,76.97619,14000,2026-07-15 16:32:00,VICTIM_CITY,16
WTH_00893,TXN_00434,ATM_082,17.422075,78.460438,3000,2026-07-15 17:01:00,SYNDICATE_HUB,17
WTH_00894,TXN_00434,ATM_082,17.422075,78.460438,3500,2026-07-15 17:06:00,SYNDICATE_HUB,17
WTH_00895,TXN_00434,ATM_082,17.422075,78.460438,15000,2026-07-15 17:19:00,SYNDICATE_HUB,17
WTH_00896,TXN_00435,ATM_048,28.101158,76.96573,13500,2026-07-15 17:33:00,SYNDICATE_HUB,17
WTH_00897,TXN_00435,ATM_048,28.101158,76.96573,4500,2026-07-15 17:37:00,SYNDICATE_HUB,17
WTH_04422,TXN_02155,ATM_078,17.394378,78.463841,2500,2026-07-15 17:46:00,SYNDICATE_HUB,17
WTH_04423,TXN_02155,ATM_078,17.394378,78.463841,13000,2026-07-15 17:57:00,SYNDICATE_HUB,17
WTH_04424,TXN_02156,ATM_119,14.402097,79.990229,15000,2026-07-15 18:03:00,VICTIM_CITY,18
WTH_04425,TXN_02156,ATM_119,14.402097,79.990229,8500,2026-07-15 18:09:00,VICTIM_CITY,18
WTH_00898,TXN_00436,ATM_113,14.433161,80.008279,13000,2026-07-15 18:24:00,VICTIM_CITY,18
WTH_04627,TXN_02259,ATM_026,28.543278,77.381758,10000,2026-07-15 18:24:00,SYNDICATE_HUB,18
WTH_04628,TXN_02259,ATM_026,28.543278,77.381758,11500,2026-07-15 18:30:00,SYNDICATE_HUB,18
WTH_00566,TXN_00272,ATM_111,14.488893,79.949155,15000,2026-07-15 18:41:00,SYNDICATE_HUB,18
WTH_04426,TXN_02157,ATM_028,28.560244,77.413351,15000,2026-07-15 19:45:00,SYNDICATE_HUB,19
WTH_04427,TXN_02157,ATM_028,28.560244,77.413351,15000,2026-07-15 19:49:00,SYNDICATE_HUB,19
WTH_04428,TXN_02157,ATM_028,28.560244,77.413351,5500,2026-07-15 19:57:00,SYNDICATE_HUB,19
WTH_04629,TXN_02260,ATM_147,11.002655,76.97619,15000,2026-07-15 20:03:00,VICTIM_CITY,20
WTH_04630,TXN_02260,ATM_147,11.002655,76.97619,4500,2026-07-15 20:09:00,VICTIM_CITY,20
WTH_00567,TXN_00273,ATM_052,28.102146,76.978954,1000,2026-07-15 20:12:00,SYNDICATE_HUB,20
WTH_00568,TXN_00273,ATM_052,28.102146,76.978954,15000,2026-07-15 20:21:00,SYNDICATE_HUB,20
WTH_04919,TXN_02405,ATM_104,13.143941,78.140721,14000,2026-07-15 20:57:00,SYNDICATE_HUB,20
WTH_01557,TXN_00758,ATM_076,17.393016,78.497786,10500,2026-07-15 21:12:00,SYNDICATE_HUB,21
WTH_05317,TXN_02595,ATM_143,22.632325,88.309242,15000,2026-07-15 21:13:00,VICTIM_CITY,21
WTH_01558,TXN_00758,ATM_076,17.393016,78.497786,12000,2026-07-15 21:17:00,SYNDICATE_HUB,21
WTH_01559,TXN_00758,ATM_076,17.393016,78.497786,15000,2026-07-15 21:26:00,SYNDICATE_HUB,21
WTH_00899,TXN_00437,ATM_018,28.555241,77.3617,13500,2026-07-15 21:44:00,SYNDICATE_HUB,21
WTH_02173,TXN_01060,ATM_060,13.00817,77.618662,3500,2026-07-15 21:48:00,SYNDICATE_HUB,21
WTH_00900,TXN_00437,ATM_018,28.555241,77.3617,4500,2026-07-15 21:49:00,SYNDICATE_HUB,21
WTH_04920,TXN_02406,ATM_114,14.443886,79.964945,10000,2026-07-15 21:57:00,SYNDICATE_HUB,21
WTH_02174,TXN_01060,ATM_060,13.00817,77.618662,15000,2026-07-15 21:59:00,SYNDICATE_HUB,21
WTH_02175,TXN_01060,ATM_060,13.00817,77.618662,15000,2026-07-15 22:06:00,SYNDICATE_HUB,22
WTH_05318,TXN_02596,ATM_091,13.100219,80.2467,10500,2026-07-15 22:29:00,SYNDICATE_HUB,22
WTH_05320,TXN_02596,ATM_091,13.100219,80.2467,5000,2026-07-15 22:35:00,SYNDICATE_HUB,22
WTH_05319,TXN_02596,ATM_091,13.100219,80.2467,15000,2026-07-15 22:41:00,SYNDICATE_HUB,22
WTH_04639,TXN_02264,ATM_066,12.921979,77.596794,15000,2026-07-15 22:47:00,VICTIM_CITY,22
WTH_02176,TXN_01061,ATM_145,11.023544,76.940855,15000,2026-07-15 22:56:00,VICTIM_CITY,22
WTH_04640,TXN_02264,ATM_066,12.921979,77.596794,15000,2026-07-15 22:58:00,VICTIM_CITY,22
WTH_02177,TXN_01061,ATM_145,11.023544,76.940855,15000,2026-07-15 23:03:00,VICTIM_CITY,23
WTH_03857,TXN_01878,ATM_097,13.088695,80.235819,9500,2026-07-15 23:08:00,SYNDICATE_HUB,23
WTH_03858,TXN_01878,ATM_097,13.088695,80.235819,15000,2026-07-15 23:12:00,SYNDICATE_HUB,23
WTH_00904,TXN_00439,ATM_119,14.402097,79.990229,12500,2026-07-15 23:17:00,VICTIM_CITY,23
WTH_01560,TXN_00759,ATM_147,11.002655,76.97619,15000,2026-07-15 23:19:00,VICTIM_CITY,23
WTH_04641,TXN_02265,ATM_046,28.110942,77.014373,8000,2026-07-15 23:22:00,SYNDICATE_HUB,23
WTH_01561,TXN_00759,ATM_147,11.002655,76.97619,15000,2026-07-15 23:23:00,VICTIM_CITY,23
WTH_02178,TXN_01062,ATM_002,28.475045,77.063153,10000,2026-07-15 23:25:00,SYNDICATE_HUB,23
WTH_00905,TXN_00439,ATM_119,14.402097,79.990229,8000,2026-07-15 23:28:00,VICTIM_CITY,23
WTH_02179,TXN_01063,ATM_145,11.023544,76.940855,9000,2026-07-15 23:36:00,VICTIM_CITY,23
WTH_00901,TXN_00438,ATM_020,28.503624,77.395725,15000,2026-07-15 23:37:00,SYNDICATE_HUB,23
WTH_05321,TXN_02597,ATM_015,28.445085,77.019599,14500,2026-07-15 23:44:00,SYNDICATE_HUB,23
WTH_00902,TXN_00438,ATM_020,28.503624,77.395725,11000,2026-07-15 23:48:00,SYNDICATE_HUB,23
WTH_00903,TXN_00438,ATM_020,28.503624,77.395725,3500,2026-07-15 23:57:00,SYNDICATE_HUB,23
WTH_04921,TXN_02407,ATM_030,28.54345,77.414413,14000,2026-07-16 00:04:00,SYNDICATE_HUB,0
WTH_01562,TXN_00760,ATM_091,13.100219,80.2467,13500,2026-07-16 00:36:00,SYNDICATE_HUB,0
WTH_01563,TXN_00760,ATM_091,13.100219,80.2467,15000,2026-07-16 00:40:00,SYNDICATE_HUB,0
WTH_02180,TXN_01064,ATM_145,11.023544,76.940855,9500,2026-07-16 01:21:00,VICTIM_CITY,1
WTH_02183,TXN_01066,ATM_081,17.35381,78.511887,10000,2026-07-16 01:52:00,SYNDICATE_HUB,1
WTH_00906,TXN_00440,ATM_116,14.427993,79.990829,15000,2026-07-16 02:14:00,VICTIM_CITY,2
WTH_02181,TXN_01065,ATM_048,28.101158,76.96573,15000,2026-07-16 02:24:00,SYNDICATE_HUB,2
WTH_04922,TXN_02408,ATM_025,28.543747,77.348687,15000,2026-07-16 02:29:00,SYNDICATE_HUB,2
WTH_02182,TXN_01065,ATM_048,28.101158,76.96573,15000,2026-07-16 02:30:00,SYNDICATE_HUB,2
WTH_00907,TXN_00441,ATM_071,17.392279,78.528529,7500,2026-07-16 02:33:00,SYNDICATE_HUB,2
WTH_00908,TXN_00441,ATM_071,17.392279,78.528529,12000,2026-07-16 02:41:00,SYNDICATE_HUB,2
WTH_04923,TXN_02409,ATM_111,14.488893,79.949155,15000,2026-07-16 02:44:00,VICTIM_CITY,2
WTH_01564,TXN_00761,ATM_145,11.023544,76.940855,15000,2026-07-16 02:48:00,VICTIM_CITY,2
WTH_04924,TXN_02409,ATM_111,14.488893,79.949155,2500,2026-07-16 02:56:00,VICTIM_CITY,2
WTH_00081,TXN_00038,ATM_078,17.394378,78.463841,15000,2026-07-16 04:23:00,SYNDICATE_HUB,4
WTH_03374,TXN_01642,ATM_133,19.066908,72.83278,13500,2026-07-16 04:23:00,VICTIM_CITY,4
WTH_00083,TXN_00038,ATM_078,17.394378,78.463841,9500,2026-07-16 04:29:00,SYNDICATE_HUB,4
WTH_00082,TXN_00038,ATM_078,17.394378,78.463841,15000,2026-07-16 04:32:00,SYNDICATE_HUB,4
WTH_03375,TXN_01643,ATM_117,14.443511,79.973468,14000,2026-07-16 04:42:00,SYNDICATE_HUB,4
WTH_04925,TXN_02410,ATM_060,13.00817,77.618662,9500,2026-07-16 04:53:00,SYNDICATE_HUB,4
WTH_03376,TXN_01644,ATM_126,19.030608,72.910743,15000,2026-07-16 05:13:00,VICTIM_CITY,5
WTH_03377,TXN_01644,ATM_126,19.030608,72.910743,15000,2026-07-16 05:21:00,VICTIM_CITY,5
WTH_03378,TXN_01644,ATM_126,19.030608,72.910743,15000,2026-07-16 05:23:00,VICTIM_CITY,5
WTH_04926,TXN_02411,ATM_095,13.05899,80.228284,9500,2026-07-16 05:31:00,SYNDICATE_HUB,5
WTH_01956,TXN_00954,ATM_086,13.057794,80.247857,15000,2026-07-16 05:50:00,SYNDICATE_HUB,5
WTH_01957,TXN_00954,ATM_086,13.057794,80.247857,15000,2026-07-16 06:00:00,SYNDICATE_HUB,6
WTH_01958,TXN_00954,ATM_086,13.057794,80.247857,15000,2026-07-16 06:10:00,SYNDICATE_HUB,6
WTH_03379,TXN_01645,ATM_058,12.965444,77.60425,15000,2026-07-16 07:49:00,SYNDICATE_HUB,7
WTH_03380,TXN_01645,ATM_058,12.965444,77.60425,15000,2026-07-16 07:52:00,SYNDICATE_HUB,7
WTH_04927,TXN_02412,ATM_103,13.113657,78.117495,15000,2026-07-16 07:55:00,SYNDICATE_HUB,7
WTH_04928,TXN_02412,ATM_103,13.113657,78.117495,2500,2026-07-16 08:03:00,SYNDICATE_HUB,8
WTH_03381,TXN_01645,ATM_058,12.965444,77.60425,15000,2026-07-16 08:11:00,SYNDICATE_HUB,8
WTH_04929,TXN_02413,ATM_116,14.427993,79.990829,7000,2026-07-16 08:35:00,VICTIM_CITY,8
WTH_04930,TXN_02413,ATM_116,14.427993,79.990829,12000,2026-07-16 08:40:00,VICTIM_CITY,8
WTH_01959,TXN_00955,ATM_085,17.377148,78.46258,15000,2026-07-16 09:15:00,SYNDICATE_HUB,9
WTH_01961,TXN_00956,ATM_073,17.393316,78.511718,9000,2026-07-16 09:19:00,VICTIM_CITY,9
WTH_01960,TXN_00955,ATM_085,17.377148,78.46258,15000,2026-07-16 09:22:00,SYNDICATE_HUB,9
WTH_03382,TXN_01646,ATM_056,12.910199,77.593752,15000,2026-07-16 09:23:00,SYNDICATE_HUB,9
WTH_04936,TXN_02416,ATM_113,14.433161,80.008279,15000,2026-07-16 09:34:00,VICTIM_CITY,9
WTH_03383,TXN_01646,ATM_056,12.910199,77.593752,12500,2026-07-16 09:35:00,SYNDICATE_HUB,9
WTH_04937,TXN_02416,ATM_113,14.433161,80.008279,5500,2026-07-16 09:37:00,VICTIM_CITY,9
WTH_04938,TXN_02416,ATM_113,14.433161,80.008279,15000,2026-07-16 09:50:00,VICTIM_CITY,9
WTH_03384,TXN_01647,ATM_120,19.052176,72.908388,15000,2026-07-16 09:55:00,VICTIM_CITY,9
WTH_04931,TXN_02414,ATM_006,28.448378,77.015422,15000,2026-07-16 10:00:00,SYNDICATE_HUB,10
WTH_03385,TXN_01647,ATM_120,19.052176,72.908388,1500,2026-07-16 10:06:00,VICTIM_CITY,10
WTH_04932,TXN_02414,ATM_006,28.448378,77.015422,2500,2026-07-16 10:10:00,SYNDICATE_HUB,10
WTH_04933,TXN_02414,ATM_006,28.448378,77.015422,6000,2026-07-16 10:16:00,SYNDICATE_HUB,10
WTH_04934,TXN_02415,ATM_045,28.098405,77.005265,7500,2026-07-16 10:33:00,SYNDICATE_HUB,10
WTH_04935,TXN_02415,ATM_045,28.098405,77.005265,15000,2026-07-16 10:40:00,SYNDICATE_HUB,10
WTH_01962,TXN_00957,ATM_002,28.475045,77.063153,15000,2026-07-16 11:16:00,SYNDICATE_HUB,11
WTH_01963,TXN_00957,ATM_002,28.475045,77.063153,9500,2026-07-16 11:19:00,SYNDICATE_HUB,11
WTH_01964,TXN_00957,ATM_002,28.475045,77.063153,6500,2026-07-16 11:26:00,SYNDICATE_HUB,11
WTH_04939,TXN_02417,ATM_113,14.433161,80.008279,15000,2026-07-16 12:28:00,VICTIM_CITY,12
WTH_03386,TXN_01648,ATM_087,13.080541,80.280252,10000,2026-07-16 12:32:00,SYNDICATE_HUB,12
WTH_04941,TXN_02417,ATM_113,14.433161,80.008279,15000,2026-07-16 12:34:00,VICTIM_CITY,12
WTH_04940,TXN_02417,ATM_113,14.433161,80.008279,15000,2026-07-16 12:35:00,VICTIM_CITY,12
WTH_01965,TXN_00958,ATM_018,28.555241,77.3617,15000,2026-07-16 13:12:00,SYNDICATE_HUB,13
WTH_01966,TXN_00958,ATM_018,28.555241,77.3617,15000,2026-07-16 13:20:00,SYNDICATE_HUB,13
WTH_03387,TXN_01649,ATM_128,19.021303,72.860268,15000,2026-07-16 13:51:00,VICTIM_CITY,13
WTH_03388,TXN_01649,ATM_128,19.021303,72.860268,15000,2026-07-16 14:00:00,VICTIM_CITY,14
WTH_03389,TXN_01649,ATM_128,19.021303,72.860268,15000,2026-07-16 14:11:00,VICTIM_CITY,14
WTH_04631,TXN_02261,ATM_089,13.083064,80.311399,8500,2026-07-16 15:59:00,VICTIM_CITY,15
WTH_04632,TXN_02261,ATM_089,13.083064,80.311399,7500,2026-07-16 16:04:00,VICTIM_CITY,16
WTH_01967,TXN_00959,ATM_002,28.475045,77.063153,15000,2026-07-16 16:15:00,SYNDICATE_HUB,16
WTH_04633,TXN_02261,ATM_089,13.083064,80.311399,15000,2026-07-16 16:17:00,VICTIM_CITY,16
WTH_01968,TXN_00959,ATM_002,28.475045,77.063153,15000,2026-07-16 16:19:00,SYNDICATE_HUB,16
WTH_01969,TXN_00959,ATM_002,28.475045,77.063153,8000,2026-07-16 16:33:00,SYNDICATE_HUB,16
WTH_03390,TXN_01650,ATM_083,17.415828,78.499909,15000,2026-07-16 17:09:00,SYNDICATE_HUB,17
WTH_03391,TXN_01650,ATM_083,17.415828,78.499909,2000,2026-07-16 17:13:00,SYNDICATE_HUB,17
WTH_03392,TXN_01650,ATM_083,17.415828,78.499909,15000,2026-07-16 17:33:00,SYNDICATE_HUB,17
WTH_03405,TXN_01657,ATM_021,28.553223,77.395113,15000,2026-07-16 17:41:00,SYNDICATE_HUB,17
WTH_04634,TXN_02262,ATM_040,23.963968,86.771099,6500,2026-07-16 17:42:00,SYNDICATE_HUB,17
WTH_03406,TXN_01657,ATM_021,28.553223,77.395113,14000,2026-07-16 17:45:00,SYNDICATE_HUB,17
WTH_04635,TXN_02262,ATM_040,23.963968,86.771099,15000,2026-07-16 17:47:00,SYNDICATE_HUB,17
WTH_03407,TXN_01657,ATM_021,28.553223,77.395113,15000,2026-07-16 17:55:00,SYNDICATE_HUB,17
WTH_04636,TXN_02262,ATM_040,23.963968,86.771099,15000,2026-07-16 17:56:00,SYNDICATE_HUB,17
WTH_04637,TXN_02263,ATM_093,13.076443,80.290692,3000,2026-07-16 17:57:00,VICTIM_CITY,17
WTH_05597,TXN_02730,ATM_026,28.543278,77.381758,9500,2026-07-16 17:58:00,SYNDICATE_HUB,17
WTH_04638,TXN_02263,ATM_093,13.076443,80.290692,15000,2026-07-16 18:05:00,VICTIM_CITY,18
WTH_05598,TXN_02730,ATM_026,28.543278,77.381758,15000,2026-07-16 18:06:00,SYNDICATE_HUB,18
WTH_05599,TXN_02730,ATM_026,28.543278,77.381758,7000,2026-07-16 18:16:00,SYNDICATE_HUB,18
WTH_03393,TXN_01651,ATM_009,28.435192,77.034142,3500,2026-07-16 18:21:00,SYNDICATE_HUB,18
WTH_03394,TXN_01651,ATM_009,28.435192,77.034142,14000,2026-07-16 18:29:00,SYNDICATE_HUB,18
WTH_03395,TXN_01652,ATM_006,28.448378,77.015422,9500,2026-07-16 18:39:00,SYNDICATE_HUB,18
WTH_03396,TXN_01652,ATM_006,28.448378,77.015422,7500,2026-07-16 18:50:00,SYNDICATE_HUB,18
WTH_03397,TXN_01653,ATM_125,19.139556,72.892279,15000,2026-07-16 19:56:00,VICTIM_CITY,19
WTH_03399,TXN_01653,ATM_125,19.139556,72.892279,15000,2026-07-16 20:02:00,VICTIM_CITY,20
WTH_03398,TXN_01653,ATM_125,19.139556,72.892279,4000,2026-07-16 20:07:00,VICTIM_CITY,20
WTH_05600,TXN_02731,ATM_071,17.392279,78.528529,13000,2026-07-16 20:41:00,SYNDICATE_HUB,20
WTH_05601,TXN_02731,ATM_071,17.392279,78.528529,5000,2026-07-16 20:44:00,SYNDICATE_HUB,20
WTH_02640,TXN_01288,ATM_096,13.070198,80.294679,1000,2026-07-16 21:43:00,SYNDICATE_HUB,21
WTH_02637,TXN_01287,ATM_073,17.393316,78.511718,1000,2026-07-16 21:49:00,VICTIM_CITY,21
WTH_02641,TXN_01288,ATM_096,13.070198,80.294679,15000,2026-07-16 21:49:00,SYNDICATE_HUB,21
WTH_02638,TXN_01287,ATM_073,17.393316,78.511718,15000,2026-07-16 21:54:00,VICTIM_CITY,21
WTH_02642,TXN_01288,ATM_096,13.070198,80.294679,15000,2026-07-16 21:55:00,SYNDICATE_HUB,21
WTH_02639,TXN_01287,ATM_073,17.393316,78.511718,15000,2026-07-16 22:09:00,VICTIM_CITY,22
WTH_05604,TXN_02733,ATM_025,28.543747,77.348687,4500,2026-07-16 22:50:00,SYNDICATE_HUB,22
WTH_05605,TXN_02733,ATM_025,28.543747,77.348687,15000,2026-07-16 22:58:00,SYNDICATE_HUB,22
WTH_05602,TXN_02732,ATM_050,28.109102,76.990308,15000,2026-07-16 23:22:00,SYNDICATE_HUB,23
WTH_05603,TXN_02732,ATM_050,28.109102,76.990308,15000,2026-07-16 23:30:00,SYNDICATE_HUB,23
WTH_05606,TXN_02734,ATM_090,13.07529,80.346865,15000,2026-07-17 00:06:00,SYNDICATE_HUB,0
WTH_05607,TXN_02734,ATM_090,13.07529,80.346865,15000,2026-07-17 00:17:00,SYNDICATE_HUB,0
WTH_05608,TXN_02734,ATM_090,13.07529,80.346865,15000,2026-07-17 00:30:00,SYNDICATE_HUB,0
WTH_00245,TXN_00118,ATM_003,28.45388,77.020981,15000,2026-07-17 01:02:00,SYNDICATE_HUB,1
WTH_00246,TXN_00118,ATM_003,28.45388,77.020981,1000,2026-07-17 01:13:00,SYNDICATE_HUB,1
WTH_02643,TXN_01289,ATM_012,28.461121,76.992406,11500,2026-07-17 01:22:00,SYNDICATE_HUB,1
WTH_02644,TXN_01289,ATM_012,28.461121,76.992406,4000,2026-07-17 01:27:00,SYNDICATE_HUB,1
WTH_02903,TXN_01417,ATM_021,28.553223,77.395113,15000,2026-07-17 01:56:00,SYNDICATE_HUB,1
WTH_02904,TXN_01417,ATM_021,28.553223,77.395113,15000,2026-07-17 01:59:00,SYNDICATE_HUB,1
WTH_02905,TXN_01417,ATM_021,28.553223,77.395113,3500,2026-07-17 02:04:00,SYNDICATE_HUB,2
WTH_02645,TXN_01290,ATM_004,28.497401,77.045018,15000,2026-07-17 02:21:00,SYNDICATE_HUB,2
WTH_02646,TXN_01290,ATM_004,28.497401,77.045018,1500,2026-07-17 02:27:00,SYNDICATE_HUB,2
WTH_02647,TXN_01290,ATM_004,28.497401,77.045018,14500,2026-07-17 02:29:00,SYNDICATE_HUB,2
WTH_05609,TXN_02735,ATM_115,14.428294,80.000092,1000,2026-07-17 02:29:00,SYNDICATE_HUB,2
WTH_05612,TXN_02736,ATM_081,17.35381,78.511887,12500,2026-07-17 02:33:00,SYNDICATE_HUB,2
WTH_05610,TXN_02735,ATM_115,14.428294,80.000092,15000,2026-07-17 02:38:00,SYNDICATE_HUB,2
WTH_05613,TXN_02736,ATM_081,17.35381,78.511887,6500,2026-07-17 02:41:00,SYNDICATE_HUB,2
WTH_05611,TXN_02735,ATM_115,14.428294,80.000092,15000,2026-07-17 02:51:00,SYNDICATE_HUB,2
WTH_00247,TXN_00119,ATM_028,28.560244,77.413351,15000,2026-07-17 03:44:00,SYNDICATE_HUB,3
WTH_02906,TXN_01418,ATM_142,22.617008,88.329241,15000,2026-07-17 03:45:00,VICTIM_CITY,3
WTH_02907,TXN_01418,ATM_142,22.617008,88.329241,10000,2026-07-17 03:48:00,VICTIM_CITY,3
WTH_00248,TXN_00119,ATM_028,28.560244,77.413351,8500,2026-07-17 03:50:00,SYNDICATE_HUB,3
WTH_00249,TXN_00119,ATM_028,28.560244,77.413351,15000,2026-07-17 04:04:00,SYNDICATE_HUB,4
WTH_00250,TXN_00120,ATM_071,17.392279,78.528529,10000,2026-07-17 05:11:00,SYNDICATE_HUB,5
WTH_00251,TXN_00121,ATM_080,17.346878,78.50771,11000,2026-07-17 05:33:00,VICTIM_CITY,5
WTH_00252,TXN_00121,ATM_080,17.346878,78.50771,9500,2026-07-17 05:37:00,VICTIM_CITY,5
WTH_02908,TXN_01419,ATM_117,14.443511,79.973468,15000,2026-07-17 06:32:00,SYNDICATE_HUB,6
WTH_02909,TXN_01419,ATM_117,14.443511,79.973468,15000,2026-07-17 06:39:00,SYNDICATE_HUB,6
WTH_02910,TXN_01420,ATM_089,13.083064,80.311399,15000,2026-07-17 07:47:00,SYNDICATE_HUB,7
WTH_02911,TXN_01420,ATM_089,13.083064,80.311399,13500,2026-07-17 07:51:00,SYNDICATE_HUB,7
WTH_00253,TXN_00122,ATM_055,12.979842,77.592218,15000,2026-07-17 08:01:00,SYNDICATE_HUB,8
WTH_00254,TXN_00122,ATM_055,12.979842,77.592218,15000,2026-07-17 08:05:00,SYNDICATE_HUB,8
WTH_00255,TXN_00123,ATM_100,13.136631,78.114212,15000,2026-07-17 08:08:00,SYNDICATE_HUB,8
WTH_00256,TXN_00123,ATM_100,13.136631,78.114212,13000,2026-07-17 08:11:00,SYNDICATE_HUB,8
WTH_02912,TXN_01420,ATM_089,13.083064,80.311399,3000,2026-07-17 08:11:00,SYNDICATE_HUB,8
WTH_00257,TXN_00123,ATM_100,13.136631,78.114212,15000,2026-07-17 08:16:00,SYNDICATE_HUB,8
WTH_02869,TXN_01402,ATM_090,13.07529,80.346865,6500,2026-07-17 08:48:00,SYNDICATE_HUB,8
WTH_02870,TXN_01402,ATM_090,13.07529,80.346865,15000,2026-07-17 08:57:00,SYNDICATE_HUB,8
WTH_00258,TXN_00124,ATM_031,23.954833,86.799929,15000,2026-07-17 09:40:00,SYNDICATE_HUB,9
WTH_00259,TXN_00124,ATM_031,23.954833,86.799929,5500,2026-07-17 09:50:00,SYNDICATE_HUB,9
WTH_02913,TXN_01421,ATM_043,28.09283,76.984965,7000,2026-07-17 10:51:00,SYNDICATE_HUB,10
WTH_02914,TXN_01421,ATM_043,28.09283,76.984965,12500,2026-07-17 10:58:00,SYNDICATE_HUB,10
WTH_00260,TXN_00125,ATM_072,17.333561,78.492608,15000,2026-07-17 11:01:00,VICTIM_CITY,11
WTH_00261,TXN_00125,ATM_072,17.333561,78.492608,4000,2026-07-17 11:05:00,VICTIM_CITY,11
WTH_02871,TXN_01403,ATM_027,28.519254,77.40568,15000,2026-07-17 11:55:00,SYNDICATE_HUB,11
WTH_02872,TXN_01403,ATM_027,28.519254,77.40568,15000,2026-07-17 11:58:00,SYNDICATE_HUB,11
WTH_02915,TXN_01422,ATM_134,22.618308,88.323856,14500,2026-07-17 12:48:00,VICTIM_CITY,12
WTH_02916,TXN_01422,ATM_134,22.618308,88.323856,15000,2026-07-17 12:51:00,VICTIM_CITY,12
WTH_00262,TXN_00126,ATM_031,23.954833,86.799929,15000,2026-07-17 13:11:00,SYNDICATE_HUB,13
WTH_02917,TXN_01423,ATM_086,13.057794,80.247857,15000,2026-07-17 13:12:00,SYNDICATE_HUB,13
WTH_00263,TXN_00126,ATM_031,23.954833,86.799929,15000,2026-07-17 13:15:00,SYNDICATE_HUB,13
WTH_02918,TXN_01423,ATM_086,13.057794,80.247857,15000,2026-07-17 13:24:00,SYNDICATE_HUB,13
WTH_02873,TXN_01404,ATM_026,28.543278,77.381758,3000,2026-07-17 13:35:00,VICTIM_CITY,13
WTH_02874,TXN_01404,ATM_026,28.543278,77.381758,15000,2026-07-17 13:46:00,VICTIM_CITY,13
WTH_02875,TXN_01404,ATM_026,28.543278,77.381758,7500,2026-07-17 13:47:00,VICTIM_CITY,13
WTH_02876,TXN_01405,ATM_016,28.521059,77.435455,10000,2026-07-17 15:14:00,VICTIM_CITY,15
WTH_02919,TXN_01424,ATM_117,14.443511,79.973468,13000,2026-07-17 15:23:00,SYNDICATE_HUB,15
WTH_02877,TXN_01406,ATM_054,28.146724,76.998492,15000,2026-07-17 18:25:00,SYNDICATE_HUB,18
WTH_02920,TXN_01425,ATM_107,13.150964,78.142922,1000,2026-07-17 18:25:00,SYNDICATE_HUB,18
WTH_02921,TXN_01425,ATM_107,13.150964,78.142922,7000,2026-07-17 18:30:00,SYNDICATE_HUB,18
WTH_03943,TXN_01921,ATM_007,28.465307,76.980681,7500,2026-07-17 18:34:00,VICTIM_CITY,18
WTH_02922,TXN_01425,ATM_107,13.150964,78.142922,15000,2026-07-17 18:35:00,SYNDICATE_HUB,18
WTH_02878,TXN_01406,ATM_054,28.146724,76.998492,15000,2026-07-17 18:36:00,SYNDICATE_HUB,18
WTH_03945,TXN_01921,ATM_007,28.465307,76.980681,3500,2026-07-17 18:40:00,VICTIM_CITY,18
WTH_03944,TXN_01921,ATM_007,28.465307,76.980681,15000,2026-07-17 18:43:00,VICTIM_CITY,18
WTH_02879,TXN_01407,ATM_017,28.535176,77.365615,8500,2026-07-17 19:02:00,VICTIM_CITY,19
WTH_02882,TXN_01408,ATM_024,28.524445,77.416371,15000,2026-07-17 19:02:00,VICTIM_CITY,19
WTH_02880,TXN_01407,ATM_017,28.535176,77.365615,15000,2026-07-17 19:06:00,VICTIM_CITY,19
WTH_02881,TXN_01407,ATM_017,28.535176,77.365615,15000,2026-07-17 19:08:00,VICTIM_CITY,19
WTH_02883,TXN_01408,ATM_024,28.524445,77.416371,2000,2026-07-17 19:11:00,VICTIM_CITY,19
WTH_03225,TXN_01572,ATM_096,13.070198,80.294679,15000,2026-07-17 19:22:00,VICTIM_CITY,19
WTH_03226,TXN_01572,ATM_096,13.070198,80.294679,15000,2026-07-17 19:25:00,VICTIM_CITY,19
WTH_03946,TXN_01922,ATM_013,28.446435,77.029262,15000,2026-07-17 20:37:00,SYNDICATE_HUB,20
WTH_03947,TXN_01922,ATM_013,28.446435,77.029262,15000,2026-07-17 20:41:00,SYNDICATE_HUB,20
WTH_03948,TXN_01922,ATM_013,28.446435,77.029262,2000,2026-07-17 20:57:00,SYNDICATE_HUB,20
WTH_00530,TXN_00254,ATM_100,13.136631,78.114212,14500,2026-07-18 03:10:00,VICTIM_CITY,3
WTH_01739,TXN_00848,ATM_117,14.443511,79.973468,9000,2026-07-18 04:41:00,VICTIM_CITY,4
WTH_01740,TXN_00848,ATM_117,14.443511,79.973468,15000,2026-07-18 04:52:00,VICTIM_CITY,4
WTH_02657,TXN_01296,ATM_002,28.475045,77.063153,15000,2026-07-18 05:25:00,SYNDICATE_HUB,5
WTH_02658,TXN_01296,ATM_002,28.475045,77.063153,10500,2026-07-18 05:28:00,SYNDICATE_HUB,5
WTH_00531,TXN_00255,ATM_101,13.141425,78.141473,15000,2026-07-18 06:04:00,VICTIM_CITY,6
WTH_00533,TXN_00255,ATM_101,13.141425,78.141473,15000,2026-07-18 06:14:00,VICTIM_CITY,6
WTH_00532,TXN_00255,ATM_101,13.141425,78.141473,3000,2026-07-18 06:15:00,VICTIM_CITY,6
WTH_00534,TXN_00256,ATM_083,17.415828,78.499909,15000,2026-07-18 07:00:00,SYNDICATE_HUB,7
WTH_00535,TXN_00256,ATM_083,17.415828,78.499909,15000,2026-07-18 07:03:00,SYNDICATE_HUB,7
WTH_00538,TXN_00258,ATM_054,28.146724,76.998492,15000,2026-07-18 07:43:00,SYNDICATE_HUB,7
WTH_01741,TXN_00849,ATM_082,17.422075,78.460438,15000,2026-07-18 08:10:00,SYNDICATE_HUB,8
WTH_01743,TXN_00849,ATM_082,17.422075,78.460438,5500,2026-07-18 08:16:00,SYNDICATE_HUB,8
WTH_01742,TXN_00849,ATM_082,17.422075,78.460438,15000,2026-07-18 08:20:00,SYNDICATE_HUB,8
WTH_00536,TXN_00257,ATM_034,23.961348,86.818957,9500,2026-07-18 08:30:00,SYNDICATE_HUB,8
WTH_02659,TXN_01297,ATM_117,14.443511,79.973468,15000,2026-07-18 08:30:00,SYNDICATE_HUB,8
WTH_00537,TXN_00257,ATM_034,23.961348,86.818957,9500,2026-07-18 08:39:00,SYNDICATE_HUB,8
WTH_02661,TXN_01299,ATM_077,17.363239,78.494132,15000,2026-07-18 08:49:00,SYNDICATE_HUB,8
WTH_02662,TXN_01299,ATM_077,17.363239,78.494132,5000,2026-07-18 09:00:00,SYNDICATE_HUB,9
WTH_02663,TXN_01299,ATM_077,17.363239,78.494132,9500,2026-07-18 09:09:00,SYNDICATE_HUB,9
WTH_02660,TXN_01298,ATM_083,17.415828,78.499909,14000,2026-07-18 09:25:00,SYNDICATE_HUB,9
WTH_00539,TXN_00259,ATM_082,17.422075,78.460438,15000,2026-07-18 09:35:00,SYNDICATE_HUB,9
WTH_02664,TXN_01300,ATM_029,28.515359,77.383579,15000,2026-07-18 09:38:00,SYNDICATE_HUB,9
WTH_00540,TXN_00260,ATM_117,14.443511,79.973468,15000,2026-07-18 09:42:00,VICTIM_CITY,9
WTH_02665,TXN_01300,ATM_029,28.515359,77.383579,15000,2026-07-18 09:43:00,SYNDICATE_HUB,9
WTH_02666,TXN_01300,ATM_029,28.515359,77.383579,7000,2026-07-18 09:52:00,SYNDICATE_HUB,9
WTH_00541,TXN_00260,ATM_117,14.443511,79.973468,2000,2026-07-18 09:53:00,VICTIM_CITY,9
WTH_02667,TXN_01301,ATM_078,17.394378,78.463841,15000,2026-07-18 09:54:00,SYNDICATE_HUB,9
WTH_01744,TXN_00850,ATM_116,14.427993,79.990829,9500,2026-07-18 09:58:00,VICTIM_CITY,9
WTH_02668,TXN_01301,ATM_078,17.394378,78.463841,15000,2026-07-18 09:58:00,SYNDICATE_HUB,9
WTH_02669,TXN_01302,ATM_097,13.088695,80.235819,1000,2026-07-18 11:49:00,VICTIM_CITY,11
WTH_01745,TXN_00851,ATM_114,14.443886,79.964945,15000,2026-07-18 11:54:00,VICTIM_CITY,11
WTH_02670,TXN_01302,ATM_097,13.088695,80.235819,15000,2026-07-18 11:54:00,VICTIM_CITY,11
WTH_02671,TXN_01303,ATM_096,13.070198,80.294679,15000,2026-07-18 12:07:00,VICTIM_CITY,12
WTH_02672,TXN_01303,ATM_096,13.070198,80.294679,9000,2026-07-18 12:13:00,VICTIM_CITY,12
WTH_02673,TXN_01303,ATM_096,13.070198,80.294679,15000,2026-07-18 12:15:00,VICTIM_CITY,12
WTH_00542,TXN_00261,ATM_070,12.997633,77.555212,3000,2026-07-18 12:25:00,SYNDICATE_HUB,12
WTH_00543,TXN_00261,ATM_070,12.997633,77.555212,15000,2026-07-18 12:31:00,SYNDICATE_HUB,12
WTH_01746,TXN_00852,ATM_115,14.428294,80.000092,13000,2026-07-18 14:17:00,VICTIM_CITY,14
WTH_01748,TXN_00852,ATM_115,14.428294,80.000092,3500,2026-07-18 14:23:00,VICTIM_CITY,14
WTH_01747,TXN_00852,ATM_115,14.428294,80.000092,15000,2026-07-18 14:24:00,VICTIM_CITY,14
WTH_02674,TXN_01304,ATM_055,12.979842,77.592218,15000,2026-07-18 15:03:00,SYNDICATE_HUB,15
WTH_02675,TXN_01304,ATM_055,12.979842,77.592218,15000,2026-07-18 15:09:00,SYNDICATE_HUB,15
WTH_02676,TXN_01305,ATM_099,13.057952,80.275004,14500,2026-07-18 16:22:00,VICTIM_CITY,16
WTH_02677,TXN_01306,ATM_059,12.970489,77.557202,15000,2026-07-18 19:13:00,SYNDICATE_HUB,19
WTH_02678,TXN_01306,ATM_059,12.970489,77.557202,14500,2026-07-18 19:22:00,SYNDICATE_HUB,19
WTH_02679,TXN_01306,ATM_059,12.970489,77.557202,15000,2026-07-18 19:35:00,SYNDICATE_HUB,19
WTH_02680,TXN_01307,ATM_028,28.560244,77.413351,15000,2026-07-18 21:51:00,SYNDICATE_HUB,21
WTH_02681,TXN_01307,ATM_028,28.560244,77.413351,15000,2026-07-18 22:03:00,SYNDICATE_HUB,22
WTH_02682,TXN_01307,ATM_028,28.560244,77.413351,12000,2026-07-18 22:11:00,SYNDICATE_HUB,22
WTH_04165,TXN_02032,ATM_042,23.986146,86.794608,10000,2026-07-18 22:48:00,SYNDICATE_HUB,22
WTH_03098,TXN_01512,ATM_033,23.9755,86.8246,15000,2026-07-18 22:54:00,SYNDICATE_HUB,22
WTH_03099,TXN_01512,ATM_033,23.9755,86.8246,13500,2026-07-18 23:00:00,SYNDICATE_HUB,23
WTH_04166,TXN_02033,ATM_102,13.153029,78.149361,14500,2026-07-18 23:40:00,VICTIM_CITY,23
WTH_02683,TXN_01308,ATM_039,23.963893,86.798116,15000,2026-07-18 23:41:00,SYNDICATE_HUB,23
WTH_02684,TXN_01308,ATM_039,23.963893,86.798116,1000,2026-07-18 23:46:00,SYNDICATE_HUB,23
WTH_03100,TXN_01513,ATM_145,11.023544,76.940855,15000,2026-07-18 23:50:00,VICTIM_CITY,23
WTH_03101,TXN_01513,ATM_145,11.023544,76.940855,13500,2026-07-18 23:57:00,VICTIM_CITY,23
WTH_03102,TXN_01513,ATM_145,11.023544,76.940855,15000,2026-07-19 00:08:00,VICTIM_CITY,0
WTH_00219,TXN_00107,ATM_004,28.497401,77.045018,12000,2026-07-19 00:19:00,SYNDICATE_HUB,0
WTH_01793,TXN_00875,ATM_011,28.494676,77.021181,15000,2026-07-19 00:27:00,SYNDICATE_HUB,0
WTH_00220,TXN_00107,ATM_004,28.497401,77.045018,10000,2026-07-19 00:31:00,SYNDICATE_HUB,0
WTH_04167,TXN_02034,ATM_069,12.946536,77.584294,15000,2026-07-19 00:40:00,SYNDICATE_HUB,0
WTH_04168,TXN_02034,ATM_069,12.946536,77.584294,5000,2026-07-19 00:47:00,SYNDICATE_HUB,0
WTH_03103,TXN_01514,ATM_144,11.013157,76.96992,15000,2026-07-19 01:15:00,VICTIM_CITY,1
WTH_03104,TXN_01515,ATM_028,28.560244,77.413351,15000,2026-07-19 01:16:00,SYNDICATE_HUB,1
WTH_03105,TXN_01516,ATM_145,11.023544,76.940855,9500,2026-07-19 02:23:00,VICTIM_CITY,2
WTH_03106,TXN_01516,ATM_145,11.023544,76.940855,15000,2026-07-19 02:32:00,VICTIM_CITY,2
WTH_03107,TXN_01516,ATM_145,11.023544,76.940855,15000,2026-07-19 02:33:00,VICTIM_CITY,2
WTH_00221,TXN_00108,ATM_007,28.465307,76.980681,15000,2026-07-19 02:57:00,SYNDICATE_HUB,2
WTH_00222,TXN_00108,ATM_007,28.465307,76.980681,8500,2026-07-19 03:03:00,SYNDICATE_HUB,3
WTH_00223,TXN_00108,ATM_007,28.465307,76.980681,15000,2026-07-19 03:09:00,SYNDICATE_HUB,3
WTH_04169,TXN_02035,ATM_024,28.524445,77.416371,15000,2026-07-19 03:19:00,SYNDICATE_HUB,3
WTH_04814,TXN_02353,ATM_037,23.961927,86.827934,15000,2026-07-19 04:35:00,VICTIM_CITY,4
WTH_04815,TXN_02353,ATM_037,23.961927,86.827934,15000,2026-07-19 04:41:00,VICTIM_CITY,4
WTH_04816,TXN_02353,ATM_037,23.961927,86.827934,2000,2026-07-19 04:47:00,VICTIM_CITY,4
WTH_03809,TXN_01854,ATM_022,28.532724,77.383774,14500,2026-07-19 04:55:00,SYNDICATE_HUB,4
WTH_00115,TXN_00054,ATM_140,22.574554,88.353111,15000,2026-07-19 05:36:00,VICTIM_CITY,5
WTH_04817,TXN_02354,ATM_033,23.9755,86.8246,15000,2026-07-19 05:38:00,VICTIM_CITY,5
WTH_04170,TXN_02036,ATM_104,13.143941,78.140721,5000,2026-07-19 05:42:00,VICTIM_CITY,5
WTH_04818,TXN_02354,ATM_033,23.9755,86.8246,15000,2026-07-19 05:45:00,VICTIM_CITY,5
WTH_04171,TXN_02036,ATM_104,13.143941,78.140721,4000,2026-07-19 05:54:00,VICTIM_CITY,5
WTH_04172,TXN_02036,ATM_104,13.143941,78.140721,15000,2026-07-19 05:54:00,VICTIM_CITY,5
WTH_04819,TXN_02354,ATM_033,23.9755,86.8246,15000,2026-07-19 05:54:00,VICTIM_CITY,5
WTH_04173,TXN_02037,ATM_102,13.153029,78.149361,10500,2026-07-19 07:21:00,VICTIM_CITY,7
WTH_00116,TXN_00055,ATM_033,23.9755,86.8246,14500,2026-07-19 07:25:00,SYNDICATE_HUB,7
WTH_00117,TXN_00055,ATM_033,23.9755,86.8246,15000,2026-07-19 07:28:00,SYNDICATE_HUB,7
WTH_00118,TXN_00055,ATM_033,23.9755,86.8246,3500,2026-07-19 07:45:00,SYNDICATE_HUB,7
WTH_04174,TXN_02038,ATM_094,13.095951,80.268661,9500,2026-07-19 08:01:00,SYNDICATE_HUB,8
WTH_04175,TXN_02039,ATM_030,28.54345,77.414413,15000,2026-07-19 09:25:00,SYNDICATE_HUB,9
WTH_04178,TXN_02040,ATM_102,13.153029,78.149361,10000,2026-07-19 09:26:00,VICTIM_CITY,9
WTH_04177,TXN_02039,ATM_030,28.54345,77.414413,4500,2026-07-19 09:33:00,SYNDICATE_HUB,9
WTH_04176,TXN_02039,ATM_030,28.54345,77.414413,9500,2026-07-19 09:36:00,SYNDICATE_HUB,9
WTH_00119,TXN_00056,ATM_110,14.432893,79.988137,15000,2026-07-19 09:50:00,SYNDICATE_HUB,9
WTH_04179,TXN_02041,ATM_064,12.939903,77.576478,1000,2026-07-19 11:59:00,SYNDICATE_HUB,11
WTH_04180,TXN_02041,ATM_064,12.939903,77.576478,15000,2026-07-19 12:02:00,SYNDICATE_HUB,12
WTH_00120,TXN_00057,ATM_143,22.632325,88.309242,15000,2026-07-19 12:31:00,VICTIM_CITY,12
WTH_00121,TXN_00057,ATM_143,22.632325,88.309242,15000,2026-07-19 12:39:00,VICTIM_CITY,12
WTH_00122,TXN_00057,ATM_143,22.632325,88.309242,8500,2026-07-19 12:39:00,VICTIM_CITY,12
WTH_00123,TXN_00058,ATM_139,22.578174,88.347094,8500,2026-07-19 13:01:00,VICTIM_CITY,13
WTH_00124,TXN_00058,ATM_139,22.578174,88.347094,12500,2026-07-19 13:09:00,VICTIM_CITY,13
WTH_00833,TXN_00403,ATM_109,13.123335,78.128711,9000,2026-07-19 15:43:00,SYNDICATE_HUB,15
WTH_00834,TXN_00404,ATM_093,13.076443,80.290692,10500,2026-07-19 18:47:00,VICTIM_CITY,18
WTH_00837,TXN_00406,ATM_043,28.09283,76.984965,12000,2026-07-19 19:02:00,SYNDICATE_HUB,19
WTH_00835,TXN_00405,ATM_025,28.543747,77.348687,15000,2026-07-19 19:07:00,SYNDICATE_HUB,19
WTH_00836,TXN_00405,ATM_025,28.543747,77.348687,9000,2026-07-19 19:11:00,SYNDICATE_HUB,19
WTH_00839,TXN_00406,ATM_043,28.09283,76.984965,12500,2026-07-19 19:12:00,SYNDICATE_HUB,19
WTH_00838,TXN_00406,ATM_043,28.09283,76.984965,15000,2026-07-19 19:14:00,SYNDICATE_HUB,19
WTH_00840,TXN_00407,ATM_097,13.088695,80.235819,15000,2026-07-19 19:57:00,VICTIM_CITY,19
WTH_01135,TXN_00548,ATM_027,28.519254,77.40568,7000,2026-07-19 20:13:00,SYNDICATE_HUB,20
WTH_01136,TXN_00548,ATM_027,28.519254,77.40568,15000,2026-07-19 20:18:00,SYNDICATE_HUB,20
WTH_01137,TXN_00548,ATM_027,28.519254,77.40568,14000,2026-07-19 20:21:00,SYNDICATE_HUB,20
WTH_01132,TXN_00547,ATM_078,17.394378,78.463841,15000,2026-07-19 21:10:00,SYNDICATE_HUB,21
WTH_01134,TXN_00547,ATM_078,17.394378,78.463841,15000,2026-07-19 21:20:00,SYNDICATE_HUB,21
WTH_01133,TXN_00547,ATM_078,17.394378,78.463841,15000,2026-07-19 21:22:00,SYNDICATE_HUB,21
WTH_01138,TXN_00549,ATM_118,14.485479,79.999178,15000,2026-07-19 22:11:00,SYNDICATE_HUB,22
WTH_03872,TXN_01885,ATM_067,12.937606,77.609755,15000,2026-07-19 22:11:00,SYNDICATE_HUB,22
WTH_03873,TXN_01885,ATM_067,12.937606,77.609755,3000,2026-07-19 22:15:00,SYNDICATE_HUB,22
WTH_01140,TXN_00549,ATM_118,14.485479,79.999178,15000,2026-07-19 22:19:00,SYNDICATE_HUB,22
WTH_01139,TXN_00549,ATM_118,14.485479,79.999178,15000,2026-07-19 22:23:00,SYNDICATE_HUB,22
WTH_01143,TXN_00551,ATM_100,13.136631,78.114212,11500,2026-07-19 22:44:00,SYNDICATE_HUB,22
WTH_01144,TXN_00551,ATM_100,13.136631,78.114212,10000,2026-07-19 22:53:00,SYNDICATE_HUB,22
WTH_00841,TXN_00408,ATM_083,17.415828,78.499909,10500,2026-07-19 22:56:00,SYNDICATE_HUB,22
WTH_01141,TXN_00550,ATM_071,17.392279,78.528529,3500,2026-07-19 22:58:00,SYNDICATE_HUB,22
WTH_01142,TXN_00550,ATM_071,17.392279,78.528529,15000,2026-07-19 23:03:00,SYNDICATE_HUB,23
WTH_00842,TXN_00408,ATM_083,17.415828,78.499909,15000,2026-07-19 23:07:00,SYNDICATE_HUB,23
WTH_03874,TXN_01886,ATM_002,28.475045,77.063153,15000,2026-07-19 23:09:00,SYNDICATE_HUB,23
WTH_00843,TXN_00408,ATM_083,17.415828,78.499909,1000,2026-07-19 23:16:00,SYNDICATE_HUB,23
WTH_00662,TXN_00315,ATM_005,28.448233,77.039621,15000,2026-07-19 23:47:00,SYNDICATE_HUB,23
WTH_00663,TXN_00315,ATM_005,28.448233,77.039621,15000,2026-07-19 23:51:00,SYNDICATE_HUB,23
WTH_01145,TXN_00552,ATM_049,28.114922,77.000221,15000,2026-07-20 01:16:00,SYNDICATE_HUB,1
WTH_01146,TXN_00552,ATM_049,28.114922,77.000221,1500,2026-07-20 01:20:00,SYNDICATE_HUB,1
WTH_03875,TXN_01887,ATM_032,23.944799,86.783761,15000,2026-07-20 01:30:00,SYNDICATE_HUB,1
WTH_02231,TXN_01090,ATM_101,13.141425,78.141473,8000,2026-07-20 01:37:00,SYNDICATE_HUB,1
WTH_03876,TXN_01887,ATM_032,23.944799,86.783761,15000,2026-07-20 01:39:00,SYNDICATE_HUB,1
WTH_02232,TXN_01090,ATM_101,13.141425,78.141473,7500,2026-07-20 01:41:00,SYNDICATE_HUB,1
WTH_02233,TXN_01090,ATM_101,13.141425,78.141473,15000,2026-07-20 01:43:00,SYNDICATE_HUB,1
WTH_03877,TXN_01888,ATM_012,28.461121,76.992406,15000,2026-07-20 02:23:00,SYNDICATE_HUB,2
WTH_02344,TXN_01146,ATM_021,28.553223,77.395113,15000,2026-07-20 02:26:00,VICTIM_CITY,2
WTH_02345,TXN_01146,ATM_021,28.553223,77.395113,5000,2026-07-20 02:32:00,VICTIM_CITY,2
WTH_03878,TXN_01888,ATM_012,28.461121,76.992406,10500,2026-07-20 02:35:00,SYNDICATE_HUB,2
WTH_03879,TXN_01888,ATM_012,28.461121,76.992406,2500,2026-07-20 02:39:00,SYNDICATE_HUB,2
WTH_01147,TXN_00553,ATM_069,12.946536,77.584294,15000,2026-07-20 02:51:00,SYNDICATE_HUB,2
WTH_01148,TXN_00553,ATM_069,12.946536,77.584294,15000,2026-07-20 02:57:00,SYNDICATE_HUB,2
WTH_03659,TXN_01780,ATM_150,9.950709,76.282411,1000,2026-07-20 03:13:00,VICTIM_CITY,3
WTH_03662,TXN_01781,ATM_149,9.95279,76.274675,14500,2026-07-20 03:14:00,VICTIM_CITY,3
WTH_03660,TXN_01780,ATM_150,9.950709,76.282411,11000,2026-07-20 03:16:00,VICTIM_CITY,3
WTH_03661,TXN_01780,ATM_150,9.950709,76.282411,15000,2026-07-20 03:33:00,VICTIM_CITY,3
WTH_02234,TXN_01091,ATM_046,28.110942,77.014373,13000,2026-07-20 03:53:00,SYNDICATE_HUB,3
WTH_02235,TXN_01091,ATM_046,28.110942,77.014373,11500,2026-07-20 03:57:00,SYNDICATE_HUB,3
WTH_03880,TXN_01889,ATM_087,13.080541,80.280252,15000,2026-07-20 04:16:00,SYNDICATE_HUB,4
WTH_03663,TXN_01782,ATM_150,9.950709,76.282411,15000,2026-07-20 04:21:00,VICTIM_CITY,4
WTH_03881,TXN_01889,ATM_087,13.080541,80.280252,15000,2026-07-20 04:24:00,SYNDICATE_HUB,4
WTH_03664,TXN_01783,ATM_119,14.402097,79.990229,15000,2026-07-20 04:43:00,SYNDICATE_HUB,4
WTH_03882,TXN_01890,ATM_010,28.437707,76.992705,15000,2026-07-20 04:44:00,SYNDICATE_HUB,4
WTH_03665,TXN_01783,ATM_119,14.402097,79.990229,3000,2026-07-20 04:47:00,SYNDICATE_HUB,4
WTH_02346,TXN_01147,ATM_010,28.437707,76.992705,15000,2026-07-20 05:01:00,SYNDICATE_HUB,5
WTH_03666,TXN_01783,ATM_119,14.402097,79.990229,12500,2026-07-20 05:03:00,SYNDICATE_HUB,5
WTH_02347,TXN_01147,ATM_010,28.437707,76.992705,1500,2026-07-20 05:13:00,SYNDICATE_HUB,5
WTH_03667,TXN_01784,ATM_077,17.363239,78.494132,15000,2026-07-20 05:13:00,SYNDICATE_HUB,5
WTH_01149,TXN_00554,ATM_076,17.393016,78.497786,9000,2026-07-20 05:18:00,VICTIM_CITY,5
WTH_03668,TXN_01784,ATM_077,17.363239,78.494132,15000,2026-07-20 05:19:00,SYNDICATE_HUB,5
WTH_01150,TXN_00554,ATM_076,17.393016,78.497786,2500,2026-07-20 05:29:00,VICTIM_CITY,5
WTH_03669,TXN_01784,ATM_077,17.363239,78.494132,6000,2026-07-20 05:37:00,SYNDICATE_HUB,5
WTH_01151,TXN_00554,ATM_076,17.393016,78.497786,15000,2026-07-20 05:38:00,VICTIM_CITY,5
WTH_01152,TXN_00555,ATM_034,23.961348,86.818957,12000,2026-07-20 05:49:00,SYNDICATE_HUB,5
WTH_01154,TXN_00555,ATM_034,23.961348,86.818957,12000,2026-07-20 05:57:00,SYNDICATE_HUB,5
WTH_01153,TXN_00555,ATM_034,23.961348,86.818957,15000,2026-07-20 06:01:00,SYNDICATE_HUB,6
WTH_03883,TXN_01891,ATM_023,28.500015,77.373724,13000,2026-07-20 06:50:00,SYNDICATE_HUB,6
WTH_03884,TXN_01891,ATM_023,28.500015,77.373724,7000,2026-07-20 06:53:00,SYNDICATE_HUB,6
WTH_02348,TXN_01148,ATM_045,28.098405,77.005265,15000,2026-07-20 07:01:00,SYNDICATE_HUB,7
WTH_02349,TXN_01148,ATM_045,28.098405,77.005265,15000,2026-07-20 07:08:00,SYNDICATE_HUB,7
WTH_03885,TXN_01891,ATM_023,28.500015,77.373724,15000,2026-07-20 07:14:00,SYNDICATE_HUB,7
WTH_02350,TXN_01149,ATM_022,28.532724,77.383774,8000,2026-07-20 09:42:00,SYNDICATE_HUB,9
WTH_03886,TXN_01892,ATM_139,22.578174,88.347094,15000,2026-07-20 09:47:00,VICTIM_CITY,9
WTH_02351,TXN_01149,ATM_022,28.532724,77.383774,15000,2026-07-20 09:54:00,SYNDICATE_HUB,9
WTH_02352,TXN_01149,ATM_022,28.532724,77.383774,2000,2026-07-20 10:06:00,SYNDICATE_HUB,10
WTH_02354,TXN_01151,ATM_106,13.144834,78.150669,10000,2026-07-20 11:28:00,SYNDICATE_HUB,11
WTH_02353,TXN_01150,ATM_030,28.54345,77.414413,9000,2026-07-20 12:04:00,VICTIM_CITY,12
WTH_02355,TXN_01152,ATM_026,28.543278,77.381758,15000,2026-07-20 14:34:00,VICTIM_CITY,14
WTH_02356,TXN_01152,ATM_026,28.543278,77.381758,15000,2026-07-20 14:42:00,VICTIM_CITY,14
WTH_02357,TXN_01152,ATM_026,28.543278,77.381758,15000,2026-07-20 14:42:00,VICTIM_CITY,14
WTH_05021,TXN_02454,ATM_079,17.444705,78.501863,15000,2026-07-20 17:01:00,VICTIM_CITY,17
WTH_05022,TXN_02454,ATM_079,17.444705,78.501863,14000,2026-07-20 17:10:00,VICTIM_CITY,17
WTH_02358,TXN_01153,ATM_027,28.519254,77.40568,14000,2026-07-20 17:19:00,VICTIM_CITY,17
WTH_02359,TXN_01154,ATM_058,12.965444,77.60425,15000,2026-07-20 18:15:00,SYNDICATE_HUB,18
WTH_02360,TXN_01154,ATM_058,12.965444,77.60425,15000,2026-07-20 18:23:00,SYNDICATE_HUB,18
WTH_05023,TXN_02455,ATM_023,28.500015,77.373724,15000,2026-07-20 19:03:00,SYNDICATE_HUB,19
WTH_05025,TXN_02456,ATM_048,28.101158,76.96573,15000,2026-07-20 19:10:00,SYNDICATE_HUB,19
WTH_05024,TXN_02455,ATM_023,28.500015,77.373724,15000,2026-07-20 19:11:00,SYNDICATE_HUB,19
WTH_05026,TXN_02456,ATM_048,28.101158,76.96573,2500,2026-07-20 19:17:00,SYNDICATE_HUB,19
WTH_05027,TXN_02457,ATM_100,13.136631,78.114212,15000,2026-07-20 20:07:00,SYNDICATE_HUB,20
WTH_05028,TXN_02457,ATM_100,13.136631,78.114212,5500,2026-07-20 20:14:00,SYNDICATE_HUB,20
WTH_05029,TXN_02457,ATM_100,13.136631,78.114212,15000,2026-07-20 20:23:00,SYNDICATE_HUB,20
WTH_01019,TXN_00492,ATM_104,13.143941,78.140721,15000,2026-07-20 21:18:00,SYNDICATE_HUB,21
WTH_02648,TXN_01291,ATM_061,12.996913,77.5655,15000,2026-07-20 21:46:00,VICTIM_CITY,21
WTH_02649,TXN_01292,ATM_083,17.415828,78.499909,7000,2026-07-20 22:12:00,SYNDICATE_HUB,22
WTH_02650,TXN_01292,ATM_083,17.415828,78.499909,11000,2026-07-20 22:18:00,SYNDICATE_HUB,22
WTH_02651,TXN_01293,ATM_087,13.080541,80.280252,15000,2026-07-20 22:46:00,SYNDICATE_HUB,22
WTH_05030,TXN_02458,ATM_085,17.377148,78.46258,15000,2026-07-20 23:11:00,VICTIM_CITY,23
WTH_05031,TXN_02458,ATM_085,17.377148,78.46258,15000,2026-07-20 23:14:00,VICTIM_CITY,23
WTH_01528,TXN_00743,ATM_027,28.519254,77.40568,15000,2026-07-20 23:19:00,VICTIM_CITY,23
WTH_01529,TXN_00743,ATM_027,28.519254,77.40568,15000,2026-07-20 23:25:00,VICTIM_CITY,23
WTH_02652,TXN_01294,ATM_035,23.968286,86.792578,15000,2026-07-20 23:29:00,SYNDICATE_HUB,23
WTH_02653,TXN_01294,ATM_035,23.968286,86.792578,15000,2026-07-20 23:36:00,SYNDICATE_HUB,23
WTH_02654,TXN_01294,ATM_035,23.968286,86.792578,7500,2026-07-20 23:41:00,SYNDICATE_HUB,23
WTH_01530,TXN_00743,ATM_027,28.519254,77.40568,1000,2026-07-20 23:43:00,VICTIM_CITY,23
WTH_01531,TXN_00744,ATM_021,28.553223,77.395113,15000,2026-07-20 23:45:00,VICTIM_CITY,23
WTH_01532,TXN_00744,ATM_021,28.553223,77.395113,15000,2026-07-20 23:51:00,VICTIM_CITY,23
WTH_05033,TXN_02460,ATM_071,17.392279,78.528529,15000,2026-07-20 23:53:00,VICTIM_CITY,23
WTH_01533,TXN_00744,ATM_021,28.553223,77.395113,15000,2026-07-20 23:57:00,VICTIM_CITY,23
WTH_05032,TXN_02459,ATM_078,17.394378,78.463841,10500,2026-07-20 23:58:00,VICTIM_CITY,23
WTH_05034,TXN_02460,ATM_071,17.392279,78.528529,15000,2026-07-21 00:05:00,VICTIM_CITY,0
WTH_05035,TXN_02460,ATM_071,17.392279,78.528529,2500,2026-07-21 00:09:00,VICTIM_CITY,0
WTH_02655,TXN_01295,ATM_053,28.105774,77.003081,15000,2026-07-21 00:46:00,SYNDICATE_HUB,0
WTH_02656,TXN_01295,ATM_053,28.105774,77.003081,15000,2026-07-21 00:56:00,SYNDICATE_HUB,0
WTH_05036,TXN_02461,ATM_116,14.427993,79.990829,5500,2026-07-21 01:57:00,SYNDICATE_HUB,1
WTH_05037,TXN_02461,ATM_116,14.427993,79.990829,15000,2026-07-21 02:00:00,SYNDICATE_HUB,2
WTH_05038,TXN_02462,ATM_020,28.503624,77.395725,11500,2026-07-21 02:41:00,SYNDICATE_HUB,2
WTH_05039,TXN_02462,ATM_020,28.503624,77.395725,6500,2026-07-21 02:50:00,SYNDICATE_HUB,2
WTH_05041,TXN_02463,ATM_044,28.127308,77.001575,7000,2026-07-21 02:54:00,SYNDICATE_HUB,2
WTH_05040,TXN_02462,ATM_020,28.503624,77.395725,15000,2026-07-21 02:55:00,SYNDICATE_HUB,2
WTH_01534,TXN_00745,ATM_039,23.963893,86.798116,15000,2026-07-21 02:56:00,SYNDICATE_HUB,2
WTH_05042,TXN_02463,ATM_044,28.127308,77.001575,15000,2026-07-21 03:01:00,SYNDICATE_HUB,3
WTH_01535,TXN_00745,ATM_039,23.963893,86.798116,15000,2026-07-21 03:08:00,SYNDICATE_HUB,3
WTH_03108,TXN_01517,ATM_097,13.088695,80.235819,15000,2026-07-21 03:08:00,SYNDICATE_HUB,3
WTH_05043,TXN_02463,ATM_044,28.127308,77.001575,12500,2026-07-21 03:10:00,SYNDICATE_HUB,3
WTH_03109,TXN_01517,ATM_097,13.088695,80.235819,7000,2026-07-21 03:16:00,SYNDICATE_HUB,3
WTH_03110,TXN_01517,ATM_097,13.088695,80.235819,13500,2026-07-21 03:18:00,SYNDICATE_HUB,3
WTH_01536,TXN_00746,ATM_028,28.560244,77.413351,2000,2026-07-21 03:47:00,VICTIM_CITY,3
WTH_03147,TXN_01535,ATM_147,11.002655,76.97619,12500,2026-07-21 03:52:00,VICTIM_CITY,3
WTH_01537,TXN_00746,ATM_028,28.560244,77.413351,2500,2026-07-21 03:58:00,VICTIM_CITY,3
WTH_03149,TXN_01535,ATM_147,11.002655,76.97619,15000,2026-07-21 04:00:00,VICTIM_CITY,4
WTH_03111,TXN_01518,ATM_144,11.013157,76.96992,10000,2026-07-21 04:03:00,VICTIM_CITY,4
WTH_00157,TXN_00077,ATM_044,28.127308,77.001575,9500,2026-07-21 04:04:00,SYNDICATE_HUB,4
WTH_03148,TXN_01535,ATM_147,11.002655,76.97619,1000,2026-07-21 04:04:00,VICTIM_CITY,4
WTH_03112,TXN_01518,ATM_144,11.013157,76.96992,15000,2026-07-21 04:07:00,VICTIM_CITY,4
WTH_01538,TXN_00746,ATM_028,28.560244,77.413351,15000,2026-07-21 04:11:00,VICTIM_CITY,4
WTH_03113,TXN_01518,ATM_144,11.013157,76.96992,15000,2026-07-21 04:21:00,VICTIM_CITY,4
WTH_04717,TXN_02304,ATM_102,13.153029,78.149361,15000,2026-07-21 04:28:00,VICTIM_CITY,4
WTH_04718,TXN_02304,ATM_102,13.153029,78.149361,15000,2026-07-21 04:32:00,VICTIM_CITY,4
WTH_04585,TXN_02238,ATM_097,13.088695,80.235819,15000,2026-07-21 04:46:00,SYNDICATE_HUB,4
WTH_04586,TXN_02238,ATM_097,13.088695,80.235819,1500,2026-07-21 04:51:00,SYNDICATE_HUB,4
WTH_02754,TXN_01347,ATM_133,19.066908,72.83278,6000,2026-07-21 05:04:00,VICTIM_CITY,5
WTH_02755,TXN_01347,ATM_133,19.066908,72.83278,9000,2026-07-21 05:10:00,VICTIM_CITY,5
WTH_04583,TXN_02237,ATM_094,13.095951,80.268661,11500,2026-07-21 05:20:00,VICTIM_CITY,5
WTH_04584,TXN_02237,ATM_094,13.095951,80.268661,15000,2026-07-21 05:27:00,VICTIM_CITY,5
WTH_02756,TXN_01347,ATM_133,19.066908,72.83278,15000,2026-07-21 05:28:00,VICTIM_CITY,5
WTH_04587,TXN_02239,ATM_071,17.392279,78.528529,15000,2026-07-21 06:12:00,SYNDICATE_HUB,6
WTH_03114,TXN_01519,ATM_108,13.130656,78.144644,15000,2026-07-21 06:24:00,SYNDICATE_HUB,6
WTH_00158,TXN_00078,ATM_017,28.535176,77.365615,8000,2026-07-21 06:30:00,SYNDICATE_HUB,6
WTH_00159,TXN_00078,ATM_017,28.535176,77.365615,4500,2026-07-21 06:34:00,SYNDICATE_HUB,6
WTH_03115,TXN_01519,ATM_108,13.130656,78.144644,15000,2026-07-21 06:34:00,SYNDICATE_HUB,6
WTH_03116,TXN_01519,ATM_108,13.130656,78.144644,15000,2026-07-21 06:34:00,SYNDICATE_HUB,6
WTH_00160,TXN_00078,ATM_017,28.535176,77.365615,15000,2026-07-21 06:36:00,SYNDICATE_HUB,6
WTH_04588,TXN_02240,ATM_095,13.05899,80.228284,15000,2026-07-21 06:37:00,VICTIM_CITY,6
WTH_03150,TXN_01536,ATM_146,11.011805,76.943968,15000,2026-07-21 06:46:00,VICTIM_CITY,6
WTH_04589,TXN_02240,ATM_095,13.05899,80.228284,1000,2026-07-21 06:46:00,VICTIM_CITY,6
WTH_03151,TXN_01536,ATM_146,11.011805,76.943968,2000,2026-07-21 06:55:00,VICTIM_CITY,6
WTH_03152,TXN_01536,ATM_146,11.011805,76.943968,15000,2026-07-21 07:02:00,VICTIM_CITY,7
WTH_02757,TXN_01348,ATM_061,12.996913,77.5655,15000,2026-07-21 07:50:00,SYNDICATE_HUB,7
WTH_02758,TXN_01348,ATM_061,12.996913,77.5655,15000,2026-07-21 07:56:00,SYNDICATE_HUB,7
WTH_02759,TXN_01349,ATM_111,14.488893,79.949155,1500,2026-07-21 08:02:00,SYNDICATE_HUB,8
WTH_02760,TXN_01349,ATM_111,14.488893,79.949155,15000,2026-07-21 08:08:00,SYNDICATE_HUB,8
WTH_03117,TXN_01520,ATM_076,17.393016,78.497786,15000,2026-07-21 08:26:00,SYNDICATE_HUB,8
WTH_03153,TXN_01537,ATM_104,13.143941,78.140721,15000,2026-07-21 08:27:00,SYNDICATE_HUB,8
WTH_03155,TXN_01537,ATM_104,13.143941,78.140721,15000,2026-07-21 08:33:00,SYNDICATE_HUB,8
WTH_03154,TXN_01537,ATM_104,13.143941,78.140721,1000,2026-07-21 08:39:00,SYNDICATE_HUB,8
WTH_04590,TXN_02241,ATM_089,13.083064,80.311399,12000,2026-07-21 08:49:00,SYNDICATE_HUB,8
WTH_04591,TXN_02241,ATM_089,13.083064,80.311399,15000,2026-07-21 08:52:00,SYNDICATE_HUB,8
WTH_00161,TXN_00079,ATM_049,28.114922,77.000221,12000,2026-07-21 09:23:00,SYNDICATE_HUB,9
WTH_00162,TXN_00079,ATM_049,28.114922,77.000221,15000,2026-07-21 09:30:00,SYNDICATE_HUB,9
WTH_00163,TXN_00080,ATM_021,28.553223,77.395113,13500,2026-07-21 09:37:00,SYNDICATE_HUB,9
WTH_00164,TXN_00080,ATM_021,28.553223,77.395113,6000,2026-07-21 09:46:00,SYNDICATE_HUB,9
WTH_00165,TXN_00080,ATM_021,28.553223,77.395113,15000,2026-07-21 10:01:00,SYNDICATE_HUB,10
WTH_04592,TXN_02242,ATM_049,28.114922,77.000221,15000,2026-07-21 10:11:00,SYNDICATE_HUB,10
WTH_03156,TXN_01538,ATM_018,28.555241,77.3617,15000,2026-07-21 10:25:00,SYNDICATE_HUB,10
WTH_04593,TXN_02243,ATM_116,14.427993,79.990829,15000,2026-07-21 10:43:00,SYNDICATE_HUB,10
WTH_04594,TXN_02243,ATM_116,14.427993,79.990829,7500,2026-07-21 10:54:00,SYNDICATE_HUB,10
WTH_03118,TXN_01521,ATM_147,11.002655,76.97619,15000,2026-07-21 11:03:00,VICTIM_CITY,11
WTH_04595,TXN_02243,ATM_116,14.427993,79.990829,15000,2026-07-21 11:05:00,SYNDICATE_HUB,11
WTH_03119,TXN_01521,ATM_147,11.002655,76.97619,15000,2026-07-21 11:08:00,VICTIM_CITY,11
WTH_03120,TXN_01521,ATM_147,11.002655,76.97619,1500,2026-07-21 11:17:00,VICTIM_CITY,11
WTH_03160,TXN_01540,ATM_114,14.443886,79.964945,1500,2026-07-21 11:26:00,SYNDICATE_HUB,11
WTH_04596,TXN_02244,ATM_006,28.448378,77.015422,8500,2026-07-21 11:26:00,SYNDICATE_HUB,11
WTH_03161,TXN_01540,ATM_114,14.443886,79.964945,15000,2026-07-21 11:33:00,SYNDICATE_HUB,11
WTH_04597,TXN_02244,ATM_006,28.448378,77.015422,15000,2026-07-21 11:34:00,SYNDICATE_HUB,11
WTH_03157,TXN_01539,ATM_078,17.394378,78.463841,15000,2026-07-21 11:38:00,SYNDICATE_HUB,11
WTH_03158,TXN_01539,ATM_078,17.394378,78.463841,2500,2026-07-21 11:44:00,SYNDICATE_HUB,11
WTH_03159,TXN_01539,ATM_078,17.394378,78.463841,1000,2026-07-21 11:50:00,SYNDICATE_HUB,11
WTH_03162,TXN_01540,ATM_114,14.443886,79.964945,8500,2026-07-21 11:50:00,SYNDICATE_HUB,11
WTH_00166,TXN_00081,ATM_107,13.150964,78.142922,15000,2026-07-21 12:27:00,SYNDICATE_HUB,12
WTH_00167,TXN_00081,ATM_107,13.150964,78.142922,15000,2026-07-21 12:33:00,SYNDICATE_HUB,12
WTH_04598,TXN_02245,ATM_022,28.532724,77.383774,13500,2026-07-21 13:12:00,SYNDICATE_HUB,13
WTH_04599,TXN_02245,ATM_022,28.532724,77.383774,14000,2026-07-21 13:23:00,SYNDICATE_HUB,13
WTH_00168,TXN_00082,ATM_098,13.087549,80.281489,1000,2026-07-21 13:28:00,VICTIM_CITY,13
WTH_04600,TXN_02245,ATM_022,28.532724,77.383774,15000,2026-07-21 13:28:00,SYNDICATE_HUB,13
WTH_00169,TXN_00082,ATM_098,13.087549,80.281489,15000,2026-07-21 13:35:00,VICTIM_CITY,13
WTH_04601,TXN_02246,ATM_037,23.961927,86.827934,13000,2026-07-21 14:06:00,SYNDICATE_HUB,14
WTH_00170,TXN_00083,ATM_104,13.143941,78.140721,15000,2026-07-21 14:10:00,SYNDICATE_HUB,14
WTH_00172,TXN_00083,ATM_104,13.143941,78.140721,9500,2026-07-21 14:16:00,SYNDICATE_HUB,14
WTH_00171,TXN_00083,ATM_104,13.143941,78.140721,5500,2026-07-21 14:18:00,SYNDICATE_HUB,14
WTH_04602,TXN_02247,ATM_098,13.087549,80.281489,1000,2026-07-21 15:08:00,VICTIM_CITY,15
WTH_04603,TXN_02247,ATM_098,13.087549,80.281489,7000,2026-07-21 15:13:00,VICTIM_CITY,15
WTH_04604,TXN_02247,ATM_098,13.087549,80.281489,15000,2026-07-21 15:24:00,VICTIM_CITY,15
WTH_00173,TXN_00084,ATM_097,13.088695,80.235819,12500,2026-07-21 17:02:00,VICTIM_CITY,17
WTH_00174,TXN_00084,ATM_097,13.088695,80.235819,8000,2026-07-21 17:10:00,VICTIM_CITY,17
WTH_00175,TXN_00085,ATM_006,28.448378,77.015422,15000,2026-07-21 19:07:00,SYNDICATE_HUB,19
WTH_00176,TXN_00086,ATM_091,13.100219,80.2467,15000,2026-07-21 22:16:00,VICTIM_CITY,22
WTH_00177,TXN_00086,ATM_091,13.100219,80.2467,9000,2026-07-21 22:28:00,VICTIM_CITY,22
WTH_00178,TXN_00086,ATM_091,13.100219,80.2467,15000,2026-07-21 22:40:00,VICTIM_CITY,22
