account_id,risk_label,emb_0,emb_1,emb_2,emb_3,emb_4,emb_5,emb_6,emb_7,emb_8,emb_9,emb_10,emb_11,emb_12,emb_13,emb_14,emb_15,emb_16,emb_17,emb_18,emb_19,emb_20,emb_21,emb_22,emb_23,emb_24,emb_25,emb_26,emb_27,emb_28,emb_29,emb_30,emb_31
L00001,0,2.4092476,0.2672277,2.2995822,0.0,0.0,1.7277588,0.7917063,3.1462343,0.0,0.0,1.3813419,0.0,3.0580547,0.002415046,0.0,2.0560546,1.5654331,0.0,1.2338271,0.59252375,0.024334326,2.9987104,0.0,0.0,0.0,3.0952477,0.0,1.5075172,0.0,1.2969775,0.0,0.12959644
L00002,0,2.718523,0.22591963,2.6321867,0.0,0.0,1.9486367,0.8156483,3.5654137,0.0,0.0,1.4190297,0.0,3.4498723,0.084591255,0.0,2.15394,1.7017776,0.0,1.3575113,0.59090847,0.059212,3.4079876,0.0,0.0,0.022685997,3.4748983,0.0,1.5781202,0.0,1.3987108,0.0,0.21839811
L00003,0,2.8053987,0.3044854,2.6719413,0.0,0.0,1.9530165,0.885401,3.6201448,0.0,0.0,1.5524894,0.0,3.4631417,0.0,0.0,2.287975,1.7811668,0.0,1.3786523,0.6539893,0.0,3.4701264,0.0,0.0,0.0,3.5381694,0.0,1.6698638,0.0,1.4701016,0.0,0.20185389
L00004,0,2.7992487,0.27480942,2.7778678,0.0,0.0,1.9429579,0.76792943,3.660704,0.0,0.0,1.2666796,0.0,3.773249,0.30842388,0.0,2.2471163,1.5607587,0.18476585,1.2949679,0.511493,0.2767824,3.746291,0.0,0.0,0.06389897,3.5931602,0.0,1.6052127,0.22004786,1.5380104,0.0,0.22704
L00005,0,2.0832708,0.32405576,2.0198767,0.0,0.0,1.4540681,0.68620324,2.647622,0.0,0.0,1.1539853,0.0,2.5423653,0.008248642,0.0,1.6404674,1.3468713,0.0,1.0408897,0.54079795,0.0,2.521413,0.0,0.0,0.0,2.628139,0.0,1.2738776,0.0,1.1049788,0.0,0.14102267
L00006,0,3.8136833,0.0,3.6957788,0.0,0.0,2.810079,1.062902,4.902994,0.0,0.0,1.8162562,0.0,4.925993,0.39779449,0.0,2.953374,2.3072731,0.12839758,1.7882426,0.6960349,0.26897568,4.7242746,0.0,0.0,0.14465538,4.9129167,0.0,2.0411086,0.12654206,1.7585795,0.0,0.19276297
L00007,0,2.7731273,0.35435507,2.6814458,0.0,0.0,1.8000783,0.7979554,3.564058,0.0,0.0,1.3467087,0.0,3.4277072,0.072549894,0.0,2.1975975,1.6773131,0.0,1.2717206,0.5920942,0.040968955,3.3850975,0.0,0.0,0.022368498,3.4643745,0.0,1.5716032,0.0,1.449429,0.0,0.207409
L00008,0,2.8267229,0.4005667,2.563092,0.0,0.0,1.8866465,0.87248755,3.5366688,0.0,0.0,1.4786378,0.0,3.2867484,0.007366374,0.0,2.169827,1.6918044,0.0,1.3101702,0.6248535,0.0,3.452725,0.0,0.0,0.0,3.420175,0.0,1.6059154,0.0,1.4330418,0.0,0.22670418
L00009,0,2.9169164,0.23796025,2.8939035,0.0,0.0,1.9250304,0.77603304,3.7995348,0.0,0.0,1.2302549,0.0,3.7169363,0.3344466,0.0,2.262986,1.6881496,0.12645599,1.3225241,0.55495507,0.28476548,3.6100817,0.0,0.0,0.118383996,3.710392,0.0,1.5273734,0.12404734,1.4629223,0.0,0.20598382
L00010,0,3.3755245,0.2371014,3.2673247,0.0,0.0,2.254988,0.9711375,4.370529,0.0,0.0,1.6365484,0.0,4.163724,0.1330234,0.0,2.5989342,2.0330458,0.004546851,1.5885899,0.67216873,0.061539456,4.1637225,0.0,0.0,0.040618815,4.221926,0.0,1.8313341,0.0579229,1.6892166,0.0,0.2539842
L00011,0,3.029768,0.33566725,2.8235285,0.0,0.0,2.0185456,0.913023,3.8694603,0.0,0.0,1.5442057,0.0,3.679125,0.03316112,0.0,2.3740664,1.822873,0.0,1.4026909,0.6392929,0.0,3.7405245,0.0,0.0,0.0,3.7160983,0.0,1.7400687,0.0,1.5572958,0.0,0.2235794
L00012,0,2.7600303,0.35009438,2.6169438,0.0,0.0,1.9242892,0.9033148,3.596711,0.0,0.0,1.5586277,0.0,3.4682176,0.0,0.0,2.3781404,1.7929434,0.0,1.3645892,0.67581743,0.0,3.3814685,0.0,0.0,0.0,3.4727502,0.0,1.7209091,0.0,1.5008779,0.0,0.16399014
L00013,0,2.6814592,0.41676894,2.5009494,0.0,0.0,1.7848675,0.852407,3.4072435,0.0,0.0,1.4481907,0.0,3.199302,0.0,0.0,2.1229935,1.6641121,0.0,1.275742,0.62663233,0.0,3.293322,0.0,0.0,0.0,3.2680764,0.0,1.6048603,0.0,1.4221861,0.0,0.23124988
L00014,0,2.6558526,0.30035982,2.5522528,0.0,0.0,1.8651841,0.83871245,3.4943724,0.0,0.0,1.4820609,0.0,3.3395932,0.0,0.0,2.1209433,1.7053759,0.0,1.3465691,0.6337832,0.0,3.2997074,0.0,0.0,0.0,3.390028,0.0,1.594323,0.0,1.4015511,0.0,0.20519984
L00015,0,2.8515947,0.24736619,2.7003999,0.0,0.0,2.001687,0.6928531,3.5076134,0.0,0.0,1.2265823,0.0,3.3962648,0.44447035,0.0,1.8807863,1.5719523,0.29410505,1.2526228,0.46880987,0.39680278,3.585208,0.0,0.0,0.16891372,3.5725493,0.0,1.4319105,0.13323039,1.2501645,0.0,0.13400005
L00016,0,2.5882092,0.3613469,2.4900343,0.0,0.0,1.7494167,0.85293126,3.2499528,0.0,0.0,1.4123942,0.0,3.1080892,0.0,0.0,2.127851,1.6595156,0.0,1.2290316,0.63239014,0.0,3.1067686,0.0,0.0,0.0,3.1866827,0.0,1.5862887,0.0,1.3703086,0.0,0.14682043
L00017,0,3.2437034,0.0,3.0396724,0.0,0.19439791,2.23834,0.50217605,4.20047,0.0,0.0,1.1554828,0.0,4.237501,0.98806673,0.0,2.071209,1.6474843,0.71686435,1.4084377,0.29696366,0.95660627,4.2067227,0.20394063,0.0,0.39982885,4.333803,0.25322917,1.4112585,0.47198975,1.2621768,0.0,0.0
L00018,0,2.4467874,0.2948168,2.4249382,0.0,0.0,1.6622874,0.76133,3.2295225,0.0,0.0,1.2952216,0.0,3.0914123,0.0,0.0,2.0348938,1.5838991,0.0,1.2305899,0.5783546,0.0,3.008685,0.0,0.0,0.0,3.1195755,0.0,1.4795948,0.0,1.3284378,0.0,0.19141737
L00019,0,2.2803807,0.4133053,2.1086056,0.0,0.0,1.5402974,0.77795374,2.800528,0.0,0.0,1.2687346,0.0,2.6401134,0.0,0.0,1.7894113,1.4135443,0.0,1.0927753,0.57717514,0.0,2.7495716,0.0,0.0,0.0,2.7368522,0.0,1.3772458,0.0,1.2088943,0.0,0.16550946
L00020,0,3.8989327,0.30678016,3.6104226,0.0,0.0,2.7986479,1.2463851,4.900609,0.0,0.0,2.240573,0.0,4.81269,0.039081678,0.0,3.2860496,2.489419,0.0,1.8229027,0.8830889,0.0,4.782863,0.0,0.0,0.0,4.965276,0.0,2.283346,0.0016001612,1.9823132,0.0,0.13676624
L00021,0,2.5089626,0.29167503,2.414633,0.0,0.0,1.7364782,0.7328558,3.1601336,0.0,0.0,1.2138956,0.0,2.9824336,0.13639523,0.0,1.8395416,1.532837,0.0,1.1957331,0.5560798,0.07806754,3.0628119,0.0,0.0,0.06215895,3.125166,0.0,1.3721865,0.0,1.2129774,0.0,0.18024394
L00022,0,2.5996175,0.39025283,2.3550363,0.0,0.0,1.7529955,0.8301492,3.3059828,0.0,0.0,1.4030039,0.0,3.0755558,0.0,0.0,2.0293021,1.5776814,0.0,1.2631071,0.59759504,0.0,3.1956587,0.0,0.0,0.0,3.1560917,0.0,1.5208031,0.0,1.3695998,0.0,0.2091091
L00023,0,2.7490952,0.12168378,2.68041,0.0,0.02266477,2.102954,0.68353975,3.664405,0.0,0.0,1.1530502,0.0,3.9024968,0.5375108,0.0,2.1144073,1.3897637,0.3465736,1.3455982,0.37457588,0.50738984,3.8860502,0.0,0.0,0.13609794,3.7154555,0.010077655,1.5044866,0.41979092,1.4579391,0.0,0.18868896
L00024,0,1.9865689,0.41666538,1.9585488,0.0,0.0,1.2652122,0.6999582,2.6056197,0.0,0.0,1.1034663,0.0,2.4329102,0.0,0.0,1.7083607,1.3259737,0.0,0.9962525,0.5688739,0.0,2.435382,0.0,0.0,0.0,2.461772,0.0,1.3138529,0.0,1.1544609,0.0,0.17298216
L00025,0,2.556136,0.36090085,2.4635363,0.0,0.0,1.7432641,0.82731986,3.3085034,0.0,0.0,1.4326307,0.0,3.1428697,0.0,0.0,2.1359348,1.6581638,0.0,1.2708726,0.62637377,0.0,3.1203094,0.0,0.0,0.0,3.221188,0.0,1.5812914,0.0,1.3844411,0.0,0.17318994
L00026,0,2.155782,0.5043002,2.0079095,0.0,0.0,1.4109838,0.742211,2.6679533,0.0,0.0,1.2259341,0.0,2.4375157,0.0,0.0,1.7675154,1.3917197,0.0,1.0421124,0.58968496,0.0,2.574653,0.0,0.0,0.0,2.614995,0.0,1.3481368,0.0,1.1976922,0.0,0.15771821
L00027,0,2.1909215,0.43414783,2.0872157,0.0,0.0,1.480121,0.72732115,2.8333857,0.0,0.0,1.2152686,0.0,2.6386392,0.0,0.0,1.8121787,1.4335284,0.0,1.1149141,0.58735,0.0,2.6720817,0.0,0.0,0.0,2.7276268,0.0,1.3810897,0.0,1.2333666,0.0,0.19551148
L00028,0,2.4520197,0.36071724,2.2662134,0.0,0.0,1.680936,0.8247435,3.1013777,0.0,0.0,1.3835764,0.0,2.9519508,0.0,0.0,2.0300386,1.549828,0.0,1.2085587,0.6080662,0.0,2.9868295,0.0,0.0,0.0,3.0413098,0.0,1.5046499,0.0,1.3092403,0.0,0.15345874
L00029,0,2.087169,0.34316617,1.8586822,0.0,0.0,1.5212873,0.6791122,2.7273889,0.0,0.0,1.0862848,0.0,2.6031497,0.061848775,0.0,1.6933118,1.2835593,0.0,1.1126325,0.53424144,0.05185114,2.6971903,0.0,0.0,0.0,2.675095,0.0,1.3297876,0.015640527,1.1421386,0.0,0.19846702
L00030,0,3.5192454,0.0,3.3860812,0.0,0.0,2.5093327,0.7572564,4.587641,0.0,0.0,1.5299704,0.0,4.5515356,0.62552494,0.0,2.5056803,2.0298042,0.35990143,1.611089,0.530226,0.5240529,4.4240417,0.0,0.0,0.2711309,4.63705,0.0,1.7294354,0.24697262,1.5225177,0.0,0.12879694
L00031,0,3.0112443,0.40474576,2.7311032,0.0,0.0,2.057536,0.963891,3.6585324,0.0,0.0,1.6383024,0.0,3.399664,0.0,0.0,2.223752,1.8127346,0.0,1.3862076,0.6772934,0.0,3.6421423,0.0,0.0,0.0,3.6095939,0.0,1.6891116,0.0,1.4776957,0.0,0.22429647
L00032,0,2.9803834,0.19457278,3.0449073,0.0,0.0,2.1263292,0.9336262,3.9129016,0.0,0.0,1.6453217,0.0,3.998122,0.04663615,0.0,2.7321024,2.0029314,0.0,1.4312787,0.69386375,0.06570035,3.662782,0.0,0.0,0.0,3.911232,0.0,1.9183187,0.0,1.6386037,0.0,0.054810684
L00033,0,3.26812,0.21331528,3.1256723,0.0,0.0,2.314394,0.95357,4.266169,0.0,0.0,1.7210342,0.0,4.0996046,0.10280277,0.0,2.5862672,2.0510697,0.0,1.5884626,0.6907642,0.041933864,4.048864,0.0,0.0,0.040232383,4.1704607,0.0,1.8694081,0.0,1.6200922,0.0,0.18879461
L00034,0,2.9157352,0.09389764,3.1949048,0.0,0.0,2.0289893,0.9464853,4.082878,0.0,0.0,1.5654011,0.0,4.207791,0.062243268,0.0,2.8249717,2.0205178,0.0,1.4142861,0.68833387,0.0,3.639331,0.0,0.0,0.00014415383,3.9050517,0.0,1.9999542,0.0,1.6617725,0.0,0.09232603
L00035,0,1.9404118,0.46434927,1.8312893,0.0,0.0,1.2788708,0.6952301,2.4876466,0.0,0.0,1.142563,0.0,2.2982614,0.0,0.0,1.6609625,1.2848804,0.0,0.99094003,0.56675875,0.0,2.3499894,0.0,0.0,0.0,2.3963928,0.0,1.2662566,0.0,1.1264215,0.0,0.16485955
L00036,0,2.3742244,0.34717673,2.327708,0.0,0.0,1.6190857,0.7590647,3.1190572,0.0,0.0,1.3001919,0.0,2.973887,0.0,0.0,1.9589903,1.550392,0.0,1.2018522,0.59782875,0.0,2.920007,0.0,0.0,0.0,3.0130987,0.0,1.4741727,0.0,1.3095655,0.0,0.18948703
L00037,0,1.9168274,0.3443476,1.8681729,0.0,0.0,1.3147421,0.63145816,2.535,0.0,0.0,1.1048096,0.0,2.3987296,0.0,0.0,1.6583694,1.2930348,0.0,1.0077851,0.5314832,0.0,2.3576233,0.0,0.0,0.0,2.4352179,0.0,1.2673467,0.0,1.1031666,0.0,0.12260535
L00038,0,1.857321,0.44972992,1.8331661,0.0,0.0,1.1789021,0.67753744,2.4095716,0.0,0.0,1.0572157,0.0,2.2593286,0.0,0.0,1.638101,1.2608645,0.0,0.92872924,0.56319886,0.0,2.260985,0.0,0.0,0.0,2.2960162,0.0,1.2607521,0.0,1.1056101,0.0,0.15801792
L00039,0,2.8016331,0.31195503,2.683391,0.0,0.0,1.9613286,0.90816855,3.5960474,0.0,0.0,1.5652729,0.0,3.4795897,0.0,0.0,2.3392508,1.8030217,0.0,1.367867,0.66736853,0.0,3.4292927,0.0,0.0,0.0,3.531262,0.0,1.710541,0.0,1.4698148,0.0,0.16922885
L00040,0,2.5107584,0.39369747,2.2965634,0.0,0.0,1.6581595,0.80709124,3.1833205,0.0,0.0,1.3286172,0.0,2.957435,0.0,0.0,1.983951,1.5180963,0.0,1.2089231,0.58766305,0.0,3.0674157,0.0,0.0,0.0,3.0637093,0.0,1.4621093,0.0,1.3250327,0.0,0.20707433
L00041,0,2.471392,0.2522809,2.4136977,0.0,0.0,1.6116705,0.7411785,3.3122642,0.0,0.0,1.2211316,0.0,3.222797,0.1006829,0.0,2.0667694,1.52513,0.0,1.2029624,0.523407,0.0841458,3.0819087,0.0,0.0,0.03260187,3.1948795,0.0,1.4772816,0.04162535,1.3312755,0.0,0.12570164
L00042,0,2.722783,0.066970944,2.607369,0.0,0.0,2.069353,0.8531358,3.6424773,0.0,0.0,1.570901,0.0,3.6369343,0.14429422,0.0,2.3079236,1.7525904,0.0,1.4303253,0.59977484,0.17467724,3.4918888,0.0,0.0,0.004196726,3.6319108,0.0,1.6621354,0.0,1.4035072,0.0,0.0856024
L00043,0,2.9175744,0.28048497,2.812644,0.0,0.0,2.0086071,0.9234204,3.7129042,0.0,0.0,1.5850731,0.0,3.619622,0.021976039,0.0,2.377451,1.8398947,0.0,1.3803718,0.6573854,0.0,3.5589821,0.0,0.0,0.0,3.6501164,0.0,1.748929,0.0,1.4979894,0.0,0.16784607
L00044,0,2.1867075,0.29916352,2.0994468,0.0,0.0,1.4157711,0.5976428,2.86024,0.0,0.0,1.0229121,0.0,2.6616306,0.13209786,0.0,1.6514283,1.3215253,0.0,1.0551572,0.48603922,0.12621911,2.6547375,0.0,0.0,0.06991064,2.7636776,0.0,1.2233877,0.005082041,1.1080818,0.0,0.130617
L00045,0,2.8874457,0.31112555,2.7881603,0.0,0.0,1.9788549,0.8957901,3.7409005,0.0,0.0,1.5139188,0.0,3.5874293,0.0,0.0,2.3233962,1.8246915,0.0,1.4121001,0.65874344,0.0,3.5575528,0.0,0.0,0.0,3.6346798,0.0,1.6895013,0.0,1.509861,0.0,0.23267265
L00046,0,3.029111,0.34303927,2.8994832,0.0,0.0,1.9207809,0.88699543,3.8078759,0.0,0.0,1.3793334,0.0,3.5893939,0.13635744,0.0,2.296608,1.7992822,0.0,1.3453515,0.6622601,0.04284887,3.6833706,0.0,0.0,0.04540897,3.700735,0.0,1.6330038,0.027824432,1.4982541,0.0,0.22863722
L00047,0,2.6206002,0.2732494,2.5062785,0.0,0.0,1.8019587,0.8027023,3.3979614,0.0,0.0,1.4227701,0.0,3.2399693,0.0048654974,0.0,2.1067898,1.6673198,0.0,1.302989,0.59955525,0.0,3.2143474,0.0,0.0,0.0,3.3135376,0.0,1.556486,0.0,1.3605131,0.0,0.1724191
L00048,0,2.349129,0.4268466,2.2642307,0.0,0.0,1.5462714,0.7857095,3.042304,0.0,0.0,1.2935615,0.0,2.8930318,0.0,0.0,2.0186975,1.526491,0.0,1.1387839,0.6067804,0.0,2.8409355,0.0,0.0,0.0,2.9146223,0.0,1.490446,0.0,1.3240588,0.0,0.1755774
L00049,0,2.177214,0.4642514,2.0530033,0.0,0.0,1.4110407,0.74215746,2.7751362,0.0,0.0,1.2066841,0.0,2.5397918,0.0,0.0,1.7944146,1.4076426,0.0,1.0754118,0.5840251,0.0,2.6184564,0.0,0.0,0.0,2.6450696,0.0,1.367115,0.0,1.2166177,0.0,0.18502882
L00050,0,2.1417444,0.30083823,2.0621696,0.0,0.0,1.4554988,0.66697097,2.7036357,0.0,0.0,1.104928,0.0,2.594942,0.08204831,0.0,1.6361727,1.3393023,0.0,1.0332422,0.5162554,0.081129536,2.5673084,0.0,0.0,0.013910346,2.6738482,0.0,1.2641702,0.0,1.0910857,0.0,0.1226082
L00051,0,3.1693885,0.0978778,3.059368,0.0,0.0,2.4092727,1.0205053,4.129428,0.0,0.0,1.8457339,0.0,4.2002206,0.14891393,0.0,2.8119047,2.0642235,0.0,1.5853221,0.7150378,0.17855336,3.9908202,0.0,0.0,0.0,4.179559,0.0,1.96727,0.0,1.6464963,0.0,0.056156497
L00052,0,2.8589432,0.12618977,3.0732658,0.0,0.0,1.8792809,0.90903854,3.9195175,0.0,0.0,1.440906,0.0,4.04567,0.11299442,0.0,2.7424011,1.9114412,0.0,1.3101976,0.6407254,0.0053224713,3.48306,0.0,0.0,0.012413047,3.7454233,0.0,1.9163605,0.0,1.6169393,0.0,0.046979595
L00053,0,2.934923,0.25395015,2.788098,0.0,0.0,2.042164,0.87383723,3.8049254,0.0,0.0,1.5546031,0.0,3.6209476,0.06282951,0.0,2.3187206,1.8180538,0.0,1.428119,0.62900436,0.0444746,3.6195424,0.0,0.0,0.019747138,3.7027826,0.0,1.6940188,0.0,1.4781036,0.0,0.18007986
L00054,0,2.9636073,0.2121641,2.853164,0.0,0.0,2.0551786,0.8378074,3.8801134,0.0,0.0,1.4344339,0.0,3.7078469,0.17134936,0.0,2.2320287,1.7896907,0.0,1.4476597,0.6272452,0.11530329,3.7233467,0.0,0.0,0.06377026,3.7697587,0.0,1.6239672,0.05971089,1.456183,0.0,0.23607302
L00055,0,2.424989,0.2707808,2.3443935,0.0,0.0,1.7596114,0.77279675,3.270828,0.0,0.0,1.2979559,0.0,3.1956637,0.0324523,0.0,2.0538898,1.5444785,0.0,1.2681029,0.5698862,0.060737446,3.0811043,0.0,0.0,0.0018361807,3.1695757,0.0,1.5009146,0.0,1.3229096,0.0,0.197384
L00056,0,2.7552416,0.47179663,2.5861166,0.0,0.0,1.7444983,0.9001117,3.4472833,0.0,0.0,1.4253881,0.0,3.2453105,0.0,0.0,2.248381,1.7054849,0.0,1.239068,0.6626666,0.0,3.3325691,0.0,0.0,0.0,3.303843,0.0,1.6526002,0.0,1.4870641,0.0,0.21980314
L00057,0,3.542513,0.2014769,3.4237764,0.0,0.0,2.6186821,1.1097901,4.618778,0.0,0.0,2.0457702,0.0,4.636764,0.07065959,0.0,3.1059723,2.313461,0.0,1.7364478,0.806723,0.042078435,4.436255,0.0,0.0,0.0,4.690862,0.0,2.140537,0.0,1.8578329,0.0,0.11768895
L00058,0,2.9396656,0.23050857,2.8427346,0.0,0.0,2.1372058,0.87444615,3.7264538,0.0,0.0,1.5289357,0.0,3.6110704,0.15792395,0.0,2.225138,1.8395224,0.01709643,1.4101405,0.63328135,0.1238523,3.6212182,0.0,0.0,0.042754315,3.7167568,0.0,1.6902237,0.0,1.4112568,0.0,0.16867469
L00059,0,3.236382,0.2837709,3.0205483,0.0,0.0,2.252438,0.97937703,4.1967497,0.0,0.0,1.7534212,0.0,3.970051,0.0,0.0,2.5401337,2.0096364,0.0,1.5821736,0.69647014,0.0,4.00559,0.0,0.0,0.0,4.064601,0.0,1.8535686,0.0,1.6338425,0.0,0.23059909
L00060,0,2.003766,0.31661582,1.9853263,0.0,0.0,1.2963072,0.6229949,2.678602,0.0,0.0,1.0758376,0.0,2.5723069,0.0,0.0,1.7406157,1.3304003,0.0,0.9992009,0.5137405,0.019028261,2.4355934,0.0,0.0,0.0,2.5665321,0.0,1.3006458,0.0,1.1374104,0.0,0.10293032
L00061,0,1.8771029,0.4298273,1.8771925,0.0,0.0,1.239155,0.67472756,2.4923415,0.0,0.0,1.104177,0.0,2.341329,0.0,0.0,1.6833488,1.3075655,0.0,0.96949804,0.5716603,0.0,2.2997868,0.0,0.0,0.0,2.3620114,0.0,1.3000182,0.0,1.1259403,0.0,0.14612114
L00062,0,2.3476703,0.4294406,2.1754088,0.0,0.0,1.5118963,0.71499133,2.9382932,0.0,0.0,1.2204553,0.0,2.7154474,0.0070284456,0.0,1.8140898,1.4064852,0.0,1.0736477,0.5359209,0.008188948,2.9267807,0.0,0.0,0.0,2.8011756,0.0,1.383105,0.0,1.2572694,0.0,0.19875358
L00063,0,2.4192984,0.2947016,2.4691782,0.0,0.0,1.5132679,0.72141486,3.128898,0.0,0.0,1.1132581,0.0,3.008783,0.19231875,0.0,1.9537973,1.4773052,0.03804639,1.1204678,0.5270121,0.18604876,2.941193,0.0,0.0,0.044389345,3.0285134,0.0,1.3366275,0.10084051,1.311501,0.0,0.2176004
L00064,0,3.1293862,0.0701825,3.0166523,0.0,0.0,2.2275653,0.7576885,4.03265,0.0,0.0,1.4323716,0.0,3.9972348,0.47085774,0.0,2.292073,1.8494602,0.24602866,1.4413583,0.5485778,0.4017241,3.9192228,0.0,0.0,0.18825975,4.08246,0.0,1.6403642,0.1443493,1.3922056,0.0,0.10507966
L00065,0,1.9530962,0.47426558,1.9435513,0.0,0.0,1.2825216,0.7200136,2.5783513,0.0,0.0,1.1556914,0.0,2.4134777,0.0,0.0,1.7825714,1.3657844,0.0,0.99379396,0.6119346,0.0,2.3989773,0.0,0.0,0.0,2.447864,0.0,1.3625664,0.0,1.176609,0.0,0.16371357
L00066,0,3.0122411,0.40510556,2.815187,0.0,0.0,2.0391877,0.9522474,3.8305833,0.0,0.0,1.6329638,0.0,3.5722997,0.0,0.0,2.3864374,1.898555,0.0,1.4442344,0.7039915,0.0,3.6809042,0.0,0.0,0.0,3.7321663,0.0,1.7422892,0.0,1.5520506,0.0,0.23360667
L00067,0,3.14201,0.17623684,3.0402453,0.0,0.0,2.1574535,0.8228605,4.089835,0.0,0.0,1.5218027,0.0,3.9872305,0.222582,0.0,2.3851118,1.8749812,0.084976494,1.4712749,0.57592374,0.18647663,3.9189131,0.0,0.0,0.0977102,4.011281,0.0,1.7126472,0.06478047,1.5315833,0.0,0.1823599
L00068,0,2.3764484,0.3596474,2.341614,0.0,0.0,1.6075939,0.7737242,3.130284,0.0,0.0,1.3203883,0.0,3.0046265,0.0,0.0,2.0517907,1.5713315,0.0,1.1959026,0.6019816,0.0,2.905209,0.0,0.0,0.0,3.037274,0.0,1.5025125,0.0,1.3362336,0.0,0.15947965
L00069,0,2.181797,0.48032108,2.0336523,0.0,0.0,1.393735,0.7447834,2.7294347,0.0,0.0,1.1809803,0.0,2.4998846,0.0,0.0,1.7441581,1.3865521,0.0,1.0511887,0.5868762,0.0,2.6176522,0.0,0.0,0.0,2.6192226,0.0,1.336476,0.0,1.1917517,0.0,0.21188527
L00070,0,2.7183242,0.24769714,2.6279051,0.0,0.0,1.874743,0.8077533,3.548139,0.0,0.0,1.3968834,0.0,3.369651,0.10097997,0.0,2.1111393,1.6981802,0.0,1.3196106,0.5989738,0.06266563,3.3471894,0.0,0.0,0.0378721,3.4215593,0.0,1.56573,0.0,1.3683908,0.0,0.1722959
L00071,0,1.850544,0.3251853,1.7488315,0.0,0.0,1.3216863,0.61152,2.456903,0.0,0.0,0.93296325,0.0,2.4626436,0.09966679,0.0,1.5584524,1.1114217,0.0,0.9765102,0.45526922,0.10964288,2.427044,0.0,0.0,0.0,2.4517264,0.0,1.1925905,0.03171423,1.0598276,0.0,0.12773263
L00072,0,3.0737019,0.2599911,3.124782,0.0,0.0,2.0756829,0.98353493,4.093904,0.0,0.0,1.6302968,0.0,3.9954746,0.0,0.0,2.6148121,2.0533366,0.0,1.4700413,0.7743517,0.0,3.8775105,0.0,0.0,0.0,3.9414005,0.0,1.919252,0.0,1.6438999,0.0,0.22637624
L00073,0,2.9614651,0.31780457,2.761342,0.0,0.0,2.1011782,0.9568658,3.7969997,0.0,0.0,1.6923444,0.0,3.6398704,0.0,0.0,2.458979,1.8854921,0.0,1.4619334,0.69561005,0.0,3.6619608,0.0,0.0,0.0,3.7596483,0.0,1.77286,0.0,1.5396578,0.0,0.16844259
L00074,0,2.5787077,0.41431773,2.377921,0.0,0.0,1.740327,0.83078825,3.2410924,0.0,0.0,1.4093102,0.0,2.993872,0.0,0.0,1.9978291,1.5946046,0.0,1.2520924,0.61805016,0.0,3.1422434,0.0,0.0,0.0,3.1506233,0.0,1.5069324,0.0,1.3496134,0.0,0.2207974
L00075,0,2.064994,0.33641347,2.0479724,0.0,0.0,1.2931045,0.63612354,2.6988585,0.0,0.0,1.0298934,0.0,2.5547903,0.017017052,0.0,1.7320828,1.3396239,0.0,0.97872704,0.5097818,0.0,2.4867055,0.0,0.0,0.0042285845,2.5904841,0.0,1.2729424,0.0,1.1378417,0.0,0.117029056
L00076,0,2.5951324,0.37217203,2.4843173,0.0,0.0,1.8228036,0.85029304,3.3724988,0.0,0.0,1.4936243,0.0,3.237912,0.0,0.0,2.2400477,1.70524,0.0,1.3011494,0.6577506,0.0,3.1984901,0.0,0.0,0.0,3.3353815,0.0,1.6134841,0.0,1.4339627,0.0,0.14646055
L00077,0,2.8303976,0.24323314,2.8196607,0.0,0.0,1.9584533,0.88105416,3.7957406,0.0,0.0,1.5213267,0.0,3.694662,0.0,0.0,2.4217162,1.8437223,0.0,1.404247,0.6494227,0.0,3.5167894,0.0,0.0,0.0,3.6334987,0.0,1.7527419,0.0,1.5302465,0.0,0.18117204
L00078,0,2.8800995,0.21096057,2.8218737,0.0,0.0,2.0462408,0.8035432,3.6612895,0.0,0.0,1.276928,0.0,3.587024,0.35385984,0.0,2.1601434,1.7162664,0.132267,1.3139269,0.5816803,0.25609893,3.4948235,0.0,0.0,0.14261916,3.6679564,0.0,1.5377785,0.058324933,1.3340428,0.0,0.11374627
L00079,0,3.2801182,0.3181285,3.0975802,0.0,0.0,2.265796,1.0223229,4.124987,0.0,0.0,1.7508298,0.0,3.97728,0.022464857,0.0,2.6462288,2.055074,0.0,1.5265269,0.72384906,0.0,4.0152993,0.0,0.0,0.0011171624,4.094739,0.0,1.8884199,0.0,1.6354461,0.0,0.199626
L00080,0,2.6192896,0.10732067,2.5777054,0.0,0.0,1.8481435,0.67878675,3.4980273,0.0,0.0,1.1341197,0.0,3.5094006,0.38195634,0.0,2.0683842,1.5586733,0.12863743,1.2482612,0.49140164,0.36227387,3.277244,0.0,0.0,0.1367433,3.4859471,0.0,1.441173,0.11553097,1.2671795,0.0,0.082283646
L00081,0,2.3528407,0.46994203,2.2204816,0.0,0.0,1.5614629,0.80242944,2.936564,0.0,0.0,1.3426703,0.0,2.763905,0.0,0.0,1.9732445,1.5374678,0.0,1.1303725,0.6370622,0.0,2.8200824,0.0,0.0,0.0,2.9028325,0.0,1.459087,0.0,1.2994726,0.0,0.1679841
L00082,0,2.7663214,0.41606244,2.5689545,0.0,0.0,1.7782905,0.8770596,3.3928978,0.0,0.0,1.3737544,0.0,3.1780894,0.014193967,0.0,2.0947757,1.6442007,0.0,1.2369568,0.62446666,0.0,3.3465235,0.0,0.0,0.0,3.2722201,0.0,1.562253,0.0,1.4127045,0.0,0.22890715
L00083,0,2.0615156,0.3506292,2.023069,0.0,0.0,1.3730322,0.6715638,2.7896864,0.0,0.0,1.1348294,0.0,2.7068985,0.0,0.0,1.8624829,1.3897038,0.0,1.0390503,0.54691064,0.060537472,2.5253804,0.0,0.0,0.0,2.647581,0.0,1.3754871,0.0,1.1952779,0.0,0.12079977
L00084,0,2.0667365,0.37163177,2.0036712,0.0,0.0,1.3345517,0.6668799,2.7850735,0.0,0.0,1.1011263,0.0,2.626678,0.0,0.0,1.7986041,1.3323623,0.0,1.0427516,0.51752985,0.009027198,2.5242426,0.0,0.0,0.0,2.622487,0.0,1.3075073,0.0,1.2019999,0.0,0.14522547
L00085,0,2.767773,0.23925325,2.748312,0.0,0.0,1.8667508,0.8662422,3.6562114,0.0,0.0,1.4337994,0.0,3.5604463,0.069208995,0.0,2.3098073,1.7631257,0.0,1.3342085,0.6293005,0.031944558,3.428775,0.0,0.0,0.02396465,3.5115776,0.0,1.6535327,0.0,1.460706,0.0,0.1832461
L00086,0,2.5360134,0.28494695,2.3942356,0.0,0.0,1.7137653,0.7039321,3.246762,0.0,0.0,1.2260706,0.0,3.0660105,0.14935718,0.0,1.8214164,1.4887271,0.043744087,1.2171931,0.49775162,0.12732674,3.1521363,0.0,0.0,0.070280485,3.1606588,0.0,1.3741194,0.031223565,1.2435327,0.0,0.18443239
L00087,0,2.36601,0.25187606,2.320631,0.0,0.0,1.6305739,0.7554256,3.2599745,0.0,0.0,1.2437993,0.0,3.1776602,0.027678832,0.0,2.0458207,1.5269159,0.0,1.2207261,0.57437,0.027985528,2.990577,0.0,0.0,0.0,3.0664163,0.0,1.5162927,0.0,1.3298285,0.0,0.18329066
L00088,0,2.4589508,0.38104677,2.3218968,0.0,0.0,1.6019377,0.74290043,3.1909637,0.0,0.0,1.2707943,0.0,2.9785695,0.0041321367,0.0,1.9498061,1.5194173,0.0,1.169684,0.5509257,0.014028773,3.0194902,0.0,0.0,0.0,3.0222306,0.0,1.4623634,0.0,1.3202436,0.0,0.19177774
L00089,0,2.950667,0.07449019,3.0722032,0.0,0.0,2.2020028,0.90353763,4.004054,0.0,0.0,1.6891358,0.0,4.125577,0.07671483,0.0,2.6869037,2.0177379,0.0,1.5188491,0.6761604,0.15527417,3.7241468,0.0,0.0,0.003726989,4.0127497,0.0,1.8939525,0.0,1.6090889,0.0,0.0792735
L00090,0,3.071339,0.3623038,2.974862,0.0,0.0,2.0410857,0.967561,4.0094543,0.0,0.0,1.6527988,0.0,3.8220172,0.0,0.0,2.5087247,1.959908,0.0,1.4649959,0.701519,0.0,3.768139,0.0,0.0,0.0,3.843655,0.0,1.8504026,0.0,1.6234727,0.0,0.22859794
L00091,0,3.691237,0.31627294,3.33315,0.0,0.0,2.6247652,1.1844594,4.502006,0.0,0.0,2.133381,0.0,4.3824353,0.074625984,0.0,3.0857866,2.3204157,0.0,1.6639862,0.83031183,0.03391713,4.4455886,0.0,0.0,0.0,4.5275292,0.0,2.1541607,0.0070201606,1.8240316,0.0,0.05859156
L00092,0,2.7945142,0.42457384,2.6785398,0.0,0.0,1.889314,0.9141749,3.611135,0.0,0.0,1.5506387,0.0,3.376997,0.0,0.0,2.2746518,1.8096585,0.0,1.3556454,0.7011553,0.0,3.436566,0.0,0.0,0.0,3.4774008,0.0,1.6817328,0.0,1.493289,0.0,0.25479615
L00093,0,2.7085936,0.20725843,2.5469723,0.0,0.0,2.0012224,0.81065524,3.4719787,0.0,0.0,1.2952075,0.0,3.474646,0.22892179,0.0,2.0530815,1.5653088,0.07014173,1.3481944,0.54101527,0.17124657,3.4947665,0.0,0.0,0.061359264,3.4671478,0.0,1.5364902,0.10789031,1.3605782,0.0,0.2153621
L00094,0,3.6191185,0.0,3.410373,0.0,0.41729343,2.4851868,0.43952698,4.790412,0.0,0.0,1.1266899,0.0,4.900137,1.321277,0.0,2.2601867,1.7499499,0.9718934,1.534473,0.20869195,1.3140467,4.7499065,0.46526158,0.0,0.53086376,4.966933,0.49918827,1.4712781,0.6814393,1.33253,0.0,0.0
L00095,0,2.0118577,0.42815334,1.9520638,0.0,0.0,1.3570184,0.6920606,2.5975072,0.0,0.0,1.1583998,0.0,2.437098,0.0,0.0,1.7170349,1.3397545,0.0,1.0250747,0.5641563,0.0,2.4356086,0.0,0.0,0.0,2.5149274,0.0,1.3015096,0.0,1.1604218,0.0,0.15049537
L00096,0,2.5888877,0.22278652,2.6321583,0.0,0.0,1.7239189,0.73675656,3.348854,0.0,0.0,1.2269721,0.0,3.2719913,0.23857428,0.0,2.03194,1.580321,0.05487585,1.2194123,0.53972435,0.22473069,3.1791759,0.0,0.0,0.058237396,3.2808466,0.0,1.4161016,0.08989221,1.3423989,0.0,0.22602895
L00097,0,2.2232888,0.46066904,2.0920575,0.0,0.0,1.4226938,0.74779737,2.7664783,0.0,0.0,1.1918132,0.0,2.569442,0.0,0.0,1.8174633,1.3993019,0.0,1.0491967,0.5769285,0.0,2.6681075,0.0,0.0,0.0,2.6902537,0.0,1.3657347,0.0,1.216326,0.0,0.17339513
L00098,0,2.2453744,0.44789928,2.1669168,0.0,0.0,1.417888,0.71788716,2.9758298,0.0,0.0,1.1295187,0.0,2.7951849,0.0,0.0,1.9121351,1.4095223,0.0,1.0865035,0.56111604,0.0,2.7894576,0.0,0.0,0.0,2.8043294,0.0,1.4147674,0.0,1.307564,0.0,0.1972683
L00099,0,2.6771972,0.32308316,2.597155,0.0,0.0,1.8605721,0.8568609,3.4220197,0.0,0.0,1.4469079,0.0,3.2769816,0.0,0.0,2.1524515,1.7182647,0.0,1.3010318,0.6369567,0.0,3.2584763,0.0,0.0,0.0,3.3516726,0.0,1.6186169,0.0,1.3876357,0.0,0.18129012
L00100,0,2.838632,0.27763724,2.7841926,0.0,0.0,2.0007303,0.8715116,3.7153661,0.0,0.0,1.5497466,0.0,3.5875678,0.0,0.0,2.3379366,1.8407223,0.0,1.4137316,0.6493917,0.0,3.5257607,0.0,0.0,0.0,3.653078,0.0,1.6865494,0.0,1.4916575,0.0,0.19690113
L00101,0,2.5807633,0.0,2.483244,0.0,0.0,1.931604,0.4680713,3.5943687,0.0,0.0,1.0042384,0.0,3.5846565,0.6579099,0.0,1.7905693,1.4271528,0.34858674,1.2923179,0.34558108,0.66383886,3.4674282,0.029856652,0.0,0.25679022,3.6669145,0.013615578,1.2783728,0.326051,1.1258903,0.0,0.060571805
L00102,0,3.3754528,0.12390673,3.1775057,0.0,0.0,2.417114,0.8905629,4.2958574,0.0,0.0,1.6280445,0.0,4.1786547,0.36359477,0.0,2.415954,1.9803412,0.19360197,1.5897057,0.5977997,0.2983234,4.2244225,0.0,0.0,0.14942756,4.31457,0.0,1.7713113,0.1365555,1.5194709,0.0,0.15699016
L00103,0,3.0985596,0.19451827,2.9499354,0.0,0.0,2.070045,0.83578956,3.9972885,0.0,0.0,1.4200832,0.0,3.8876,0.22566612,0.0,2.3478522,1.8141022,0.05891472,1.4252417,0.58380187,0.14103104,3.8228757,0.0,0.0,0.090859525,3.9117231,0.0,1.6621121,0.07907346,1.5083692,0.0,0.1945203
L00104,0,3.0357196,0.14798307,2.9275498,0.0,0.0,2.066477,0.8196256,3.9637654,0.0,0.0,1.4068269,0.0,3.8477144,0.34464622,0.0,2.3021595,1.773224,0.14359438,1.4028556,0.53784,0.29462373,3.8089848,0.0,0.0,0.121009804,3.918871,0.0,1.644745,0.14862978,1.4467013,0.0,0.13022831
L00105,0,2.3275495,0.44746566,2.1979654,0.0,0.0,1.5091431,0.81069446,2.877333,0.0,0.0,1.3064045,0.0,2.736759,0.0,0.0,1.9482336,1.4912431,0.0,1.0715814,0.6263309,0.0,2.774921,0.0,0.0,0.0,2.794911,0.0,1.4603109,0.0,1.2509025,0.0,0.16870944
L00106,0,2.6534867,0.3805836,2.499422,0.0,0.0,1.6826088,0.7831988,3.3032627,0.0,0.0,1.27015,0.0,3.1070716,0.052971736,0.0,2.0056164,1.5790132,0.0,1.1879997,0.57645416,0.009799689,3.2128205,0.0,0.0,0.012610376,3.2153468,0.0,1.476839,0.0,1.347322,0.0,0.19304547
L00107,0,2.197496,0.45035747,2.1500583,0.0,0.0,1.4495251,0.7567388,2.8423958,0.0,0.0,1.246243,0.0,2.6865861,0.0,0.0,1.916552,1.4780747,0.0,1.0860782,0.61292255,0.0,2.6562805,0.0,0.0,0.0,2.7347002,0.0,1.4517549,0.0,1.2628348,0.0,0.15436006
L00108,0,2.4598625,0.3915442,2.3968596,0.0,0.0,1.6397067,0.7919569,3.225921,0.0,0.0,1.3263803,0.0,3.0369966,0.0,0.0,2.0709257,1.6096888,0.0,1.2066745,0.6317958,0.0,3.0309482,0.0,0.0,0.0,3.072414,0.0,1.5359067,0.0,1.3687527,0.0,0.18471128
L00109,0,3.2732127,0.31849077,3.094372,0.0,0.0,2.2728162,0.98996925,4.264619,0.0,0.0,1.7600232,0.0,4.0965242,0.008860901,0.0,2.6593847,2.0411923,0.0,1.5705297,0.69759244,0.0,4.0706496,0.0,0.0,0.0017197505,4.147117,0.0,1.9142979,0.0,1.6929462,0.0,0.22606435
L00110,0,2.2724867,0.3732715,2.1973996,0.0,0.0,1.5664362,0.7215169,2.947272,0.0,0.0,1.238348,0.0,2.751571,0.0,0.0,1.8611192,1.4764749,0.0,1.1449163,0.5772858,0.0,2.7990208,0.0,0.0,0.0,2.8521967,0.0,1.397831,0.0,1.2395386,0.0,0.1952838
L00111,0,2.8368683,0.27315283,2.6812127,0.0,0.0,1.9292675,0.81917655,3.6521103,0.0,0.0,1.4890212,0.0,3.4995008,0.086714044,0.0,2.2252667,1.756275,0.0,1.3442729,0.6240382,0.037558928,3.5534775,0.0,0.0,0.03229899,3.6041884,0.0,1.6234838,0.003142029,1.4336302,0.0,0.19742173
L00112,0,2.7771218,0.35721454,2.6079473,0.0,0.0,1.9850944,0.8578023,3.6341863,0.0,0.0,1.5080678,0.0,3.4555204,0.0,0.0,2.2696261,1.770847,0.0,1.393378,0.66542304,0.0,3.4724216,0.0,0.0,0.0,3.5298429,0.0,1.6741904,0.0,1.4864459,0.0,0.2429795
L00113,0,3.658557,0.21140945,3.3973641,0.0,0.0,2.5271537,0.9649726,4.579236,0.0,0.0,1.8299848,0.0,4.3082633,0.2613907,0.0,2.6122906,2.1298857,0.118819654,1.6347659,0.6545104,0.16326736,4.5655675,0.0,0.0,0.087958656,4.492197,0.0,1.9083767,0.09512299,1.6833918,0.0,0.2304873
L00114,0,2.3623354,0.36842498,2.2478507,0.0,0.0,1.6108288,0.7697048,3.0218475,0.0,0.0,1.3069386,0.0,2.8581874,0.0,0.0,1.9281586,1.5009229,0.0,1.1620505,0.57823694,0.0,2.9056945,0.0,0.0,0.0,2.9289694,0.0,1.4442332,0.0,1.2750487,0.0,0.1777432
L00115,0,2.2968314,0.48788735,2.2058372,0.0,0.0,1.4981389,0.78133816,2.9396122,0.0,0.0,1.2979562,0.0,2.7170432,0.0,0.0,1.9106911,1.5144179,0.0,1.1285434,0.62222326,0.0,2.7815552,0.0,0.0,0.0,2.853919,0.0,1.4562746,0.0,1.2807369,0.0,0.19452704
L00116,0,2.4042072,0.39118773,2.312153,0.0,0.0,1.557777,0.7659455,3.046733,0.0,0.0,1.234434,0.0,2.8827622,0.0,0.0,1.9126252,1.4819998,0.0,1.1369494,0.5687978,0.0,2.9280832,0.0,0.0,0.0,2.947895,0.0,1.399634,0.0,1.2947407,0.0,0.22326723
L00117,0,3.7575338,0.31572542,3.414936,0.0,0.0,2.6811476,1.1996771,4.624976,0.0,0.0,2.1692817,0.0,4.515932,0.070773944,0.0,3.1486464,2.368504,0.0,1.709959,0.8441149,0.016764611,4.5541577,0.0,0.0,0.0,4.6686974,0.0,2.1891606,0.011419758,1.869066,0.0,0.075614154
L00118,0,2.3400497,0.56194305,2.1000652,0.0,0.0,1.5044533,0.80006766,2.8957014,0.0,0.0,1.311547,0.0,2.5786867,0.0,0.0,1.8560458,1.4851959,0.0,1.1083252,0.63185495,0.0,2.7926335,0.0,0.0,0.0,2.7557087,0.0,1.4252119,0.0,1.2643499,0.0,0.21595955
L00119,0,3.0336921,0.1624533,2.931799,0.0,0.0,2.206471,0.8361114,3.908755,0.0,0.0,1.5209104,0.0,3.7557998,0.19709738,0.0,2.2021646,1.8606609,0.021521926,1.482688,0.60786283,0.1327918,3.765811,0.0,0.0,0.08289703,3.8850513,0.0,1.6323712,0.027258486,1.422764,0.0,0.22172108
L00120,0,2.0042474,0.32096952,2.0339746,0.0,0.0,1.318105,0.682389,2.7247517,0.0,0.0,1.0992299,0.0,2.6106231,0.0,0.0,1.7794726,1.3450698,0.0,1.0237381,0.5463639,0.0,2.500558,0.0,0.0,0.0,2.5545535,0.0,1.3327166,0.0,1.1682439,0.0,0.15776193
L00121,0,2.9455612,0.21988115,2.91673,0.0,0.0,2.0897224,0.882447,3.8507984,0.0,0.0,1.5590338,0.0,3.7334182,0.022192761,0.0,2.3637338,1.876461,0.0,1.4619789,0.6410829,0.0,3.6503356,0.0,0.0,0.020313866,3.7861753,0.0,1.6945567,0.0,1.5089958,0.0,0.21223068
L00122,0,2.9884026,0.28646693,2.796587,0.0,0.0,2.034425,0.8910284,3.8860533,0.0,0.0,1.5875282,0.0,3.6843698,0.059689775,0.0,2.3624206,1.8451039,0.0,1.4263945,0.6432611,0.014510632,3.7085547,0.0,0.0,0.00947281,3.7576694,0.0,1.7242907,0.0,1.5199587,0.0,0.19161461
L00123,0,2.4330726,0.41943526,2.251689,0.0,0.0,1.6679564,0.83781075,3.0821722,0.0,0.0,1.4146211,0.0,2.9174392,0.0,0.0,2.093788,1.5834649,0.0,1.1975818,0.64096016,0.0,2.947683,0.0,0.0,0.0,3.0061707,0.0,1.5458249,0.0,1.3316438,0.0,0.14137067
L00124,0,2.9056413,0.37046307,2.7041464,0.0,0.0,1.9920801,0.92359936,3.5675564,0.0,0.0,1.5906663,0.0,3.3574736,0.0043699294,0.0,2.2536805,1.788538,0.0,1.3453047,0.6650856,0.0,3.5482545,0.0,0.0,0.0,3.5360193,0.0,1.6845789,0.0,1.4543854,0.0,0.2172763
L00125,0,1.903955,0.47625172,1.7681632,0.0,0.0,1.2174417,0.66458714,2.4003797,0.0,0.0,1.0533143,0.0,2.1870337,0.0,0.0,1.5468967,1.214685,0.0,0.95578134,0.53276026,0.0,2.2839396,0.0,0.0,0.0,2.297863,0.0,1.202681,0.0,1.0885413,0.0,0.18542641
L00126,0,2.0258813,0.27126455,1.9540968,0.0,0.0,1.4016509,0.6097342,2.7574565,0.0,0.0,0.9803113,0.0,2.7369158,0.14378144,0.0,1.7061592,1.2183543,0.0,1.0557151,0.442516,0.16872509,2.6267765,0.0,0.0,0.042015024,2.729257,0.0,1.244606,0.09311974,1.1350741,0.0,0.12781623
L00127,0,2.7601593,0.2371999,2.6123044,0.0,0.0,1.9662726,0.8120527,3.6085043,0.0,0.0,1.3636659,0.0,3.4893851,0.11532171,0.0,2.1684859,1.6552286,0.0,1.3670864,0.5864159,0.03150505,3.5044584,0.0,0.0,0.02089864,3.529098,0.0,1.5820158,0.05139625,1.4303142,0.0,0.2221725
L00128,0,3.2975514,0.322386,3.100468,0.0,0.0,2.2699761,1.0117689,4.2759724,0.0,0.0,1.7406614,0.0,4.055617,0.0,0.0,2.6206212,2.065685,0.0,1.5965366,0.7235025,0.0,4.1010604,0.0,0.0,0.0,4.137328,0.0,1.9200945,0.0,1.6854665,0.0,0.25293332
L00129,0,3.0469534,0.0,2.8787503,0.0,0.14678167,2.1307926,0.5121381,3.9334753,0.0,0.0,1.1087986,0.0,3.9000323,0.8530602,0.0,1.9021074,1.5757145,0.60795856,1.3572769,0.33200157,0.8116082,3.9272532,0.12250316,0.0,0.35837054,4.0397286,0.16629687,1.3375268,0.3927952,1.1951246,0.0,0.038992167
L00130,0,2.656873,0.22297168,2.4957943,0.0,0.0,1.8562891,0.76297635,3.4705558,0.0,0.0,1.2894146,0.0,3.3633692,0.14037372,0.0,2.067139,1.5821044,0.0,1.3095508,0.54701304,0.08616434,3.3469913,0.0,0.0,0.044144742,3.371767,0.0,1.5032346,0.052699924,1.356257,0.0,0.20577028
L00131,0,3.0842981,0.308696,2.921804,0.0,0.0,2.0232506,0.88299024,4.0036874,0.0,0.0,1.5433614,0.0,3.7931685,0.07588829,0.0,2.426234,1.8671341,0.0,1.4357562,0.6414213,0.028111055,3.8302116,0.0,0.0,0.018989362,3.8361826,0.0,1.7357835,0.01071009,1.5893192,0.0,0.21967953
L00132,0,2.391262,0.38118374,2.338248,0.0,0.0,1.6228276,0.7543051,3.1269286,0.0,0.0,1.2920208,0.0,3.0348883,0.0,0.0,2.008917,1.5255649,0.0,1.1664588,0.57126564,0.025079355,2.972053,0.0,0.0,0.0,3.0094013,0.0,1.4893578,0.0,1.3478591,0.0,0.19643918
L00133,0,2.4287126,0.48882556,2.290787,0.0,0.0,1.6055549,0.8101784,3.1009185,0.0,0.0,1.3639642,0.0,2.8690038,0.0,0.0,2.0139856,1.5834142,0.0,1.19643,0.63626564,0.0,2.9420364,0.0,0.0,0.0,3.0303984,0.0,1.508425,0.0,1.3416736,0.0,0.1926451
L00134,0,2.6351848,0.37495804,2.4655507,0.0,0.0,1.779189,0.84670925,3.3763523,0.0,0.0,1.4059418,0.0,3.184818,0.0,0.0,2.1275902,1.6578691,0.0,1.2869024,0.64736956,0.0,3.2599154,0.0,0.0,0.0,3.2820578,0.0,1.576692,0.0,1.4015982,0.0,0.23122239
L00135,0,1.9939408,0.38805237,1.966625,0.0,0.0,1.3282961,0.67688185,2.6062047,0.0,0.0,1.1211774,0.0,2.4775074,0.0,0.0,1.7284441,1.3352653,0.0,1.023266,0.54875743,0.0,2.421843,0.0,0.0,0.0,2.5066414,0.0,1.2984887,0.0,1.1505358,0.0,0.15674579
L00136,0,2.3968325,0.4367804,2.2361126,0.0,0.0,1.626981,0.81054175,3.068226,0.0,0.0,1.3822962,0.0,2.8877368,0.0,0.0,2.0206332,1.5531901,0.0,1.1952102,0.6313392,0.0,2.9227798,0.0,0.0,0.0,3.005032,0.0,1.4866059,0.0,1.3235316,0.0,0.17841855
L00137,0,3.4816432,0.4103508,3.282809,0.0,0.0,2.3715992,1.0503556,4.372533,0.0,0.0,1.8284734,0.0,4.0583243,0.0,0.0,2.704565,2.1717298,0.0,1.5893805,0.7739239,0.0,4.2643747,0.0,0.0,0.0,4.282197,0.0,1.9583986,0.0,1.7276669,0.0,0.28033146
L00138,0,2.5154228,0.2747947,2.406966,0.0,0.0,1.8173558,0.7842618,3.3209023,0.0,0.0,1.3357531,0.0,3.279274,0.051957533,0.0,2.093348,1.5822514,0.0,1.2806201,0.5872466,0.0480576,3.1905494,0.0,0.0,0.0,3.275589,0.0,1.555796,0.0,1.3634129,0.0,0.1962956
L00139,0,2.8997066,0.1357097,3.100101,0.0,0.0,2.007882,0.9328536,3.9446864,0.0,0.0,1.5417302,0.0,4.0825534,0.06580557,0.0,2.756442,1.9700261,0.0,1.3871255,0.6733256,0.007053882,3.5796764,0.0,0.0,0.0,3.8390665,0.0,1.938366,0.0,1.6391857,0.0,0.07028461
L00140,0,2.40603,0.28707114,2.3424048,0.0,0.0,1.5513968,0.71164286,3.1756701,0.0,0.0,1.187889,0.0,3.0278878,0.07250537,0.0,1.9529322,1.5176018,0.0,1.1600997,0.5588808,0.06488064,2.9275208,0.0,0.0,0.032366462,3.0552363,0.0,1.434666,0.0,1.2701219,0.0,0.11462033
L00141,0,2.5863636,0.38659456,2.468954,0.0,0.0,1.762996,0.83521175,3.3538504,0.0,0.0,1.4308537,0.0,3.1574175,0.0,0.0,2.075889,1.6583191,0.0,1.2882392,0.6404111,0.0,3.1808765,0.0,0.0,0.0,3.2478228,0.0,1.5656189,0.0,1.388407,0.0,0.2225835
L00142,0,2.4996412,0.40163463,2.405937,0.0,0.0,1.6746542,0.82385397,3.117298,0.0,0.0,1.3324431,0.0,2.9285748,0.0,0.0,1.9570614,1.5859565,0.0,1.1888475,0.6249571,0.0,2.9944415,0.0,0.0,0.0,3.0534916,0.0,1.4934897,0.0,1.3086452,0.0,0.18502945
L00143,0,2.229223,0.36672264,2.1319003,0.0,0.0,1.5329204,0.7074975,2.947698,0.0,0.0,1.1906546,0.0,2.780788,0.0,0.0,1.8139912,1.4348226,0.0,1.1605341,0.5600847,0.0,2.7610629,0.0,0.0,0.0,2.838633,0.0,1.3689727,0.0,1.2426696,0.0,0.2028687
L00144,0,2.8904989,0.19292238,2.8358002,0.0,0.0,2.0564542,0.84474635,3.741151,0.0,0.0,1.5014529,0.0,3.617778,0.094464615,0.0,2.2625458,1.8336701,0.0,1.4049613,0.62092793,0.06684922,3.5477855,0.0,0.0,0.026024275,3.6670694,0.0,1.6691492,0.0,1.4358206,0.0,0.17471263
L00145,0,2.8251472,0.32609224,2.7112548,0.0,0.0,1.922666,0.87652254,3.4508872,0.0,0.0,1.3353547,0.0,3.31122,0.17206447,0.0,2.1279843,1.6911731,0.012278318,1.2679462,0.62619185,0.07733449,3.3915637,0.0,0.0,0.054618396,3.43196,0.0,1.5397906,0.0,1.3701031,0.0,0.1963841
L00146,0,2.4987113,0.52951705,2.2945783,0.0,0.0,1.6263586,0.8450341,3.1824083,0.0,0.0,1.3882636,0.0,2.8911355,0.0,0.0,2.0598469,1.6103371,0.0,1.1950388,0.6664106,0.0,3.020878,0.0,0.0,0.0,2.9935102,0.0,1.5445675,0.0,1.3696086,0.0,0.22465336
L00147,0,3.3226109,0.25543338,3.118307,0.0,0.0,2.3397946,0.9581466,4.1799755,0.0,0.0,1.7346348,0.0,3.9590347,0.12394594,0.0,2.40606,1.9859487,0.0,1.5487101,0.6506976,0.02795896,4.1673894,0.0,0.0,0.044011734,4.1117663,0.0,1.8040007,0.016174644,1.5884874,0.0,0.2813745
L00148,0,2.422724,0.37091845,2.305172,0.0,0.0,1.66198,0.7929565,3.1293342,0.0,0.0,1.3597828,0.0,2.9337761,0.0,0.0,2.0202572,1.5653126,0.0,1.21609,0.60717154,0.0,2.9577835,0.0,0.0,0.0,3.0200953,0.0,1.4964491,0.0,1.3235595,0.0,0.16902362
L00149,0,2.5320716,0.29165158,2.358733,0.0,0.0,1.7284608,0.764976,3.2362006,0.0,0.0,1.2332828,0.0,3.148,0.12426503,0.0,1.9820107,1.4857259,0.0,1.2198949,0.5375767,0.101634935,3.158705,0.0,0.0,0.028595693,3.1502805,0.0,1.458928,0.020701379,1.3101804,0.0,0.1844365
L00150,0,2.6222773,0.34173644,2.4715528,0.0,0.0,1.767221,0.7826743,3.442651,0.0,0.0,1.2947419,0.0,3.2835984,0.039819703,0.0,2.1122077,1.5984571,0.0,1.2781332,0.58201724,0.015421137,3.2632642,0.0,0.0,0.0073763654,3.3044753,0.0,1.5341532,0.0,1.3988295,0.0,0.22562034
L00151,0,3.0534894,0.25418836,2.8907976,0.0,0.0,2.1348894,0.86125624,3.9138634,0.0,0.0,1.6027263,0.0,3.7543082,0.10630794,0.0,2.2843435,1.8601563,0.002233982,1.4681187,0.6248059,0.062220827,3.827453,0.0,0.0,0.043747894,3.8668027,0.0,1.6987212,0.0,1.4941032,0.0,0.22589026
L00152,0,4.097517,0.04100102,4.166907,0.0,0.0,2.866039,1.0786264,5.2042627,0.0,0.0,1.7095929,0.0,5.1874404,0.5833758,0.0,3.041016,2.3862796,0.23039412,1.7927048,0.7037395,0.36189008,5.08824,0.0,0.0,0.22399598,5.2027245,0.0,1.9655279,0.30280477,1.8742988,0.0,0.332251
L00153,0,3.151202,0.27164727,2.9309711,0.0,0.0,2.167147,0.9735211,4.08758,0.0,0.0,1.5872595,0.0,3.9827354,0.107992545,0.0,2.585367,1.9016819,0.0,1.4885197,0.65596545,0.058172256,3.9205127,0.0,0.0,0.018222399,3.9092216,0.0,1.8426139,0.0059242845,1.6365325,0.0,0.22425865
L00154,0,2.3871038,0.3249905,2.3789964,0.0,0.0,1.661811,0.78330934,3.1070712,0.0,0.0,1.3479314,0.0,3.017444,0.0,0.0,2.0195792,1.5880299,0.0,1.2066026,0.6062763,0.0,2.909982,0.0,0.0,0.0,3.0539951,0.0,1.5138738,0.0,1.3092947,0.0,0.15424064
L00155,0,1.8548381,0.16359052,1.8452492,0.0,0.0,1.2138798,0.43049678,2.6499918,0.0,0.0,0.7784017,0.0,2.6148617,0.37246925,0.0,1.5388688,1.0825626,0.14255506,0.91877717,0.3289851,0.43589407,2.4071283,1.4483929e-05,0.0,0.13207686,2.658091,0.0,1.0540744,0.22764245,0.99463546,0.0,0.029026367
L00156,0,1.877141,0.45381713,1.7142601,0.0,0.0,1.2315928,0.6939552,2.3497806,0.0,0.0,1.0664351,0.0,2.220945,0.0,0.0,1.5662209,1.2012712,0.0,0.9248586,0.54947317,0.0,2.2650607,0.0,0.0,0.0,2.2905803,0.0,1.2376134,0.0,1.0592992,0.0,0.16630474
L00157,0,2.7985241,0.34706455,2.6466246,0.0,0.0,1.896938,0.8738086,3.5804996,0.0,0.0,1.5114347,0.0,3.420399,0.0,0.0,2.2728834,1.7495356,0.0,1.3266635,0.63586617,0.0,3.421531,0.0,0.0,0.0,3.4765792,0.0,1.6682613,0.0,1.4695382,0.0,0.18874407
L00158,0,2.6977572,0.312105,2.5389125,0.0,0.0,1.906141,0.8334583,3.5039937,0.0,0.0,1.4144789,0.0,3.3383899,0.0,0.0,2.140434,1.6950699,0.0,1.3520153,0.6267333,0.0,3.3421504,0.0,0.0,0.0,3.3980145,0.0,1.5870883,0.0,1.4115244,0.0,0.2294247
L00159,0,3.17121,0.17001069,3.2487562,0.0,0.0,2.2115765,0.9140202,3.8985922,0.0,0.0,1.4316111,0.0,3.822725,0.42976946,0.0,2.3247504,1.8888406,0.14885992,1.4290588,0.654593,0.30351132,3.8616052,0.0,0.0,0.12821636,3.915134,0.0,1.5924165,0.19085425,1.4967248,0.0,0.30882183
L00160,0,3.5439165,0.22154903,3.2868893,0.0,0.0,2.550353,1.0151614,4.439706,0.0,0.0,1.8069307,0.0,4.179745,0.2024516,0.0,2.5659678,2.1347044,0.014434338,1.6502142,0.7093142,0.08382581,4.382728,0.0,0.0,0.0606801,4.408916,0.0,1.9132872,0.029224783,1.6179421,0.0,0.23041525
L00161,0,2.0885093,0.38950577,1.974577,0.0,0.0,1.40462,0.7093067,2.688278,0.0,0.0,1.1720273,0.0,2.5279028,0.0,0.0,1.770707,1.3554316,0.0,1.0491083,0.5551356,0.0,2.541484,0.0,0.0,0.0,2.581696,0.0,1.3336227,0.0,1.1721756,0.0,0.14335659
L00162,0,2.7810123,0.27542585,2.6467273,0.0,0.0,1.8601879,0.7345996,3.487301,0.0,0.0,1.1876214,0.0,3.3604362,0.3616653,0.0,2.01789,1.5550854,0.19268864,1.2248993,0.5074741,0.27489102,3.4251902,0.0,0.0,0.1515224,3.4713416,0.0,1.4318483,0.11832461,1.3044591,0.0,0.1203897
L00163,0,2.379491,0.35351753,2.3211477,0.0,0.0,1.6484152,0.777076,3.0534513,0.0,0.0,1.3279172,0.0,2.8983915,0.0,0.0,1.9313587,1.54865,0.0,1.194214,0.6038682,0.0,2.9140415,0.0,0.0,0.0,3.0012894,0.0,1.4652873,0.0,1.2792269,0.0,0.18386953
L00164,0,2.3007917,0.17507046,2.2574487,0.0,0.13599448,1.7494177,0.55640674,3.0492551,0.0,0.0,0.85331553,0.0,3.3442957,0.5666202,0.0,1.7720448,1.0846343,0.3639382,1.1222695,0.3069304,0.5331758,3.3305736,0.048393816,0.0,0.13351202,3.1375742,0.116211295,1.258347,0.42908955,1.2660706,0.0,0.16271427
L00165,0,3.7521262,0.0,3.6211147,0.0,0.0,2.6990228,0.8753041,4.90112,0.0,0.0,1.7263459,0.0,4.864587,0.5473905,0.0,2.7550771,2.2148325,0.29831713,1.743279,0.60080034,0.4591363,4.7052484,0.0,0.0,0.23715168,4.929887,0.0,1.9137403,0.22131443,1.6659322,0.0,0.14464307
L00166,0,2.5641701,0.41920632,2.467493,0.0,0.0,1.743856,0.82445395,3.311546,0.0,0.0,1.4133385,0.0,3.1180499,0.0,0.0,2.0707738,1.65881,0.0,1.2681913,0.63685316,0.0,3.131855,0.0,0.0,0.0,3.2194018,0.0,1.5615953,0.0,1.3823847,0.0,0.21815622
L00167,0,3.4366558,0.15798455,3.2812476,0.0,0.0,2.3607063,0.8180306,4.2722783,0.0,0.0,1.6530188,0.0,4.1792355,0.4341603,0.0,2.4173367,1.987141,0.28491122,1.4853082,0.56402755,0.31887394,4.3531003,0.0,0.0,0.16713616,4.279917,0.0,1.7490108,0.18326461,1.5805571,0.0,0.21863414
L00168,0,2.4071236,0.30693862,2.2913432,0.0,0.0,1.6536916,0.7374439,3.1394556,0.0,0.0,1.2592282,0.0,3.0145257,0.042645082,0.0,1.9484544,1.4809275,0.0,1.1887813,0.5364816,0.024055526,3.011005,0.0,0.0,0.004234791,3.031272,0.0,1.4220182,0.0,1.2982829,0.0,0.17199297
L00169,0,2.6558547,0.16296488,2.5043259,0.0,0.0,1.7166175,0.6529331,3.4502375,0.0,0.0,1.2205722,0.0,3.3445752,0.29384,0.0,2.0601845,1.5870743,0.096477866,1.2051489,0.5141876,0.2658599,3.2233434,0.0,0.0,0.105878524,3.4044466,0.0,1.4507741,0.06249875,1.2760292,0.0,0.08074865
L00170,0,2.5302055,0.26403663,2.573633,0.0,0.0,1.6449559,0.769915,3.3428998,0.0,0.0,1.2417446,0.0,3.237826,0.11098729,0.0,2.0813463,1.5922793,0.0,1.2314394,0.5715016,0.09400739,3.096839,0.0,0.0,0.028319798,3.2113643,0.0,1.4649043,0.029266506,1.3724196,0.0,0.20735422
L00171,0,2.1789968,0.46947455,2.0760067,0.0,0.0,1.4538591,0.7395309,2.8364208,0.0,0.0,1.2330663,0.0,2.6141808,0.0,0.0,1.8341938,1.4436431,0.0,1.1117885,0.6024395,0.0,2.6684937,0.0,0.0,0.0,2.729394,0.0,1.3924011,0.0,1.2411308,0.0,0.19683059
L00172,0,3.1367743,0.21163571,2.9729824,0.0,0.0,2.0212097,0.84532773,4.0969734,0.0,0.0,1.4932414,0.0,3.9625444,0.18324389,0.0,2.4881608,1.8693755,0.031301856,1.419574,0.600983,0.11590807,3.880868,0.0,0.0,0.0735561,3.959477,0.0,1.7357435,0.059037924,1.5788372,0.0,0.18752533
L00173,0,2.6753874,0.42357314,2.540998,0.0,0.0,1.7418718,0.87077487,3.4005277,0.0,0.0,1.4205661,0.0,3.2268798,0.0,0.0,2.1876714,1.6952674,0.0,1.2696202,0.65132844,0.0,3.227279,0.0,0.0,0.0,3.296492,0.0,1.6134332,0.0,1.4376452,0.0,0.20076188
L00174,0,1.6334181,0.454423,1.5198348,0.0,0.0,1.0044214,0.5955318,2.0177517,0.0,0.0,0.9548218,0.0,1.8203803,0.0,0.0,1.3601599,1.0551109,0.0,0.78785866,0.4910734,0.0,1.9259372,0.0,0.018453121,0.0,1.9263111,0.0,1.0793005,0.0,0.9395784,0.0,0.123337254
L00175,0,3.3703864,0.2624358,3.2184348,0.0,0.0,2.3941844,0.99344516,4.3433657,0.0,0.0,1.7583362,0.0,4.154273,0.08118491,0.0,2.5917916,2.0794387,0.0,1.6122873,0.7009896,0.0,4.205463,0.0,0.0,0.031013213,4.2626653,0.0,1.9002647,0.0,1.6686375,0.0,0.24386626
L00176,0,2.921927,0.13721275,2.8434637,0.0,0.0,2.000675,0.79601395,3.8933837,0.0,0.0,1.4089077,0.0,3.7965827,0.25536585,0.0,2.2819574,1.7677195,0.055761665,1.4188511,0.56350267,0.25223255,3.65801,0.0,0.0,0.07474793,3.7676373,0.0,1.618661,0.11024237,1.4674709,0.0,0.19344455
L00177,0,3.6607625,0.0,3.4320521,0.0,0.2946627,2.6278257,0.6063877,4.6061864,0.0,0.0,1.2628567,0.0,4.6680307,1.1846944,0.0,2.255435,1.8570763,0.87483525,1.565912,0.34528646,1.0941511,4.7132115,0.21992874,0.0,0.47414,4.8253975,0.3117527,1.5389172,0.5241556,1.3336732,0.0,0.0
L00178,0,2.4346888,0.3097363,2.3994226,0.0,0.0,1.6570908,0.7754688,3.2150996,0.0,0.0,1.3305268,0.0,3.098126,0.0,0.0,2.0774739,1.5947163,0.0,1.2107179,0.6000559,0.0,2.987441,0.0,0.0,0.0,3.0870018,0.0,1.5333776,0.0,1.3384192,0.0,0.15838267
L00179,0,2.7480628,0.24935585,2.5799713,0.0,0.0,1.7569464,0.70777535,3.4967432,0.0,0.0,1.188616,0.0,3.3725579,0.31095916,0.0,2.0634353,1.5518191,0.1440539,1.21767,0.50491095,0.23884456,3.3894293,0.0,0.0,0.13692456,3.4437318,0.0,1.425384,0.12338817,1.3221672,0.0,0.14134851
L00180,0,2.9984064,0.34086725,2.9469213,0.0,0.0,2.0177188,0.9172344,3.8403986,0.0,0.0,1.5280249,0.0,3.6400106,0.014450386,0.0,2.4013052,1.9033114,0.0,1.4042256,0.6984236,0.0,3.6757457,0.0,0.0,0.0012004301,3.7168632,0.0,1.7261474,0.0,1.5540733,0.0,0.26752996
L00181,0,3.0737724,0.24472901,2.9425194,0.0,0.0,2.2322707,0.8940033,3.9939978,0.0,0.0,1.5638943,0.0,3.9171188,0.14485176,0.0,2.390207,1.8259639,0.023288935,1.4970677,0.6080078,0.0903583,3.9830105,0.0,0.0,0.031484894,3.9338698,0.0,1.7599989,0.081207365,1.5767348,0.0,0.232091
L00182,0,2.4754722,0.29711655,2.35041,0.0,0.0,1.6371092,0.7680016,3.1730802,0.0,0.0,1.2747287,0.0,3.0219665,0.045124546,0.0,1.9689498,1.5113776,0.0,1.1825447,0.5525423,0.029820606,3.0112717,0.0,0.0,0.008722745,3.0549078,0.0,1.4466755,0.0,1.293638,0.0,0.16807614
L00183,0,3.1582363,0.30952138,2.9576638,0.0,0.0,2.2434487,0.97780836,3.9559655,0.0,0.0,1.685245,0.0,3.7652438,0.072587505,0.0,2.4443536,1.9407725,0.0,1.4936059,0.6892947,0.0,3.8992572,0.0,0.0,0.014176644,3.9326468,0.0,1.7813545,0.0,1.5614178,0.0,0.20800555
L00184,0,2.8035855,0.37980217,2.6566515,0.0,0.0,1.9068671,0.88472676,3.6006694,0.0,0.0,1.5178732,0.0,3.3882158,0.0,0.0,2.2369015,1.7714051,0.0,1.3619392,0.6538022,0.0,3.4265845,0.0,0.0,0.0,3.476046,0.0,1.6685592,0.0,1.4736385,0.0,0.21748602
L00185,0,3.0030055,0.02453351,2.8489046,0.0,0.0,2.3988492,0.86477923,3.923341,0.0,0.0,1.3655521,0.0,4.1123123,0.49547768,0.0,2.32145,1.71931,0.20352668,1.5370035,0.54815125,0.4194978,4.034753,0.0,0.0,0.12716016,4.05976,0.0,1.6859218,0.2842751,1.4484835,0.0,0.17485192
L00186,0,2.8360987,0.40374216,2.6030493,0.0,0.0,1.8763874,0.9010905,3.633726,0.0,0.0,1.518181,0.0,3.3735113,0.0,0.0,2.2443302,1.7480847,0.0,1.3561685,0.65402,0.0,3.483046,0.0,0.0,0.0,3.4535217,0.0,1.6541895,0.0,1.4929976,0.0,0.24210542
L00187,0,2.5445695,0.4769269,2.4073293,0.0,0.0,1.6783317,0.8359568,3.2884035,0.0,0.0,1.3922806,0.0,3.0256147,0.0,0.0,2.1000397,1.6507701,0.0,1.2397051,0.6571665,0.0,3.1063504,0.0,0.0,0.0,3.1347203,0.0,1.5675895,0.0,1.4023595,0.0,0.21542221
L00188,0,3.2038171,0.17905086,3.1048806,0.0,0.0,2.2539597,0.8991618,4.170342,0.0,0.0,1.6075649,0.0,4.0500813,0.13671125,0.0,2.5025058,1.9725679,0.0,1.5432215,0.63938296,0.06325224,3.9645097,0.0,0.0,0.055541016,4.105686,0.0,1.7774678,0.010903671,1.5831873,0.0,0.20329936
L00189,0,2.264192,0.44626468,2.1314473,0.0,0.0,1.5096338,0.7927451,2.9054563,0.0,0.0,1.3086503,0.0,2.7281232,0.0,0.0,1.9303433,1.4872649,0.0,1.129468,0.62189466,0.0,2.7495291,0.0,0.0,0.0,2.812809,0.0,1.4477483,0.0,1.2721192,0.0,0.18182097
L00190,0,3.0870094,0.4319902,2.8566737,0.0,0.0,2.1204777,0.9830601,3.9087794,0.0,0.0,1.6792319,0.0,3.7263088,0.0,0.0,2.476804,1.8904737,0.0,1.4384146,0.67721033,0.0,3.8361511,0.0,0.0,0.0,3.7669053,0.0,1.8532178,0.0,1.6223412,0.0,0.22092351
L00191,0,2.9905534,0.30141336,2.8498766,0.0,0.0,1.9972674,0.92069566,3.7881901,0.0,0.0,1.5381478,0.0,3.6223104,0.027658507,0.0,2.3579786,1.8527805,0.0,1.3935959,0.6630225,0.0,3.6359718,0.0,0.0,0.0015014783,3.712563,0.0,1.7176639,0.0,1.5202651,0.0,0.19491957
L00192,0,2.657764,0.30692923,2.4434085,0.0,0.0,1.6674972,0.72114336,3.2111728,0.0,0.0,1.2551692,0.0,3.101773,0.24368702,0.0,1.885899,1.4667588,0.17474484,1.1544518,0.46496293,0.20070331,3.283965,0.0,0.0,0.07875598,3.1997185,0.0,1.405837,0.08864313,1.2937105,0.0,0.1568484
L00193,0,2.7924345,0.35531744,2.7336736,0.0,0.0,1.849785,0.9239907,3.6617167,0.0,0.0,1.4882197,0.0,3.546902,0.0,0.0,2.382886,1.8100002,0.0,1.3264575,0.6986684,0.0,3.4652956,0.0,0.0,0.0,3.4485164,0.0,1.756827,0.0,1.5375164,0.0,0.21833742
L00194,0,2.9410276,0.32269314,2.8382175,0.0,0.0,2.0024407,0.91783345,3.8044052,0.0,0.0,1.564862,0.0,3.6845844,0.0,0.0,2.4047399,1.8410894,0.0,1.3979266,0.6505339,0.0,3.6337793,0.0,0.0,0.0,3.6849756,0.0,1.7777828,0.0,1.5550098,0.0,0.19462462
L00195,0,3.4196928,0.17230266,3.1529622,0.0,0.0,2.3517342,0.9430256,4.3722296,0.0,0.0,1.7213281,0.0,4.2700567,0.26855332,0.0,2.5621486,1.948337,0.16177368,1.5513391,0.55497867,0.2572701,4.3509345,0.0,0.0,0.07714019,4.266642,0.0,1.8752277,0.14240187,1.6524811,0.0,0.18251026
L00196,0,2.104758,0.3911773,2.2099028,0.0,0.0,1.4069566,0.81071377,2.8793824,0.0,0.0,1.2656666,0.0,2.7457168,0.0,0.0,2.0164726,1.535624,0.0,1.0672774,0.7014047,0.0,2.680021,0.0,0.0,0.0,2.6687422,0.0,1.5588008,0.0,1.2656417,0.0,0.18012758
L00197,0,2.5839636,0.40064883,2.4547129,0.0,0.0,1.7403752,0.8419143,3.345694,0.0,0.0,1.4284676,0.0,3.1107626,0.0,0.0,2.0852308,1.658394,0.0,1.2852268,0.6403049,0.0,3.1766794,0.0,0.0,0.0,3.2020955,0.0,1.5650918,0.0,1.3887742,0.0,0.23038803
L00198,0,2.8196747,0.38639343,2.7148163,0.0,0.0,1.9326634,0.9349021,3.6306539,0.0,0.0,1.5766348,0.0,3.4176524,0.0,0.0,2.3238573,1.8436618,0.0,1.3614151,0.73079515,0.0,3.5067844,0.0,0.0,0.0,3.5153823,0.0,1.7269857,0.0,1.4874349,0.0,0.23933786
L00199,0,3.4457333,0.085392416,3.2912178,0.0,0.0,2.3555028,0.7327174,4.271872,0.0,0.0,1.5148308,0.0,4.2269483,0.6165193,0.0,2.3033652,1.9139767,0.44091964,1.4618366,0.47520775,0.47677016,4.3395104,0.0,0.0,0.259045,4.3283286,0.0,1.6241145,0.27740896,1.5056989,0.0,0.17509057
L00200,0,2.9538443,0.38270408,2.7540884,0.0,0.0,1.9895455,0.9307122,3.6548746,0.0,0.0,1.5602965,0.0,3.4012737,0.0,0.0,2.2232435,1.8038983,0.0,1.373163,0.66778636,0.0,3.5745316,0.0,0.0,0.0,3.5760365,0.0,1.6759441,0.0,1.4686749,0.0,0.231875
L00201,0,3.949217,0.116449356,3.8882074,0.0,0.0,2.7639785,1.1065302,4.8678055,0.0,0.0,1.7761201,0.0,4.7488728,0.46519643,0.0,2.8722756,2.3029616,0.18959486,1.7438962,0.73981345,0.27089137,4.806585,0.0,0.0,0.16006047,4.87125,0.0,1.958356,0.20129538,1.7864103,0.0,0.2847212
L00202,0,2.2019467,0.49577987,2.034536,0.0,0.0,1.4258331,0.76740944,2.700332,0.0,0.0,1.2492095,0.0,2.480244,0.0,0.0,1.8107924,1.418592,0.0,1.0433311,0.600345,0.0,2.5949056,0.0,0.0,0.0,2.62356,0.0,1.3783467,0.0,1.2095449,0.0,0.1449081
L00203,0,2.5884564,0.28551093,2.5515263,0.0,0.0,1.797038,0.7831031,3.4387827,0.0,0.0,1.425218,0.0,3.2591517,0.0,0.0,2.1036294,1.6850183,0.0,1.2991831,0.6106818,0.0,3.2117271,0.0,0.0,0.0,3.3109522,0.0,1.5621839,0.0,1.3730841,0.0,0.19883293
L00204,0,3.007163,0.36138827,2.7733643,0.0,0.0,1.9507571,0.8835987,3.687854,0.0,0.0,1.4923317,0.0,3.4954846,0.1156313,0.0,2.1823885,1.7373178,0.04303062,1.3515902,0.5914109,0.038245216,3.6746628,0.0,0.0,0.03483451,3.627635,0.0,1.6350129,0.014329627,1.4718125,0.0,0.20754427
L00205,0,2.9762127,0.0,2.8084154,0.0,0.09016459,2.0199232,0.4170518,3.988828,0.0,0.0,1.1093011,0.0,3.9857585,0.8612854,0.0,2.007924,1.5521661,0.5624161,1.3040631,0.29699945,0.8686373,3.8647108,0.19883913,0.0,0.33979607,4.057629,0.17297307,1.3538412,0.4092375,1.2235937,0.0,0.0
L00206,0,2.6385,0.27623308,2.5266247,0.0,0.0,1.6714015,0.8085803,3.3896115,0.0,0.0,1.3136919,0.0,3.2778447,0.04816197,0.0,2.151035,1.635066,0.0,1.2266368,0.5916656,0.0,3.1999629,0.0,0.0,0.010741822,3.3032289,0.0,1.5492294,0.0,1.386787,0.0,0.1464505
L00207,0,3.138095,0.30344966,2.8685267,0.0,0.0,2.1529093,0.8941039,3.9298875,0.0,0.0,1.5241847,0.0,3.7826917,0.20615341,0.0,2.3108578,1.7929376,0.07939768,1.4319077,0.59616584,0.10970126,3.9296527,0.0,0.0,0.06589008,3.8819256,0.0,1.697374,0.06576407,1.5167255,0.0,0.20507355
L00208,0,2.4481127,0.39728725,2.3263767,0.0,0.0,1.6028388,0.76565087,3.1829581,0.0,0.0,1.2686216,0.0,3.0074873,0.0089752525,0.0,1.9909272,1.5174663,0.0,1.1539497,0.5596485,0.03084284,3.0463724,0.0,0.0,0.0,2.999043,0.0,1.4917288,0.0,1.3430932,0.0,0.19600295
L00209,0,3.114011,0.33789104,2.9608018,0.0,0.0,2.185634,0.9848529,4.017705,0.0,0.0,1.7497925,0.0,3.856736,0.0,0.0,2.5800004,2.0028834,0.0,1.5245569,0.7316102,0.0,3.851185,0.0,0.0,0.0,3.9712057,0.0,1.856097,0.0,1.6263058,0.0,0.20131055
L00210,0,3.1380508,0.18819714,3.0028856,0.0,0.0,2.2410018,0.94475937,3.8901823,0.0,0.0,1.6478649,0.0,3.7759402,0.19495763,0.0,2.3160317,1.8929386,0.046413183,1.437082,0.63026106,0.09652142,3.8731394,0.0,0.0,0.046731003,3.8779445,0.0,1.7081089,0.004531488,1.4840908,0.0,0.22186437
L00211,0,2.9724066,0.26647145,2.7991064,0.0,0.0,2.009772,0.8337748,3.7662191,0.0,0.0,1.4507017,0.0,3.5969548,0.16857506,0.0,2.2321317,1.7390244,0.03721422,1.3631692,0.5680213,0.11498524,3.6871388,0.0,0.0,0.06072972,3.6742654,0.0,1.6191958,0.029661685,1.4519684,0.0,0.1959403
L00212,0,2.536803,0.44066456,2.489799,0.0,0.0,1.69689,0.90579164,3.3115206,0.0,0.0,1.4673375,0.0,3.0979145,0.0,0.0,2.2122543,1.7392408,0.0,1.2575085,0.7490015,0.0,3.1719737,0.0,0.0,0.0,3.1528907,0.0,1.6769365,0.0,1.4285252,0.0,0.23300739
L00213,0,2.9572425,0.37979087,2.8267026,0.0,0.0,1.872112,0.91124296,3.7797258,0.0,0.0,1.4002919,0.0,3.6097577,0.10650392,0.0,2.383833,1.7398307,0.0,1.3310249,0.6254176,0.04154688,3.626731,0.0,0.0,0.012089536,3.5905738,0.0,1.658992,0.034374267,1.5853014,0.0,0.27079612
L00214,0,3.0281916,0.10356712,3.2985332,0.0,0.0,2.2003686,0.96514857,4.262588,0.0,0.0,1.7058833,0.0,4.3742995,0.015305355,0.0,2.894678,2.1405668,0.0,1.5401659,0.7225113,0.0,3.8287048,0.0,0.0,0.0,4.1533155,0.0,2.059308,0.0,1.7072124,0.0,0.12551801
L00215,0,2.8170052,0.325782,2.6866353,0.0,0.0,1.836102,0.9013921,3.6959941,0.0,0.0,1.4569842,0.0,3.5287929,0.0,0.0,2.324015,1.7758701,0.0,1.3522778,0.65526205,0.0,3.4770632,0.0,0.0,0.0,3.5114555,0.0,1.706002,0.0,1.5091555,0.0,0.20719008
L00216,0,3.0984218,0.10184932,3.0016518,0.0,0.0,2.3057556,0.8855282,4.1075478,0.0,0.0,1.5254649,0.0,4.1225753,0.20747577,0.0,2.4779966,1.8610262,0.0015356839,1.5509262,0.6053573,0.13498868,3.996352,0.0,0.0,0.056966715,4.0615506,0.0,1.7642033,0.09951395,1.5727375,0.0,0.23041087
L00217,0,2.5491755,0.37615064,2.5041127,0.0,0.0,1.7385129,0.814291,3.2786894,0.0,0.0,1.3909985,0.0,3.1110666,0.0,0.0,2.0961306,1.6687615,0.0,1.2515452,0.63308513,0.0,3.1110394,0.0,0.0,0.0,3.2240963,0.0,1.5475671,0.0,1.3672984,0.0,0.19392106
L00218,0,2.4925995,0.24367535,2.4837146,0.0,0.0,1.6037619,0.7328322,3.373911,0.0,0.0,1.2451608,0.0,3.2837477,0.086976245,0.0,2.1369936,1.5908875,0.0,1.2052395,0.54408675,0.08926831,3.063487,0.0,0.0,0.029303618,3.22052,0.0,1.5011436,0.0,1.3629,0.0,0.14045452
L00219,0,2.9139488,0.22142309,2.8226447,0.0,0.0,2.055866,0.84530425,3.8253396,0.0,0.0,1.5838248,0.0,3.7041528,0.049744323,0.0,2.3385468,1.8597392,0.0,1.4298813,0.645094,0.029061824,3.6410267,0.0,0.0,0.013068013,3.7550812,0.0,1.7094438,0.0,1.4815795,0.0,0.19038612
L00220,0,3.1286328,0.25098628,3.335116,0.0,0.0,2.1719346,1.0512061,4.2388477,0.0,0.0,1.729272,0.0,4.2901254,0.0,0.0,2.982741,2.1847785,0.0,1.4810183,0.79834,0.0,3.8931007,0.0,0.0,0.0,4.1037197,0.0,2.1503837,0.0,1.7601233,0.0,0.13009207
L00221,0,2.369032,0.34270224,2.184746,0.0,0.0,1.6516675,0.7181649,2.9410102,0.0,0.0,1.3281941,0.0,2.7955182,0.057925776,0.0,1.7499231,1.4179916,0.0,1.1311891,0.5071067,0.07390179,3.0065873,0.0,0.0,0.0,2.9463468,0.0,1.3990943,0.0,1.2110207,0.0,0.16030249
L00222,0,2.4552493,0.4508059,2.2999396,0.0,0.0,1.6545178,0.80168116,3.0846164,0.0,0.0,1.3656504,0.0,2.8204043,0.0,0.0,1.9252824,1.5556711,0.0,1.1957191,0.6185425,0.0,2.9788535,0.0,0.0,0.0,3.0115676,0.0,1.4537977,0.0,1.3025284,0.0,0.21727
L00223,0,2.382131,0.42709893,2.2120826,0.0,0.0,1.5573097,0.7282944,2.9089537,0.0,0.0,1.2452338,0.0,2.6699307,0.032912895,0.0,1.7366425,1.3907595,0.0,1.0765636,0.5294574,0.0,2.9690454,0.0,0.0,0.0053347945,2.8346415,0.0,1.3534737,0.0,1.2217939,0.0,0.2093611
L00224,0,2.648944,0.30394602,2.5098019,0.0,0.0,1.7367084,0.83134186,3.4163225,0.0,0.0,1.3720345,0.0,3.25663,0.0083180815,0.0,2.1473322,1.6334072,0.0,1.2678227,0.5975594,0.0,3.2394078,0.0,0.0,0.0,3.2869692,0.0,1.5514815,0.0,1.4022968,0.0,0.19641495
L00225,0,3.243768,0.26806855,3.0310519,0.0,0.0,2.0733652,0.90321696,4.1729465,0.0,0.0,1.5003523,0.0,4.0192385,0.20295955,0.0,2.5455372,1.8656718,0.061263114,1.4371302,0.59994113,0.1306179,4.0168014,0.0,0.0,0.07291252,3.998527,0.0,1.7596598,0.09972456,1.6327684,0.0,0.2063238
L00226,0,3.182996,0.24926525,3.1049318,0.0,0.0,2.1908205,0.9235127,4.2229047,0.0,0.0,1.6120589,0.0,4.0985823,0.09449269,0.0,2.6032562,1.9987535,0.0,1.534769,0.67017347,0.016423166,3.9546149,0.0,0.0,0.044787012,4.095495,0.0,1.8393031,0.0,1.634156,0.0,0.1733678
L00227,0,2.886207,0.16447917,3.028138,0.0,0.0,1.9779376,0.92357934,3.8411648,0.0,0.0,1.5169134,0.0,3.97713,0.073457405,0.0,2.706723,1.9288903,0.0,1.3544471,0.6608738,0.03974721,3.5305605,0.0,0.0,0.0,3.7789898,0.0,1.8938287,0.0,1.6214256,0.0,0.048271496
L00228,0,4.7034783,0.0,4.498101,0.0,0.1693833,3.357974,0.8303753,5.9752913,0.0,0.0,1.6222874,0.0,6.031489,1.3074495,0.0,2.9525735,2.4088287,0.9814693,2.000115,0.44848102,1.0935726,5.984625,0.20447421,0.0,0.57336193,6.159606,0.24113104,1.9435956,0.64752877,1.7538378,0.0,0.040628206
L00229,0,2.3130028,0.4008907,2.2892196,0.0,0.0,1.5212623,0.74686277,3.0031826,0.0,0.0,1.2166064,0.0,2.8295562,0.0,0.0,1.9308504,1.5128701,0.0,1.1282043,0.58698,0.0,2.8101325,0.0,0.0,0.0,2.891111,0.0,1.4192845,0.0,1.2781065,0.0,0.1910095
L00230,0,2.8888175,0.26711082,2.8025696,0.0,0.0,1.9912623,0.8634621,3.7844908,0.0,0.0,1.5503397,0.0,3.633344,0.035459027,0.0,2.3440778,1.816462,0.0,1.3965516,0.6237448,0.019881248,3.6137326,0.0,0.0,0.0014809966,3.6555095,0.0,1.729318,0.0,1.5078409,0.0,0.17513783
L00231,0,2.5852041,0.38200855,2.5452733,0.0,0.0,1.6846483,0.8460803,3.3441355,0.0,0.0,1.3597492,0.0,3.1643336,0.0,0.0,2.1264982,1.6721041,0.0,1.2309594,0.64942807,0.0,3.1746404,0.0,0.0,0.0,3.2044425,0.0,1.5840883,0.0,1.3967628,0.0,0.20963112
L00232,0,2.5528824,0.33836424,2.4877555,0.0,0.0,1.7271756,0.8357074,3.3903825,0.0,0.0,1.4033072,0.0,3.2634099,0.0,0.0,2.2020016,1.6681669,0.0,1.2726336,0.62602264,0.0,3.1350884,0.0,0.0,0.0,3.2285514,0.0,1.6112874,0.0,1.4102744,0.0,0.18141192
L00233,0,2.7849967,0.0,2.6848168,0.0,0.0,2.2631228,0.6830164,3.7883394,0.0,0.0,1.1724591,0.0,3.9469345,0.5601837,0.0,2.0844765,1.5696702,0.25944436,1.4708612,0.465149,0.50274616,3.8364034,0.0,0.0,0.18367004,3.8936315,0.0,1.5079451,0.3149084,1.3282297,0.0,0.17301343
L00234,0,2.8666487,0.0,2.7729719,0.0,0.025294706,2.2934785,0.5382651,3.9876418,0.0,0.0,1.0721068,0.0,4.1209583,0.81109005,0.0,1.9959866,1.5438793,0.4510107,1.4726322,0.3587083,0.7776563,3.9797773,0.0529235,0.0,0.3009474,4.125393,0.04345444,1.4078227,0.44520533,1.2431878,0.0,0.09849377
L00235,0,2.8377495,0.4048226,2.6856763,0.0,0.0,1.9464686,0.91189075,3.458176,0.0,0.0,1.5345297,0.0,3.2234309,0.0,0.0,2.1757257,1.7745183,0.0,1.3037117,0.6828732,0.0,3.4307406,0.0,0.0,0.0,3.4367294,0.0,1.641046,0.0,1.4139268,0.0,0.2332167
L00236,0,2.5515938,0.32852477,2.4093423,0.0,0.0,1.7140596,0.71808577,3.315943,0.0,0.0,1.2802079,0.0,3.1542385,0.11357893,0.0,1.9780743,1.5185744,0.027385145,1.204042,0.5183854,0.13795184,3.1882553,0.0,0.0,0.034723915,3.188744,0.0,1.4750938,0.0,1.3262956,0.0,0.17060453
L00237,0,3.6730778,0.0,3.524126,0.0,0.055691257,2.545734,0.69108677,4.596049,0.0,0.0,1.3078837,0.0,4.597264,0.93297666,0.0,2.340803,1.916901,0.70094514,1.5710855,0.4287501,0.7635545,4.6239085,0.061113745,0.0,0.41525984,4.748017,0.11365321,1.5688875,0.444569,1.4538846,0.0,0.06811031
L00238,0,2.6610785,0.27731943,2.5639608,0.0,0.0,1.8819355,0.80725026,3.4164047,0.0,0.0,1.4417306,0.0,3.2847593,0.045541063,0.0,2.0816665,1.6804415,0.0,1.3058045,0.6098379,0.01521413,3.292425,0.0,0.0,0.013681695,3.372089,0.0,1.5503361,0.0,1.3525486,0.0,0.19137043
L00239,0,2.7146602,0.27894145,2.5901463,0.0,0.0,1.859948,0.8034425,3.5140285,0.0,0.0,1.4039123,0.0,3.3336458,0.036904797,0.0,2.1031003,1.673728,0.0,1.3257525,0.5888468,0.0,3.3349295,0.0,0.0,0.0154813975,3.413262,0.0,1.5383308,0.0,1.3804009,0.0,0.19997837
L00240,0,2.6994617,0.23202091,2.6182828,0.0,0.0,1.8791792,0.80130446,3.5514708,0.0,0.0,1.4337966,0.0,3.41991,0.05401151,0.0,2.1556242,1.7115047,0.0,1.346039,0.59849966,0.04927562,3.3311741,0.0,0.0,0.020163298,3.4583745,0.0,1.5861264,0.0,1.3937668,0.0,0.17610624
L00241,0,2.7538822,0.43456882,2.5899823,0.0,0.0,1.8733557,0.91658056,3.4949396,0.0,0.0,1.5328121,0.0,3.287461,0.0,0.0,2.2413614,1.791427,0.0,1.3437896,0.70490617,0.0,3.3477025,0.0,0.0,0.0,3.4064713,0.0,1.6801643,0.0,1.486939,0.0,0.21975844
L00242,0,2.5514657,0.260805,2.4336343,0.0,0.0,1.8514751,0.84455705,3.1299236,0.0,0.0,1.3981428,0.0,3.0640404,0.101169065,0.0,1.886154,1.5681391,0.013329864,1.2325227,0.5726192,0.05471556,3.1442285,0.0,0.0,0.0044209585,3.174008,0.0,1.4798024,0.0,1.2562246,0.0,0.17626488
L00243,0,2.6044667,0.31264436,2.492642,0.0,0.0,1.6352663,0.7077266,3.2362347,0.0,0.0,1.0375226,0.0,3.0358176,0.28478914,0.0,1.8475814,1.4555573,0.108440995,1.1515551,0.53476316,0.19414274,3.122629,0.0,0.0,0.112566225,3.1818972,0.0,1.2865074,0.08233583,1.2315432,0.0,0.19391666
L00244,0,3.0797036,0.3772005,2.8201892,0.0,0.0,2.1432638,0.9871932,3.8805807,0.0,0.0,1.7031946,0.0,3.650825,0.0,0.0,2.4161417,1.8889421,0.0,1.4569802,0.6849164,0.0,3.8001082,0.0,0.0,0.0,3.7640004,0.0,1.8119704,0.0,1.564194,0.0,0.21136105
L00245,0,2.765921,0.054757714,2.6253016,0.0,0.0,1.9224014,0.6050998,3.6892133,0.0,0.0,1.3082957,0.0,3.6238863,0.41230595,0.0,2.0832326,1.6164553,0.19437844,1.2981672,0.45567334,0.42877638,3.527029,0.0,0.0,0.15142861,3.6750817,0.0,1.4774671,0.14916456,1.2907398,0.0,0.08292326
L00246,0,2.7570238,0.30709863,2.7944207,0.0,0.0,1.9145341,0.9026747,3.6900685,0.0,0.0,1.5334538,0.0,3.562263,0.0,0.0,2.3761919,1.8533413,0.0,1.3823318,0.6996305,0.0,3.4573846,0.0,0.0,0.0,3.5432148,0.0,1.7574536,0.0,1.5099895,0.0,0.21479735
L00247,0,3.1890266,0.17198539,3.076192,0.0,0.0,2.3535073,0.88130486,3.9940894,0.0,0.0,1.6184725,0.0,3.9122355,0.2765699,0.0,2.2869174,1.941294,0.12833911,1.4964089,0.62407863,0.23323314,3.9624147,0.0,0.0,0.09042386,4.0501447,0.0,1.7459586,0.020638108,1.4566383,0.0,0.17703255
L00248,0,2.8725271,0.007700324,3.1405933,0.0,0.0,2.0838723,0.83865273,4.110233,0.0,0.0,1.5806798,0.0,4.2424746,0.119463906,0.0,2.7125835,2.0153964,0.0,1.4733536,0.6428376,0.13050805,3.6546144,0.0,0.0,0.05157993,4.0197577,0.0,1.8968745,0.0,1.6018593,0.0,0.08126111
L00249,0,2.586627,0.41578358,2.4240644,0.0,0.0,1.7122048,0.83862936,3.3432398,0.0,0.0,1.3849931,0.0,3.1179843,0.0,0.0,2.0683959,1.6354903,0.0,1.2728283,0.63744724,0.0,3.176506,0.0,0.0,0.0,3.2051964,0.0,1.5651202,0.0,1.3900442,0.0,0.23363088
L00250,0,3.7093155,0.10351664,3.5335112,0.0,0.0,2.774885,0.99829745,4.597523,0.0,0.0,1.8136283,0.0,4.507827,0.42608142,0.0,2.5322971,2.1797352,0.25275803,1.7057362,0.65141803,0.35219687,4.639751,0.0,0.0,0.14362255,4.683688,0.0,1.9415715,0.100263774,1.601773,0.0,0.19703802
L00251,0,2.8949049,0.31074944,2.8533163,0.0,0.0,2.0028133,0.895149,3.8318765,0.0,0.0,1.555338,0.0,3.6861022,0.0,0.0,2.4112055,1.8784872,0.0,1.4486775,0.67043453,0.0,3.5991943,0.0,0.0,0.0,3.7278523,0.0,1.7262641,0.0,1.5570154,0.0,0.23676574
L00252,0,3.101823,0.14909875,2.996191,0.0,0.0,2.1095195,0.8297558,4.1534004,0.0,0.0,1.3769718,0.0,4.125682,0.3113323,0.0,2.519988,1.8309767,0.08395511,1.4526565,0.5766916,0.22506715,3.8740623,0.0,0.0,0.12183968,4.03917,0.0,1.715995,0.1255745,1.5715785,0.0,0.16111398
L00253,0,2.2676818,0.34831965,2.2255678,0.0,0.0,1.4690379,0.7172742,2.984309,0.0,0.0,1.1763201,0.0,2.821498,0.0,0.0,1.8511341,1.4532771,0.0,1.1123478,0.56194955,0.0,2.779864,0.0,0.0,0.0,2.8532028,0.0,1.3926759,0.0,1.247019,0.0,0.16775367
L00254,0,2.9926019,0.11205864,2.9193966,0.0,0.0,2.2311606,0.8488642,4.0591393,0.0,0.0,1.4781357,0.0,4.0726533,0.19219555,0.0,2.4378655,1.8536495,0.0,1.5328102,0.6047009,0.17167713,3.8539355,0.0,0.0,0.06077545,3.99895,0.0,1.7469252,0.09182283,1.5357544,0.0,0.20951284
L00255,0,2.981467,0.33281526,2.7925804,0.0,0.0,2.045326,0.9459479,3.8137188,0.0,0.0,1.6352715,0.0,3.663763,0.0,0.0,2.4034154,1.8654677,0.0,1.4380274,0.67846996,0.0,3.6451187,0.0,0.0,0.0,3.715619,0.0,1.7622652,0.0,1.5380745,0.0,0.20908897
L00256,0,2.8232486,0.452866,2.6052878,0.0,0.0,1.8945864,0.90980995,3.5577245,0.0,0.0,1.5547743,0.0,3.2646496,0.0,0.0,2.2319868,1.772849,0.0,1.3438523,0.68612707,0.0,3.4432979,0.0,0.0,0.0,3.4439578,0.0,1.6573995,0.0,1.471452,0.0,0.23842235
L00257,0,2.6874502,0.46865657,2.5038977,0.0,0.0,1.7613325,0.84795797,3.3181531,0.0,0.0,1.3995482,0.0,3.1421998,0.0,0.0,2.077163,1.6082473,0.0,1.2057374,0.5948852,0.0,3.3082411,0.0,0.0,0.0,3.2367144,0.0,1.567877,0.0,1.405597,0.0,0.2298292
L00258,0,1.8320553,0.3058674,1.7005725,0.0,0.0,1.1541239,0.5411266,2.4023018,0.0,0.0,0.9522005,0.0,2.271712,0.09629537,0.0,1.4878118,1.1403325,0.0,0.8832167,0.43611312,0.16511784,2.2436752,0.0,0.0,0.010206439,2.3148923,0.0,1.1512463,0.0,0.9944981,0.0,0.07207653
L00259,0,3.1988127,0.33636537,3.0287685,0.0,0.0,2.1896856,0.9698349,4.1084,0.0,0.0,1.6167824,0.0,3.9474192,0.052783206,0.0,2.5495045,1.9492722,0.0,1.4960961,0.68525934,0.0,3.968867,0.0,0.0,0.010830238,3.982933,0.0,1.8415248,0.010221571,1.6530082,0.0,0.2495145
L00260,0,3.1857233,0.1492157,3.3222203,0.0,0.0,2.3357458,0.9871893,4.3390856,0.0,0.0,1.8051323,0.0,4.438707,0.012275979,0.0,2.9216063,2.1901937,0.0,1.6145592,0.7387663,0.019389823,3.997277,0.0,0.0,0.0,4.3459578,0.0,2.0568988,0.0,1.752029,0.0,0.11905912
L00261,0,2.3500803,0.34737274,2.2999399,0.0,0.0,1.614781,0.7547437,3.084072,0.0,0.0,1.3045449,0.0,2.9263422,0.0,0.0,1.9119765,1.53107,0.0,1.2011876,0.59005266,0.0,2.9184802,0.0,0.0,0.0,2.9750752,0.0,1.4511416,0.0,1.2860695,0.0,0.2074027
L00262,0,2.0304484,0.30593258,1.9339077,0.0,0.0,1.3397728,0.6042141,2.6793096,0.0,0.0,1.0599936,0.0,2.5364358,0.100522056,0.0,1.6220526,1.2312174,0.006542802,1.0023053,0.4344731,0.15239291,2.5541332,0.0,0.0,0.016027883,2.5932336,0.0,1.224858,0.018916667,1.1086001,0.0,0.11938455
L00263,0,2.4445407,0.28414124,2.3436482,0.0,0.0,1.7149509,0.7173873,3.2739546,0.0,0.0,1.3047622,0.0,3.1060517,0.030889973,0.0,1.9645673,1.5273414,0.0,1.2370214,0.54228854,0.052447617,3.1069436,0.0,0.0,0.005124718,3.1316109,0.0,1.4693418,0.0,1.3106601,0.0,0.2000145
L00264,0,2.6596236,0.38229746,2.6323204,0.0,0.0,1.7049228,0.8263911,3.2405417,0.0,0.0,1.2935194,0.0,3.0305133,0.087181464,0.0,2.0473156,1.6431755,0.0,1.1626506,0.6230018,0.0,3.1725028,0.0,0.0,0.03431592,3.1838355,0.0,1.4501259,0.01405558,1.3427747,0.0,0.2612107
L00265,0,2.942448,0.11633849,3.1824377,0.0,0.0,2.1024728,0.9421035,4.078826,0.0,0.0,1.619422,0.0,4.2028813,0.043081388,0.0,2.8172061,2.0474188,0.0,1.4567704,0.7006111,0.0,3.6843913,0.0,0.0,0.0,3.9635081,0.0,1.9928584,0.0,1.6645355,0.0,0.0987194
L00266,0,2.7566283,0.34186962,2.7026095,0.0,0.0,1.8341875,0.86829007,3.5807784,0.0,0.0,1.4179718,0.0,3.4490879,0.007639244,0.0,2.2800987,1.7419161,0.0,1.3181098,0.6270893,0.0,3.385852,0.0,0.0,0.0,3.456245,0.0,1.6221486,0.0,1.4781477,0.0,0.22975266
L00267,0,1.9151967,0.4864783,1.8083608,0.0,0.0,1.254686,0.6716567,2.4112253,0.0,0.0,1.1000905,0.0,2.212098,0.0,0.0,1.610522,1.2584906,0.0,0.95707446,0.5536943,0.0,2.2997086,0.0,0.0,0.0,2.3444881,0.0,1.2257439,0.0,1.1051648,0.0,0.15486386
L00268,0,2.807359,0.25455025,2.8321707,0.0,0.0,1.8623713,0.7507651,3.6250405,0.0,0.0,1.1484485,0.0,3.5571206,0.36063153,0.0,2.142738,1.6117913,0.12993723,1.253155,0.5409043,0.29087734,3.5052547,0.0,0.0,0.13111967,3.5719638,0.0,1.4419836,0.15348005,1.4054775,0.0,0.23038623
L00269,0,2.3092248,0.392469,2.2594526,0.0,0.0,1.5421621,0.77890706,3.0107703,0.0,0.0,1.2874192,0.0,2.8725235,0.0,0.0,1.9920486,1.522861,0.0,1.1442723,0.6075941,0.0,2.8136415,0.0,0.0,0.0,2.8979268,0.0,1.4803281,0.0,1.3021374,0.0,0.16620584
L00270,0,2.6535757,0.21146107,2.412093,0.0,0.0,1.9719377,0.91900873,3.339845,0.0,0.0,1.5705861,0.0,3.3717418,0.13177796,0.0,2.3209975,1.6715033,0.0,1.2807279,0.6420273,0.11536421,3.2956114,0.0,0.0,0.0,3.3790855,0.0,1.6503844,0.0,1.378587,0.0,0.017675944
L00271,0,1.7257881,0.40043488,1.7449384,0.0,0.0,1.0562315,0.654787,2.3408272,0.0,0.0,0.9749264,0.0,2.2021732,0.0,0.0,1.6237662,1.1956725,0.0,0.8719204,0.5398207,0.0,2.1206028,0.0,0.0,0.0,2.1370273,0.0,1.2401137,0.0,1.073556,0.0,0.12743078
L00272,0,2.214021,0.39618737,2.0962818,0.0,0.0,1.4082502,0.7258886,2.8779655,0.0,0.0,1.0722909,0.0,2.7627983,0.0012970716,0.0,1.8530658,1.3575562,0.0,1.064153,0.5529933,0.0,2.708644,0.0,0.0,0.0,2.737843,0.0,1.3606331,0.0,1.2398912,0.0,0.20275354
L00273,0,1.7529972,0.4159855,1.6986995,0.0,0.0,1.1123046,0.62282294,2.3409412,0.0,0.0,0.9846667,0.0,2.1473951,0.0,0.0,1.543382,1.1704063,0.0,0.90820044,0.50962055,0.0,2.1508138,0.0,0.0,0.0,2.1718066,0.0,1.1803589,0.0,1.0613594,0.0,0.14655279
L00274,0,2.176933,0.4446145,2.0697591,0.0,0.0,1.346239,0.72272986,2.7544973,0.0,0.0,1.1055797,0.0,2.5811172,0.0,0.0,1.8218198,1.3705516,0.0,1.0240359,0.5569376,0.0,2.6100929,0.0,0.0,0.0,2.650217,0.0,1.3454792,0.0,1.2277033,0.0,0.1523974
L00275,0,2.3849034,0.39515388,2.2440057,0.0,0.0,1.6087809,0.766883,2.9713495,0.0,0.0,1.3056346,0.0,2.7241943,0.0,0.0,1.804036,1.4812578,0.0,1.1450955,0.58355844,0.0,2.9209995,0.0,0.0,0.0,2.8837686,0.0,1.3918396,0.0,1.237854,0.0,0.2303249
L00276,0,2.689522,0.28809366,2.5446281,0.0,0.0,1.8465016,0.78395486,3.4634976,0.0,0.0,1.3042266,0.0,3.4426808,0.14514284,0.0,2.1361346,1.5566708,0.06417295,1.2722237,0.5079471,0.13363536,3.4319973,0.0,0.0,0.01830633,3.3791595,0.0,1.5548266,0.08090463,1.4400197,0.0,0.18821901
L00277,0,2.272058,0.5231036,2.1711652,0.0,0.0,1.4836779,0.7601427,2.8892605,0.0,0.0,1.2551634,0.0,2.6270874,0.0,0.0,1.8705887,1.4998021,0.0,1.105576,0.62455416,0.0,2.7603858,0.0,0.0,0.0,2.8036556,0.0,1.4252108,0.0,1.2667506,0.0,0.20026737
L00278,0,2.5029256,0.3612119,2.4023535,0.0,0.0,1.6684297,0.7798554,3.199294,0.0,0.0,1.2861422,0.0,3.058542,0.025589481,0.0,2.0487323,1.5748385,0.0,1.1889806,0.59714407,0.0,3.0423665,0.0,0.0,0.0,3.117146,0.0,1.5097885,0.0,1.3225322,0.0,0.14865437
L00279,0,2.4822035,0.3367076,2.3132248,0.0,0.0,1.6549565,0.7357719,3.0666485,0.0,0.0,1.1541803,0.0,2.9313982,0.18190233,0.0,1.80408,1.4181287,0.07481897,1.1530573,0.5111094,0.12676527,3.0484424,0.0,0.0,0.078083046,3.0396776,0.0,1.3450701,0.04827416,1.2146902,0.0,0.16785786
L00280,0,2.542755,0.3310267,2.4195035,0.0,0.0,1.7790191,0.8150712,3.272853,0.0,0.0,1.4001645,0.0,3.1331844,0.0,0.0,2.032079,1.6106366,0.0,1.2718275,0.60118985,0.0,3.1426423,0.0,0.0,0.0,3.2069807,0.0,1.5367907,0.0,1.3401206,0.0,0.20601764
L00281,0,3.0024266,0.2837839,2.7917824,0.0,0.0,2.082034,0.9055854,3.8582063,0.0,0.0,1.5488079,0.0,3.6523151,0.0327688,0.0,2.3334215,1.819117,0.0,1.4603662,0.641485,0.0,3.7055068,0.0,0.0,0.0,3.7303238,0.0,1.7079194,0.0,1.5235138,0.0,0.22414255
L00282,0,3.0137696,0.1418755,2.8870478,0.0,0.0,2.297517,0.8933799,3.806667,0.0,0.0,1.507875,0.0,3.8332708,0.27641523,0.0,2.201051,1.7963417,0.12001449,1.4784787,0.5817474,0.22157745,3.845335,0.0,0.0,0.08668176,3.8915925,0.0,1.679728,0.10790914,1.4288695,0.0,0.21456625
L00283,0,2.2427716,0.31027293,2.2151384,0.0,0.0,1.4115039,0.7255089,2.978712,0.0,0.0,1.1597881,0.0,2.8864253,0.0,0.0,1.9571481,1.4432682,0.0,1.0818884,0.5400762,0.0,2.7145085,0.0,0.0,0.0,2.823647,0.0,1.4227028,0.0,1.2640581,0.0,0.111981325
L00284,0,2.0498557,0.4953598,1.9571595,0.0,0.0,1.2462059,0.7123656,2.5503793,0.0,0.0,1.0931053,0.0,2.376582,0.0,0.0,1.7385,1.3209108,0.0,0.95401895,0.55730313,0.0,2.4011724,0.0,0.0,0.0,2.458899,0.0,1.309258,0.0,1.1701701,0.0,0.14814252
L00285,0,2.6209385,0.42655993,2.514827,0.0,0.0,1.7751825,0.8926276,3.4015906,0.0,0.0,1.5113364,0.0,3.2082562,0.0,0.0,2.2544906,1.7494766,0.0,1.2809184,0.7049706,0.0,3.2108033,0.0,0.0,0.0,3.2609367,0.0,1.6663861,0.0,1.4497492,0.0,0.19899783
L00286,0,2.121508,0.462547,2.0167708,0.0,0.0,1.3762503,0.7330053,2.7250774,0.0,0.0,1.1886799,0.0,2.531713,0.0,0.0,1.790202,1.3877742,0.0,1.0553484,0.5836314,0.0,2.560572,0.0,0.0,0.0,2.6025095,0.0,1.3579495,0.0,1.2108123,0.0,0.17963499
L00287,0,2.4022183,0.43937632,2.2223825,0.0,0.0,1.6016173,0.8231561,3.045694,0.0,0.0,1.3717409,0.0,2.8617964,0.0,0.0,1.996505,1.5575649,0.0,1.1866267,0.6430982,0.0,2.879377,0.0,0.0,0.0,2.915123,0.0,1.5032412,0.0,1.3222909,0.0,0.1866381
L00288,0,2.4309282,0.46178728,2.2585094,0.0,0.0,1.6087726,0.8140948,3.0228665,0.0,0.0,1.3674961,0.0,2.751289,0.0,0.0,1.9531741,1.5478938,0.0,1.1509929,0.63786983,0.0,2.9449987,0.0,0.0,0.0,2.9225326,0.0,1.4751366,0.0,1.2909503,0.0,0.2115752
L00289,0,2.6280406,0.23584837,2.4402425,0.0,0.0,1.7650727,0.7678694,3.4169052,0.0,0.0,1.3757069,0.0,3.278408,0.082925454,0.0,2.0940325,1.604051,0.0,1.2756939,0.558533,0.07764745,3.2285583,0.0,0.0,0.016988896,3.311029,0.0,1.5201072,0.0,1.3461871,0.0,0.15311125
L00290,0,2.5401566,0.3168938,2.3343709,0.0,0.0,1.575102,0.7462371,3.0951755,0.0,0.0,1.2484512,0.0,2.9016519,0.17398007,0.0,1.8970027,1.5151086,0.05489582,1.1107345,0.5457419,0.07954416,3.0134192,0.0,0.0,0.0507588,3.040214,0.0,1.3925831,0.022571146,1.2516868,0.0,0.13221182
L00291,0,2.6209085,0.28656146,2.522255,0.0,0.0,1.7578458,0.7730056,3.399066,0.0,0.0,1.3186513,0.0,3.2654936,0.065628275,0.0,2.079117,1.5891792,0.0,1.2512293,0.5437568,0.041231245,3.2438028,0.0,0.0,0.020792186,3.29111,0.0,1.5014418,0.0,1.3696551,0.0,0.20489058
L00292,0,2.5310261,0.09989458,2.4209545,0.0,0.0,1.9308308,0.8073536,3.3845363,0.0,0.0,1.4793987,0.0,3.3694103,0.13170324,0.0,2.161804,1.6362212,0.0,1.3422272,0.5795765,0.15709384,3.2584133,0.0,0.0,0.0,3.3912845,0.0,1.5595121,0.0,1.3269958,0.0,0.07815033
L00293,0,2.5977771,0.29065496,2.5808473,0.0,0.0,1.6742358,0.78822696,3.4844663,0.0,0.0,1.2860295,0.0,3.4251142,0.08838569,0.0,2.2711642,1.6603537,0.0,1.2280724,0.5751409,0.12397079,3.1804192,0.0,0.0,0.016449273,3.3198056,0.0,1.5780693,0.0,1.441014,0.0,0.17303303
L00294,0,2.135523,0.37435254,2.1078856,0.0,0.0,1.3856977,0.70396084,2.8537097,0.0,0.0,1.1572771,0.0,2.7138698,0.0,0.0,1.8688027,1.3924643,0.0,1.0597848,0.53870106,0.0,2.6185727,0.0,0.0,0.0,2.681028,0.0,1.3777472,0.0,1.2448306,0.0,0.1543764
L00295,0,2.4948177,0.39487106,2.4719381,0.0,0.0,1.6764008,0.8257508,3.2767422,0.0,0.0,1.4033934,0.0,3.1695292,0.0,0.0,2.1983874,1.6738162,0.0,1.2331271,0.6414999,0.0,3.0334225,0.0,0.0,0.0,3.1987934,0.0,1.6204146,0.0,1.4086571,0.0,0.14826134
L00296,0,1.7691071,0.30895323,1.7114697,0.0,0.0,1.080063,0.4662214,2.3475728,0.0,0.0,0.8051392,0.0,2.2107768,0.19551332,0.0,1.3778003,1.0567335,0.076257765,0.8477328,0.37311202,0.24765469,2.1776323,0.0,0.0,0.0694898,2.29787,0.0,1.0206103,0.05619842,0.9409683,0.0,0.05635395
L00297,0,2.1304758,0.33476543,2.0028305,0.0,0.0,1.4376336,0.67921746,2.76738,0.0,0.0,1.1922811,0.0,2.5849495,0.0,0.0,1.7485179,1.3673629,0.0,1.0861742,0.537873,0.0,2.610018,0.0,0.0,0.0,2.671751,0.0,1.31106,0.0,1.1641827,0.0,0.14352623
L00298,0,3.0292957,0.24897799,2.9972866,0.0,0.0,2.1365547,0.917922,3.9408066,0.0,0.0,1.6075084,0.0,3.8076274,0.026296869,0.0,2.4076428,1.9453878,0.0,1.4779372,0.67224526,0.0,3.7264674,0.0,0.0,0.01773528,3.8707032,0.0,1.764576,0.0,1.5353911,0.0,0.22070727
L00299,0,2.6158142,0.3647026,2.5005867,0.0,0.0,1.7771027,0.82508194,3.4011118,0.0,0.0,1.4441465,0.0,3.185605,0.0,0.0,2.074038,1.6732141,0.0,1.3125134,0.6237037,0.0,3.2078006,0.0,0.0,0.0,3.2679205,0.0,1.5625334,0.0,1.385879,0.0,0.22103879
L00300,0,2.9265232,0.18576169,3.024246,0.0,0.0,2.0554712,0.9182466,3.8572888,0.0,0.0,1.5832932,0.0,3.9683654,0.060437992,0.0,2.7062385,1.9650394,0.0,1.3912377,0.67711055,0.06383991,3.5908146,0.0,0.0,0.0,3.84408,0.0,1.8924645,0.0,1.6256366,0.0,0.048100114
L00301,0,2.6831882,0.37148836,2.541854,0.0,0.0,1.7850286,0.85227084,3.4124796,0.0,0.0,1.3696569,0.0,3.2335079,0.0,0.0,2.1213925,1.6517593,0.0,1.2701874,0.6283004,0.0,3.2816381,0.0,0.0,0.0,3.3054695,0.0,1.5648296,0.0,1.4001606,0.0,0.23040454
L00302,0,2.3339875,0.38443702,2.342662,0.0,0.0,1.5743624,0.74040914,3.014343,0.0,0.0,1.2738538,0.0,2.8157458,0.0,0.0,1.9032232,1.5497088,0.0,1.1659181,0.5840361,0.0,2.8466969,0.0,0.0,0.0,2.934311,0.0,1.4142113,0.0,1.2809615,0.0,0.2126872
L00303,0,2.8730133,0.26747078,2.7911134,0.0,0.0,2.0095997,0.8531549,3.6029198,0.0,0.0,1.5471972,0.0,3.4331205,0.084265664,0.0,2.183063,1.8297846,0.0,1.3452232,0.6426637,0.008095339,3.5346193,0.0,0.0,0.03094051,3.5823321,0.0,1.6458204,0.0,1.4101362,0.0,0.21284968
L00304,0,2.795376,0.29034862,2.65206,0.0,0.0,1.8708786,0.84296346,3.5696929,0.0,0.0,1.4809328,0.0,3.4432962,0.10066302,0.0,2.2398255,1.7437543,0.0,1.2849188,0.6326469,0.06843424,3.392418,0.0,0.0,0.021211222,3.4526544,0.0,1.6578914,0.0,1.4056203,0.0,0.15053172
L00305,0,2.1294096,0.48807758,1.9802115,0.0,0.0,1.4202386,0.7363608,2.7358727,0.0,0.0,1.2303195,0.0,2.4941907,0.0,0.0,1.7703363,1.3893899,0.0,1.0925889,0.5916218,0.0,2.5947459,0.0,0.0,0.0,2.6591182,0.0,1.3293729,0.0,1.2194273,0.0,0.19094929
L00306,0,2.512855,0.43016434,2.3656378,0.0,0.0,1.6610073,0.77303493,3.098893,0.0,0.0,1.2998121,0.0,2.9709349,0.031058267,0.0,1.9462465,1.4890206,0.0,1.128593,0.5458154,0.003059119,3.159069,0.0,0.0,0.0,3.0123348,0.0,1.4870442,0.0,1.3587329,0.0,0.23740205
L00307,0,3.063578,0.40335274,2.933896,0.0,0.0,2.0758922,0.97032,4.027847,0.0,0.0,1.6696719,0.0,3.7670188,0.0,0.0,2.4758942,1.983244,0.0,1.5064659,0.7369174,0.0,3.8042233,0.0,0.0,0.0,3.8340821,0.0,1.8413966,0.0,1.6220903,0.0,0.26873422
L00308,0,2.3554897,0.4616707,2.2888985,0.0,0.0,1.5595083,0.81898284,3.051239,0.0,0.0,1.3537756,0.0,2.9009316,0.0,0.0,2.0652058,1.5852509,0.0,1.1507261,0.6529548,0.0,2.848845,0.0,0.0,0.0,2.9314547,0.0,1.5535917,0.0,1.3381696,0.0,0.16635224
L00309,0,2.3674185,0.422418,2.2160573,0.0,0.0,1.5714477,0.77699924,3.0447643,0.0,0.0,1.2926612,0.0,2.8410242,0.0,0.0,1.9548013,1.515193,0.0,1.1721258,0.5996622,0.0,2.860458,0.0,0.0,0.0,2.9062996,0.0,1.460872,0.0,1.305448,0.0,0.18394226
L00310,0,2.6847887,0.37080267,2.5084767,0.0,0.0,1.7986627,0.82946277,3.3558545,0.0,0.0,1.3769246,0.0,3.2355778,0.052179918,0.0,2.0645092,1.5919814,0.0,1.2430043,0.56778276,0.01949051,3.3348005,0.0,0.0,0.006392546,3.2958503,0.0,1.5561899,0.0,1.3934741,0.0,0.2264224
L00311,0,2.334532,0.4191033,2.3199666,0.0,0.0,1.4960958,0.78249717,3.01878,0.0,0.0,1.2160777,0.0,2.9132426,0.0,0.0,2.022627,1.5145456,0.0,1.1045783,0.59371364,0.0,2.8328493,0.0,0.0,0.0,2.910544,0.0,1.4571842,0.0,1.3206863,0.0,0.20378202
L00312,0,2.8290625,0.3676688,2.6539965,0.0,0.0,1.9243908,0.83204603,3.6059139,0.0,0.0,1.4960862,0.0,3.3858473,0.031487748,0.0,2.1629074,1.720562,0.0,1.3311961,0.5989961,0.0,3.5340333,0.0,0.0,0.0038034543,3.5210862,0.0,1.6293076,0.0,1.4381475,0.0,0.20761816
L00313,0,3.4848135,0.3129018,3.2601337,0.0,0.0,2.441105,1.0067819,4.2614827,0.0,0.0,1.7672561,0.0,4.02206,0.16616474,0.0,2.5368495,2.0849366,0.017953962,1.558847,0.70227003,0.04774721,4.2813315,0.0,0.0,0.055740766,4.280223,0.0,1.8688359,0.015116826,1.6073337,0.0,0.22903195
L00314,0,3.0026379,0.17120755,2.8822532,0.0,0.0,2.0977683,0.9021771,3.9806702,0.0,0.0,1.6210355,0.0,3.8689563,0.073556736,0.0,2.4813085,1.898439,0.0,1.4883909,0.6449868,0.06777553,3.7381966,0.0,0.0,0.016148396,3.8607402,0.0,1.7795308,0.0,1.5537195,0.0,0.15788862
L00315,0,2.1845858,0.53101337,1.9613645,0.0,0.0,1.4116727,0.7726092,2.6523392,0.0,0.0,1.2616565,0.0,2.409255,0.0,0.0,1.7786306,1.3877776,0.0,1.0341523,0.60565144,0.0,2.5841208,0.0,0.0,0.0,2.5889163,0.0,1.3525169,0.0,1.1949811,0.0,0.16277637
L00316,0,3.512959,0.21595842,3.3378773,0.0,0.0,2.3920388,0.9750335,4.3521686,0.0,0.0,1.6044157,0.0,4.2045174,0.32712752,0.0,2.5238612,2.0029268,0.13261431,1.5577652,0.64604664,0.18014531,4.309568,0.0,0.0,0.11800698,4.3243194,0.0,1.7746625,0.1124236,1.6212592,0.0,0.24414867
L00317,0,2.4560862,0.3688605,2.3178196,0.0,0.0,1.6777004,0.7828909,3.1705706,0.0,0.0,1.3622907,0.0,2.969972,0.0,0.0,1.979945,1.5693939,0.0,1.2303879,0.60251194,0.0,3.0118222,0.0,0.0,0.0,3.0741916,0.0,1.4967628,0.0,1.3098257,0.0,0.19488
L00318,0,2.7271135,0.26822302,2.6381176,0.0,0.0,1.8345765,0.7497618,3.480368,0.0,0.0,1.3774575,0.0,3.3354461,0.13244398,0.0,2.0530806,1.6705416,0.024398208,1.2728658,0.567964,0.08391772,3.3943057,0.0,0.0,0.056006618,3.4050574,0.0,1.5245724,0.012545109,1.3696537,0.0,0.20969063
L00319,0,2.4466624,0.30934173,2.3469062,0.0,0.0,1.6651897,0.7373609,3.1925495,0.0,0.0,1.262362,0.0,3.0448864,0.06865899,0.0,1.9536865,1.5003984,0.0,1.1755607,0.51913804,0.07961322,3.0601978,0.0,0.0,0.011335023,3.064642,0.0,1.4360356,0.0,1.3003249,0.0,0.20011643
L00320,0,3.1547167,0.14259261,3.0255556,0.0,0.0,2.2430215,0.8537061,4.038427,0.0,0.0,1.5803378,0.0,3.976963,0.25499362,0.0,2.3771439,1.9031041,0.08595541,1.4728148,0.58756804,0.15175812,3.9590373,0.0,0.0,0.105327316,4.025021,0.0,1.7163167,0.08426723,1.523607,0.0,0.22054733
L00321,0,3.1017358,0.31689557,2.9504316,0.0,0.0,2.1267924,0.918448,3.9476368,0.0,0.0,1.5488732,0.0,3.7878573,0.117826626,0.0,2.3724878,1.8364346,0.00017383695,1.4230509,0.6169907,0.06607869,3.85757,0.0,0.0,0.033839427,3.8251657,0.0,1.7447945,0.002358824,1.5563252,0.0,0.22510695
L00322,0,2.9248421,0.13581526,2.8799534,0.0,0.0,2.1527562,0.89326835,3.780683,0.0,0.0,1.5631071,0.0,3.7606013,0.1612841,0.0,2.2986152,1.8691707,0.0,1.4389431,0.6442311,0.11735259,3.588519,0.0,0.0,0.048520587,3.7865553,0.0,1.6986599,0.0,1.4306848,0.0,0.16003442
L00323,0,1.415926,0.5097046,1.3814692,0.0,0.0,0.8244311,0.58703977,1.7564712,0.0,0.0,0.8334851,0.0,1.6029748,0.0,0.0,1.276979,0.9545641,0.0,0.69594336,0.5133455,0.0,1.6283493,0.0,0.10129224,0.0,1.6116784,0.0,1.0484872,0.0,0.8841338,0.0,0.12598889
L00324,0,2.127369,0.44571775,1.9771745,0.0,0.0,1.3776237,0.6957916,2.6620626,0.0,0.0,1.1079185,0.0,2.482552,0.0,0.0,1.7237216,1.3213868,0.0,1.0263158,0.55450577,0.0,2.5704968,0.0,0.0,0.0,2.5681682,0.0,1.3036537,0.0,1.1731813,0.0,0.19158426
L00325,0,2.0500565,0.40956235,2.0272064,0.0,0.0,1.3133738,0.70821697,2.6848063,0.0,0.0,1.1336308,0.0,2.5617356,0.0,0.0,1.816482,1.3656116,0.0,1.0188093,0.5585829,0.0,2.4659636,0.0,0.0,0.0,2.5645556,0.0,1.362606,0.0,1.200872,0.0,0.13995698
L00326,0,2.8827047,0.3767496,2.6719484,0.0,0.0,1.9843212,0.9421847,3.615202,0.0,0.0,1.615983,0.0,3.3919716,0.0,0.0,2.2866404,1.8211553,0.0,1.3821831,0.6934037,0.0,3.504909,0.0,0.0,0.0,3.5579863,0.0,1.6991067,0.0,1.4780316,0.0,0.20081496
L00327,0,2.1977894,0.46684998,2.0835814,0.0,0.0,1.4601405,0.7723663,2.774089,0.0,0.0,1.2791891,0.0,2.6197605,0.0,0.0,1.8689157,1.4388449,0.0,1.0697668,0.61114764,0.0,2.6521697,0.0,0.0,0.0,2.7242527,0.0,1.4055226,0.0,1.2352884,0.0,0.1572657
L00328,0,2.7432027,0.2396065,2.6072693,0.0,0.0,1.912608,0.8032688,3.5516517,0.0,0.0,1.4703737,0.0,3.3993654,0.061880305,0.0,2.0837119,1.684638,0.0,1.3522856,0.5735732,0.05932942,3.4202302,0.0,0.0,0.026340552,3.4660344,0.0,1.5744091,0.0,1.3748932,0.0,0.20819247
L00329,0,2.8193328,0.0,2.8819406,0.0,0.0,2.0588877,0.73537976,3.9344933,0.0,0.0,1.5209287,0.0,4.0372415,0.30041003,0.0,2.4678383,1.9025099,0.029224008,1.424542,0.58136153,0.41984403,3.6172318,0.0,0.0,0.08753594,3.972012,0.0,1.7567438,0.03469193,1.4397414,0.0,0.01146581
L00330,0,2.9031937,0.2598045,2.8111255,0.0,0.0,2.0092473,0.86657226,3.8101733,0.0,0.0,1.5430096,0.0,3.631108,0.0,0.0,2.3182726,1.8278614,0.0,1.442174,0.62905157,0.0,3.5868943,0.0,0.0,0.0,3.6980057,0.0,1.6811098,0.0,1.5036244,0.0,0.21309823
L00331,0,1.9460628,0.30277863,1.8842995,0.0,0.0,1.3434656,0.5928643,2.6350915,0.0,0.0,1.0907573,0.0,2.4411674,0.0,0.0,1.6068765,1.2862802,0.0,1.033649,0.5037118,0.030823275,2.4418147,0.0,0.0,0.0,2.5127416,0.0,1.2208546,0.0,1.0840518,0.0,0.14976686
L00332,0,2.1975915,0.39692298,2.1861727,0.0,0.0,1.4816622,0.7404735,2.9019673,0.0,0.0,1.2341042,0.0,2.7704728,0.0,0.0,1.9337448,1.4788066,0.0,1.1054242,0.59627473,0.0,2.6805305,0.0,0.0,0.0,2.7594824,0.0,1.4504591,0.0,1.2705641,0.0,0.15599695
L00333,0,1.9417486,0.37497467,1.8768749,0.0,0.0,1.2703725,0.6037059,2.5813582,0.0,0.0,0.993949,0.0,2.403659,0.014946237,0.0,1.5581846,1.2173333,0.0,0.9850761,0.47048587,0.053027496,2.4286413,0.0,0.0,0.0,2.444695,0.0,1.1813165,0.0,1.1036057,0.0,0.17669114
L00334,0,2.7305186,0.36617535,2.663591,0.0,0.0,1.8751034,0.8642682,3.5993173,0.0,0.0,1.5063689,0.0,3.413051,0.0,0.0,2.2811968,1.792016,0.0,1.3667576,0.66629577,0.0,3.3719704,0.0,0.0,0.0,3.477953,0.0,1.6783323,0.0,1.4841743,0.0,0.20344943
L00335,0,2.555876,0.42076132,2.3265395,0.0,0.0,1.6456878,0.7885137,3.2215502,0.0,0.0,1.3243692,0.0,2.9753096,0.0158339,0.0,1.9861313,1.5264908,0.0,1.1599128,0.55874455,0.0,3.131838,0.0,0.0,0.0,3.0443602,0.0,1.494524,0.0,1.3484991,0.0,0.19121641
L00336,0,2.3139458,0.39097607,2.1256094,0.0,0.0,1.5119816,0.7871772,2.9577343,0.0,0.0,1.2131903,0.0,2.8339322,0.016548768,0.0,1.9931256,1.4271278,0.0,1.0936519,0.5657615,0.014743552,2.8264484,0.0,0.0,0.0,2.8150635,0.0,1.4493418,0.0,1.2874606,0.0,0.16585135
L00337,0,3.063195,0.28515178,2.8991039,0.0,0.0,2.127255,0.84772384,3.8691938,0.0,0.0,1.526299,0.0,3.7404177,0.18221705,0.0,2.2938626,1.825954,0.053868175,1.3991652,0.60795385,0.11088835,3.8436894,0.0,0.0,0.044237398,3.7918105,0.0,1.7053087,0.042820573,1.5305066,0.0,0.24457635
L00338,0,2.2058911,0.3583187,2.144193,0.0,0.0,1.4710976,0.73817384,2.8582897,0.0,0.0,1.219689,0.0,2.7406774,0.0,0.0,1.8435881,1.4298863,0.0,1.1038463,0.5649687,0.0,2.680017,0.0,0.0,0.0,2.783434,0.0,1.3868182,0.0,1.2207136,0.0,0.16234183
L00339,0,3.2998264,0.2602608,3.0881143,0.0,0.0,2.2235858,0.9466058,4.0830445,0.0,0.0,1.5524911,0.0,3.932933,0.25008017,0.0,2.4737875,1.9239355,0.07970211,1.465836,0.64469063,0.101107165,3.973609,0.0,0.0,0.08233113,4.0713186,0.0,1.7490029,0.051237255,1.5561254,0.0,0.17345703
L00340,0,3.2330267,0.33301055,2.9697187,0.0,0.0,2.223687,0.99410546,4.1049705,0.0,0.0,1.7490104,0.0,3.8949933,0.010456741,0.0,2.5167336,1.9857173,0.0,1.537965,0.7019327,0.0,3.949472,0.0,0.0,0.0,4.008675,0.0,1.8489165,0.0,1.607907,0.0,0.2204389
L00341,0,2.5431468,0.45986488,2.3195708,0.0,0.0,1.7104133,0.83658445,3.131626,0.0,0.0,1.39504,0.0,2.8653271,0.0,0.0,2.0040069,1.5936136,0.0,1.1983888,0.64188206,0.0,3.0815382,0.0,0.0,0.0,3.0872526,0.0,1.5115228,0.0,1.3163655,0.0,0.21041894
L00342,0,3.3176992,0.34426722,3.1082656,0.0,0.0,2.2409663,1.0157053,4.172726,0.0,0.0,1.745253,0.0,3.942855,0.0,0.0,2.5763264,2.0500095,0.0,1.5390499,0.72227335,0.0,3.999389,0.0,0.0,0.0,4.0672755,0.0,1.8843921,0.0,1.6562908,0.0,0.19777384
L00343,0,2.8609726,0.38466346,2.678919,0.0,0.0,1.9427023,0.9066129,3.6487563,0.0,0.0,1.5024084,0.0,3.595452,0.05551292,0.0,2.3644335,1.7198985,0.015398353,1.3116481,0.5837963,0.08454795,3.6111336,0.0,0.0,0.0,3.5110307,0.0,1.7519426,0.0,1.564477,0.0,0.21133566
L00344,0,1.95543,0.45853788,1.7990422,0.0,0.0,1.2934879,0.6945492,2.3844812,0.0,0.0,1.1382623,0.0,2.1851084,0.0,0.0,1.5803217,1.252313,0.0,0.95767665,0.557047,0.0,2.3217146,0.0,0.0,0.0,2.3169708,0.0,1.2204825,0.0,1.0888176,0.0,0.1467726
L00345,0,2.7622023,0.086259305,2.606465,0.0,0.0,2.171711,0.78149617,3.5879092,0.0,0.0,1.2500654,0.0,3.6933346,0.42042822,0.0,2.0599246,1.5467166,0.1993747,1.4264009,0.49236462,0.36009276,3.7260547,0.0,0.0,0.11137057,3.681521,0.0,1.5415776,0.21858943,1.3405977,0.0,0.19047461
L00346,0,2.925229,0.31231153,2.77795,0.0,0.0,2.0537472,0.8368598,3.647557,0.0,0.0,1.4627956,0.0,3.4923897,0.17403649,0.0,2.1423423,1.7376425,0.057297736,1.346015,0.5874112,0.14093159,3.6341128,0.0,0.0,0.055265285,3.6289363,0.0,1.6194844,0.008091211,1.4071188,0.0,0.18620898
L00347,0,2.319793,0.37903365,2.2075627,0.0,0.0,1.4729269,0.7378738,2.9802287,0.0,0.0,1.1937916,0.0,2.8181326,0.0,0.0,1.9004222,1.421908,0.0,1.0855689,0.5295526,0.0,2.8178785,0.0,0.0,0.0,2.834857,0.0,1.3918022,0.0,1.2791882,0.0,0.17331475
L00348,0,2.6064708,0.36671183,2.5399868,0.0,0.0,1.7492734,0.8305429,3.3445628,0.0,0.0,1.3783745,0.0,3.1962414,0.0,0.0,2.1296356,1.66872,0.0,1.2527235,0.6317655,0.0,3.1806765,0.0,0.0,0.0,3.2428327,0.0,1.5787214,0.0,1.3997308,0.0,0.20333481
L00349,0,2.1296675,0.44950002,2.0546572,0.0,0.0,1.4077247,0.73409367,2.753878,0.0,0.0,1.2106725,0.0,2.5667288,0.0,0.0,1.7935973,1.4102545,0.0,1.0739989,0.5961787,0.0,2.6007802,0.0,0.0,0.0,2.6584778,0.0,1.354503,0.0,1.2116201,0.0,0.20016748
L00350,0,2.013603,0.4674083,1.981436,0.0,0.0,1.2723062,0.72466695,2.5710573,0.0,0.0,1.1404086,0.0,2.4143243,0.0,0.0,1.767902,1.353632,0.0,0.9684352,0.5880345,0.0,2.4144535,0.0,0.0,0.0,2.4641123,0.0,1.358695,0.0,1.169224,0.0,0.14575695
L00351,0,2.267736,0.46762702,2.125843,0.0,0.0,1.4560181,0.75793004,2.8885465,0.0,0.0,1.2247928,0.0,2.6423738,0.0,0.0,1.8219783,1.4333857,0.0,1.1088688,0.5877942,0.0,2.746212,0.0,0.0,0.0,2.7690248,0.0,1.3878702,0.0,1.2505805,0.0,0.20266944
L00352,0,2.5173593,0.34337455,2.470439,0.0,0.0,1.7080599,0.8222369,3.2542913,0.0,0.0,1.3819231,0.0,3.1168754,0.0,0.0,2.10428,1.6314594,0.0,1.233025,0.6300541,0.0,3.0513096,0.0,0.0,0.0,3.1247125,0.0,1.5705079,0.0,1.3594264,0.0,0.17097144
L00353,0,2.7679868,0.34797564,2.6243658,0.0,0.0,1.9193685,0.8834946,3.5060592,0.0,0.0,1.4895536,0.0,3.301889,0.0,0.0,2.164927,1.7379876,0.0,1.3427212,0.6434367,0.0,3.3762746,0.0,0.0,0.0,3.4286404,0.0,1.6273912,0.0,1.4163585,0.0,0.20615996
L00354,0,2.8378618,0.2977965,2.7620187,0.0,0.0,1.8966299,0.86756015,3.6011968,0.0,0.0,1.4022467,0.0,3.5271318,0.12677823,0.0,2.3122084,1.7485366,0.0,1.2929738,0.6229841,0.042465985,3.4018083,0.0,0.0,0.027619906,3.5435681,0.0,1.6480743,0.0,1.4582317,0.0,0.12359187
L00355,0,2.0023224,0.41713744,1.9802318,0.0,0.0,1.3402847,0.6840495,2.6100788,0.0,0.0,1.1433277,0.0,2.4609628,0.0,0.0,1.7433313,1.353278,0.0,1.0267508,0.5595161,0.0,2.425536,0.0,0.0,0.0,2.5182238,0.0,1.3259193,0.0,1.1634071,0.0,0.14816156
L00356,0,3.7973757,0.0,3.577961,0.0,0.12694411,2.763466,0.6869403,4.8058004,0.0,0.0,1.4672529,0.0,4.7789345,0.9681323,0.0,2.3323543,1.9881563,0.7055971,1.6691642,0.40849698,0.8772534,4.9198284,0.03602135,0.0,0.40107757,4.965548,0.10291055,1.6649934,0.43968588,1.452486,0.0,0.09247567
L00357,0,2.929067,0.35549688,2.7749968,0.0,0.0,2.0173416,0.87015057,3.6795273,0.0,0.0,1.5384157,0.0,3.500258,0.05567555,0.0,2.1780765,1.7540183,0.0,1.3629878,0.6005403,0.027539656,3.6770897,0.0,0.0,0.009315915,3.5840564,0.0,1.674516,0.0,1.4886999,0.0,0.2326909
L00358,0,2.2376928,0.39044178,2.1442935,0.0,0.0,1.5331323,0.75087625,2.9043071,0.0,0.0,1.1915438,0.0,2.8177795,0.0,0.0,1.8758916,1.4482973,0.0,1.1126451,0.60435927,0.0,2.7772567,0.0,0.0,0.0,2.8263836,0.0,1.4500341,0.0,1.2432117,0.0,0.1990545
L00359,0,2.8852212,0.16977566,2.8209176,0.0,0.0,2.0330634,0.8715538,3.677042,0.0,0.0,1.4432737,0.0,3.6403124,0.18837471,0.0,2.3073273,1.7970219,0.0061838627,1.3657377,0.60670465,0.12884091,3.512463,0.0,0.0,0.06407458,3.6593595,0.0,1.6374342,0.0,1.4237661,0.0,0.16206592
L00360,0,2.9905572,0.26491737,2.9031286,0.0,0.0,2.0078485,0.9099331,3.8030436,0.0,0.0,1.542484,0.0,3.5909915,0.0785466,0.0,2.3353195,1.9280801,0.0,1.3721416,0.6942526,0.0,3.6377516,0.0,0.0,0.044489212,3.7333584,0.0,1.7143297,0.0,1.4824889,0.0,0.20282555
L00361,0,2.2848039,0.36450335,2.1963263,0.0,0.0,1.5062678,0.73623085,2.917123,0.0,0.0,1.1956693,0.0,2.7324932,0.0,0.0,1.833063,1.4360006,0.0,1.1151795,0.5539881,0.0,2.7752814,0.0,0.0,0.0039031208,2.8233733,0.0,1.3389766,0.0,1.2231567,0.0,0.18886767
L00362,0,3.020618,0.25936455,2.8191006,0.0,0.0,2.109648,0.9011818,3.8398259,0.0,0.0,1.6497761,0.0,3.684049,0.0724646,0.0,2.3737082,1.8466437,0.0,1.4429057,0.63330966,0.041099563,3.7949476,0.0,0.0,0.0,3.7703323,0.0,1.7511761,0.0,1.5271938,0.0,0.20485489
L00363,0,2.7680647,0.27975795,2.7493598,0.0,0.0,1.9432465,0.8411379,3.6121087,0.0,0.0,1.4550797,0.0,3.4709804,0.0,0.0,2.240161,1.7887106,0.0,1.3688364,0.63118744,0.0,3.4077811,0.0,0.0,0.0,3.5153837,0.0,1.6429604,0.0,1.450551,0.0,0.20209892
L00364,0,2.4555104,0.4039383,2.3409922,0.0,0.0,1.5809034,0.7843852,3.1606727,0.0,0.0,1.2582513,0.0,2.972942,0.0,0.0,2.0142596,1.5397543,0.0,1.1641102,0.5933416,0.0,2.976867,0.0,0.0,0.0,3.012865,0.0,1.4750668,0.0,1.3407067,0.0,0.19399887
L00365,0,2.9932644,0.2924405,2.871861,0.0,0.0,2.014514,0.8853291,3.7132318,0.0,0.0,1.4260927,0.0,3.6261828,0.175177,0.0,2.2683682,1.7663987,0.0064488947,1.3421459,0.61159325,0.09544937,3.6442628,0.0,0.0,0.048241533,3.69451,0.0,1.6189892,0.021222174,1.4665661,0.0,0.23293811
L00366,0,2.6025481,0.4120718,2.4312885,0.0,0.0,1.7909688,0.85645056,3.3011625,0.0,0.0,1.4671593,0.0,3.102301,0.0,0.0,2.142813,1.6678226,0.0,1.2717392,0.65052044,0.0,3.1892238,0.0,0.0,0.0,3.256206,0.0,1.570363,0.0,1.380676,0.0,0.1845229
L00367,0,3.4143174,0.2859424,3.2325974,0.0,0.0,2.4447474,1.0587173,4.390827,0.0,0.0,1.9100858,0.0,4.2391095,0.005226508,0.0,2.8239982,2.1777978,0.0,1.6537654,0.7638191,0.0,4.225017,0.0,0.0,0.0,4.35943,0.0,2.0002296,0.0,1.7513633,0.0,0.17715037
L00368,0,3.7177117,0.048542798,3.6078687,0.0,0.0,2.7192924,0.974486,4.7261734,0.0,0.0,1.62842,0.0,4.6764183,0.54515463,0.0,2.6611264,2.1555073,0.28588104,1.688693,0.63673395,0.4126802,4.5820966,0.0,0.0,0.21999812,4.7625923,0.0,1.8811706,0.17229909,1.6113062,0.0,0.13950814
L00369,0,2.7204754,0.3876873,2.46872,0.0,0.0,1.8595263,0.8699306,3.4493449,0.0,0.0,1.4766446,0.0,3.2287786,0.0,0.0,2.1547735,1.6601228,0.0,1.3162417,0.63701856,0.0,3.3397727,0.0,0.0,0.0,3.34441,0.0,1.5816737,0.0,1.4147377,0.0,0.19360754
L00370,0,3.0783763,0.3127482,2.8442826,0.0,0.0,2.1152852,0.96929896,3.909208,0.0,0.0,1.6925925,0.0,3.7368116,0.005024731,0.0,2.4778893,1.9018767,0.0,1.471945,0.68338597,0.0,3.7683377,0.0,0.0,0.0,3.834197,0.0,1.7876146,0.0,1.5681074,0.0,0.20531961
L00371,0,2.5898283,0.3395183,2.468786,0.0,0.0,1.7872388,0.8023661,3.362765,0.0,0.0,1.3000847,0.0,3.260083,0.042889968,0.0,2.0852582,1.5848898,0.0,1.2673178,0.5905504,0.0,3.248095,0.0,0.0,0.0,3.3022656,0.0,1.5428424,0.0,1.3816931,0.0,0.18314219
L00372,0,2.3828614,0.46716118,2.2693605,0.0,0.0,1.5813569,0.8036157,3.0463052,0.0,0.0,1.3386445,0.0,2.8282487,0.0,0.0,1.9586847,1.5548501,0.0,1.1687505,0.63640267,0.0,2.8990726,0.0,0.0,0.0,2.9330726,0.0,1.4943537,0.0,1.3102798,0.0,0.20664877
L00373,0,2.5910776,0.39727882,2.487942,0.0,0.0,1.7446295,0.7788242,3.2993147,0.0,0.0,1.3027569,0.0,3.2908099,0.08837409,0.0,2.071817,1.5097384,0.07613689,1.1714698,0.49413082,0.12585743,3.3500679,0.0,0.0,0.0,3.1667795,0.0,1.5739287,0.010663971,1.4593773,0.0,0.23427784
L00374,0,2.2012348,0.44882864,2.1212766,0.0,0.0,1.452026,0.7348088,2.869368,0.0,0.0,1.2105148,0.0,2.6572452,0.0,0.0,1.8419914,1.4381196,0.0,1.1010168,0.5921178,0.0,2.703007,0.0,0.0,0.0,2.7406874,0.0,1.3879973,0.0,1.2423009,0.0,0.2089285
L00375,0,2.6203978,0.3899755,2.5400925,0.0,0.0,1.7818297,0.8584285,3.339648,0.0,0.0,1.4444004,0.0,3.1968477,0.0,0.0,2.1293497,1.697314,0.0,1.2753053,0.64862233,0.0,3.170277,0.0,0.0,0.0,3.3083868,0.0,1.5919697,0.0,1.3937254,0.0,0.19137545
L00376,0,1.9144871,0.35309404,1.973989,0.0,0.0,1.2773646,0.6759926,2.6111643,0.0,0.0,1.098294,0.0,2.502659,0.0,0.0,1.7546815,1.3330972,0.0,1.0042655,0.5514713,0.0,2.3736856,0.0,0.0,0.0,2.4620776,0.0,1.331931,0.0,1.1491854,0.0,0.13634022
L00377,0,2.7369578,0.19616377,2.6603532,0.0,0.0,1.8194007,0.65080637,3.5801525,0.0,0.0,1.2083375,0.0,3.492047,0.33169085,0.0,2.0874941,1.5580466,0.13731897,1.257752,0.4841476,0.28786272,3.426825,0.0,0.0,0.10774637,3.5290985,0.0,1.4178579,0.1600855,1.3651476,0.0,0.18250483
L00378,0,3.1650739,0.31541443,2.9646509,0.0,0.0,2.176899,0.9813479,4.142274,0.0,0.0,1.6957712,0.0,3.945688,0.0,0.0,2.5306346,1.9773116,0.0,1.5590692,0.69435775,0.0,3.9216769,0.0,0.0,0.0,3.9581437,0.0,1.8633033,0.0,1.6471069,0.0,0.25142145
L00379,0,2.1027274,0.4140739,2.1345396,0.0,0.0,1.4139233,0.73026013,2.793399,0.0,0.0,1.2120541,0.0,2.6641595,0.0,0.0,1.8684716,1.4528538,0.0,1.0799516,0.5986577,0.0,2.591289,0.0,0.0,0.0,2.702909,0.0,1.4172909,0.0,1.2240298,0.0,0.17317952
L00380,0,2.9985855,0.016877353,2.8588955,0.0,0.0,2.384067,0.84664655,3.8166182,0.0,0.0,1.3450531,0.0,3.9692247,0.52651936,0.0,2.1780057,1.6806749,0.28406256,1.492904,0.5011201,0.46200895,3.984758,0.0,0.0,0.15309578,3.9758964,0.0,1.6155894,0.23919237,1.369914,0.0,0.16403988
L00381,0,2.2947228,0.47742036,2.0711942,0.0,0.0,1.5602432,0.7961176,2.8447824,0.0,0.0,1.3216083,0.0,2.6247027,0.0,0.0,1.8589677,1.4398373,0.0,1.1007407,0.59180725,0.0,2.8095095,0.0,0.0,0.0,2.754385,0.0,1.4383854,0.0,1.2430351,0.0,0.16014901
L00382,0,2.7575052,0.21005887,2.7700393,0.0,0.0,1.9775547,0.8683721,3.6776571,0.0,0.0,1.5543989,0.0,3.6604712,0.0,0.0,2.4226756,1.8390474,0.0,1.3980508,0.64903116,0.03777741,3.4189696,0.0,0.0,0.0,3.6066275,0.0,1.7413307,0.0,1.4954445,0.0,0.13568611
L00383,0,2.3606977,0.3539047,2.1508641,0.0,0.0,1.6420418,0.75558424,3.0580943,0.0,0.0,1.1966563,0.0,2.9759607,0.095991805,0.0,1.9000067,1.3821217,0.0,1.1698985,0.5205271,0.09144066,3.0371468,0.0,0.0,0.004110232,2.98625,0.0,1.4388258,0.04777789,1.2782527,0.0,0.17926925
L00384,0,3.2377734,0.41196734,2.9764292,0.0,0.0,2.1530917,0.98739076,3.9538527,0.0,0.0,1.7320963,0.0,3.6035614,0.0030845255,0.0,2.3821633,1.9447292,0.0,1.450531,0.7071922,0.0,3.9402897,0.0,0.0,0.0,3.8306413,0.0,1.7771568,0.0,1.5847268,0.0,0.27455658
L00385,0,2.929437,0.29903263,2.751252,0.0,0.0,1.9734839,0.8607851,3.6782207,0.0,0.0,1.483469,0.0,3.4763677,0.075774506,0.0,2.204934,1.7575821,0.0,1.3484993,0.61306804,0.0,3.581599,0.0,0.0,0.018931009,3.5959358,0.0,1.616116,0.0,1.4418577,0.0,0.21969867
L00386,0,3.096882,0.11823428,3.081319,0.0,0.0,2.2252796,0.8249111,3.9069612,0.0,0.0,1.345679,0.0,3.8482783,0.5121406,0.0,2.2242737,1.7862382,0.21073148,1.3868241,0.5669826,0.39468074,3.870623,0.0,0.0,0.19748443,3.9230304,0.0,1.522233,0.19016445,1.3841609,0.0,0.23905289
L00387,0,3.358317,0.07216805,3.2227807,0.0,0.0,2.2615724,0.8348105,4.4926767,0.0,0.0,1.5339494,0.0,4.3633275,0.3371002,0.0,2.5653641,1.965992,0.14118764,1.5549908,0.55730295,0.28637064,4.2220197,0.0,0.0,0.13695803,4.3414845,0.0,1.7882631,0.15162784,1.6092179,0.0,0.16007867
L00388,0,2.594538,0.4369396,2.4057713,0.0,0.0,1.7516339,0.8524097,3.3218436,0.0,0.0,1.4564518,0.0,3.04165,0.0,0.0,2.0871515,1.6592134,0.0,1.2863858,0.6537758,0.0,3.1607072,0.0,0.0,0.0,3.1757822,0.0,1.5605985,0.0,1.3965416,0.0,0.22612116
L00389,0,2.2593002,0.4121562,2.1701455,0.0,0.0,1.5426182,0.7544135,2.9121861,0.0,0.0,1.2647847,0.0,2.7263515,0.0,0.0,1.8605181,1.4849141,0.0,1.1447487,0.5980695,0.0,2.7508812,0.0,0.0,0.0,2.8168764,0.0,1.4122565,0.0,1.2554383,0.0,0.18496692
L00390,0,2.8022335,0.1805883,2.8458467,0.0,0.0,1.9072521,0.7748611,3.7628036,0.0,0.0,1.3883772,0.0,3.747729,0.1342956,0.0,2.3236387,1.7756498,0.0,1.3511086,0.5867959,0.13672714,3.5118737,0.0,0.0,0.054781206,3.6929517,0.0,1.655053,0.02360645,1.4795792,0.0,0.15908425
L00391,0,2.9128342,0.3898843,2.7457309,0.0,0.0,1.9860626,0.89868605,3.6841419,0.0,0.0,1.5883867,0.0,3.4349935,0.0,0.0,2.310461,1.8448802,0.0,1.3854008,0.68325377,0.0,3.5402946,0.0,0.0,0.0,3.5844407,0.0,1.694538,0.0,1.4992368,0.0,0.20614605
L00392,0,3.4524844,0.08942157,3.2294776,0.0,0.0,2.5520844,0.9764513,4.3822174,0.0,0.0,1.7266402,0.0,4.4064827,0.31063515,0.0,2.5611029,2.0262735,0.12496203,1.6603191,0.61908156,0.2418798,4.4034925,0.0,0.0,0.09292219,4.4371743,0.0,1.8831446,0.15279639,1.6237965,0.0,0.2347705
L00393,0,3.7195628,0.0,3.6334221,0.0,0.0,2.5677276,0.86719,4.885832,0.0,0.0,1.5352108,0.0,4.9167905,0.6089305,0.0,2.8205256,2.1253939,0.3248037,1.6604116,0.5776874,0.44629914,4.6377244,0.0,0.0,0.260989,4.89358,0.0,1.8625317,0.28626347,1.7044823,0.0,0.11739521
L00394,0,3.1844203,0.34129003,2.9722092,0.0,0.0,2.1610572,0.93462,4.1142025,0.0,0.0,1.663453,0.0,3.82635,0.0,0.0,2.4249966,1.9466723,0.0,1.5162039,0.67571807,0.0,3.9483624,0.0,0.0,0.0,3.9188876,0.0,1.7979143,0.0,1.6157081,0.0,0.25020346
L00395,0,3.0831482,0.3294381,2.9274755,0.0,0.0,2.130638,0.9407183,3.90773,0.0,0.0,1.6632036,0.0,3.748039,0.0,0.0,2.4434912,1.9264854,0.0,1.46399,0.6765139,0.0,3.7948644,0.0,0.0,0.0,3.8574862,0.0,1.79574,0.0,1.5753658,0.0,0.21185394
L00396,0,2.6765418,0.0,2.5383992,0.0,0.0,2.270399,0.732345,3.6622298,0.0,0.0,1.1294895,0.0,4.0393457,0.5703643,0.0,2.0945134,1.4691567,0.29220313,1.4925034,0.43104768,0.5400223,3.8818965,0.0,0.0,0.16788477,3.863041,0.0,1.541249,0.42209864,1.3544405,0.0,0.19527769
L00397,0,3.0271792,0.11972177,2.9731333,0.0,0.0,2.2743812,0.97146916,3.9408748,0.0,0.0,1.7500063,0.0,4.015635,0.12750001,0.0,2.6913214,1.9968971,0.0,1.5053797,0.69496393,0.18229438,3.7945457,0.0,0.0,0.0,3.9801493,0.0,1.9106084,0.0,1.5865111,0.0,0.04672941
L00398,0,1.9076605,0.42113617,1.8677166,0.0,0.0,1.1862018,0.6311016,2.488043,0.0,0.0,0.9999997,0.0,2.3229363,0.0,0.0,1.6078593,1.2128221,0.0,0.92577064,0.5006927,0.038138926,2.334295,0.0,0.0,0.0,2.3733144,0.0,1.1992729,0.0,1.1116247,0.0,0.16299567
L00399,0,2.2480342,0.47264072,2.1054885,0.0,0.0,1.4841458,0.7633859,2.8756187,0.0,0.0,1.2636172,0.0,2.6564958,0.0,0.0,1.8488804,1.4545481,0.0,1.1188164,0.60080576,0.0,2.7209413,0.0,0.0,0.0,2.742783,0.0,1.4134789,0.0,1.2535987,0.0,0.19964495
L00400,0,3.2844532,0.21746284,3.3387468,0.0,0.0,2.2668355,1.0014781,4.341725,0.0,0.0,1.6344372,0.0,4.2868032,0.12002705,0.0,2.7563677,2.0975974,0.0,1.5387459,0.72522885,0.0,4.1005945,0.0,0.0,0.050703503,4.2354045,0.0,1.9150372,0.027261823,1.704592,0.0,0.22334638
L00401,0,3.0675654,0.40522885,2.8656888,0.0,0.0,2.1199439,0.9574268,3.9602385,0.0,0.0,1.6857343,0.0,3.689776,0.0,0.0,2.4488797,1.9435349,0.0,1.5054181,0.7124664,0.0,3.7707229,0.0,0.0,0.0,3.8493,0.0,1.7843647,0.0,1.6114438,0.0,0.24291584
L00402,0,2.2023516,0.4509523,2.1102319,0.0,0.0,1.4749593,0.72737575,2.8818371,0.0,0.0,1.2199919,0.0,2.6894379,0.0,0.0,1.8540529,1.4243355,0.0,1.0964165,0.56735516,0.0,2.7408388,0.0,0.0,0.0,2.7305784,0.0,1.3971978,0.0,1.2632426,0.0,0.20972796
L00403,0,3.3143382,0.114733934,3.0577822,0.0,0.0,2.2085261,0.7696426,4.060549,0.0,0.0,1.4611735,0.0,3.9256208,0.55249435,0.0,2.2660646,1.8630562,0.34170884,1.4120581,0.52754694,0.40037465,4.0203667,0.0,0.0,0.20179716,4.1088753,0.0,1.5888419,0.20041656,1.4327488,0.0,0.13141891
L00404,0,2.6660724,0.28557634,2.7136393,0.0,0.133734,1.7887126,0.6281268,3.7098117,0.0,0.0,1.2376423,0.0,3.6141505,0.37411875,0.0,2.165637,1.5045198,0.37885284,1.1985066,0.34930897,0.5447927,3.6108925,0.0,0.0,0.06760798,3.5176334,0.12302947,1.5390974,0.29242957,1.5504279,0.0,0.19758205
L00405,0,3.1563485,0.3214323,2.9260461,0.0,0.0,2.2041664,0.9440733,4.02857,0.0,0.0,1.623688,0.0,3.8523138,0.073181346,0.0,2.4492683,1.8966047,0.0,1.5018425,0.6532897,0.0,3.9475043,0.0,0.0,0.0147797465,3.9286585,0.0,1.7953317,0.021965683,1.5995367,0.0,0.2407178
L00406,0,2.4946558,0.5023295,2.2900178,0.0,0.0,1.641554,0.8766836,3.096137,0.0,0.0,1.4309243,0.0,2.8655071,0.0,0.0,2.053718,1.6269867,0.0,1.2079,0.67230237,0.0,2.966182,0.0,0.0,0.0,3.0255837,0.0,1.5438497,0.0,1.3790511,0.0,0.19426098
L00407,0,3.0289621,0.23328269,2.9341614,0.0,0.0,2.1872633,0.8931464,3.8595204,0.0,0.0,1.6221749,0.0,3.7704213,0.11737074,0.0,2.3495994,1.9062974,0.0,1.4568148,0.6499666,0.09986721,3.7478356,0.0,0.0,0.035313316,3.8550487,0.0,1.7496731,0.0,1.4895792,0.0,0.18013182
L00408,0,2.7259202,0.2806301,2.4883096,0.0,0.0,1.8235399,0.7895485,3.4855013,0.0,0.0,1.383095,0.0,3.3189685,0.13485156,0.0,2.1120734,1.5791538,0.016308188,1.2724321,0.5401383,0.10005967,3.39973,0.0,0.0,0.0380492,3.3629537,0.0,1.5297662,0.033014745,1.3879833,0.0,0.17681175
L00409,0,2.7564738,0.25696486,2.5800374,0.0,0.0,1.8154173,0.7688947,3.4448142,0.0,0.0,1.2276043,0.0,3.3566015,0.26230603,0.0,2.0752645,1.5500299,0.1076529,1.229114,0.5146128,0.1614831,3.4108863,0.0,0.0,0.093319245,3.4004273,0.0,1.453651,0.10396454,1.3596799,0.0,0.16494432
L00410,0,2.6694703,0.30848044,2.5796742,0.0,0.0,1.8747357,0.86686003,3.542608,0.0,0.0,1.520639,0.0,3.4032454,0.0,0.0,2.2561352,1.7551991,0.0,1.3765142,0.6523338,0.0,3.3094885,0.0,0.0,0.0,3.4236841,0.0,1.6503482,0.0,1.4509691,0.0,0.20458478
L00411,0,3.1326325,0.32516176,3.0093684,0.0,0.0,2.1622224,0.97685134,4.0327945,0.0,0.0,1.6824778,0.0,3.9069455,0.0056074113,0.0,2.580797,1.9955982,0.0,1.5052898,0.7176951,0.0,3.8442895,0.0,0.0,0.0033969805,3.9932327,0.0,1.8163121,0.0,1.6311672,0.0,0.21022496
L00412,0,3.361976,0.23734254,3.1807466,0.0,0.0,2.3011823,0.9935893,4.2159452,0.0,0.0,1.6879083,0.0,4.0744567,0.15509428,0.0,2.5914385,2.0317445,0.016503096,1.5380397,0.6769242,0.063880265,4.0745797,0.0,0.0,0.047643848,4.166096,0.0,1.8623368,0.0007811487,1.6275237,0.0,0.18308173
L00413,0,2.2391586,0.39464563,2.1505556,0.0,0.0,1.3646713,0.72742784,2.8079062,0.0,0.0,1.0867164,0.0,2.6757317,0.0029074699,0.0,1.8311987,1.3735807,0.0,1.0165808,0.54629004,0.0,2.67735,0.0,0.0,0.0,2.7238255,0.0,1.3305494,0.0,1.2191595,0.0,0.15210354
L00414,0,2.5265038,0.42203796,2.5004137,0.0,0.0,1.6213841,0.8105484,3.245101,0.0,0.0,1.2684586,0.0,3.0564241,0.0,0.0,2.0764976,1.5987525,0.0,1.1935318,0.6101572,0.0,3.0828624,0.0,0.0,0.0,3.1238537,0.0,1.4876121,0.0,1.3942226,0.0,0.23309268
L00415,0,2.3568084,0.42153072,2.241894,0.0,0.0,1.6164593,0.7836697,3.03297,0.0,0.0,1.3352408,0.0,2.8544137,0.0,0.0,1.9816207,1.5408037,0.0,1.1825249,0.61718583,0.0,2.8794954,0.0,0.0,0.0,2.9747205,0.0,1.4756203,0.0,1.3105688,0.0,0.16453968
L00416,0,3.021281,0.16943341,2.8351078,0.0,0.059962943,2.0954657,0.6118227,3.7385848,0.0,0.0,1.1804185,0.0,3.632747,0.63418263,0.0,1.8764087,1.5792464,0.47098446,1.2937586,0.39879256,0.5822384,3.8370948,0.0,0.0,0.25080228,3.8306584,0.0,1.4071844,0.2464999,1.250314,0.0,0.09596618
L00417,0,2.5611541,0.35207126,2.4856303,0.0,0.0,1.7405502,0.8255346,3.2717454,0.0,0.0,1.3924372,0.0,3.1148708,0.0,0.0,2.091812,1.6464188,0.0,1.242826,0.62273103,0.0,3.1125293,0.0,0.0,0.0,3.1997666,0.0,1.5524374,0.0,1.3596282,0.0,0.18600819
L00418,0,2.2865717,0.27400774,2.327357,0.0,0.0,1.5385369,0.718881,3.018666,0.0,0.0,1.2090714,0.0,2.9927132,0.0,0.0,1.9662924,1.515298,0.0,1.1362007,0.5635097,0.0,2.7730136,0.0,0.0,0.0005972907,2.9736362,0.0,1.4394304,0.0,1.2662382,0.0,0.13440335
L00419,0,2.7491243,0.3258968,2.6878111,0.0,0.0,1.8575411,0.8599156,3.5831735,0.0,0.0,1.4547819,0.0,3.4154382,0.0,0.0,2.2335584,1.7613057,0.0,1.3373814,0.6395049,0.0,3.374561,0.0,0.0,0.0,3.4628444,0.0,1.6487457,0.0,1.4549141,0.0,0.20218435
L00420,0,2.0363274,0.41474557,2.0118864,0.0,0.0,1.3439392,0.70353496,2.6756442,0.0,0.0,1.166357,0.0,2.534465,0.0,0.0,1.7876033,1.38258,0.0,1.0448911,0.5763316,0.0,2.482331,0.0,0.0,0.0,2.578373,0.0,1.3551501,0.0,1.18746,0.0,0.15479414
L00421,0,2.2013364,0.444961,2.0566993,0.0,0.0,1.4976841,0.7294775,2.8557208,0.0,0.0,1.2338388,0.0,2.6339817,0.0,0.0,1.8246439,1.4301579,0.0,1.1296983,0.5896316,0.0,2.6961462,0.0,0.0,0.0,2.7529736,0.0,1.3734424,0.0,1.2429676,0.0,0.19347224
L00422,0,2.5892785,0.24606991,2.5892763,0.0,0.0,1.7797219,0.79521036,3.4590504,0.0,0.0,1.4164308,0.0,3.4272945,0.007805586,0.0,2.2787576,1.7189013,0.0,1.2838709,0.61064434,0.024069771,3.1809309,0.0,0.0,0.0,3.3904734,0.0,1.6330625,0.0,1.4281497,0.0,0.10221153
L00423,0,2.5811346,0.0,2.5591774,0.0,0.04741557,1.9858403,0.38126203,3.8962035,0.0,0.0,1.2912784,0.0,3.9342847,0.8895772,0.0,1.9867209,1.6732987,0.3743741,1.2810774,0.3160169,1.153909,3.5481095,0.31594956,0.0,0.25824702,4.1990433,0.19280493,1.4758162,0.42225045,1.0577316,0.0,0.0
L00424,0,1.8668048,0.17018059,1.8628738,0.0,0.0,1.5093411,0.5354018,2.6881366,0.0,0.0,0.8334328,0.0,2.804272,0.29384196,0.0,1.5626593,1.0618834,0.067307174,1.0835173,0.3754123,0.3088103,2.6936176,0.0,0.0,0.072862215,2.7571268,0.0,1.1711127,0.24365449,1.0739962,0.0,0.1494458
L00425,0,2.3924665,0.0,2.400218,0.0,0.6380072,2.3018944,0.5029724,3.3197143,0.0,0.0,0.5814654,0.0,4.1882257,1.2825494,0.35447657,1.7134324,0.96162534,0.8099543,1.3751867,0.20155257,1.1361576,3.9979854,0.5098243,0.0,0.32587487,3.827722,0.49151745,1.2245151,0.9812622,1.2256913,0.0,0.10333573
L00426,0,2.7364337,0.4449839,2.6433847,0.0,0.0,1.7362763,0.8939271,3.498284,0.0,0.0,1.3743235,0.0,3.277784,0.0,0.0,2.2396915,1.7403399,0.0,1.2556725,0.6875173,0.0,3.3282728,0.0,0.0,0.0,3.337129,0.0,1.6391742,0.0,1.458802,0.0,0.22782253
L00427,0,2.3798313,0.341381,2.397912,0.0,0.0,1.6203543,0.7766846,3.1356804,0.0,0.0,1.32178,0.0,3.050121,0.0,0.0,2.1147401,1.6004162,0.0,1.1821234,0.6070703,0.0,2.9032302,0.0,0.0,0.0,3.0477023,0.0,1.5521704,0.0,1.3517578,0.0,0.12544882
L00428,0,1.9825623,0.40819162,1.8710554,0.0,0.0,1.2172207,0.6757041,2.5204294,0.0,0.0,1.0383339,0.0,2.3479245,0.0,0.0,1.647838,1.2482363,0.0,0.96098834,0.5141338,0.0,2.3638513,0.0,0.0,0.0,2.404471,0.0,1.2339863,0.0,1.1240468,0.0,0.14263815
L00429,0,2.9483502,0.29120505,2.8614728,0.0,0.0,1.9849598,0.87593246,3.9157412,0.0,0.0,1.5138324,0.0,3.730227,0.010765538,0.0,2.3843267,1.8630896,0.0,1.4362657,0.6559184,0.0,3.6481276,0.0,0.0,0.01554139,3.7454739,0.0,1.7303503,0.0,1.546216,0.0,0.20347746
L00430,0,2.387671,0.39963958,2.2680242,0.0,0.0,1.5528629,0.7039405,3.0255635,0.0,0.0,1.1920751,0.0,2.830774,0.030224428,0.0,1.8147281,1.4454818,0.0,1.1162767,0.53528893,0.01673448,2.9201696,0.0,0.0,0.010229878,2.9388614,0.0,1.3751858,0.0,1.2409794,0.0,0.17900641
L00431,0,3.5077977,0.31954297,3.3062947,0.0,0.0,2.482947,1.1151421,4.3775682,0.0,0.0,1.995775,0.0,4.3181295,0.028473035,0.0,3.0142245,2.264997,0.0,1.6060057,0.80420053,0.0007289052,4.2432733,0.0,0.0,0.0,4.4136863,0.0,2.1212814,0.0,1.7998741,0.0,0.06674981
L00432,0,2.8686092,0.2770049,2.6951497,0.0,0.0,2.055073,0.87414706,3.759678,0.0,0.0,1.4661782,0.0,3.619239,0.047966197,0.0,2.2732615,1.7748408,0.0,1.4455397,0.64377546,0.0,3.6174905,0.0,0.0,0.0,3.6588755,0.0,1.6970158,0.0,1.4933121,0.0,0.23527141
L00433,0,3.0397544,0.32145822,2.958372,0.0,0.0,2.093083,0.9497893,3.9595928,0.0,0.0,1.6221527,0.0,3.777464,0.0,0.0,2.467114,1.9392239,0.0,1.465194,0.68656564,0.0,3.749938,0.0,0.0,0.0,3.8077993,0.0,1.8118479,0.0,1.5799909,0.0,0.21986583
L00434,0,2.1553047,0.26051834,2.0320601,0.0,0.0,1.4620742,0.6434511,2.861363,0.0,0.0,1.1346622,0.0,2.7425003,0.07200922,0.0,1.7323599,1.3310077,0.0,1.0814792,0.48647317,0.103992894,2.6939151,0.0,0.0,0.006294854,2.748044,0.0,1.3144233,0.0,1.1553804,0.0,0.14040348
L00435,0,2.674039,0.3452714,2.582671,0.0,0.0,1.8381019,0.82170546,3.3584077,0.0,0.0,1.3904006,0.0,3.124472,0.03862132,0.0,2.0297678,1.648594,0.0,1.2469013,0.6089643,0.0,3.315479,0.0,0.0,0.004804328,3.2641897,0.0,1.517824,0.0,1.3603997,0.0,0.24403696
L00436,0,3.621538,0.25165975,3.370204,0.0,0.0,2.5479972,1.0976924,4.630182,0.0,0.0,1.9532324,0.0,4.4459906,0.076900706,0.0,2.851853,2.236003,0.0,1.7237778,0.759307,0.0099103,4.4876294,0.0,0.0,0.018770628,4.5646687,0.0,2.0644314,0.0,1.7704191,0.0,0.22945175
L00437,0,2.8773756,0.10686046,2.7511396,0.0,0.0,2.1092255,0.7814311,3.8398416,0.0,0.0,1.2898545,0.0,3.8713849,0.3589428,0.0,2.2427642,1.6345298,0.1403406,1.4370062,0.50338936,0.30715883,3.7799811,0.0,0.0,0.11198766,3.8043623,0.0,1.5901105,0.1932894,1.4481678,0.0,0.1922046
L00438,0,3.2579083,0.17979187,3.0913932,0.0,0.0,2.3903208,0.93924975,4.3296742,0.0,0.0,1.5716891,0.0,4.3160934,0.20936169,0.0,2.581977,1.9383097,0.030368418,1.618619,0.6436404,0.12702157,4.256831,0.0,0.0,0.052883126,4.2208776,0.0,1.8864865,0.1268664,1.6710312,0.0,0.27424166
L00439,0,3.5258067,0.29387453,3.2763376,0.0,0.0,2.4360948,1.0183893,4.4407372,0.0,0.0,1.8101169,0.0,4.2361827,0.12527682,0.0,2.624749,2.062356,0.026330113,1.6260319,0.66609836,0.05526027,4.4313493,0.0,0.0,0.0324909,4.3487577,0.0,1.9402303,0.04947549,1.7235749,0.0,0.25858462
L00440,0,3.0939891,0.3745653,2.869441,0.0,0.0,2.0957265,0.9583665,3.9067419,0.0,0.0,1.6344786,0.0,3.6543999,0.0,0.0,2.3572803,1.8904886,0.0,1.4725342,0.6774547,0.0,3.7710643,0.0,0.0,0.0,3.7935848,0.0,1.759218,0.0,1.5648773,0.0,0.24744141
L00441,0,3.071603,0.21720141,3.0620973,0.0,0.0,2.233968,0.97448754,3.9805648,0.0,0.0,1.7460409,0.0,4.0228214,0.034215853,0.0,2.7788184,2.0569117,0.0,1.4835086,0.72616875,0.06804474,3.777666,0.0,0.0,0.0,3.9974575,0.0,1.9656875,0.0,1.654149,0.0,0.059053138
L00442,0,2.1375995,0.20029011,1.9853597,0.0,0.0,1.3915836,0.5406478,2.8208034,0.0,0.0,0.9663793,0.0,2.650276,0.29819077,0.0,1.5912521,1.2299174,0.09243202,1.0246527,0.40339643,0.33081603,2.6626256,0.0,0.0,0.102918096,2.7944188,0.0,1.1560243,0.1152482,1.0289452,0.0,0.076204166
L00443,0,2.5366833,0.30667818,2.4305289,0.0,0.0,1.7158554,0.75358355,3.2795422,0.0,0.0,1.3232139,0.0,3.08584,0.018423066,0.0,1.9506027,1.5845795,0.0,1.2398915,0.577749,0.0,3.1441822,0.0,0.0,0.009925127,3.1915631,0.0,1.4712566,0.0,1.2958086,0.0,0.20606256
L00444,0,2.514264,0.39510632,2.5919125,0.0,0.0,1.6583008,0.87132955,3.3604932,0.0,0.0,1.396457,0.0,3.2265565,0.0,0.0,2.267747,1.7322533,0.0,1.2179732,0.68484986,0.0,3.1341162,0.0,0.0,0.0,3.2249765,0.0,1.6756728,0.0,1.4238759,0.0,0.19230607
L00445,0,2.7300706,0.22960252,2.6347432,0.0,0.0,1.8008386,0.8322476,3.6526754,0.0,0.0,1.3980646,0.0,3.5170774,0.02667369,0.0,2.2477846,1.7161489,0.0,1.3560786,0.5884075,0.03794065,3.3620322,0.0,0.0,0.0063267276,3.4600754,0.0,1.6283841,0.0,1.4645905,0.0,0.15834399
L00446,0,2.1102784,0.46598533,2.1044676,0.0,0.0,1.3911318,0.76560605,2.7503874,0.0,0.0,1.2394826,0.0,2.6154528,0.0,0.0,1.9120829,1.4661536,0.0,1.0489264,0.6382364,0.0,2.5865972,0.0,0.0,0.0,2.6695132,0.0,1.4480822,0.0,1.237716,0.0,0.15959412
L00447,0,2.512595,0.39426243,2.3622236,0.0,0.0,1.704257,0.8059979,3.1763644,0.0,0.0,1.3597581,0.0,2.9560978,0.0,0.0,1.9845885,1.577007,0.0,1.2160783,0.6136302,0.0,3.0521884,0.0,0.0,0.0,3.0944571,0.0,1.482081,0.0,1.316438,0.0,0.18785554
L00448,0,2.4906542,0.37651497,2.3450298,0.0,0.0,1.7299775,0.82097864,3.0263197,0.0,0.0,1.3240896,0.0,2.818713,0.030363217,0.0,1.8559023,1.5586345,0.0,1.1798441,0.614928,0.0,2.973898,0.0,0.0,0.0,3.0021973,0.0,1.4498305,0.0,1.2267671,0.0,0.17498721
L00449,0,3.1660714,0.36769727,3.0058956,0.0,0.0,2.2055006,0.9969064,4.056038,0.0,0.0,1.7702272,0.0,3.8944802,0.0,0.0,2.6481917,2.0433652,0.0,1.5205915,0.73584217,0.0,3.8667922,0.0,0.0,0.0,4.0188637,0.0,1.8974158,0.0,1.6668468,0.0,0.1592428
L00450,0,2.835659,0.29755273,2.7214003,0.0,0.0,1.9860924,0.8617494,3.7610986,0.0,0.0,1.5247992,0.0,3.6159961,0.0,0.0,2.32354,1.8108636,0.0,1.4303639,0.6464515,0.0,3.5158186,0.0,0.0,0.0,3.6439724,0.0,1.6939422,0.0,1.5056458,0.0,0.21691957
L00451,0,2.558337,0.3302877,2.562457,0.0,0.0,1.7462257,0.8314971,3.3533456,0.0,0.0,1.3948107,0.0,3.2497742,0.0,0.0,2.180752,1.6932797,0.0,1.2637838,0.6321763,0.0,3.1278472,0.0,0.0,0.0,3.2771425,0.0,1.6021138,0.0,1.3938468,0.0,0.18095954
L00452,0,2.7796762,0.21280253,2.6024063,0.0,0.0,2.0081165,0.8414148,3.5597703,0.0,0.0,1.4724863,0.0,3.4203022,0.112533286,0.0,2.1265547,1.7105337,0.0,1.3730671,0.5984713,0.076029,3.470547,0.0,0.0,0.021330364,3.5109024,0.0,1.596801,0.0,1.3699424,0.0,0.19158582
L00453,0,2.7708733,0.27053863,2.6662416,0.0,0.0,1.9445035,0.8209125,3.643078,0.0,0.0,1.4631445,0.0,3.4876425,0.012014613,0.0,2.20868,1.7443997,0.0,1.3855729,0.61606526,0.0,3.4360394,0.0,0.0,0.0,3.5518746,0.0,1.6083754,0.0,1.4464192,0.0,0.2042247
L00454,0,2.7080917,0.0,2.6357067,0.0,0.0,1.8748991,0.5660585,3.8036635,0.0,0.0,1.3215888,0.0,3.9006276,0.55870056,0.0,2.2231462,1.7492478,0.19037548,1.2883153,0.46074653,0.7111306,3.4844697,0.0,0.0,0.17034078,3.9111266,0.0,1.5945017,0.16047782,1.25229,0.0,0.0
L00455,0,2.9215653,0.3433699,2.796945,0.0,0.0,1.8448305,0.8483447,3.6657317,0.0,0.0,1.2869496,0.0,3.5108688,0.24494864,0.0,2.2091846,1.6375704,0.10203567,1.286283,0.5677436,0.18278776,3.6034153,0.0,0.0,0.07319873,3.564355,0.0,1.5338432,0.106009185,1.478301,0.0,0.23212115
L00456,0,3.5061038,0.18153787,3.3364296,0.0,0.0,2.3870714,0.95140207,4.454432,0.0,0.0,1.7294625,0.0,4.296266,0.25052702,0.0,2.6314924,2.0827148,0.09419528,1.583149,0.65451,0.15984054,4.326863,0.0,0.0,0.08470289,4.390419,0.0,1.8817503,0.08632201,1.6679168,0.0,0.22116178
L00457,0,3.4419029,0.0614444,3.2774117,0.0,0.0,2.477595,0.85017323,4.409027,0.0,0.0,1.6285735,0.0,4.323014,0.41530943,0.0,2.4220717,1.9970634,0.23608163,1.6153286,0.571889,0.33442205,4.35394,0.0,0.0,0.17420694,4.4270205,0.0,1.7526437,0.15558001,1.5331228,0.0,0.18507627
L00458,0,2.9052634,0.35878623,2.6763291,0.0,0.0,2.0063503,0.932963,3.5914414,0.0,0.0,1.6131668,0.0,3.3973475,0.01679425,0.0,2.2985022,1.8059447,0.0,1.3518524,0.6786037,0.0,3.5166225,0.0,0.0,0.0,3.5515552,0.0,1.7026753,0.0,1.4548321,0.0,0.16539598
L00459,0,3.083841,0.30664355,3.1242328,0.0,0.0,2.0989168,0.9977318,3.9612298,0.0,0.0,1.6586752,0.0,3.9827187,0.009141505,0.0,2.8198378,2.0534997,0.0,1.3854651,0.7371759,0.0,3.7168527,0.0,0.0,0.0,3.9081774,0.0,2.0088475,0.0,1.6907032,0.0,0.05610378
L00460,0,3.3087144,0.25482744,3.1898336,0.0,0.0,2.3146224,1.0010351,4.245544,0.0,0.0,1.7374812,0.0,4.1183453,0.05862166,0.0,2.5712917,2.0572736,0.0,1.5787799,0.70007163,0.0,4.0519395,0.0,0.0,0.028975226,4.17788,0.0,1.8843008,0.0,1.6471279,0.0,0.23094974
L00461,0,2.2812614,0.38253838,2.1858501,0.0,0.0,1.584344,0.75946605,2.9932582,0.0,0.0,1.3094634,0.0,2.85004,0.0,0.0,1.951558,1.5052875,0.0,1.1832881,0.60275936,0.0,2.8190858,0.0,0.0,0.0,2.9310904,0.0,1.4432397,0.0,1.282716,0.0,0.17931615
L00462,0,2.8274472,0.11744499,2.8144226,0.0,0.0,1.8726432,0.7588419,3.805091,0.0,0.0,1.3511885,0.0,3.7377675,0.2584498,0.0,2.3608773,1.7811066,0.042733103,1.2964158,0.58708334,0.20944731,3.5211883,0.0,0.0,0.09267869,3.6677542,0.0,1.6657145,0.060997456,1.4122974,0.0,0.1027032
L00463,0,2.4524643,0.43253872,2.331429,0.0,0.0,1.6183378,0.79108727,3.097006,0.0,0.0,1.2996275,0.0,2.8707657,0.0,0.0,1.9801005,1.5621475,0.0,1.1714242,0.6094661,0.0,2.9595976,0.0,0.0,0.0,2.9982338,0.0,1.4598188,0.0,1.3137863,0.0,0.19499996
L00464,0,3.0111852,0.18323699,3.0915248,0.0,0.0,2.1679528,0.93708205,3.9876997,0.0,0.0,1.6741523,0.0,4.0757685,0.034583166,0.0,2.7617838,2.038038,0.0,1.4689918,0.7004678,0.06200753,3.714334,0.0,0.0,0.0,3.991065,0.0,1.942532,0.0,1.65646,0.0,0.0660374
L00465,0,2.5733645,0.21761218,2.4792428,0.0,0.0,1.7021009,0.74469036,3.4286478,0.0,0.0,1.3344321,0.0,3.3113503,0.10534336,0.0,2.1324174,1.6261686,0.0,1.2421763,0.5547439,0.11766057,3.1595292,0.0,0.0,0.035507865,3.305172,0.0,1.5409011,0.0,1.3414383,0.0,0.11608439
L00466,0,2.437691,0.3805987,2.359996,0.0,0.0,1.563068,0.7302343,3.1488779,0.0,0.0,1.2201953,0.0,2.9988165,0.024346724,0.0,1.9531441,1.4838026,0.0,1.121602,0.5510105,0.019786298,3.0547738,0.0,0.0,0.010048687,3.0040116,0.0,1.451511,0.0,1.330511,0.0,0.1808177
L00467,0,2.8675807,0.32327205,2.6963813,0.0,0.0,1.9852496,0.8843386,3.6848054,0.0,0.0,1.5172701,0.0,3.5657647,0.04748164,0.0,2.3349903,1.7745492,0.0,1.3851225,0.64184844,0.0,3.5455236,0.0,0.0,0.003380403,3.6431184,0.0,1.6865987,0.0,1.4922078,0.0,0.17651996
L00468,0,3.3919265,0.087527275,3.187049,0.0,0.0,2.4281473,0.7420902,4.247348,0.0,0.0,1.4254194,0.0,4.1045313,0.6170492,0.0,2.1544363,1.8443378,0.41151643,1.5110795,0.48838863,0.52312326,4.3219333,0.0,0.0,0.26008543,4.3199635,0.0,1.5915273,0.25212163,1.3887243,0.0,0.14425328
L00469,0,2.360494,0.44564375,2.159528,0.0,0.0,1.5657326,0.7750895,2.9693031,0.0,0.0,1.2945697,0.0,2.7152526,0.0,0.0,1.8690449,1.4622984,0.0,1.1444279,0.58289945,0.0,2.8791006,0.0,0.0,0.0,2.8541803,0.0,1.4089057,0.0,1.2720559,0.0,0.19805408
L00470,0,2.0908015,0.27115944,2.0706654,0.0,0.0,1.2701418,0.6331024,2.837507,0.0,0.0,1.0272539,0.0,2.7539244,0.08439602,0.0,1.8513623,1.3393389,0.0,1.0009015,0.48352003,0.102827474,2.5301661,0.0,0.0,0.019105412,2.6735144,0.0,1.3176426,0.0,1.1887207,0.0,0.072431535
L00471,0,2.5067217,0.4840709,2.3266866,0.0,0.0,1.7117964,0.84805787,3.1473687,0.0,0.0,1.4323927,0.0,2.9812217,0.0,0.0,2.0408437,1.5808272,0.0,1.1962655,0.60856545,0.0,3.1090555,0.0,0.0,0.0,3.0454588,0.0,1.5966897,0.0,1.3706224,0.0,0.18690266
L00472,0,2.8504343,0.37581944,2.6457496,0.0,0.0,1.9699483,0.9151546,3.668402,0.0,0.0,1.6000942,0.0,3.4322531,0.0,0.0,2.3456426,1.8159275,0.0,1.4054456,0.677619,0.0,3.4800289,0.0,0.0,0.0,3.5333543,0.0,1.705676,0.0,1.5152614,0.0,0.1816268
L00473,0,2.5423214,0.2973879,2.4959304,0.0,0.0,1.7843531,0.80456436,3.3853066,0.0,0.0,1.4419831,0.0,3.2505596,0.0,0.0,2.1443067,1.6775253,0.0,1.3087702,0.6213534,0.0,3.156164,0.0,0.0,0.0,3.288732,0.0,1.5811954,0.0,1.388449,0.0,0.17582016
L00474,0,2.4590495,0.36847112,2.2676687,0.0,0.0,1.7129706,0.83185935,3.1415653,0.0,0.0,1.4265956,0.0,2.97216,0.0,0.0,2.0749047,1.5803957,0.0,1.2336193,0.62441766,0.0,3.0117037,0.0,0.0,0.0,3.0659542,0.0,1.5269506,0.0,1.3287339,0.0,0.14116514
L00475,0,2.4484046,0.29208958,2.3816204,0.0,0.0,1.5348543,0.6367066,3.2391713,0.0,0.0,1.0914216,0.0,3.1308267,0.22454871,0.0,1.942731,1.4180107,0.10823929,1.112215,0.46937796,0.2611102,3.064972,0.0,0.0,0.07403166,3.110013,0.0,1.3898764,0.07390818,1.2968957,0.0,0.12762614
L00476,0,2.431823,0.36343008,2.2710135,0.0,0.0,1.5876002,0.7432916,3.0661054,0.0,0.0,1.2070749,0.0,2.905931,0.060567394,0.0,1.8978051,1.4329064,0.0,1.1305373,0.52343464,0.020260036,3.0052629,0.0,0.0,0.024809338,2.9508543,0.0,1.3897672,0.006427139,1.2783573,0.0,0.19493958
L00477,0,2.3606262,0.31785923,2.2775383,0.0,0.0,1.5997323,0.7938453,2.993488,0.0,0.0,1.3201268,0.0,2.9236472,0.005377218,0.0,1.9856235,1.5148752,0.0,1.1333959,0.5871714,0.017099261,2.8600676,0.0,0.0,0.0,2.9391594,0.0,1.4921758,0.0,1.264255,0.0,0.123617165
L00478,0,1.9037073,0.37079626,1.9558463,0.0,0.0,1.2481582,0.6913284,2.5894368,0.0,0.0,1.0866721,0.0,2.4910495,0.0,0.0,1.7737089,1.3275447,0.0,0.9841612,0.56397665,0.0,2.3537452,0.0,0.0,0.0,2.4317331,0.0,1.3524903,0.0,1.151747,0.0,0.14153808
L00479,0,2.9092982,0.23801243,2.8158095,0.0,0.0,1.958389,0.8372196,3.7490106,0.0,0.0,1.3984616,0.0,3.6562417,0.17219017,0.0,2.285414,1.7730945,0.0,1.3412795,0.60300344,0.13006328,3.5763512,0.0,0.0,0.055100642,3.6613054,0.0,1.6208674,0.029733509,1.4564266,0.0,0.20494583
L00480,0,1.9827344,0.46059957,1.9177389,0.0,0.0,1.1857119,0.7201086,2.6072862,0.0,0.0,1.0465841,0.0,2.42764,0.0,0.0,1.79063,1.3033898,0.0,0.9455841,0.5749201,0.0,2.4097912,0.0,0.0,0.0,2.3908792,0.0,1.3292269,0.0,1.1969383,0.0,0.14733279
L00481,0,2.340386,0.4258491,2.227455,0.0,0.0,1.5789319,0.77481675,2.9470716,0.0,0.0,1.3236823,0.0,2.8059044,0.0,0.0,1.9040984,1.503465,0.0,1.138442,0.60293937,0.0,2.8463097,0.0,0.0,0.0,2.926869,0.0,1.4330343,0.0,1.2711507,0.0,0.18438144
L00482,0,2.4263153,0.34763527,2.321438,0.0,0.0,1.6392375,0.8117151,3.1946313,0.0,0.0,1.35948,0.0,3.0660274,0.0,0.0,2.1172712,1.5825604,0.0,1.2156074,0.61016095,0.0,2.96123,0.0,0.0,0.0,3.0501647,0.0,1.5469887,0.0,1.3491393,0.0,0.16164856
L00483,0,2.7530708,0.22259939,2.6257496,0.0,0.0,1.9941745,0.840309,3.480489,0.0,0.0,1.4492277,0.0,3.3243725,0.10946073,0.0,2.0748117,1.724559,0.0,1.3474493,0.6138294,0.07035673,3.37916,0.0,0.0,0.018705487,3.4484506,0.0,1.578428,0.0,1.3352361,0.0,0.17701815
L00484,0,2.0224175,0.54533005,1.8505082,0.0,0.0,1.2562883,0.7364532,2.4009683,0.0,0.0,1.1754079,0.0,2.1570554,0.0,0.0,1.6584553,1.3207644,0.0,0.94399256,0.61624074,0.0,2.3405745,0.0,0.0050656945,0.0,2.320047,0.0,1.2810167,0.0,1.1240311,0.0,0.170432
L00485,0,2.229217,0.4153041,2.0943828,0.0,0.0,1.4894937,0.7668216,2.8454533,0.0,0.0,1.2849092,0.0,2.6913931,0.0,0.0,1.8911504,1.4467348,0.0,1.1089425,0.5966081,0.0,2.6968558,0.0,0.0,0.0,2.7583218,0.0,1.4131966,0.0,1.2405252,0.0,0.1611599
L00486,0,2.9245355,0.28738534,2.7248468,0.0,0.0,2.0428107,0.88317466,3.6971097,0.0,0.0,1.55786,0.0,3.4672773,0.044270977,0.0,2.2039707,1.7804229,0.0,1.4021585,0.6350584,0.0,3.6256,0.0,0.0,0.0,3.6204495,0.0,1.6376182,0.0,1.4511333,0.0,0.22568871
L00487,0,2.5539448,0.32466322,2.5140982,0.0,0.0,1.6701169,0.796409,3.3223405,0.0,0.0,1.3178157,0.0,3.201157,0.0076775104,0.0,2.1209686,1.6315129,0.0,1.2056315,0.61563516,0.0,3.1258173,0.0,0.0,0.0006919354,3.2188191,0.0,1.5461634,0.0,1.3654156,0.0,0.16824496
L00488,0,2.2582126,0.29838434,2.2222395,0.0,0.0,1.5598575,0.7252218,3.0338404,0.0,0.0,1.2552052,0.0,2.8757484,0.0,0.0,1.9183218,1.4881381,0.0,1.1822793,0.5618532,0.0,2.8053741,0.0,0.0,0.0,2.881096,0.0,1.4181209,0.0,1.2648851,0.0,0.1679095
L00489,0,2.369939,0.31701243,2.303758,0.0,0.0,1.5443869,0.7442101,3.0611198,0.0,0.0,1.2362177,0.0,2.953193,0.007991865,0.0,1.9856915,1.500697,0.0,1.1306629,0.5562117,0.0,2.8570209,0.0,0.0,0.0,2.961567,0.0,1.4524361,0.0,1.2927825,0.0,0.13426739
L00490,0,2.9584367,0.31982547,2.8960667,0.0,0.0,1.9423497,0.9446577,3.8418846,0.0,0.0,1.5274597,0.0,3.6952953,0.0,0.0,2.446442,1.886204,0.0,1.38978,0.68974006,0.0,3.623232,0.0,0.0,0.0,3.6963272,0.0,1.7796544,0.0,1.5725975,0.0,0.18950388
L00491,0,3.3633597,0.13517559,3.6153615,0.0,0.0,2.253222,0.9284208,4.1668587,0.0,0.0,1.4717762,0.0,4.0442595,0.5106184,0.0,2.4542716,2.0267305,0.2016752,1.487181,0.6723381,0.37898982,4.0776896,0.0,0.0,0.15302113,4.1389527,0.0,1.605854,0.2965924,1.6042266,0.0,0.39383528
L00492,0,2.156246,0.2855999,2.0587504,0.0,0.0,1.4007436,0.6251992,2.8450382,0.0,0.0,1.042743,0.0,2.7108974,0.080036685,0.0,1.7104242,1.3160417,0.0,1.0710238,0.48340878,0.081533775,2.6350422,0.0,0.0,0.029751547,2.7398767,0.0,1.2596434,0.001445502,1.1547587,0.0,0.13274589
L00493,0,3.0631464,0.35409418,2.8459215,0.0,0.0,2.089706,0.933488,3.8421512,0.0,0.0,1.5348448,0.0,3.5933013,0.06309126,0.0,2.3234017,1.8517643,0.0,1.4252121,0.6799524,0.0,3.7473404,0.0,0.0,0.019652188,3.745173,0.0,1.6967723,0.0,1.5114956,0.0,0.2493647
L00494,0,3.061853,0.18439424,2.9385881,0.0,0.0,2.1939619,0.84823143,3.861019,0.0,0.0,1.4675938,0.0,3.6890914,0.25821024,0.0,2.1719203,1.8365555,0.06608307,1.4383922,0.6088297,0.16206835,3.7464,0.0,0.0,0.11226093,3.8332167,0.0,1.5991545,0.022120982,1.390157,0.0,0.20529695
L00495,0,2.48781,0.42150778,2.3863182,0.0,0.0,1.6669937,0.80485976,3.2076547,0.0,0.0,1.3661424,0.0,3.0137892,0.0,0.0,2.039388,1.605376,0.0,1.2237122,0.6213356,0.0,3.0257714,0.0,0.0,0.0,3.1015449,0.0,1.5203876,0.0,1.359364,0.0,0.1992777
L00496,0,1.7576444,0.4342476,1.7256002,0.0,0.0,1.0583076,0.6538862,2.3040974,0.0,0.0,0.97149277,0.0,2.1804707,0.0,0.0,1.6104556,1.1711533,0.0,0.8619117,0.5190798,0.0,2.0920484,0.0,0.0,0.0,2.1401038,0.0,1.2185595,0.0,1.0751065,0.0,0.1334844
L00497,0,2.7332017,0.24063247,2.6314378,0.0,0.0,1.9672067,0.8588166,3.6349466,0.0,0.0,1.5611767,0.0,3.5137799,0.0,0.0,2.3163712,1.7823265,0.0,1.410322,0.6429539,0.0,3.4114516,0.0,0.0,0.0,3.5340266,0.0,1.6734818,0.0,1.4652615,0.0,0.15804327
L00498,0,2.183086,0.37981158,2.1036808,0.0,0.0,1.4636794,0.7494503,2.869179,0.0,0.0,1.2610319,0.0,2.7318432,0.0,0.0,1.9041504,1.4500524,0.0,1.1052177,0.5915605,0.0,2.6668603,0.0,0.0,0.0,2.7421231,0.0,1.4216777,0.0,1.2398982,0.0,0.14870873
L00499,0,1.9505725,0.27391756,1.9822283,0.0,0.0,1.3438398,0.606832,2.6680167,0.0,0.0,1.1122938,0.0,2.5584571,0.0,0.0,1.6698179,1.3274221,0.0,1.0444407,0.5109208,0.023045003,2.4242773,0.0,0.0,0.0,2.5747147,0.0,1.2694178,0.0,1.1046405,0.0,0.13668267
L00500,0,2.410788,0.45496848,2.207012,0.0,0.0,1.6265613,0.7996019,3.0555215,0.0,0.0,1.361549,0.0,2.7782469,0.0,0.0,1.931696,1.5267174,0.0,1.1869106,0.61729187,0.0,2.9360256,0.0,0.0,0.0,2.936819,0.0,1.4592537,0.0,1.2965629,0.0,0.2047433
L00501,0,3.4040449,0.18234631,3.1924858,0.0,0.0,2.3580816,0.94253314,4.3645396,0.0,0.0,1.7296478,0.0,4.244251,0.17714103,0.0,2.5717828,2.0428813,0.043204665,1.5987551,0.63041633,0.10829036,4.2303605,0.0,0.0,0.06396005,4.2943153,0.0,1.8718568,0.050308555,1.6526494,0.0,0.22025385
L00502,0,2.0827868,0.49097532,1.958499,0.0,0.0,1.3076569,0.7172382,2.6616266,0.0,0.0,1.1343647,0.0,2.4608839,0.0,0.0,1.7576056,1.3329264,0.0,1.0052145,0.56080765,0.0,2.5058713,0.0,0.0,0.0,2.5083876,0.0,1.3384341,0.0,1.2025521,0.0,0.18554822
L00503,0,2.7210295,0.31214005,2.5920491,0.0,0.0,1.7772529,0.8436638,3.500671,0.0,0.0,1.4029682,0.0,3.31817,0.006236717,0.0,2.1731222,1.6803666,0.0,1.2989976,0.60931903,0.0,3.321694,0.0,0.0,0.0,3.389627,0.0,1.5882496,0.0,1.4248954,0.0,0.18385494
L00504,0,3.0616026,0.26342285,2.9166486,0.0,0.0,2.0756767,0.9067097,3.8494418,0.0,0.0,1.5956547,0.0,3.6288939,0.11034168,0.0,2.3161714,1.858264,0.0,1.3848782,0.63580346,0.0,3.7422855,0.0,0.0,0.038436927,3.7350836,0.0,1.6764174,0.0,1.4946454,0.0,0.23851815
L00505,0,2.3127599,0.5065581,2.1385462,0.0,0.0,1.5120643,0.81210256,2.9062862,0.0,0.0,1.3064754,0.0,2.6502233,0.0,0.0,1.8915235,1.4902576,0.0,1.1190155,0.6301449,0.0,2.8005147,0.0,0.0,0.0,2.788251,0.0,1.4573716,0.0,1.2754886,0.0,0.20476542
L00506,0,2.301443,0.23968121,2.3429365,0.0,0.0,1.559974,0.70893407,3.1161623,0.0,0.0,1.2577738,0.0,3.0984018,0.013387039,0.0,2.0730813,1.5513957,0.0,1.155036,0.56139505,0.04964921,2.8252382,0.0,0.0,0.0,3.037829,0.0,1.4941776,0.0,1.3048174,0.0,0.08071233
L00507,0,2.8891003,0.35144052,2.7034783,0.0,0.0,2.0074482,0.88733447,3.6826155,0.0,0.0,1.6094383,0.0,3.5458248,0.0032920241,0.0,2.2681355,1.7854218,0.0,1.3819776,0.62544894,0.0,3.6135564,0.0,0.0,0.0,3.636989,0.0,1.7156177,0.0,1.4914498,0.0,0.19448929
L00508,0,2.5943415,0.39011353,2.4432082,0.0,0.0,1.7260412,0.83539,3.3433468,0.0,0.0,1.3976272,0.0,3.1295655,0.0,0.0,2.1172986,1.6362661,0.0,1.2595534,0.6252542,0.0,3.168058,0.0,0.0,0.0,3.1949534,0.0,1.5594858,0.0,1.3973179,0.0,0.20713049
L00509,0,3.66004,0.22087765,3.365313,0.0,0.0,2.710014,1.1732748,4.6173844,0.0,0.0,2.1404052,0.0,4.5704403,0.120848045,0.0,3.1283402,2.3189704,0.0,1.7450774,0.826877,0.079142764,4.5448456,0.0,0.0,0.0,4.684939,0.0,2.1513195,1.35451555e-05,1.8472636,0.0,0.09417298
L00510,0,2.6586907,0.32458672,2.6176426,0.0,0.0,1.8079689,0.8458146,3.5067434,0.0,0.0,1.4455962,0.0,3.3736918,0.0,0.0,2.246346,1.7361234,0.0,1.319139,0.6328677,0.0,3.2558634,0.0,0.0,0.0,3.3720088,0.0,1.6404711,0.0,1.449963,0.0,0.18510236
L00511,0,2.0160487,0.5332786,1.8560238,0.0,0.0,1.2622969,0.7361505,2.426064,0.0,0.0,1.1797898,0.0,2.1889627,0.0,0.0,1.6513816,1.3059363,0.0,0.93962085,0.6068466,0.0,2.345789,0.0,0.0,0.0,2.3308487,0.0,1.2911644,0.0,1.1287363,0.0,0.1766949
L00512,0,2.5313294,0.45274472,2.3704076,0.0,0.0,1.6550015,0.8352829,3.1935055,0.0,0.0,1.3767476,0.0,2.9710844,0.0,0.0,2.0433092,1.5964786,0.0,1.1941633,0.63590765,0.0,3.0587163,0.0,0.0,0.0,3.0616436,0.0,1.5278044,0.0,1.3543928,0.0,0.21614973
L00513,0,2.461436,0.41781515,2.3027177,0.0,0.0,1.6534092,0.8002196,3.1401942,0.0,0.0,1.36227,0.0,2.924886,0.0,0.0,1.977364,1.5547807,0.0,1.2115647,0.60672647,0.0,3.003701,0.0,0.0,0.0,3.0596867,0.0,1.4700624,0.0,1.3315766,0.0,0.20333156
L00514,0,2.4882195,0.45074943,2.3606164,0.0,0.0,1.6631995,0.8271135,3.149204,0.0,0.0,1.3944484,0.0,2.9293687,0.0,0.0,2.0220766,1.6068044,0.0,1.2121192,0.64293563,0.0,3.0247128,0.0,0.0,0.0,3.0848184,0.0,1.5323528,0.0,1.3418248,0.0,0.19689316
L00515,0,2.7279432,0.4069443,2.5646644,0.0,0.0,1.6998398,0.8850255,3.5495434,0.0,0.0,1.3820025,0.0,3.3412566,0.0,0.0,2.2867618,1.696494,0.0,1.2636516,0.63361293,0.0,3.3010552,0.0,0.0,0.0,3.3037486,0.0,1.645114,0.0,1.4939349,0.0,0.19844794
L00516,0,2.527726,0.36392117,2.392129,0.0,0.0,1.7337159,0.8110572,3.251452,0.0,0.0,1.4139978,0.0,3.0284355,0.0,0.0,2.004006,1.6040473,0.0,1.2744117,0.6085663,0.0,3.098644,0.0,0.0,0.0,3.1494517,0.0,1.5153604,0.0,1.3326892,0.0,0.21581492
L00517,0,2.4299722,0.376891,2.3651533,0.0,0.0,1.6539134,0.79854894,3.1661317,0.0,0.0,1.3417194,0.0,3.0066683,0.0,0.0,2.0598464,1.593118,0.0,1.2061453,0.62001616,0.0,2.970643,0.0,0.0,0.0,3.0495048,0.0,1.5273774,0.0,1.3492222,0.0,0.16359212
L00518,0,2.1216502,0.4542204,2.0753307,0.0,0.0,1.4024602,0.73351,2.7276664,0.0,0.0,1.2071304,0.0,2.5478776,0.0,0.0,1.8335491,1.4226396,0.0,1.0481691,0.5920826,0.0,2.5641065,0.0,0.0,0.0,2.6260347,0.0,1.3916291,0.0,1.2056181,0.0,0.16230261
L00519,0,2.2336824,0.45421883,2.1521285,0.0,0.0,1.3889102,0.73426473,2.7999654,0.0,0.0,1.1156275,0.0,2.5990787,0.0,0.0,1.8041859,1.4133536,0.0,1.0423086,0.5868765,0.0,2.6860332,0.0,0.0,0.0,2.7272596,0.0,1.3463879,0.0,1.222995,0.0,0.17048451
L00520,0,2.4653423,0.47103113,2.303536,0.0,0.0,1.6451956,0.8368583,3.0743558,0.0,0.0,1.4001838,0.0,2.8805974,0.0,0.0,2.0429044,1.5950559,0.0,1.1836805,0.65470004,0.0,2.9677377,0.0,0.0,0.0,3.0283818,0.0,1.5139031,0.0,1.3430619,0.0,0.18463182
L00521,0,2.6301854,0.26095438,2.5192165,0.0,0.0,1.7318119,0.7375274,3.402749,0.0,0.0,1.306249,0.0,3.3004475,0.1306497,0.0,2.0686102,1.5830002,0.0058836043,1.2229657,0.53187215,0.12027229,3.2620265,0.0,0.0,0.049809404,3.3159585,0.0,1.5003127,0.0123241395,1.3511875,0.0,0.17219247
L00522,0,2.7779267,0.37818855,2.6152213,0.0,0.0,1.7954367,0.75919,3.5608323,0.0,0.0,1.3463624,0.0,3.4117908,0.20418523,0.0,2.105015,1.5335124,0.21021447,1.2075447,0.4570591,0.24682249,3.59965,0.0,0.0,0.03114178,3.3325176,0.0,1.581003,0.12414113,1.50523,0.0,0.2026051
L00523,0,2.0777812,0.39755544,1.9842024,0.0,0.0,1.3950092,0.72203517,2.733203,0.0,0.0,1.1157506,0.0,2.5905578,0.0,0.0,1.7840563,1.3632683,0.0,1.0628319,0.5878273,0.0,2.5938196,0.0,0.0,0.0,2.6141753,0.0,1.3631004,0.0,1.1897445,0.0,0.19721597
L00524,0,2.8948169,0.30345818,2.6792264,0.0,0.0,1.8980725,0.8108642,3.5620675,0.0,0.0,1.4053152,0.0,3.4536455,0.19855161,0.0,2.1177592,1.6546233,0.10702038,1.2901223,0.5385208,0.16747753,3.601548,0.0,0.0,0.058822267,3.5454197,0.0,1.5715688,0.07509437,1.4146361,0.0,0.19089413
L00525,0,2.8344784,0.31670785,2.6279666,0.0,0.0,2.0255816,0.9179238,3.6306126,0.0,0.0,1.6087228,0.0,3.4977677,0.0,0.0,2.32621,1.7922635,0.0,1.4094689,0.68557894,0.0,3.542365,0.0,0.0,0.0,3.6107912,0.0,1.6921557,0.0,1.4839361,0.0,0.20040473
L00526,0,3.4462373,0.31497896,3.1946938,0.0,0.0,2.3836036,1.008549,4.351343,0.0,0.0,1.8091236,0.0,4.122801,0.070704594,0.0,2.6136575,2.0965612,0.0,1.615866,0.7080077,0.0,4.244013,0.0,0.0,0.021342315,4.2970533,0.0,1.9198471,0.0,1.6752973,0.0,0.23152806
L00527,0,2.9997764,0.15622425,2.8860426,0.0,0.0,2.18141,0.8987098,3.924259,0.0,0.0,1.6779703,0.0,3.8443532,0.08418156,0.0,2.4792855,1.9121621,0.0,1.5029078,0.6503036,0.095326945,3.7820396,0.0,0.0,0.0015804097,3.8687153,0.0,1.7973776,0.0,1.5386937,0.0,0.15678854
L00528,0,2.524645,0.24961334,2.532282,0.0,0.0,1.6870997,0.7866967,3.3729427,0.0,0.0,1.3455726,0.0,3.2881448,0.02397494,0.0,2.1154306,1.6404743,0.0,1.232842,0.5779656,0.0,3.08812,0.0,0.0,0.011116058,3.2550116,0.0,1.559859,0.0,1.3463886,0.0,0.14625296
L00529,0,2.212283,0.23662746,2.1700451,0.0,0.0,1.5190476,0.66208553,2.951772,0.0,0.0,1.2015845,0.0,2.8434656,0.043850735,0.0,1.8283511,1.4450005,0.0,1.136045,0.5305613,0.09340362,2.7310343,0.0,0.0,0.011765093,2.8695078,0.0,1.3684002,0.0,1.185612,0.0,0.12866488
L00530,0,1.9511354,0.22614342,1.927614,0.0,0.0,1.212386,0.55928385,2.672376,0.0,0.0,0.99205804,0.0,2.6013944,0.1213143,0.0,1.689467,1.2654637,0.0,0.9581476,0.45119092,0.17481475,2.3778677,0.0,0.0,0.044477753,2.5697665,0.0,1.2342077,0.0,1.073323,0.0,0.05549767
L00531,0,2.7199047,0.2851413,2.627518,0.0,0.0,1.8324605,0.79054916,3.6526227,0.0,0.0,1.3990241,0.0,3.5665119,0.09308998,0.0,2.33426,1.7273384,0.0,1.3018537,0.5996455,0.14630826,3.3699532,0.0,0.0,0.022869349,3.4927068,0.0,1.6618764,0.0,1.4645021,0.0,0.13634637
L00532,0,2.7174733,0.34662008,2.6053169,0.0,0.0,1.821538,0.84696126,3.4796443,0.0,0.0,1.4026079,0.0,3.2772248,0.0,0.0,2.1304827,1.6883771,0.0,1.3146365,0.61701524,0.0,3.3273306,0.0,0.0,0.0043959767,3.377758,0.0,1.5448048,0.0,1.4119136,0.0,0.23606212
L00533,0,2.2569473,0.30823547,2.064694,0.0,0.0,1.6071981,0.7240691,2.9713705,0.0,0.0,1.1653547,0.0,2.8656526,0.066829756,0.0,1.8474351,1.3737079,0.0,1.1648421,0.5372368,0.060163066,2.8766968,0.0,0.0,0.0,2.8733592,0.0,1.3943549,0.0053343475,1.2249955,0.0,0.18956679
L00534,0,2.5086315,0.38968697,2.4124143,0.0,0.0,1.6749471,0.79056823,3.1713958,0.0,0.0,1.3326417,0.0,2.9637134,0.0,0.0,2.0246453,1.5900835,0.0,1.1882038,0.6065054,0.0,3.0475225,0.0,0.0,0.0,3.0877404,0.0,1.4879656,0.0,1.3276381,0.0,0.20093489
L00535,0,2.0680428,0.43914115,1.9410672,0.0,0.0,1.3686742,0.7166474,2.592477,0.0,0.0,1.1906596,0.0,2.4235525,0.0,0.0,1.7529173,1.344943,0.0,1.0067868,0.5735008,0.0,2.4840875,0.0,0.0,0.0,2.5272493,0.0,1.2994318,0.0,1.1600811,0.0,0.13554358
L00536,0,2.5890377,0.38108575,2.429453,0.0,0.0,1.6773664,0.76281965,3.27982,0.0,0.0,1.241389,0.0,3.1255627,0.13933475,0.0,2.0289702,1.4777035,0.03479114,1.156251,0.5241785,0.11950688,3.2209616,0.0,0.0,0.024953924,3.166184,0.0,1.4828892,0.03168124,1.3599348,0.0,0.16588557
L00537,0,2.3856719,0.3104512,2.244168,0.0,0.0,1.6116844,0.7372792,3.0692928,0.0,0.0,1.2344519,0.0,2.9372942,0.048860684,0.0,1.8970047,1.4698002,0.0,1.155031,0.54831123,0.0,2.9605634,0.0,0.0,0.008320622,2.9623609,0.0,1.4062561,0.0,1.2817743,0.0,0.20341045
L00538,0,3.0416353,0.18617296,3.0726755,0.0,0.0,2.1605525,0.93054247,4.0840964,0.0,0.0,1.6604906,0.0,4.0419316,0.0010484755,0.0,2.6518292,2.0104837,0.0,1.5150673,0.6806972,0.0,3.7825058,0.0,0.0,0.0,3.9653063,0.0,1.900043,0.0,1.6356039,0.0,0.14982341
L00539,0,2.331883,0.46288076,2.1610732,0.0,0.0,1.5742688,0.7729497,2.8253233,0.0,0.0,1.2848954,0.0,2.566044,0.0,0.0,1.7764356,1.4553539,0.0,1.0891402,0.60630697,0.0,2.813365,0.0,0.0,0.0,2.7848482,0.0,1.3872707,0.0,1.2115469,0.0,0.2217719
L00540,0,3.030558,0.32890368,2.8453948,0.0,0.0,2.0512025,0.9468558,3.9089944,0.0,0.0,1.5759335,0.0,3.7370555,0.004738882,0.0,2.470994,1.891315,0.0,1.4503071,0.6884689,0.0,3.7343102,0.0,0.0,0.0,3.7926097,0.0,1.7743928,0.0,1.5787969,0.0,0.23314406
L00541,0,2.0412064,0.45971477,1.9417565,0.0,0.0,1.3357947,0.70889056,2.6177237,0.0,0.0,1.1580445,0.0,2.38131,0.0,0.0,1.7220936,1.3504835,0.0,1.0230236,0.5897079,0.0,2.493817,0.0,0.0,0.0,2.4879408,0.0,1.3124737,0.0,1.1688471,0.0,0.18347645
L00542,0,2.3345165,0.27807757,2.2282798,0.0,0.0,1.6364506,0.7178934,3.099118,0.0,0.0,1.1615114,0.0,3.0915241,0.10428633,0.0,1.9601626,1.4401971,0.0,1.170944,0.54279476,0.0940526,2.942701,0.0,0.0,0.016790614,3.0262794,0.0,1.4503138,0.0113375485,1.2759447,0.0,0.17152286
L00543,0,2.4946783,0.23981413,2.3414512,0.0,0.0,1.6480652,0.6709689,3.1299355,0.0,0.0,1.2495601,0.0,2.9696665,0.19059919,0.0,1.8336022,1.5125059,0.05994892,1.1438574,0.49944222,0.13388728,3.0217683,0.0,0.0,0.07179236,3.108253,0.0,1.3684931,0.02009204,1.2125479,0.0,0.15281445
L00544,0,2.8311348,0.3984463,2.6298144,0.0,0.0,1.9380184,0.91399944,3.6759713,0.0,0.0,1.5159471,0.0,3.5539324,0.0,0.0,2.3895903,1.7573348,0.0,1.3478773,0.6329803,0.02573596,3.531342,0.0,0.0,0.0,3.5123916,0.0,1.7503979,0.0,1.549053,0.0,0.21234962
L00545,0,2.7335708,0.20218533,2.5155141,0.0,0.0,1.8476821,0.6150553,3.435946,0.0,0.0,1.1988196,0.0,3.2396963,0.40622252,0.0,1.8455431,1.500521,0.2406556,1.2192807,0.4480753,0.3527857,3.4448223,0.0,0.0,0.15501565,3.4287248,0.0,1.3580782,0.14783579,1.2219672,0.0,0.13510123
L00546,0,2.9776409,0.29091,2.8658671,0.0,0.0,2.0671585,0.8828014,3.9248312,0.0,0.0,1.5668417,0.0,3.7255166,0.026352182,0.0,2.3505058,1.8658967,0.0,1.4752488,0.6529104,0.0,3.7517495,0.0,0.0,0.020625733,3.7988434,0.0,1.7194669,0.0,1.5368538,0.0,0.22260338
L00547,0,3.0956655,0.31581956,2.9368706,0.0,0.0,2.1605392,0.97113776,3.958308,0.0,0.0,1.6795459,0.0,3.7533138,0.0,0.0,2.4496377,1.9568987,0.0,1.4864378,0.71010643,0.0,3.8134878,0.0,0.0,0.0,3.8581104,0.0,1.811475,0.0,1.5715463,0.0,0.22804299
L00548,0,2.8974352,0.115965664,2.7478125,0.0,0.0,2.1484742,0.8276956,3.8388722,0.0,0.0,1.3306689,0.0,3.8956301,0.29728693,0.0,2.243635,1.658422,0.09793395,1.4715602,0.53933126,0.23274337,3.8301225,0.0,0.0,0.08892178,3.8261294,0.0,1.6236424,0.19861248,1.4639955,0.0,0.2121869
L00549,0,2.627029,0.30513573,2.4807744,0.0,0.0,1.8541037,0.78510165,3.3232596,0.0,0.0,1.4113718,0.0,3.2444406,0.082056835,0.0,1.9703139,1.5434483,0.032688677,1.2579778,0.5056885,0.10074787,3.3960688,0.0,0.0,0.008595422,3.280851,0.0,1.5422145,0.030688256,1.3606461,0.0,0.21417722
L00550,0,2.8938482,0.42165035,2.7186866,0.0,0.0,1.9124871,0.9044777,3.7336044,0.0,0.0,1.5524987,0.0,3.4785235,0.0,0.0,2.3341844,1.8099456,0.0,1.3827012,0.6549541,0.0,3.5314097,0.0,0.0,0.0,3.5870829,0.0,1.7090378,0.0,1.5387986,0.0,0.2243046
L00551,0,3.6724901,0.35131994,3.338617,0.0,0.0,2.5984821,1.1391017,4.6052403,0.0,0.0,2.036522,0.0,4.328944,0.01592724,0.0,2.867634,2.2524288,0.0,1.7121274,0.7963957,0.0,4.5172687,0.0,0.0,0.0,4.5085125,0.0,2.074835,0.0,1.8066921,0.0,0.23965567
L00552,0,2.4516566,0.45483613,2.2928343,0.0,0.0,1.5567255,0.7969923,3.153159,0.0,0.0,1.2991371,0.0,2.9292727,0.0,0.0,2.0053065,1.5400779,0.0,1.1766281,0.60329247,0.0,2.954877,0.0,0.0,0.0,3.015205,0.0,1.4815941,0.0,1.3492396,0.0,0.19657403
L00553,0,2.4385614,0.3575412,2.325765,0.0,0.0,1.607503,0.77672386,3.1016424,0.0,0.0,1.2648369,0.0,2.913905,0.0,0.0,1.980708,1.5292861,0.0,1.165247,0.57947075,0.0,2.954091,0.0,0.0,0.0,2.9811258,0.0,1.4451404,0.0,1.2983097,0.0,0.18804492
L00554,0,2.527859,0.30328023,2.497789,0.0,0.0,1.7758847,0.8113898,3.2578623,0.0,0.0,1.3968455,0.0,3.1398618,0.0,0.0,2.1100245,1.6711905,0.0,1.2611997,0.6246972,0.0,3.0973837,0.0,0.0,0.0,3.227448,0.0,1.5396918,0.0,1.3358164,0.0,0.1676217
L00555,0,2.5756104,0.26787686,2.4667442,0.0,0.0,1.7667893,0.7821981,3.288214,0.0,0.0,1.3333536,0.0,3.117171,0.07950474,0.0,1.9741727,1.5953808,0.0,1.2492042,0.57909757,0.044610366,3.1329613,0.0,0.0,0.03178919,3.2011237,0.0,1.474095,0.0,1.2903099,0.0,0.18466204
L00556,0,1.9269869,0.46676263,1.8746364,0.0,0.0,1.2307309,0.6733631,2.4457192,0.0,0.0,1.0635412,0.0,2.2628767,0.0,0.0,1.6494302,1.288787,0.0,0.95293665,0.56299096,0.0,2.3329902,0.0,0.0,0.0,2.369938,0.0,1.265915,0.0,1.1224759,0.0,0.14776158
L00557,0,2.2716923,0.26682946,2.09933,0.0,0.0,1.6946748,0.6950231,2.99793,0.0,0.0,1.1902432,0.0,2.8803618,0.09186794,0.0,1.7973098,1.3727531,0.0,1.1995239,0.52578807,0.06438191,2.961015,0.0,0.0,0.006178908,2.9448776,0.0,1.3812273,0.03701237,1.2136707,0.0,0.21806613
L00558,0,2.6316907,0.19761214,2.5161679,0.0,0.0,1.8458694,0.6854548,3.4003642,0.0,0.0,1.2847834,0.0,3.299536,0.28070378,0.0,1.9495889,1.5792348,0.11030084,1.2345948,0.5145881,0.27336782,3.2943442,0.0,0.0,0.0990485,3.393561,0.0,1.4616472,0.0594697,1.2452564,0.0,0.11691831
L00559,0,2.9856482,0.0,2.9074886,0.0,0.0,2.291088,0.9029927,3.9735742,0.0,0.0,1.7037647,0.0,4.0992937,0.28235692,0.0,2.5663185,1.9487832,0.035550803,1.5145233,0.63792324,0.35667795,3.8415468,0.0,0.0,0.027731113,4.068635,0.0,1.8537863,0.046089858,1.4947245,0.0,0.0051253885
L00560,0,2.6512477,0.19023597,2.6114016,0.0,0.0,1.7810965,0.7687174,3.5086935,0.0,0.0,1.3442478,0.0,3.4211843,0.10156448,0.0,2.1750426,1.698724,0.0,1.2836053,0.59177715,0.105435625,3.2727156,0.0,0.0,0.03082142,3.426413,0.0,1.5785532,0.0,1.3780428,0.0,0.115646735
L00561,0,2.7331877,0.04290998,2.8610818,0.0,0.0,1.6665162,0.69468224,3.8501284,0.0,0.0,1.2176185,0.0,3.917251,0.35201252,0.0,2.5088835,1.7412618,0.08618659,1.205131,0.52352333,0.32303143,3.3355947,0.0,0.0,0.11828519,3.697908,0.0,1.7040623,0.10346505,1.4566164,0.0,0.0
L00562,0,3.118495,0.3633033,2.9427123,0.0,0.0,2.1625137,0.94725466,4.005247,0.0,0.0,1.6882646,0.0,3.7907393,0.014727369,0.0,2.5036492,1.9357457,0.0,1.4516804,0.66864705,0.0,3.9017823,0.0,0.0,0.0,3.8565197,0.0,1.8184475,0.0,1.625304,0.0,0.23038027
L00563,0,2.2878196,0.44074094,2.1471622,0.0,0.0,1.4801909,0.7604944,2.9721618,0.0,0.0,1.2415476,0.0,2.730649,0.0,0.0,1.8728639,1.4609942,0.0,1.1387529,0.593496,0.0,2.7946484,0.0,0.0,0.0,2.8146238,0.0,1.412341,0.0,1.2758703,0.0,0.207371
L00564,0,2.4249268,0.32393098,2.3419805,0.0,0.0,1.5818545,0.73659194,3.2326584,0.0,0.0,1.2462283,0.0,3.0680423,0.038509116,0.0,1.9867846,1.5126674,0.0,1.1807402,0.538859,0.0626089,3.040258,0.0,0.0,0.005725503,3.080546,0.0,1.4620569,0.0,1.3250985,0.0,0.16650468
L00565,0,3.1607058,0.22330827,2.977578,0.0,0.0,2.176684,0.836782,4.031993,0.0,0.0,1.5102663,0.0,3.8508723,0.24243604,0.0,2.325424,1.8770268,0.08957675,1.4657209,0.6087415,0.15810235,3.9091234,0.0,0.0,0.09402817,3.9792128,0.0,1.6985615,0.061340988,1.4892845,0.0,0.17902066
L00566,0,2.7201962,0.37905675,2.570634,0.0,0.0,1.8701776,0.86240244,3.395666,0.0,0.0,1.4919655,0.0,3.1228878,0.0,0.0,2.0527027,1.6924355,0.0,1.2983544,0.64286923,0.0,3.3191726,0.0,0.0,0.0,3.308412,0.0,1.5609756,0.0,1.3742235,0.0,0.24188319
L00567,0,2.2641013,0.2970801,2.1703882,0.0,0.0,1.551502,0.7108773,2.9822214,0.0,0.0,1.2496843,0.0,2.8144171,0.0,0.0,1.8498594,1.4570307,0.0,1.1564474,0.55240893,0.0,2.7892926,0.0,0.0,0.0,2.8537388,0.0,1.3953167,0.0,1.2284253,0.0,0.151494
L00568,0,2.4187424,0.2725807,2.4133627,0.0,0.0,1.5897182,0.73841536,3.2744753,0.0,0.0,1.1750461,0.0,3.2322695,0.10597439,0.0,2.1219501,1.5193155,0.0,1.1681552,0.5387312,0.111788824,2.9956603,0.0,0.0,0.031842403,3.1155806,0.0,1.4777344,0.0,1.3558671,0.0,0.15748215
L00569,0,2.724264,0.45980957,2.4703686,0.0,0.0,1.8465825,0.9152303,3.30103,0.0,0.0,1.5368859,0.0,3.0628006,0.0,0.0,2.1306064,1.6863151,0.0,1.2547867,0.6715685,0.0,3.2689953,0.0,0.0,0.0,3.2631526,0.0,1.6099392,0.0,1.3883066,0.0,0.17460467
L00570,0,2.1390913,0.2983679,2.2197328,0.0,0.30231196,1.4752127,0.46726733,3.0239048,0.0,0.0,1.0294678,0.0,2.9594498,0.36892474,0.0,1.7197567,1.1994449,0.38245857,0.98944265,0.24506325,0.5765512,2.9827363,0.046071976,0.0,0.058477543,2.911049,0.24740759,1.2876486,0.281013,1.2968545,0.0,0.16016391
L00571,0,3.3294814,0.07518077,3.177232,0.0,0.0,2.5501978,1.0638329,4.3578086,0.0,0.0,1.9471505,0.0,4.424558,0.17024375,0.0,2.9333332,2.149309,0.0,1.6762607,0.7385191,0.17789839,4.2179675,0.0,0.0,0.0031880513,4.4229198,0.0,2.0292878,0.0039959103,1.714953,0.0,0.073538154
L00572,0,2.390301,0.41915506,2.3113012,0.0,0.0,1.6123251,0.7830088,3.0364406,0.0,0.0,1.2829411,0.0,2.8580096,0.0,0.0,1.9089326,1.5269842,0.0,1.1538639,0.6106992,0.0,2.929247,0.0,0.0,0.0,2.96175,0.0,1.4535087,0.0,1.2709157,0.0,0.19790849
L00573,0,2.8141882,0.22852767,2.6370316,0.0,0.0,2.098846,0.83261716,3.3542974,0.0,0.0,1.3688685,0.0,3.2538884,0.34449226,0.0,1.8741869,1.6341916,0.1942747,1.2786677,0.5483454,0.270778,3.4805706,0.0,0.0,0.10173138,3.4710507,0.0,1.4840875,0.040710837,1.2129996,0.0,0.15244552
L00574,0,2.425175,0.33031288,2.3322115,0.0,0.0,1.687637,0.80651057,3.1056032,0.0,0.0,1.3858365,0.0,2.9678733,0.0,0.0,2.0040472,1.5757337,0.0,1.221374,0.60837734,0.0,2.9619756,0.0,0.0,0.0,3.05134,0.0,1.5079067,0.0,1.2958982,0.0,0.16072804
L00575,0,3.4747782,0.32075167,3.3719378,0.0,0.0,2.4624338,1.0930496,4.4314303,0.0,0.0,1.9574823,0.0,4.4143567,9.021163e-05,0.0,3.0375168,2.2824569,0.0,1.6200304,0.8037696,0.0,4.2415185,0.0,0.0,0.0,4.490993,0.0,2.137965,0.0,1.8310215,0.0,0.087745056
L00576,0,2.7647583,0.21757174,2.6571274,0.0,0.0,1.9857253,0.7874792,3.7080545,0.0,0.0,1.4775888,0.0,3.529134,0.06980364,0.0,2.171175,1.7501898,0.0,1.4048512,0.60026264,0.06593752,3.494015,0.0,0.0,0.024089716,3.5823612,0.0,1.608207,0.0,1.410063,0.0,0.1869103
L00577,0,1.9672787,0.37724617,1.9405575,0.0,0.0,1.3394301,0.66467524,2.5985823,0.0,0.0,1.1341553,0.0,2.4532847,0.0,0.0,1.6809459,1.3165432,0.0,1.0414097,0.53975034,0.0,2.4125042,0.0,0.0,0.0,2.5072384,0.0,1.2751734,0.0,1.136873,0.0,0.16782679
L00578,0,2.42085,0.24021995,2.4384432,0.0,0.0,1.7202138,0.7915865,3.2404225,0.0,0.0,1.3919111,0.0,3.232035,0.0,0.0,2.185917,1.6382087,0.0,1.2477704,0.6072007,0.04085262,2.9930453,0.0,0.0,0.0,3.1742573,0.0,1.5830226,0.0,1.3571069,0.0,0.1140943
L00579,0,3.1370711,0.0,3.057853,0.0,0.0,2.5182934,0.93866885,4.321831,0.0,0.0,1.8165178,0.0,4.5151877,0.38300556,0.0,2.662177,2.022129,0.093782365,1.6736054,0.6145885,0.449929,4.1779003,0.0,0.0,0.06716598,4.4777403,0.0,1.9051214,0.15377349,1.5439527,0.0,0.018195055
L00580,0,2.4788089,0.24645114,2.3278456,0.0,0.0,1.8767589,0.75854766,3.3378246,0.0,0.0,1.2380657,0.0,3.3930318,0.14138664,0.0,2.052918,1.5232728,0.0,1.3323185,0.55172265,0.14868973,3.2870686,0.0,0.0,0.02883277,3.3261628,0.0,1.5389491,0.0872131,1.3471773,0.0,0.21664664
L00581,0,2.056116,0.2895528,2.1280022,0.0,0.0,1.2981702,0.69320846,2.8141327,0.0,0.0,1.1097064,0.0,2.7161558,0.0028538406,0.0,1.9267349,1.4241515,0.0,0.98646253,0.59750724,0.0,2.5579967,0.0,0.0,0.0,2.6233425,0.0,1.4413087,0.0,1.1828804,0.0,0.09897409
L00582,0,2.1915681,0.4486999,2.039383,0.0,0.0,1.4549907,0.7374555,2.7964525,0.0,0.0,1.2032903,0.0,2.5797875,0.0,0.0,1.7916969,1.4004351,0.0,1.0945361,0.5876168,0.0,2.657591,0.0,0.0,0.0,2.6847878,0.0,1.3489102,0.0,1.2251837,0.0,0.20365325
L00583,0,2.4468331,0.37164378,2.4141328,0.0,0.0,1.5569868,0.73414063,3.2523124,0.0,0.0,1.2007201,0.0,3.101522,0.069017336,0.0,2.0439732,1.4965593,0.012766838,1.1440701,0.5224587,0.102340356,3.068281,0.0,0.0,0.0036310703,3.080398,0.0,1.4690907,0.030246317,1.3931106,0.0,0.18955809
L00584,0,2.4248877,0.34629852,2.3126428,0.0,0.0,1.5855355,0.7672417,3.1275043,0.0,0.0,1.2594081,0.0,2.969961,0.0,0.0,2.001875,1.5246115,0.0,1.1738956,0.57645714,0.0,2.943656,0.0,0.0,0.0,3.0156865,0.0,1.474036,0.0,1.3160095,0.0,0.15953901
L00585,0,2.9363387,0.04036045,3.300353,0.0,0.0,2.070152,0.97847605,4.2348766,0.0,0.0,1.6191642,0.0,4.34932,0.067642465,0.0,2.9192386,2.0983706,0.0,1.4520802,0.72999275,0.0,3.746685,0.0,0.0,0.009054735,3.9906163,0.0,2.082559,0.0,1.6891749,0.0,0.10836826
L00586,0,2.665899,0.3203136,2.535329,0.0,0.0,1.7396247,0.7907132,3.4499972,0.0,0.0,1.3523103,0.0,3.2837396,0.03542705,0.0,2.1086464,1.625805,0.0,1.2577797,0.5758216,0.017390803,3.312323,0.0,0.0,0.0025102869,3.3048034,0.0,1.5468423,0.0,1.4108384,0.0,0.20341808
L00587,0,2.69107,0.30275407,2.5449758,0.0,0.0,1.8441242,0.7955111,3.4326084,0.0,0.0,1.3531418,0.0,3.2441444,0.085337624,0.0,1.9873092,1.6302966,0.0,1.2913315,0.5899126,0.038714513,3.3121336,0.0,0.0,0.03176021,3.3414822,0.0,1.5160587,0.0,1.3348444,0.0,0.21074212
L00588,0,2.250001,0.35161105,2.3056333,0.0,0.0,1.4947675,0.7728734,3.0211687,0.0,0.0,1.2553583,0.0,2.913676,0.0,0.0,2.0049255,1.5380218,0.0,1.1286972,0.6186818,0.0,2.790451,0.0,0.0,0.0,2.8816986,0.0,1.5042554,0.0,1.2999096,0.0,0.158727
L00589,0,2.0789444,0.40932286,2.0185695,0.0,0.0,1.3700832,0.6322224,2.7162783,0.0,0.0,1.0421989,0.0,2.663365,0.07355176,0.0,1.7523822,1.2412093,0.020104557,0.9896826,0.4682187,0.11937882,2.6608064,0.0,0.0,0.0,2.5729637,0.0,1.2984312,0.017521203,1.2324171,0.0,0.18766665
L00590,0,2.6516488,0.3267824,2.5142555,0.0,0.0,1.8124315,0.8271376,3.4196448,0.0,0.0,1.429814,0.0,3.2197337,0.0,0.0,2.111908,1.6805757,0.0,1.3080165,0.61828154,0.0,3.2399507,0.0,0.0,0.0,3.3101249,0.0,1.5705805,0.0,1.3835279,0.0,0.18865514
L00591,0,2.7343233,0.255828,2.6949275,0.0,0.0,1.8391532,0.7851623,3.5360823,0.0,0.0,1.3219588,0.0,3.437958,0.14614864,0.0,2.1491876,1.6888672,0.0,1.2838447,0.5723002,0.1324508,3.326443,0.0,0.0,0.049362786,3.4807444,0.0,1.5544103,0.0041358024,1.3846034,0.0,0.16050321
L00592,0,2.4708645,0.43334445,2.3599963,0.0,0.0,1.6287996,0.8109267,3.1806188,0.0,0.0,1.3393883,0.0,2.99068,0.0,0.0,1.9865482,1.5774136,0.0,1.2027496,0.6298909,0.0,3.0244856,0.0,0.0,0.0,3.0567536,0.0,1.5146105,0.0,1.3452791,0.0,0.23639466
L00593,0,2.3036888,0.42828876,2.184392,0.0,0.0,1.5614125,0.76415205,3.0071197,0.0,0.0,1.3027873,0.0,2.78379,0.0,0.0,1.9472046,1.5095003,0.0,1.1746945,0.6020694,0.0,2.8129423,0.0,0.0,0.0,2.8770938,0.0,1.4468834,0.0,1.2965968,0.0,0.1788261
L00594,0,1.9934218,0.35977247,1.9252472,0.0,0.0,1.2968584,0.64389646,2.5679493,0.0,0.0,1.0883771,0.0,2.4240968,0.0,0.0,1.6436498,1.2844706,0.0,0.9896636,0.513739,0.0,2.4019105,0.0,0.0,0.0,2.4901752,0.0,1.255229,0.0,1.1082282,0.0,0.13400477
L00595,0,2.3467886,0.43946338,2.275432,0.0,0.0,1.5561396,0.7810683,3.0026073,0.0,0.0,1.3121941,0.0,2.853608,0.0,0.0,1.9909006,1.5456616,0.0,1.1433647,0.61873925,0.0,2.8373835,0.0,0.0,0.0,2.9573965,0.0,1.4691644,0.0,1.304849,0.0,0.17320895
L00596,0,2.7830117,0.3635691,2.6380272,0.0,0.0,1.9403857,0.90137005,3.5818856,0.0,0.0,1.58585,0.0,3.4330695,0.0,0.0,2.333339,1.797809,0.0,1.3766103,0.68047374,0.0,3.427431,0.0,0.0,0.0,3.5542912,0.0,1.681474,0.0,1.4846783,0.0,0.18108527
L00597,0,2.2303624,0.4370091,2.1181333,0.0,0.0,1.3790617,0.7475343,2.763852,0.0,0.0,1.0973926,0.0,2.6486742,0.0,0.0,1.8675994,1.3776941,0.0,1.0071753,0.5655544,0.0,2.6517622,0.0,0.0,0.0,2.6912847,0.0,1.3506514,0.0,1.2384586,0.0,0.16333814
L00598,0,2.8442566,0.34329405,2.6910062,0.0,0.0,1.9472514,0.8725562,3.7299051,0.0,0.0,1.5157784,0.0,3.5544326,0.0033714622,0.0,2.3192146,1.7631283,0.0,1.3753858,0.6248705,0.0047639906,3.538714,0.0,0.0,0.0,3.5627732,0.0,1.69824,0.0,1.5212588,0.0,0.21988066
L00599,0,3.6838987,0.043322444,3.5291414,0.0,0.0,2.6939821,0.9921149,4.8002944,0.0,0.0,1.7760419,0.0,4.847992,0.3560474,0.0,2.842339,2.1839244,0.1315015,1.7491484,0.6471281,0.24200253,4.7036467,0.0,0.0,0.12472404,4.765217,0.0,2.004996,0.17248645,1.7798073,0.0,0.2536994
L00600,0,2.6800463,0.3284914,2.5239317,0.0,0.0,1.8866738,0.84616184,3.3838432,0.0,0.0,1.410301,0.0,3.229159,0.032579526,0.0,2.0341537,1.6427805,0.0,1.3048506,0.6119584,0.0,3.304658,0.0,0.0,0.0016730279,3.3338094,0.0,1.5511602,0.0,1.3612695,0.0,0.22387025
L00601,0,3.1839414,0.22547147,2.947875,0.0,0.0,2.2351136,0.8916955,3.9725866,0.0,0.0,1.5659983,0.0,3.779475,0.22551389,0.0,2.2787213,1.8521043,0.054905146,1.4685354,0.6128292,0.12209104,3.9383404,0.0,0.0,0.07681159,3.9379468,0.0,1.6843536,0.04852444,1.4786987,0.0,0.21454367
L00602,0,3.0459704,0.2932473,2.9457788,0.0,0.0,2.1057277,0.9400264,3.959629,0.0,0.0,1.6596559,0.0,3.7820494,0.0,0.0,2.447812,1.9420443,0.0,1.4724305,0.703368,0.0,3.8045223,0.0,0.0,0.0,3.8402877,0.0,1.8127166,0.0,1.5756891,0.0,0.2355744
L00603,0,2.8480203,0.3140036,2.6540303,0.0,0.0,2.0029385,0.92036366,3.6651742,0.0,0.0,1.6171299,0.0,3.5015247,0.0,0.0,2.366017,1.8094258,0.0,1.4108994,0.6705458,0.0,3.5190544,0.0,0.0,0.0,3.6019225,0.0,1.7116251,0.0,1.4904828,0.0,0.16807896
L00604,0,2.013326,0.41560677,2.1122625,0.0,0.0,1.315754,0.7844933,2.779919,0.0,0.0,1.2032652,0.0,2.6760333,0.0,0.0,1.9780904,1.4701886,0.0,1.0260925,0.66555005,0.0,2.5430305,0.0,0.0,0.0,2.570457,0.0,1.506412,0.0,1.2405062,0.0,0.17995381
L00605,0,3.826036,0.0,3.7016525,0.0,0.0,2.763828,0.8510618,4.9344225,0.0,0.0,1.6620605,0.0,4.9279923,0.66973865,0.0,2.7064645,2.2026997,0.40834153,1.7285931,0.5782795,0.53603065,4.8199725,0.0,0.0,0.2857743,5.0168157,0.0,1.8806999,0.26594526,1.6242845,0.0,0.12130563
L00606,0,2.826542,0.2082665,2.7140985,0.0,0.0,2.0069823,0.7575581,3.5932753,0.0,0.0,1.2487459,0.0,3.485605,0.32320362,0.0,2.029614,1.6361855,0.13605815,1.3276889,0.54129785,0.22480194,3.498004,0.0,0.0,0.13737535,3.592062,0.0,1.4644527,0.08821285,1.3113115,0.0,0.17452018
L00607,0,3.3238711,0.11589414,3.189478,0.0,0.0,2.277283,0.8982285,4.3128076,0.0,0.0,1.6602265,0.0,4.242474,0.2397476,0.0,2.5975394,1.9768956,0.103948,1.5302172,0.5838362,0.20291905,4.1508727,0.0,0.0,0.08017529,4.2158537,0.0,1.8548293,0.08828756,1.6355631,0.0,0.13901876
L00608,0,2.2436633,0.26924708,2.1777883,0.0,0.0,1.4540265,0.67912006,2.9927132,0.0,0.0,1.1119003,0.0,2.8651493,0.09031434,0.0,1.8487874,1.3859079,0.0,1.0990677,0.49605474,0.10439737,2.742161,0.0,0.0,0.030023701,2.8465633,0.0,1.3336316,0.0,1.2233297,0.0,0.127853
L00609,0,2.25046,0.39694083,2.1597636,0.0,0.0,1.5229219,0.7552273,2.8696325,0.0,0.0,1.2691875,0.0,2.6970303,0.0,0.0,1.8874687,1.4678028,0.0,1.119849,0.5885257,0.0,2.7240438,0.0,0.0,0.0,2.7900472,0.0,1.4246404,0.0,1.2419341,0.0,0.15477689
L00610,0,2.3528214,0.50197893,2.2446623,0.0,0.0,1.5348386,0.8236165,3.002063,0.0,0.0,1.3439679,0.0,2.81695,0.0,0.0,2.0260818,1.5611918,0.0,1.1341348,0.65437126,0.0,2.8346148,0.0,0.0,0.0,2.896389,0.0,1.5291605,0.0,1.3264807,0.0,0.18361615
L00611,0,2.345945,0.3561361,2.1560516,0.0,0.0,1.6393279,0.8037902,2.9155538,0.0,0.0,1.3523873,0.0,2.7561343,0.0,0.0,1.9052047,1.4794927,0.0,1.1614294,0.5957435,0.0,2.8664975,0.0,0.0,0.0,2.8963237,0.0,1.4321175,0.0,1.233587,0.0,0.14057425
L00612,0,2.5659063,0.38091046,2.5140955,0.0,0.0,1.641727,0.8314506,3.199875,0.0,0.0,1.2620523,0.0,3.0941255,0.0167159,0.0,2.1026669,1.6023121,0.0,1.1543236,0.60497713,0.0,3.0413752,0.0,0.0,0.0,3.1340656,0.0,1.5305023,0.0,1.3689532,0.0,0.14523129
L00613,0,2.0447419,0.3086615,1.9149525,0.0,0.0,1.3970699,0.6360264,2.6174219,0.0,0.0,1.0932156,0.0,2.4147887,0.025187865,0.0,1.5367569,1.2722417,0.0,1.0432098,0.49631786,0.029471517,2.5168746,0.0,0.0,0.0072275624,2.5301008,0.0,1.1970075,0.0,1.0585971,0.0,0.17469874
L00614,0,2.7435548,0.38080835,2.578168,0.0,0.0,1.816538,0.8698431,3.547972,0.0,0.0,1.4630349,0.0,3.2928598,0.0,0.0,2.1702554,1.7181289,0.0,1.3372977,0.6377834,0.0,3.3587508,0.0,0.0,0.0,3.3880281,0.0,1.6174442,0.0,1.4474168,0.0,0.22190447
L00615,0,2.2213175,0.38008982,2.1278641,0.0,0.0,1.4959693,0.7179835,2.8673499,0.0,0.0,1.2070904,0.0,2.6853235,0.0,0.0,1.7795345,1.4228903,0.0,1.1122746,0.5525013,0.0,2.7331827,0.0,0.0,0.0,2.7835693,0.0,1.330585,0.0,1.2119551,0.0,0.19969746
L00616,0,2.7248769,0.21689814,2.6172872,0.0,0.0,1.869616,0.6796557,3.4965136,0.0,0.0,1.300546,0.0,3.3779922,0.25565648,0.0,1.9578557,1.5946066,0.12928098,1.2722142,0.49547958,0.2237915,3.4294825,0.0,0.0,0.11800856,3.4767218,0.0,1.4516498,0.08168787,1.3028574,0.0,0.17721555
L00617,0,2.7332435,0.0,2.672368,0.0,0.0,2.1769166,0.68688154,3.8832135,0.0,0.0,1.1293364,0.0,4.1298122,0.585388,0.0,2.1832557,1.4476717,0.286188,1.4490275,0.3681619,0.5709354,3.8756175,0.0,0.0,0.17027545,3.9494762,0.0,1.5200777,0.45652312,1.3995703,0.0,0.13094184
L00618,0,2.8651383,0.34206438,2.6192937,0.0,0.0,1.9462212,0.9088018,3.7030482,0.0,0.0,1.5091795,0.0,3.5247018,0.011754021,0.0,2.3133547,1.7483554,0.0,1.3976877,0.6359643,0.0,3.5347536,0.0,0.0,0.0,3.5479674,0.0,1.6994064,0.0,1.4973011,0.0,0.21554196
L00619,0,3.3962126,0.21903038,3.2470016,0.0,0.0,2.3492103,0.9958261,4.3360853,0.0,0.0,1.6953193,0.0,4.18408,0.11082627,0.0,2.5936496,2.0643775,0.0,1.6047239,0.6965363,0.015517101,4.1855536,0.0,0.0,0.03704036,4.2647786,0.0,1.8829647,0.00987649,1.6565692,0.0,0.22074395
L00620,0,3.0324483,0.13323122,2.9084446,0.0,0.0,2.0884602,0.7797562,4.0901685,0.0,0.0,1.4008955,0.0,4.018826,0.31657934,0.0,2.3744807,1.7955847,0.11243683,1.454438,0.5342469,0.27604938,3.8635652,0.0,0.0,0.11711199,4.019603,0.0,1.6717933,0.1963456,1.5057929,0.0,0.14949483
L00621,0,2.2888134,0.40032396,2.164718,0.0,0.0,1.5403616,0.7163425,3.0095894,0.0,0.0,1.2740688,0.0,2.7819712,0.0,0.0,1.866249,1.4851468,0.0,1.155466,0.58125275,0.0,2.8117592,0.0,0.0,0.0,2.9002924,0.0,1.4068942,0.0,1.2480521,0.0,0.18725905
L00622,0,3.516522,0.16725376,3.3356206,0.0,0.0,2.405049,0.9421476,4.4214296,0.0,0.0,1.6171533,0.0,4.328821,0.32605016,0.0,2.5179746,1.9904323,0.19099468,1.5818138,0.59436834,0.21718468,4.3702984,0.0,0.0,0.13627163,4.3901224,0.0,1.808568,0.14034876,1.6313949,0.0,0.20042573
L00623,0,2.6176708,0.32443747,2.5249171,0.0,0.0,1.7879359,0.8137311,3.3962512,0.0,0.0,1.3959627,0.0,3.2302377,0.0,0.0,2.0925171,1.672852,0.0,1.289804,0.61930645,0.0,3.1980422,0.0,0.0,0.0,3.2855062,0.0,1.5680891,0.0,1.3713272,0.0,0.18911788
L00624,0,2.5397363,0.30498382,2.4782982,0.0,0.0,1.6848038,0.72511137,3.324647,0.0,0.0,1.2530147,0.0,3.1253629,0.07338031,0.0,1.9572963,1.601664,0.0,1.2191958,0.59451854,0.05649452,3.1212428,0.0,0.0,0.043932684,3.2248526,0.0,1.4693358,0.0,1.2885215,0.0,0.16471766
L00625,0,2.84408,0.2463116,2.774459,0.0,0.0,1.9622954,0.8002167,3.59811,0.0,0.0,1.2271842,0.0,3.4976985,0.32260567,0.0,2.1336312,1.6660459,0.12352976,1.288732,0.5671688,0.21657608,3.4347117,0.0,0.0,0.13599136,3.5851207,0.0,1.4971306,0.06669319,1.3427472,0.0,0.12614849
L00626,0,2.1495588,0.5287253,1.9757662,0.0,0.0,1.3989981,0.74473745,2.7180562,0.0,0.0,1.225316,0.0,2.4370935,0.0,0.0,1.759606,1.3924066,0.0,1.0693517,0.60362226,0.0,2.599172,0.0,0.0,0.0,2.6139307,0.0,1.3433843,0.0,1.2122077,0.0,0.2014592
L00627,0,2.2752876,0.33149087,2.239262,0.0,0.0,1.5944272,0.7457906,2.9575217,0.0,0.0,1.2910643,0.0,2.8392892,0.0,0.0,1.9646035,1.5148721,0.0,1.1587722,0.58909225,0.0,2.793581,0.0,0.0,0.0,2.8998241,0.0,1.4455111,0.0,1.2645382,0.0,0.13585177
L00628,0,2.634281,0.4230099,2.517828,0.0,0.0,1.7371812,0.84563196,3.3383024,0.0,0.0,1.4264588,0.0,3.2048385,0.0,0.0,2.1897018,1.6522572,0.0,1.233475,0.63710237,0.0,3.244494,0.0,0.0,0.0,3.229814,0.0,1.5975444,0.0,1.4460473,0.0,0.23265183
L00629,0,2.9572215,0.23427463,3.1437123,0.0,0.0,1.9039863,1.0230225,3.9602857,0.0,0.0,1.4925474,0.0,4.009892,0.05086799,0.0,2.8541605,1.9726236,0.0,1.316468,0.7480719,0.0,3.6099875,0.0,0.0,0.0,3.739359,0.0,2.0445092,0.0,1.6923721,0.0,0.07990464
L00630,0,2.289025,0.3016836,2.2527459,0.0,0.0,1.5223783,0.67304516,3.0179694,0.0,0.0,1.1738622,0.0,2.9046822,0.056515113,0.0,1.885703,1.4432561,0.0,1.1136267,0.5270009,0.065777704,2.8094773,0.0,0.0,0.026811503,2.9193969,0.0,1.3792714,0.0,1.2348282,0.0,0.1398775
L00631,0,2.4382577,0.3894877,2.2972853,0.0,0.0,1.6776714,0.8007457,3.1123493,0.0,0.0,1.3801966,0.0,2.9178207,0.0,0.0,2.0115612,1.5708134,0.0,1.2091112,0.6197773,0.0,2.9583917,0.0,0.0,0.0,3.0041842,0.0,1.4880302,0.0,1.3330619,0.0,0.15998393
L00632,0,2.2121003,0.40282103,2.0481675,0.0,0.0,1.4784194,0.74423933,2.7579987,0.0,0.0,1.2306082,0.0,2.597905,0.0,0.0,1.748033,1.369436,0.0,1.0777807,0.54946375,0.0,2.696438,0.0,0.0,0.0,2.6774554,0.0,1.3525077,0.0,1.1917346,0.0,0.17851864
L00633,0,2.6551921,0.13913691,2.508306,0.0,0.0,2.0464892,0.789058,3.587107,0.0,0.0,1.3204231,0.0,3.6427603,0.21267201,0.0,2.187797,1.6112493,0.0,1.3932695,0.55865395,0.1984259,3.4982345,0.0,0.0,0.03683693,3.5699296,0.0,1.606572,0.12022334,1.3900948,0.0,0.20213571
L00634,0,2.5544393,0.17041683,2.457453,0.0,0.0,1.7446223,0.72699773,3.3568847,0.0,0.0,1.2903384,0.0,3.2661636,0.1847675,0.0,2.0251563,1.5941818,0.019641638,1.2369305,0.54527766,0.20337777,3.175181,0.0,0.0,0.054334335,3.2948904,0.0,1.4992479,0.0132985115,1.2788777,0.0,0.1090343
L00635,0,2.9669468,0.20358998,2.814745,0.0,0.0,2.1749878,0.8378638,3.6829667,0.0,0.0,1.4506536,0.0,3.5581305,0.3155406,0.0,2.0649686,1.741288,0.15717775,1.3900886,0.5678921,0.27473557,3.7147098,0.0,0.0,0.10175706,3.7265582,0.0,1.5993581,0.059590578,1.3378458,0.0,0.16673112
L00636,0,2.3471925,0.34771287,2.2324696,0.0,0.0,1.6208924,0.74156827,3.0677202,0.0,0.0,1.2927135,0.0,2.8830276,0.0,0.0,1.8930997,1.494884,0.0,1.2041725,0.5722157,0.0,2.9035916,0.0,0.0,0.0,2.98425,0.0,1.4113165,0.0,1.266984,0.0,0.19112691
L00637,0,2.296353,0.3024362,2.1564882,0.0,0.0,1.6563941,0.7723143,2.968663,0.0,0.0,1.3453139,0.0,2.8919237,0.0,0.0,1.9529692,1.4773679,0.0,1.1911974,0.5907239,0.0,2.8758526,0.0,0.0,0.0,2.9738984,0.0,1.4241555,0.0,1.2584956,0.0,0.1483532
L00638,0,2.4061573,0.20723197,2.330863,0.0,0.0,1.6171219,0.7147647,3.180043,0.0,0.0,1.2546468,0.0,3.1374004,0.14413615,0.0,2.004758,1.5090013,0.0,1.1590896,0.52005076,0.17138846,2.9785414,0.0,0.0,0.039067514,3.0996127,0.0,1.468619,0.0,1.2679741,0.0,0.11359696
L00639,0,2.4990208,0.34478277,2.4513617,0.0,0.0,1.6992264,0.82706773,3.3471324,0.0,0.0,1.3726788,0.0,3.2046232,0.0,0.0,2.167181,1.6549076,0.0,1.2618077,0.6357925,0.0,3.090666,0.0,0.0,0.0,3.1635327,0.0,1.6169156,0.0,1.3954154,0.0,0.1944821
L00640,0,2.4831216,0.35175657,2.3420627,0.0,0.0,1.6534222,0.7827003,3.2080832,0.0,0.0,1.2643907,0.0,3.058913,0.01781778,0.0,2.0431244,1.524302,0.0,1.1989794,0.5771692,0.0,3.0668387,0.0,0.0,0.0,3.0864444,0.0,1.4783643,0.0,1.3447905,0.0,0.20282866
L00641,0,2.2688282,0.40278238,2.167747,0.0,0.0,1.5356747,0.76060796,2.9325852,0.0,0.0,1.2987311,0.0,2.7469854,0.0,0.0,1.8755351,1.4764898,0.0,1.151876,0.59558654,0.0,2.7817135,0.0,0.0,0.0,2.8544207,0.0,1.4169365,0.0,1.2468231,0.0,0.19258146
L00642,0,3.0172856,0.26139027,2.826622,0.0,0.0,2.1359448,0.9361247,3.7851436,0.0,0.0,1.6004481,0.0,3.6425416,0.085465565,0.0,2.311843,1.8258086,0.0,1.4325628,0.6351633,0.02471082,3.7505987,0.0,0.0,0.016519703,3.7407408,0.0,1.7072226,0.0011289418,1.492069,0.0,0.22780499
L00643,0,2.4679773,0.36154774,2.3522675,0.0,0.0,1.5615634,0.7721852,3.1708028,0.0,0.0,1.1863842,0.0,3.0893722,0.053781465,0.0,2.0708406,1.4776037,0.0,1.138572,0.5463931,0.008165166,3.0440764,0.0,0.0,0.0,3.0354953,0.0,1.478689,0.0,1.3723247,0.0,0.15790226
L00644,0,2.5887043,0.48297194,2.3306868,0.0,0.0,1.7590153,0.87580884,3.2086604,0.0,0.0,1.4914132,0.0,2.9427671,0.0,0.0,2.1046078,1.6289887,0.0,1.2310984,0.66577893,0.0,3.1349077,0.0,0.0,0.0,3.138723,0.0,1.552958,0.0,1.3723104,0.0,0.18285605
L00645,0,3.2677944,0.17312354,3.0649962,0.0,0.0,2.3681626,0.90091586,4.240046,0.0,0.0,1.552377,0.0,4.110429,0.25974298,0.0,2.3859785,1.908819,0.07141021,1.5911176,0.62373996,0.16529925,4.1927686,0.0,0.0,0.095924534,4.195813,0.0,1.7586302,0.12094915,1.5569701,0.0,0.25214922
L00646,0,3.4037364,0.22722599,3.2401361,0.0,0.0,2.503107,1.0864093,4.343037,0.0,0.0,1.9699156,0.0,4.3341274,0.07614614,0.0,2.9834814,2.209443,0.0,1.6320529,0.7882228,0.0657177,4.2143254,0.0,0.0,0.0,4.391137,0.0,2.073444,0.0,1.77017,0.0,0.08257414
L00647,0,3.0593448,0.2761824,2.886588,0.0,0.0,2.0654128,0.9112685,3.8580089,0.0,0.0,1.4984703,0.0,3.6829414,0.11311628,0.0,2.3163114,1.8265548,0.0,1.4188216,0.63376856,0.040429845,3.7134066,0.0,0.0,0.030076899,3.764297,0.0,1.6938212,0.0,1.4997423,0.0,0.20535427
L00648,0,2.1663954,0.36884806,2.120187,0.0,0.0,1.4487869,0.71663976,2.8581984,0.0,0.0,1.132156,0.0,2.7349434,0.0,0.0,1.8687463,1.4032109,0.0,1.0785992,0.5778902,0.0,2.7232063,0.0,0.0,0.0,2.7303095,0.0,1.3966558,0.0,1.2287316,0.0,0.16526224
L00649,0,2.3170881,0.27298713,2.1953049,0.0,0.0,1.6148858,0.71579087,3.0516288,0.0,0.0,1.1272384,0.0,3.0031178,0.13519017,0.0,1.8892668,1.3619517,0.0,1.1626477,0.49886957,0.11577739,2.9553885,0.0,0.0,0.025749885,2.9717903,0.0,1.366799,0.06367275,1.2551377,0.0,0.17625904
L00650,0,3.5150092,0.24717054,3.3097727,0.0,0.0,2.4329576,1.047881,4.386609,0.0,0.0,1.6900563,0.0,4.264337,0.21214397,0.0,2.6879208,2.072362,0.025551856,1.5721633,0.6939775,0.09118466,4.3296275,0.0,0.0,0.063091345,4.3184686,0.0,1.9023178,0.050115407,1.6895292,0.0,0.2456352
L00651,0,3.0183983,0.29066017,2.8562121,0.0,0.0,2.0824878,0.9017794,3.8688002,0.0,0.0,1.4622049,0.0,3.8243139,0.13997687,0.0,2.4112236,1.8266137,0.0,1.4309454,0.6461922,0.035021484,3.7545788,0.0,0.0,0.027271502,3.8073401,0.0,1.7245339,0.04948619,1.5604308,0.0,0.23726462
L00652,0,2.694201,0.37890798,2.620385,0.0,0.0,1.8849038,0.86591625,3.6245797,0.0,0.0,1.4929303,0.0,3.4486444,0.0,0.0,2.2970607,1.7915958,0.0,1.3820045,0.6830647,0.0,3.3710167,0.0,0.0,0.0,3.4572134,0.0,1.7044132,0.0,1.4953649,0.0,0.22998852
L00653,0,2.0222356,0.51161504,1.8952167,0.0,0.0,1.2548932,0.6373724,2.557334,0.0,0.0,1.0811077,0.0,2.3533978,0.015897676,0.0,1.5961882,1.1880175,0.061870605,0.9149093,0.44640315,0.114740595,2.5673175,0.0,0.0018541366,0.0,2.3230262,0.0,1.2896048,0.0,1.2151146,0.0,0.18605256
L00654,0,2.1254559,0.36904693,2.0042417,0.0,0.0,1.4157333,0.66659975,2.7516258,0.0,0.0,1.1508367,0.0,2.5528343,0.012349263,0.0,1.6618147,1.3010739,0.0,1.0444795,0.48201752,0.034067318,2.661178,0.0,0.0,0.0,2.6364613,0.0,1.2841815,0.0,1.1657237,0.0,0.18687621
L00655,0,3.0289204,0.19751403,2.9866846,0.0,0.0,2.0677576,0.8597913,3.998821,0.0,0.0,1.4652945,0.0,3.8881545,0.13846822,0.0,2.4057152,1.8737923,0.0,1.4376936,0.61318123,0.07553165,3.75114,0.0,0.0,0.06417554,3.871686,0.0,1.7035669,0.025823355,1.529207,0.0,0.19492638
L00656,0,2.5009725,0.3094281,2.3943713,0.0,0.0,1.6137799,0.7976537,3.2093728,0.0,0.0,1.2952232,0.0,3.0810983,0.007250175,0.0,2.0249166,1.5600444,0.0,1.1898677,0.5842991,0.0,3.0369048,0.0,0.0,0.0,3.1179552,0.0,1.4939818,0.0,1.3217485,0.0,0.15931119
L00657,0,3.104919,0.17514995,3.0321956,0.0,0.0,2.2101593,0.91841936,3.9582036,0.0,0.0,1.5722766,0.0,3.8866844,0.17360885,0.0,2.4028087,1.9369953,0.0051322877,1.4691038,0.6492007,0.11638515,3.7936468,0.0,0.0,0.063013755,3.9403753,0.0,1.7445126,0.0,1.492276,0.0,0.16604869
L00658,0,2.8313644,0.31755978,2.677238,0.0,0.0,1.9709957,0.90717113,3.6577082,0.0,0.0,1.5832667,0.0,3.4820528,0.0,0.0,2.3486476,1.8093129,0.0,1.3951561,0.6631464,0.0,3.4799256,0.0,0.0,0.0,3.5453525,0.0,1.7091405,0.0,1.482981,0.0,0.18207482
L00659,0,1.7005558,0.30711687,1.7610707,0.0,0.0,1.1247762,0.58429414,2.3210814,0.0,0.0,0.98494875,0.0,2.2517748,0.0,0.0,1.5236584,1.1885234,0.0,0.87425977,0.48501125,0.01165764,2.0802355,0.0,0.0,0.0,2.2296758,0.0,1.1838938,0.0,0.9801523,0.0,0.103548124
L00660,0,3.4241443,0.18953413,3.266599,0.0,0.0,2.4127347,0.9497671,4.456939,0.0,0.0,1.7184867,0.0,4.3191843,0.17951675,0.0,2.639237,2.0936286,0.04275751,1.6322479,0.66969746,0.12948819,4.261144,0.0,0.0,0.06677533,4.3851643,0.0,1.8942417,0.02542755,1.6569035,0.0,0.169936
L00661,0,2.9383373,0.28048256,2.8322973,0.0,0.0,1.9872416,0.9200033,3.8297606,0.0,0.0,1.4967746,0.0,3.753211,0.05444081,0.0,2.4435055,1.8261015,0.0,1.3909862,0.64364576,0.0,3.622002,0.0,0.0,0.0057607964,3.6813984,0.0,1.7617078,0.0,1.5563135,0.0,0.2077373
L00662,0,2.7549536,0.34406048,2.701009,0.0,0.0,1.8685273,0.88482606,3.5912335,0.0,0.0,1.512724,0.0,3.4745028,0.0,0.0,2.3500867,1.7990038,0.0,1.3409758,0.65983844,0.0,3.3546395,0.0,0.0,0.0,3.5037136,0.0,1.7163227,0.0,1.4975016,0.0,0.16396452
L00663,0,3.7867148,0.31434402,3.5242867,0.0,0.0,2.7102306,1.2002085,4.756363,0.0,0.0,2.170731,0.0,4.6823683,0.044264242,0.0,3.2122884,2.4205027,0.0,1.7573545,0.8564861,0.0,4.63506,0.0,0.0,0.0,4.825059,0.0,2.2309575,0.0021189153,1.927311,0.0,0.107694134
L00664,0,3.1262205,0.0,3.0047824,0.0,0.19140555,2.7251647,0.7575184,4.163838,0.0,0.0,1.1252704,0.0,4.7499466,1.0531126,0.0,2.280309,1.5240912,0.6099986,1.6444669,0.3942393,0.8783773,4.641487,0.15370095,0.0,0.26748186,4.522981,0.100711554,1.6231191,0.7635344,1.498513,0.0,0.1613363
L00665,0,3.4381068,0.0,3.2345524,0.0,0.18937461,2.465361,0.5618156,4.352857,0.0,0.0,1.2559049,0.0,4.3153667,0.98661107,0.0,2.0870028,1.7849517,0.72157073,1.5032365,0.36361116,0.90330553,4.436519,0.10852277,0.0,0.41042125,4.522792,0.17574224,1.4691981,0.4339559,1.293865,0.0,0.053550497
L00666,0,2.5248406,0.3489888,2.462792,0.0,0.0,1.6629318,0.81184006,3.324005,0.0,0.0,1.3471353,0.0,3.1497176,0.0,0.0,2.1142814,1.6228734,0.0,1.2245123,0.61110854,0.0,3.127407,0.0,0.0,0.0,3.1458015,0.0,1.5564557,0.0,1.3904573,0.0,0.19092125
L00667,0,2.577296,0.27951366,2.5197577,0.0,0.0,1.6657826,0.7671025,3.385482,0.0,0.0,1.2882268,0.0,3.2919917,0.046823785,0.0,2.1557274,1.6285712,0.0,1.2081633,0.5761925,0.031922355,3.1329284,0.0,0.0,0.008786149,3.2649117,0.0,1.5494493,0.0,1.3832551,0.0,0.13314119
L00668,0,2.0520205,0.45783898,1.9475131,0.0,0.0,1.3586046,0.6782584,2.6764467,0.0,0.0,1.0943482,0.0,2.4929237,0.0,0.0,1.7236223,1.3329431,0.0,1.0446527,0.56042564,0.0,2.5068927,0.0,0.0,0.0,2.5675116,0.0,1.3156329,0.0,1.182869,0.0,0.19466074
L00669,0,2.5521147,0.40910783,2.4449892,0.0,0.0,1.6922127,0.8498285,3.2778523,0.0,0.0,1.3803968,0.0,3.0858424,0.0,0.0,2.1426156,1.6452818,0.0,1.2246575,0.65881366,0.0,3.134128,0.0,0.0,0.0,3.139608,0.0,1.5941556,0.0,1.3922484,0.0,0.19669041
L00670,0,2.6983924,0.4225124,2.5647895,0.0,0.0,1.7387053,0.8607942,3.3653011,0.0,0.0,1.3849177,0.0,3.1601,0.0,0.0,2.1590803,1.6720861,0.0,1.2393267,0.6465025,0.0,3.241228,0.0,0.0,0.0,3.2450404,0.0,1.5711279,0.0,1.4220746,0.0,0.2297502
L00671,0,2.0579019,0.33515257,2.0172079,0.0,0.0,1.3214772,0.607106,2.7782736,0.0,0.0,1.047757,0.0,2.615905,0.05860792,0.0,1.7121067,1.3000584,0.0,1.0214462,0.46729687,0.10623409,2.5473266,0.0,0.0,0.006970279,2.6611972,0.0,1.2428343,0.0,1.1605306,0.0,0.12910189
L00672,0,2.6354535,0.40242165,2.4443398,0.0,0.0,1.7827741,0.8271949,3.33252,0.0,0.0,1.4520012,0.0,3.1350164,0.0,0.0,2.0779603,1.6240139,0.0,1.2564437,0.6000254,0.0,3.2737045,0.0,0.0,0.0,3.214425,0.0,1.5803676,0.0,1.3957014,0.0,0.21152057
L00673,0,2.9773164,0.46992946,2.821506,0.0,0.0,1.9819845,0.9301995,3.6797755,0.0,0.0,1.5492816,0.0,3.495572,0.0,0.0,2.3625472,1.8267653,0.0,1.3181298,0.6660359,0.0,3.645504,0.0,0.0,0.0,3.621647,0.0,1.7325445,0.0,1.5462389,0.0,0.24918807
L00674,0,3.3239691,0.18093881,3.1160653,0.0,0.0,2.497704,0.9795488,4.2750793,0.0,0.0,1.6623552,0.0,4.227401,0.2633975,0.0,2.5008304,1.9531957,0.06898528,1.639674,0.65190804,0.18091284,4.3072996,0.0,0.0,0.06488269,4.281896,0.0,1.859114,0.14382377,1.6170964,0.0,0.23880434
L00675,0,3.3530083,0.24042425,3.1451387,0.0,0.0,2.2600062,1.0105726,4.327179,0.0,0.0,1.715992,0.0,4.1313844,0.08773713,0.0,2.6254365,2.0232718,0.0,1.5780771,0.6676985,0.024710402,4.121542,0.0,0.0,0.031009994,4.1457677,0.0,1.8749536,0.0074979365,1.6769073,0.0,0.22672068
L00676,0,2.4509685,0.2791941,2.3651428,0.0,0.0,1.6660801,0.75801444,3.2508965,0.0,0.0,1.2491423,0.0,3.178324,0.059044316,0.0,2.0256612,1.5299397,0.0,1.2194176,0.54900825,0.0,3.03604,0.0,0.0,0.012574524,3.1384635,0.0,1.4729108,0.008942634,1.3371253,0.0,0.18694805
L00677,0,2.2001958,0.15604752,2.161065,0.0,0.0,1.6611327,0.60694337,3.0307672,0.0,0.0,1.0108216,0.0,3.0597465,0.2980758,0.0,1.7476605,1.2598424,0.09040961,1.1554105,0.41418198,0.29727244,2.9864388,0.0,0.0,0.082726814,3.0387788,0.0,1.2886811,0.19413233,1.1701962,0.0,0.13960795
L00678,0,1.9170792,0.51323104,1.7744668,0.0,0.0,1.2394662,0.6840246,2.4744048,0.0,0.0,1.0861223,0.0,2.2369578,0.0,0.0,1.6098598,1.2620007,0.0,0.989674,0.57167,0.0,2.331446,0.0,0.0,0.0,2.339715,0.0,1.2532605,0.0,1.1267698,0.0,0.21125476
L00679,0,3.5404027,0.23505133,3.4642825,0.0,0.0,2.5138392,1.0571785,4.5141897,0.0,0.0,1.8585355,0.0,4.373909,0.045925453,0.0,2.7925391,2.256607,0.0,1.6765611,0.75428164,0.0,4.3364224,0.0,0.0,0.030386604,4.489136,0.0,2.0006545,0.0,1.7314193,0.0,0.23049219
L00680,0,2.2890184,0.2568401,2.15623,0.0,0.0,1.68357,0.6939748,3.0631464,0.0,0.0,1.1920413,0.0,3.0089178,0.109001294,0.0,1.8580678,1.3829671,0.0,1.1956999,0.5078713,0.11377852,3.0047226,0.0,0.0,0.015143737,3.0123982,0.0,1.4104055,0.07195252,1.2459908,0.0,0.19143397
L00681,0,2.6812391,0.25249064,2.5802796,0.0,0.0,1.6830462,0.73824203,3.4954216,0.0,0.0,1.2313443,0.0,3.351725,0.16943912,0.0,2.1285536,1.6240357,0.016028672,1.2177455,0.5666411,0.1242284,3.2638977,0.0,0.0,0.07432801,3.3918386,0.0,1.5109829,0.045506775,1.35731,0.0,0.12193828
L00682,0,3.5669477,0.26304665,3.3628106,0.0,0.0,2.3788915,1.0323614,4.5132604,0.0,0.0,1.7212005,0.0,4.3590627,0.1700901,0.0,2.769937,2.1285439,0.010826647,1.6102531,0.7077584,0.034931347,4.368888,0.0,0.0,0.059931435,4.397756,0.0,1.9401405,0.07508254,1.762814,0.0,0.25873983
L00683,0,2.5914311,0.4002274,2.4578576,0.0,0.0,1.7162278,0.83358026,3.267811,0.0,0.0,1.3769033,0.0,3.066683,0.0,0.0,2.050474,1.6292559,0.0,1.2350698,0.6187284,0.0,3.139897,0.0,0.0,0.0,3.1657228,0.0,1.5336317,0.0,1.3668418,0.0,0.21269849
L00684,0,1.9677866,0.35240597,1.9548559,0.0,0.0,1.3229302,0.6585789,2.6438677,0.0,0.0,1.1043376,0.0,2.4865937,0.0,0.0,1.701782,1.322157,0.0,1.0401869,0.53032744,0.0,2.4258366,0.0,0.0,0.0,2.5005255,0.0,1.2844104,0.0,1.1470721,0.0,0.15155661
L00685,0,2.2293382,0.26797763,2.2140872,0.0,0.0,1.5503117,0.7182672,2.8640645,0.0,0.0,1.1916394,0.0,2.8054888,0.04964219,0.0,1.8227938,1.4577894,0.0,1.093107,0.5514413,0.056326777,2.6985927,0.0,0.0,0.004134968,2.827784,0.0,1.3749138,0.0,1.1622818,0.0,0.12513836
L00686,0,2.539071,0.33270693,2.4554284,0.0,0.0,1.7633802,0.8260735,3.2982557,0.0,0.0,1.4414592,0.0,3.1883147,0.0,0.0,2.175202,1.6640054,0.0,1.2687676,0.6345752,0.0,3.1189458,0.0,0.0,0.0,3.2462401,0.0,1.5664006,0.0,1.3853588,0.0,0.15436473
L00687,0,2.4459846,0.367156,2.3072412,0.0,0.0,1.6462392,0.78284156,3.147341,0.0,0.0,1.3261726,0.0,2.9303906,0.0,0.0,1.9802605,1.541425,0.0,1.1989057,0.5780889,0.0,3.0070822,0.0,0.0,0.0,2.9974866,0.0,1.4717267,0.0,1.3172839,0.0,0.18864205
L00688,0,2.397156,0.17503375,2.367252,0.0,0.0,1.6027749,0.61958176,3.1688337,0.0,0.0,1.0419954,0.0,3.133746,0.33016646,0.0,1.8993121,1.454414,0.109246194,1.1142583,0.48111147,0.32941604,2.9109955,0.0,0.0,0.12376969,3.1488023,0.0,1.3398955,0.05010733,1.1667749,0.0,0.039379366
L00689,0,2.3380466,0.3394977,2.2438245,0.0,0.0,1.6411572,0.7807897,3.047413,0.0,0.0,1.3621141,0.0,2.916075,0.0,0.0,2.0314353,1.5461287,0.0,1.20182,0.6072407,0.0,2.8763237,0.0,0.0,0.0,2.9777002,0.0,1.4850061,0.0,1.3028886,0.0,0.13642508
L00690,0,2.2779105,0.4631776,2.087525,0.0,0.0,1.5130938,0.7602967,2.8027785,0.0,0.0,1.2818438,0.0,2.5999413,0.0,0.0,1.869816,1.4120035,0.0,1.0445962,0.5657386,0.0,2.77065,0.0,0.0,0.0,2.706337,0.0,1.3862838,0.0,1.2464364,0.0,0.15729332
L00691,0,2.5504506,0.45973146,2.4994578,0.0,0.0,1.7001792,0.8650813,3.3050897,0.0,0.0,1.4442276,0.0,3.1725457,0.0,0.0,2.257197,1.7190802,0.0,1.2335029,0.6811683,0.0,3.0925665,0.0,0.0,0.0,3.2323828,0.0,1.6737492,0.0,1.4401417,0.0,0.15456949
L00692,0,2.760218,0.31088907,2.64319,0.0,0.0,1.913711,0.87871325,3.6010106,0.0,0.0,1.5368057,0.0,3.4461696,0.0,0.0,2.252428,1.761075,0.0,1.3761601,0.6454861,0.0,3.3953342,0.0,0.0,0.0,3.4851618,0.0,1.6645846,0.0,1.4589643,0.0,0.20008048
L00693,0,2.5468488,0.36655468,2.3519742,0.0,0.0,1.7722309,0.8372328,3.2149074,0.0,0.0,1.430667,0.0,3.0152586,0.0,0.0,2.0339305,1.6023598,0.0,1.263715,0.62412894,0.0,3.1280928,0.0,0.0,0.0,3.1645336,0.0,1.5224948,0.0,1.3257258,0.0,0.19361597
L00694,0,2.6191132,0.3679117,2.4868617,0.0,0.0,1.743369,0.8143797,3.380568,0.0,0.0,1.4179298,0.0,3.2014387,0.0,0.0,2.079438,1.6401497,0.0,1.275392,0.6079812,0.0,3.2309744,0.0,0.0,0.0,3.268467,0.0,1.548821,0.0,1.3911848,0.0,0.22948577
L00695,0,3.2951047,0.2952289,3.076488,0.0,0.0,2.1365383,0.9778123,4.1862144,0.0,0.0,1.5971996,0.0,4.029348,0.1526859,0.0,2.5675168,1.9149666,0.019031972,1.4888985,0.65012056,0.08823468,4.0473537,0.0,0.0,0.032613643,4.047644,0.0,1.7956874,0.06326097,1.660749,0.0,0.23015465
L00696,0,2.9410856,0.3355367,2.8120039,0.0,0.0,2.009765,0.93139493,3.7486305,0.0,0.0,1.5735915,0.0,3.5729897,0.0,0.0,2.3428035,1.8606495,0.0,1.410286,0.68520474,0.0,3.612379,0.0,0.0,0.0,3.6751642,0.0,1.7336396,0.0,1.511174,0.0,0.2206696
L00697,0,2.5551884,0.41774905,2.3899689,0.0,0.0,1.7478529,0.8466302,3.2616925,0.0,0.0,1.454381,0.0,3.0944805,0.0,0.0,2.1394935,1.6486185,0.0,1.2583973,0.6514466,0.0,3.118933,0.0,0.0,0.0,3.2131176,0.0,1.5686328,0.0,1.3882194,0.0,0.17100659
L00698,0,2.6967318,0.40162468,2.7456398,0.0,0.0,1.696094,0.7671091,3.5827768,0.0,0.0,1.2269014,0.0,3.538107,0.26091367,0.0,2.2929478,1.5609891,0.1746676,1.1845825,0.5242553,0.32714212,3.4327075,0.0,0.0,0.0,3.3622718,0.0,1.6016457,0.12558037,1.607501,0.0,0.25640878
L00699,0,3.1621768,0.16381499,3.0738547,0.0,0.0,2.2738638,0.9427422,4.034074,0.0,0.0,1.6031387,0.0,3.9443746,0.20472999,0.0,2.4170477,1.9593523,0.032434434,1.5039096,0.6618616,0.1452661,3.857118,0.0,0.0,0.06517611,3.9988036,0.0,1.7772213,0.0,1.5101082,0.0,0.16884363
L00700,0,2.1565385,0.4647762,2.0865068,0.0,0.0,1.4310449,0.7566334,2.7870736,0.0,0.0,1.2519326,0.0,2.6098654,0.0,0.0,1.8530017,1.444796,0.0,1.0787878,0.6235405,0.0,2.6422782,0.0,0.0,0.0,2.7023687,0.0,1.3997308,0.0,1.2402012,0.0,0.18303229
L00701,0,2.59223,0.43241182,2.4321537,0.0,0.0,1.7171592,0.82560396,3.3052537,0.0,0.0,1.3827889,0.0,3.0721853,0.0,0.0,2.1011527,1.6119295,0.0,1.2157412,0.6143111,0.0,3.2098813,0.0,0.0,0.0,3.1440206,0.0,1.5529575,0.0,1.4097586,0.0,0.22350654
L00702,0,2.4619067,0.4033665,2.3393152,0.0,0.0,1.683283,0.80902934,3.1597517,0.0,0.0,1.391426,0.0,2.9900606,0.0,0.0,2.0139422,1.5842819,0.0,1.2244959,0.6244448,0.0,3.0054026,0.0,0.0,0.0,3.0945787,0.0,1.5025809,0.0,1.3368906,0.0,0.19383097
L00703,0,2.7721436,0.17706144,2.6348207,0.0,0.0,1.9701403,0.8154801,3.582083,0.0,0.0,1.4606551,0.0,3.4726174,0.18534012,0.0,2.1627612,1.7209547,0.0108168125,1.3490908,0.5883423,0.19209336,3.4390213,0.0,0.0,0.052352525,3.545064,0.0,1.6096584,0.008203238,1.3524115,0.0,0.13304684
L00704,0,2.5947263,0.30215874,2.5187628,0.0,0.0,1.7606825,0.8055688,3.4580717,0.0,0.0,1.3740487,0.0,3.307666,0.0,0.0,2.1597352,1.6584868,0.0,1.2999237,0.6032412,0.0,3.206447,0.0,0.0,0.0,3.2938643,0.0,1.5756829,0.0,1.4134469,0.0,0.1880039
L00705,0,3.2048194,0.24219036,2.9592555,0.0,0.0,2.30985,0.9873506,4.0183873,0.0,0.0,1.7381215,0.0,3.8328474,0.106320545,0.0,2.4312017,1.964722,0.0,1.5385673,0.6903707,0.034417823,3.9700449,0.0,0.0,0.015605874,3.9932165,0.0,1.8068802,0.0,1.5456729,0.0,0.20899123
L00706,0,2.4559152,0.38471922,2.3085353,0.0,0.0,1.6171247,0.8037847,3.1925483,0.0,0.0,1.2784381,0.0,3.0443075,0.0,0.0,2.07405,1.5513327,0.0,1.1903243,0.6108622,0.0,3.0036132,0.0,0.0,0.0,3.0416112,0.0,1.520856,0.0,1.3591543,0.0,0.19624749
L00707,0,2.594309,0.29323834,2.7069845,0.0,0.0,1.7171234,0.856197,3.4603226,0.0,0.0,1.342044,0.0,3.38703,0.01254411,0.0,2.2966013,1.7438104,0.0,1.2361267,0.6616052,0.0,3.2137609,0.0,0.0,0.0046759024,3.323701,0.0,1.6490542,0.0,1.435607,0.0,0.18637636
L00708,0,2.3789768,0.46899432,2.1529703,0.0,0.0,1.6122944,0.8181397,2.94251,0.0,0.0,1.3796941,0.0,2.7046278,0.0,0.0,1.9566305,1.5061647,0.0,1.135375,0.6312658,0.0,2.8712633,0.0,0.0,0.0,2.8625622,0.0,1.4550284,0.0,1.2804887,0.0,0.16191049
L00709,0,3.0299253,0.28505632,2.8058102,0.0,0.0,2.163282,0.8933568,3.8412693,0.0,0.0,1.589877,0.0,3.647826,0.11107053,0.0,2.271218,1.8000262,0.0,1.4513855,0.6209024,0.034330517,3.840762,0.0,0.0,0.024679832,3.79591,0.0,1.7109486,0.038794935,1.4977248,0.0,0.25265163
L00710,0,2.2870543,0.4448869,2.1523514,0.0,0.0,1.5391402,0.7734375,2.9335077,0.0,0.0,1.3016654,0.0,2.7284636,0.0,0.0,1.9024459,1.4799559,0.0,1.1421688,0.6047399,0.0,2.7756257,0.0,0.0,0.0,2.8187776,0.0,1.434285,0.0,1.2696588,0.0,0.1918856
L00711,0,2.8557668,0.20313814,2.671514,0.0,0.0,1.9000539,0.77870274,3.7636342,0.0,0.0,1.2889026,0.0,3.697221,0.23573603,0.0,2.2756433,1.61693,0.06052518,1.3434672,0.52550304,0.1714917,3.5813174,0.0,0.0,0.06699506,3.622974,0.0,1.5822794,0.115361124,1.4769797,0.0,0.17270055
L00712,0,3.292101,0.3204186,3.108005,0.0,0.0,2.2497919,1.0186255,4.2264786,0.0,0.0,1.7308545,0.0,4.0201344,0.005332187,0.0,2.6088085,2.056426,0.0,1.5622973,0.7301547,0.0,4.047063,0.0,0.0,0.0,4.111231,0.0,1.9127735,0.0,1.6703212,0.0,0.23923445
L00713,0,1.8761146,0.44133377,1.8053591,0.0,0.0,1.2496108,0.64843637,2.4617164,0.0,0.0,1.0864289,0.0,2.2671177,0.0,0.0,1.5962757,1.2551568,0.0,0.99486727,0.5367446,0.0,2.2829428,0.0,0.0,0.0,2.3517723,0.0,1.2234956,0.0,1.1070821,0.0,0.1662988
L00714,0,3.7066953,0.15833998,3.4808419,0.0,0.0,2.4607146,1.0358083,4.7723136,0.0,0.0,1.802251,0.0,4.6062503,0.21053888,0.0,2.8555934,2.2113957,0.06729382,1.6939912,0.6838561,0.0981981,4.52513,0.0,0.0,0.06973971,4.616683,0.0,2.0138757,0.078998625,1.7995288,0.0,0.19162682
L00715,0,2.6994984,0.33463898,2.5261497,0.0,0.0,1.9165505,0.83561146,3.5113332,0.0,0.0,1.4031278,0.0,3.3606021,0.027067259,0.0,2.183074,1.6864704,0.0,1.3448393,0.6317141,0.0,3.4179726,0.0,0.0,0.0,3.441337,0.0,1.6388977,0.0,1.4267731,0.0,0.21512544
L00716,0,4.0165553,0.044305086,3.7681627,0.0,0.0,2.7516901,0.9872407,5.0144777,0.0,0.0,1.8113434,0.0,4.8848534,0.5255461,0.0,2.830401,2.292538,0.30511403,1.7530041,0.6375614,0.34002638,4.8996463,0.0,0.0,0.19733587,5.015079,0.0,1.9698894,0.19783324,1.757648,0.0,0.17806572
L00717,0,1.8040009,0.3963467,1.7312114,0.0,0.0,1.153819,0.6024269,2.4232118,0.0,0.0,0.87811273,0.0,2.2935002,0.020935908,0.0,1.5571431,1.1131074,0.0,0.9147706,0.47457093,0.008817941,2.2458522,0.0,0.0,0.0,2.270622,0.0,1.1590613,0.0,1.070869,0.0,0.1632163
L00718,0,3.2829905,0.24168795,3.1902258,0.0,0.0,2.2869158,0.9577272,4.150208,0.0,0.0,1.6136636,0.0,3.9555438,0.12472041,0.0,2.4792054,2.0051606,0.0,1.5254171,0.67302233,0.013457403,4.0621,0.0,0.0,0.050600745,4.0900097,0.0,1.7742953,0.047186732,1.5842078,0.0,0.2523684
L00719,0,2.8754582,0.15113121,3.0437448,0.0,0.0,1.9478204,0.92095864,3.8637292,0.0,0.0,1.4929044,0.0,4.0043497,0.08423133,0.0,2.7183862,1.9229864,0.0,1.3424249,0.6550697,0.027328894,3.5148237,0.0,0.0,0.0,3.7670054,0.0,1.9014783,0.0,1.620578,0.0,0.05010301
L00720,0,2.6100407,0.30176818,2.529451,0.0,0.0,1.8042661,0.8131002,3.4302592,0.0,0.0,1.3824797,0.0,3.2771542,0.0,0.0,2.1202111,1.6580397,0.0,1.3068521,0.615621,0.0,3.270871,0.0,0.0,0.0,3.333362,0.0,1.5558156,0.0,1.3978314,0.0,0.20851329
L00721,0,1.7840626,0.42457694,1.6982579,0.0,0.0,1.1796371,0.63940763,2.3104835,0.0,0.0,1.0003707,0.0,2.21191,0.0,0.0,1.5660638,1.1693336,0.0,0.9227204,0.51526845,0.0,2.168805,0.0,0.0,0.0,2.246728,0.0,1.1980948,0.0,1.0623553,0.0,0.13697883
L00722,0,2.3319411,0.2986815,2.2311788,0.0,0.0,1.6116214,0.7068118,3.0092373,0.0,0.0,1.252348,0.0,2.8389757,0.01178731,0.0,1.7860681,1.4612411,0.0,1.1771295,0.5397026,0.0,2.8740795,0.0,0.0,0.010086089,2.9283967,0.0,1.3626077,0.0,1.2075846,0.0,0.19254833
L00723,0,2.0116568,0.35274577,2.1335635,0.0,0.0,1.2865859,0.80412734,2.7928207,0.0,0.0,1.1852919,0.0,2.6787171,0.0,0.0,1.9995135,1.4601415,0.0,0.9969942,0.667323,0.0,2.5409667,0.0,0.0,0.0,2.5173793,0.0,1.5398558,0.0,1.2306967,0.0,0.13836907
L00724,0,2.7821746,0.33454672,2.5645175,0.0,0.0,1.9578615,0.85474527,3.5579224,0.0,0.0,1.4793311,0.0,3.348536,0.012775108,0.0,2.1081092,1.6771362,0.0,1.3723695,0.606734,0.0,3.4956791,0.0,0.0,0.0,3.4665112,0.0,1.5944874,0.0,1.4191425,0.0,0.23541388
L00725,0,2.625505,0.3846565,2.4882944,0.0,0.0,1.804805,0.83015585,3.3501918,0.0,0.0,1.4107283,0.0,3.1444345,0.0,0.0,2.0665371,1.6406348,0.0,1.2778335,0.61746144,0.0,3.2125444,0.0,0.0,0.0,3.2521505,0.0,1.5456631,0.0,1.36524,0.0,0.20934927
L00726,0,1.9438031,0.44950414,1.9227703,0.0,0.0,1.2570168,0.7254189,2.4861314,0.0,0.0,1.1536293,0.0,2.4018984,0.0,0.0,1.7546328,1.3212436,0.0,0.9274483,0.5889898,0.0,2.3196013,0.0,0.0,0.0,2.3920827,0.0,1.3425231,0.0,1.1334686,0.0,0.12201598
L00727,0,2.8575284,0.38492015,2.6406884,0.0,0.0,1.9058499,0.88493264,3.5911436,0.0,0.0,1.5083781,0.0,3.3596025,0.0,0.0,2.216082,1.7346276,0.0,1.3287201,0.62207013,0.0,3.4730818,0.0,0.0,0.0,3.4655766,0.0,1.6386958,0.0,1.4734764,0.0,0.21305688
L00728,0,3.6320603,0.2222361,3.3571272,0.0,0.0,2.6872067,1.1625668,4.5920024,0.0,0.0,2.1219409,0.0,4.5500274,0.11315276,0.0,3.1153677,2.3096373,0.0,1.7342558,0.8237486,0.07485691,4.510314,0.0,0.0,0.0,4.6572986,0.0,2.1436498,0.0,1.8418026,0.0,0.09473668
L00729,0,3.9692998,0.13957447,3.8284545,0.0,0.0,2.671591,1.0999318,5.1416044,0.0,0.0,1.9449495,0.0,4.964133,0.21179835,0.0,3.0676877,2.4312792,0.06783068,1.7817004,0.75680435,0.060191885,4.933187,0.0,0.0,0.09695033,4.9852276,0.0,2.1764657,0.09909043,1.914408,0.0,0.2345222
L00730,0,2.5534964,0.43408054,2.3598776,0.0,0.0,1.726358,0.83666694,3.233577,0.0,0.0,1.3969072,0.0,3.0058746,0.0,0.0,2.0140824,1.5988047,0.0,1.2437365,0.6237436,0.0,3.148106,0.0,0.0,0.0,3.140252,0.0,1.5442834,0.0,1.3551571,0.0,0.22250791
L00731,0,2.9186997,0.41957477,2.7576091,0.0,0.0,1.9441013,0.90394306,3.7136564,0.0,0.0,1.5467466,0.0,3.51069,0.0,0.0,2.3018737,1.7974058,0.0,1.3635046,0.65347207,0.0,3.6167214,0.0,0.0,0.0,3.6069098,0.0,1.7195934,0.0,1.5260196,0.0,0.22418782
L00732,0,2.780919,0.37225148,2.6269603,0.0,0.0,1.9245918,0.8948741,3.535018,0.0,0.0,1.5465475,0.0,3.3092618,0.0,0.0,2.2321582,1.7740119,0.0,1.3507493,0.67592096,0.0,3.4268522,0.0,0.0,0.0,3.4584866,0.0,1.646421,0.0,1.4481587,0.0,0.21659327
L00733,0,2.8910632,0.40096688,2.7766745,0.0,0.0,1.9571204,0.95338607,3.7327762,0.0,0.0,1.6259986,0.0,3.5838733,0.0,0.0,2.4154618,1.8839746,0.0,1.3998804,0.7180748,0.0,3.5420997,0.0,0.0,0.0,3.6436434,0.0,1.7807873,0.0,1.542028,0.0,0.21306811
L00734,0,2.6121943,0.36033592,2.4829464,0.0,0.0,1.819974,0.84384835,3.4390173,0.0,0.0,1.453751,0.0,3.2623997,0.0,0.0,2.156879,1.6921989,0.0,1.3223226,0.6531236,0.0,3.2469552,0.0,0.0,0.0,3.3135018,0.0,1.6079825,0.0,1.4135005,0.0,0.22473355
L00735,0,1.9230454,0.2235573,1.835844,0.0,0.0,1.4965011,0.5630053,2.6259816,0.0,0.0,0.82834893,0.0,2.7079961,0.28065234,0.0,1.5395635,1.0519732,0.062257677,1.0511554,0.40219882,0.24828307,2.7005177,0.0,0.0,0.06343081,2.681923,0.0,1.1637379,0.19589174,1.0654343,0.0,0.16319418
L00736,0,2.0838614,0.39454848,2.0212777,0.0,0.0,1.4347352,0.70815396,2.7707984,0.0,0.0,1.2170922,0.0,2.627249,0.0,0.0,1.8183478,1.3957334,0.0,1.100219,0.5744692,0.0,2.5686517,0.0,0.0,0.0,2.6780972,0.0,1.3443443,0.0,1.2145859,0.0,0.16578673
L00737,0,3.393978,0.11630893,3.2593424,0.0,0.0,2.2944815,0.7872228,4.3805075,0.0,0.0,1.427612,0.0,4.2975535,0.48344284,0.0,2.4765573,1.9239874,0.2896617,1.5098562,0.5440314,0.35336494,4.238445,0.0,0.0,0.21915993,4.3721495,0.0,1.6767977,0.21053806,1.5485427,0.0,0.13636038
L00738,0,2.2076995,0.27557635,2.2857475,0.0,0.0,1.5509845,0.72022843,2.9953682,0.0,0.0,1.2497864,0.0,2.937363,0.0,0.0,1.9959863,1.5176386,0.0,1.1512086,0.57325476,0.0,2.7387285,0.0,0.0,0.0,2.892868,0.0,1.4759951,0.0,1.2768087,0.0,0.1226986
L00739,0,3.0528297,0.22295806,2.8337386,0.0,0.0,2.0752063,0.85822475,3.8927255,0.0,0.0,1.5419046,0.0,3.7517233,0.20629247,0.0,2.3708785,1.8398124,0.043477297,1.4078267,0.6141541,0.18471287,3.7243845,0.0,0.0,0.059360303,3.8372679,0.0,1.7146122,0.023686796,1.4710648,0.0,0.13302566
L00740,0,3.2180262,0.23181424,3.1126754,0.0,0.0,2.0714176,0.98933077,4.2295713,0.0,0.0,1.5384812,0.0,4.1020513,0.15565972,0.0,2.6754308,1.9431984,0.009795785,1.4597306,0.65741986,0.069487676,3.9691155,0.0,0.0,0.034449212,3.9804864,0.0,1.8570132,0.054066926,1.6831303,0.0,0.18815942
L00741,0,2.0236216,0.41199473,2.0266767,0.0,0.0,1.3669511,0.7072165,2.6659877,0.0,0.0,1.1764042,0.0,2.5599878,0.0,0.0,1.8316575,1.391147,0.0,1.0324748,0.5810283,0.0,2.4615607,0.0,0.0,0.0,2.575129,0.0,1.3788142,0.0,1.1983671,0.0,0.13101989
L00742,0,2.374667,0.38469607,2.2498777,0.0,0.0,1.509202,0.74936056,3.0844681,0.0,0.0,1.2165265,0.0,2.9072258,0.0,0.0,1.9864448,1.4916165,0.0,1.1302228,0.58152705,0.0,2.9008608,0.0,0.0,0.0,2.9588408,0.0,1.4374509,0.0,1.306339,0.0,0.17074834
L00743,0,3.5041764,0.18180788,3.3221428,0.0,0.0,2.4875789,0.98199284,4.52481,0.0,0.0,1.7512046,0.0,4.3089976,0.1447918,0.0,2.5962813,2.114409,0.0,1.6757112,0.67929333,0.028254405,4.377134,0.0,0.0,0.05021789,4.4139977,0.0,1.8876363,0.034074485,1.6741488,0.0,0.25536066
L00744,0,2.636197,0.39547735,2.4663305,0.0,0.0,1.7953526,0.84077716,3.3794103,0.0,0.0,1.4069141,0.0,3.1853397,0.0,0.0,2.0892534,1.6548653,0.0,1.292897,0.63183606,0.0,3.2524872,0.0,0.0,0.0,3.2811437,0.0,1.588651,0.0,1.3923855,0.0,0.22339061
L00745,0,2.8976629,0.37251228,2.7231724,0.0,0.0,1.9708805,0.93136525,3.7870162,0.0,0.0,1.5920502,0.0,3.5568814,0.0,0.0,2.3643055,1.8526648,0.0,1.4272778,0.6948526,0.0,3.580496,0.0,0.0,0.0,3.5973926,0.0,1.7541717,0.0,1.5368993,0.0,0.22578543
L00746,0,2.4787085,0.37068826,2.3941727,0.0,0.0,1.6654304,0.790882,3.1474583,0.0,0.0,1.2866423,0.0,2.9809859,0.0,0.0,1.9598626,1.5657154,0.0,1.1924205,0.6053866,0.0,2.9816642,0.0,0.0,0.0,3.0630803,0.0,1.481119,0.0,1.2989631,0.0,0.17891446
L00747,0,2.929798,0.2389481,2.7869802,0.0,0.0,2.001697,0.8700994,3.7774687,0.0,0.0,1.5473152,0.0,3.6476443,0.10960178,0.0,2.3406518,1.8131263,0.0,1.3769426,0.6172495,0.088021174,3.6145062,0.0,0.0,0.027663924,3.6943336,0.0,1.7095839,0.0,1.4741304,0.0,0.17180595
L00748,0,2.7023962,0.36329317,2.5873027,0.0,0.0,1.8233774,0.850623,3.4717493,0.0,0.0,1.4368554,0.0,3.287709,0.0,0.0,2.1901977,1.7136962,0.0,1.2913291,0.6475244,0.0,3.328948,0.0,0.0,0.0,3.3665934,0.0,1.6066399,0.0,1.4255972,0.0,0.20097712
L00749,0,2.0429168,0.38187003,1.9197223,0.0,0.0,1.2948209,0.66484475,2.656032,0.0,0.0,1.0667257,0.0,2.4922478,0.0,0.0,1.7174522,1.2800297,0.0,1.0019174,0.513071,0.01004082,2.4693556,0.0,0.0,0.0,2.5175385,0.0,1.2682658,0.0,1.1509895,0.0,0.14835759
L00750,0,3.0553591,0.09196204,3.0571897,0.0,0.0,2.3073604,0.96866024,4.054063,0.0,0.0,1.7709144,0.0,4.148928,0.10676123,0.0,2.7501612,2.0376859,0.0,1.553819,0.6973466,0.16296901,3.8483837,0.0,0.0,0.0,4.082216,0.0,1.9313308,0.0,1.6261749,0.0,0.0700738
L00751,0,3.0083706,0.11444843,2.8304474,0.0,0.0,2.080213,0.7699255,3.948542,0.0,0.0,1.4158947,0.0,3.799916,0.2973764,0.0,2.247233,1.7662585,0.088285804,1.4388132,0.5384166,0.2526815,3.7494571,0.0,0.0,0.10704442,3.9064298,0.0,1.5908567,0.12207198,1.4175844,0.0,0.15303725
L00752,0,2.3834631,0.39460325,2.2991455,0.0,0.0,1.6326259,0.7904104,3.0677195,0.0,0.0,1.3564916,0.0,2.9246142,0.0,0.0,2.0372002,1.5681252,0.0,1.1862061,0.62091017,0.0,2.906662,0.0,0.0,0.0,3.0165834,0.0,1.5010903,0.0,1.3259914,0.0,0.15624675
L00753,0,3.3915386,0.17683774,3.2722201,0.0,0.0,2.406468,0.9595027,4.266787,0.0,0.0,1.5128366,0.0,4.1628594,0.35710496,0.0,2.4834344,1.978303,0.14825886,1.5435872,0.6393161,0.22197764,4.12568,0.0,0.0,0.14240295,4.2570395,0.0,1.756798,0.094477415,1.5506394,0.0,0.17290479
L00754,0,2.9943736,0.3086249,2.886111,0.0,0.0,2.0197802,0.9150194,3.8666475,0.0,0.0,1.5564663,0.0,3.6799655,0.0,0.0,2.4047506,1.8945726,0.0,1.428864,0.6795001,0.0,3.706194,0.0,0.0,0.0,3.7551289,0.0,1.7543705,0.0,1.5542958,0.0,0.20519926
L00755,0,2.4091403,0.12425828,2.3335953,0.0,0.0,1.5281128,0.45518583,3.2114525,0.0,0.0,0.8959817,0.0,3.1856256,0.5567255,0.0,1.7589353,1.3021749,0.33953667,1.0717721,0.33877474,0.59662664,3.038557,0.05388519,0.0,0.21462753,3.2198968,0.030526489,1.1946348,0.23971349,1.1240165,0.0,0.036198817
L00756,0,2.7024386,0.28658998,2.557819,0.0,0.0,1.6504017,0.6898953,3.449917,0.0,0.0,1.0661702,0.0,3.2741692,0.3282653,0.0,1.9960283,1.481719,0.1481111,1.1716201,0.50570333,0.2703206,3.2777154,0.0,0.0,0.12471748,3.3407001,0.0,1.3593403,0.11759412,1.3131039,0.0,0.16415611
L00757,0,2.9481735,0.35223496,2.8846977,0.0,0.0,2.0324867,0.921093,3.9139726,0.0,0.0,1.6236433,0.0,3.7984316,0.0,0.0,2.5246198,1.9179173,0.0,1.455004,0.6943857,0.0,3.6858191,0.0,0.0,0.0,3.7677364,0.0,1.8217988,0.0,1.6290138,0.0,0.23294064
L00758,0,2.0861957,0.31283924,2.018657,0.0,0.0,1.424097,0.6633327,2.775294,0.0,0.0,1.1443222,0.0,2.658024,0.0,0.0,1.7460544,1.3534384,0.0,1.0768526,0.5286801,0.008669898,2.5654373,0.0,0.0,0.0,2.6828766,0.0,1.306374,0.0,1.1563761,0.0,0.14345533
L00759,0,2.7482944,0.19895482,2.570438,0.0,0.0,1.8593348,0.7307497,3.5099065,0.0,0.0,1.3877752,0.0,3.387638,0.2356659,0.0,2.0577633,1.585516,0.121920556,1.262938,0.48550266,0.22207366,3.4879751,0.0,0.0,0.08260106,3.458766,0.0,1.5161734,0.10772437,1.3468235,0.0,0.1413691
L00760,0,2.7433932,0.30712155,2.6064122,0.0,0.0,1.8626913,0.8589004,3.5138233,0.0,0.0,1.4201903,0.0,3.369784,0.021543637,0.0,2.1606328,1.6808655,0.0,1.320921,0.61640364,0.0,3.3875494,0.0,0.0,0.00036078691,3.4148302,0.0,1.597405,0.0,1.4205682,0.0,0.21797062
L00761,0,2.5303552,0.14296377,2.3701239,0.0,0.0,1.9926105,0.72753346,3.4540455,0.0,0.0,1.1791418,0.0,3.5700486,0.31039566,0.0,2.0114639,1.438341,0.084172666,1.355947,0.47885123,0.29603064,3.497722,0.0,0.0,0.062039964,3.4800797,0.0,1.531782,0.22529352,1.3340292,0.0,0.19250046
L00762,0,1.8157692,0.39856055,1.7018113,0.0,0.0,1.2350007,0.6174073,2.3920338,0.0,0.0,0.9988378,0.0,2.25635,0.0,0.0,1.5453279,1.1831033,0.0,0.97065955,0.5176423,0.0,2.2394733,0.0,0.0,0.0,2.2891455,0.0,1.1925182,0.0,1.0691109,0.0,0.17883614
L00763,0,2.3176956,0.36400127,2.2214625,0.0,0.0,1.56037,0.7455615,2.9897437,0.0,0.0,1.2528572,0.0,2.7960687,0.0,0.0,1.8916742,1.4725022,0.0,1.1524067,0.57194245,0.0,2.839022,0.0,0.0,0.0,2.878357,0.0,1.4039019,0.0,1.2636898,0.0,0.19415312
L00764,0,3.163663,0.3350685,2.974817,0.0,0.0,2.090068,0.9483417,3.9998443,0.0,0.0,1.5989097,0.0,3.7862701,0.06490846,0.0,2.4680169,1.9131422,0.0,1.4317122,0.6688316,0.0,3.911754,0.0,0.0,0.015508212,3.8553777,0.0,1.79324,0.0,1.6029882,0.0,0.21058479
L00765,0,2.3844821,0.4601293,2.2081215,0.0,0.0,1.5547763,0.7966645,2.945343,0.0,0.0,1.2445151,0.0,2.7662299,0.0,0.0,1.9241194,1.4739461,0.0,1.1138272,0.6042083,0.0,2.8652682,0.0,0.0,0.0,2.8909736,0.0,1.4035746,0.0,1.2849193,0.0,0.20065592
L00766,0,1.7428977,0.39168406,1.6589041,0.0,0.0,1.0652705,0.5982704,2.2397974,0.0,0.0,0.92909926,0.0,2.1088083,0.0,0.0,1.5019592,1.1215504,0.0,0.8715894,0.47356746,0.0,2.0609064,0.0,0.0,0.0,2.1280653,0.0,1.1368253,0.0,1.0343664,0.0,0.108563736
L00767,0,2.7383158,0.24141496,2.5755777,0.0,0.0,1.8690479,0.7204007,3.53951,0.0,0.0,1.280947,0.0,3.4584286,0.25046813,0.0,2.0754182,1.5361124,0.101861715,1.276803,0.4862498,0.20840849,3.476691,0.0,0.0,0.071591206,3.4490294,0.0,1.4799334,0.11981419,1.3918133,0.0,0.20463528
L00768,0,2.6936653,0.2395806,2.702023,0.0,0.0,1.8883988,0.8467814,3.6196253,0.0,0.0,1.4800423,0.0,3.544905,0.0,0.0,2.3150218,1.7833335,0.0,1.3531251,0.6402607,0.0,3.3345978,0.0,0.0,0.0,3.4772635,0.0,1.6973641,0.0,1.4609344,0.0,0.14408901
L00769,0,3.0497313,0.30509448,2.9571261,0.0,0.0,2.1232288,0.9398782,3.9272077,0.0,0.0,1.6369559,0.0,3.787602,0.0,0.0,2.4864259,1.9485476,0.0,1.4696534,0.6839093,0.0,3.732387,0.0,0.0,0.0,3.8617005,0.0,1.791408,0.0,1.5814571,0.0,0.19286732
L00770,0,2.3185892,0.2746952,2.3085246,0.0,0.0,1.4730278,0.7369842,3.1727178,0.0,0.0,1.1562874,0.0,3.0578814,0.07204799,0.0,1.9940188,1.4615965,0.0,1.132798,0.52483296,0.09885849,2.9202533,0.0,0.0,0.0004722327,2.9463253,0.0,1.4486948,0.04883051,1.3245966,0.0,0.1547883
L00771,0,2.8029623,0.32099292,2.7256284,0.0,0.0,1.8921857,0.8858366,3.6560502,0.0,0.0,1.4641281,0.0,3.526071,0.0,0.0,2.3254364,1.7749102,0.0,1.352745,0.641726,0.0,3.45539,0.0,0.0,0.0,3.511138,0.0,1.6866506,0.0,1.5048189,0.0,0.20658585
L00772,0,3.1418974,0.36312494,3.1314323,0.0,0.0,1.9924709,0.95231867,4.024505,0.0,0.0,1.4291201,0.0,3.9125664,0.18693675,0.0,2.587109,1.8771806,0.0,1.3810923,0.6683829,0.11280505,3.8518267,0.0,0.0,0.01596418,3.869183,0.0,1.7435273,0.09784967,1.7002878,0.0,0.29210037
L00773,0,2.6152017,0.37412113,2.4917512,0.0,0.0,1.8390049,0.85788965,3.3892975,0.0,0.0,1.5067748,0.0,3.248987,0.0,0.0,2.2518404,1.7132757,0.0,1.3083751,0.66172653,0.0,3.2231436,0.0,0.0,0.0,3.3530202,0.0,1.6204886,0.0,1.4397328,0.0,0.14668718
L00774,0,2.474228,0.42693084,2.353405,0.0,0.0,1.6729534,0.8230803,3.0432498,0.0,0.0,1.38039,0.0,2.8871782,0.0,0.0,2.0617208,1.6071601,0.0,1.1635156,0.6478394,0.0,2.971939,0.0,0.0,0.0,3.0433598,0.0,1.5097599,0.0,1.3079865,0.0,0.15134603
L00775,0,3.4300053,0.3185332,3.4196749,0.0,0.0,2.4331026,1.0799121,4.4625936,0.0,0.0,1.9192924,0.0,4.4773836,0.0,0.0,3.0549161,2.293991,0.0,1.624639,0.805842,0.0,4.220108,0.0,0.0,0.0,4.52296,0.0,2.1571827,0.0,1.8484843,0.0,0.10898295
L00776,0,3.1868339,0.25209546,3.0367634,0.0,0.0,2.205604,0.92180943,4.0680137,0.0,0.0,1.646921,0.0,3.9410138,0.10619818,0.0,2.4225867,1.9111003,0.0023887455,1.4929907,0.6142733,0.07997163,3.9859211,0.0,0.0,0.03422197,3.9860296,0.0,1.8007593,0.017472535,1.5882847,0.0,0.21611178
L00777,0,2.6656306,0.0,2.761314,0.0,0.0,1.6256211,0.5246148,3.8555403,0.0,0.0,1.1457083,0.0,3.92541,0.49651688,0.0,2.35691,1.6992105,0.16702786,1.1814561,0.44617152,0.5477507,3.3105154,0.0117408335,0.0,0.21064097,3.7813234,0.0,1.5607641,0.1947219,1.3465313,0.0,0.0
L00778,0,2.7830293,0.2672698,2.6812572,0.0,0.0,1.9177837,0.80487657,3.6263688,0.0,0.0,1.410329,0.0,3.4453673,0.08261682,0.0,2.1304083,1.715856,0.0,1.3575897,0.603564,0.05575928,3.4515593,0.0,0.0,0.04191216,3.522706,0.0,1.572757,0.0,1.3934321,0.0,0.1942296
L00779,0,2.9579022,0.2853939,2.9840114,0.0,0.0,2.0302074,0.9408603,3.9464424,0.0,0.0,1.5884355,0.0,3.8161683,0.0,0.0,2.5216687,1.9557464,0.0,1.4393098,0.70049185,0.0,3.6970093,0.0,0.0,0.0,3.8152385,0.0,1.8372524,0.0,1.5685608,0.0,0.20360848
L00780,0,2.8686945,0.31608513,2.6500556,0.0,0.0,1.9854292,0.88602304,3.705895,0.0,0.0,1.5057647,0.0,3.5345378,0.0048665404,0.0,2.2818992,1.7573131,0.0,1.4129355,0.6417537,0.0,3.5477748,0.0,0.0,0.0,3.5877223,0.0,1.6799009,0.0,1.4897466,0.0,0.23719253
L00781,0,1.9896908,0.35992283,1.9166746,0.0,0.0,1.3568085,0.65294814,2.5837345,0.0,0.0,1.1200647,0.0,2.4105344,0.0,0.0,1.6492403,1.3049123,0.0,1.020067,0.5313238,0.0,2.4420033,0.0,0.0,0.0,2.4847398,0.0,1.2651643,0.0,1.1137662,0.0,0.143439
L00782,0,2.6434472,0.4316515,2.5017874,0.0,0.0,1.8056388,0.88005435,3.401527,0.0,0.0,1.5057422,0.0,3.1732595,0.0,0.0,2.201935,1.7249131,0.0,1.2947218,0.6869527,0.0,3.2351093,0.0,0.0,0.0,3.2635431,0.0,1.631196,0.0,1.441544,0.0,0.20512772
L00783,0,2.7520971,0.20910847,2.6378722,0.0,0.0,1.9560963,0.8498794,3.5523179,0.0,0.0,1.3978169,0.0,3.4572537,0.16181476,0.0,2.1885743,1.679632,0.0,1.3458757,0.59551054,0.1225612,3.4108834,0.0,0.0,0.043686695,3.4928546,0.0,1.5943669,0.0078980625,1.3810736,0.0,0.16064617
L00784,0,2.308987,0.44481814,2.1251297,0.0,0.0,1.5620091,0.79619956,2.9203727,0.0,0.0,1.3477992,0.0,2.7336323,0.0,0.0,1.9331065,1.4847881,0.0,1.139166,0.6181719,0.0,2.80225,0.0,0.0,0.0,2.8520699,0.0,1.4332948,0.0,1.2694235,0.0,0.16237043
L00785,0,2.3662796,0.4136448,2.2436411,0.0,0.0,1.6064888,0.7937852,3.0414014,0.0,0.0,1.3435726,0.0,2.8362799,0.0,0.0,1.9578794,1.5439134,0.0,1.1784475,0.63638616,0.0,2.9128814,0.0,0.0,0.0,2.9254184,0.0,1.478508,0.0,1.3004456,0.0,0.20679198
L00786,0,2.7652743,0.46653003,2.5226843,0.0,0.0,1.8555535,0.88968706,3.4810388,0.0,0.0,1.5158151,0.0,3.1722548,0.0,0.0,2.1758926,1.7338237,0.0,1.316232,0.6750674,0.0,3.3572426,0.0,0.0,0.0,3.3367896,0.0,1.629473,0.0,1.442517,0.0,0.22834444
L00787,0,2.4207115,0.42995209,2.33098,0.0,0.0,1.6299101,0.8225162,3.1181104,0.0,0.0,1.3793262,0.0,2.92746,0.0,0.0,2.0294843,1.5937655,0.0,1.1993046,0.650915,0.0,2.9719758,0.0,0.0,0.0,3.0292163,0.0,1.5295937,0.0,1.3340211,0.0,0.19908093
L00788,0,2.5720944,0.21873158,2.3882372,0.0,0.0,1.8643448,0.75261664,3.2390637,0.0,0.0,1.2976056,0.0,3.0756905,0.2474065,0.0,1.8499378,1.5516033,0.068102896,1.2494261,0.549807,0.23730634,3.1906343,0.0,0.0,0.07288093,3.244389,0.0,1.4421976,0.022503823,1.1829453,0.0,0.13865025
L00789,0,2.483662,0.3898388,2.3212352,0.0,0.0,1.6444389,0.76015925,3.1879108,0.0,0.0,1.2925198,0.0,2.9275098,0.0,0.0,1.8913425,1.5246278,0.0,1.2155918,0.57730705,0.0,3.0224988,0.0,0.0,0.0,3.052997,0.0,1.4351928,0.0,1.2880807,0.0,0.2150322
L00790,0,2.8800304,0.29646942,2.8101892,0.0,0.0,1.9546889,0.90003693,3.774227,0.0,0.0,1.4982291,0.0,3.6239853,0.0,0.0,2.34931,1.8286122,0.0,1.3933942,0.6647439,0.0,3.588684,0.0,0.0,0.0,3.635365,0.0,1.7252285,0.0,1.5151446,0.0,0.22115561
L00791,0,1.831866,0.3422532,1.8016706,0.0,0.0,1.1600806,0.603867,2.4568398,0.0,0.0,0.9944161,0.0,2.2964113,0.0,0.0,1.5767719,1.2133238,0.0,0.93297213,0.50033605,0.0,2.2497058,0.0,0.0,0.0,2.3119807,0.0,1.2077068,0.0,1.0556732,0.0,0.12663837
L00792,0,3.314112,0.22848687,3.1887343,0.0,0.0,2.4310951,1.0577654,4.2408166,0.0,0.0,1.9100302,0.0,4.2441535,0.06450133,0.0,2.9288695,2.1674647,0.0,1.5904379,0.7731466,0.064982444,4.0966525,0.0,0.0,0.0,4.2823954,0.0,2.0451028,0.0,1.7390866,0.0,0.07595362
L00793,0,2.1020277,0.38184065,2.1471033,0.0,0.0,1.3005384,0.7559509,2.75741,0.0,0.0,1.1282156,0.0,2.647608,0.0,0.0,1.8905792,1.4311637,0.0,1.0005816,0.6183271,0.0,2.5904922,0.0,0.0,0.0,2.6224637,0.0,1.4221954,0.0,1.2281983,0.0,0.15315855
L00794,0,3.138039,0.22505519,3.086706,0.0,0.0,2.2887516,1.0000168,4.040028,0.0,0.0,1.7933196,0.0,4.0667887,0.043382928,0.0,2.817349,2.084233,0.0,1.5092375,0.74080384,0.06808947,3.8622248,0.0,0.0,0.0,4.064201,0.0,1.9866637,0.0,1.6744223,0.0,0.06171104
L00795,0,2.3704603,0.26591262,2.22073,0.0,0.0,1.5261801,0.6451211,3.0831292,0.0,0.0,1.1209034,0.0,2.95198,0.17642538,0.0,1.8606509,1.3790185,0.03213653,1.095654,0.46449268,0.18423234,2.9455109,0.0,0.0,0.05551114,2.9859824,0.0,1.3311619,0.050130934,1.2262378,0.0,0.14704524
L00796,0,2.1340437,0.4161448,2.0449038,0.0,0.0,1.4014255,0.6852226,2.7365522,0.0,0.0,1.1266907,0.0,2.5599523,0.0,0.0,1.6913851,1.3533134,0.0,1.0478653,0.55724216,0.0,2.5967226,0.0,0.0,0.0,2.6574678,0.0,1.3054541,0.0,1.156698,0.0,0.18848902
L00797,0,3.0041008,0.32632625,2.8559098,0.0,0.0,2.0663083,0.9268718,3.8953583,0.0,0.0,1.6437422,0.0,3.7332835,0.0,0.0,2.4214818,1.88531,0.0,1.460134,0.6618842,0.0,3.715603,0.0,0.0,0.0,3.759112,0.0,1.7851518,0.0,1.5719445,0.0,0.22465637
L00798,0,2.4392207,0.38820747,2.4573932,0.0,0.0,1.6529632,0.8660506,3.303171,0.0,0.0,1.4075636,0.0,3.17647,0.0,0.0,2.2264104,1.6856169,0.0,1.2288928,0.69804275,0.0,3.0621123,0.0,0.0,0.0,3.1091943,0.0,1.6616318,0.0,1.408776,0.0,0.20379318
L00799,0,1.9022284,0.32056922,1.8637109,0.0,0.0,1.3130499,0.5997045,2.5714874,0.0,0.0,1.0904436,0.0,2.4199262,0.0,0.0,1.6113657,1.2723204,0.0,1.0076394,0.5141356,0.0026515275,2.3705006,0.0,0.0,0.0,2.4698582,0.0,1.2270721,0.0,1.0826869,0.0,0.13947204
L00800,0,2.66683,0.22212356,2.5411499,0.0,0.0,1.8621415,0.79298306,3.426566,0.0,0.0,1.2610995,0.0,3.3907483,0.2434711,0.0,2.1014442,1.5427593,0.07629496,1.2695866,0.5321695,0.19969933,3.3638759,0.0,0.0,0.06578348,3.36096,0.0,1.5115262,0.07617313,1.3566278,0.0,0.16291147
L00801,0,2.3461084,0.47728825,2.189937,0.0,0.0,1.5530794,0.80705774,2.8990207,0.0,0.0,1.3405871,0.0,2.7235262,0.0,0.0,1.9877923,1.5245413,0.0,1.105248,0.63257533,0.0,2.800941,0.0,0.0,0.0,2.856142,0.0,1.4795679,0.0,1.2830617,0.0,0.13272259
L00802,0,3.0689533,0.2814565,2.9839666,0.0,0.0,2.123938,0.90489376,4.0057187,0.0,0.0,1.5714885,0.0,3.8628104,0.03339778,0.0,2.459438,1.935074,0.0,1.4784074,0.66473925,0.0,3.7802982,0.0,0.0,0.017327778,3.886827,0.0,1.784782,0.0,1.5759263,0.0,0.20293926
L00803,0,2.5544126,0.41254187,2.441374,0.0,0.0,1.7618428,0.83307195,3.2666757,0.0,0.0,1.4306235,0.0,3.1407044,0.0,0.0,2.1862972,1.6748314,0.0,1.244354,0.65286076,0.0,3.1153026,0.0,0.0,0.0,3.2462096,0.0,1.5955443,0.0,1.4065171,0.0,0.14304663
L00804,0,2.7353904,0.3416341,2.5656235,0.0,0.0,1.8311852,0.89097536,3.5246909,0.0,0.0,1.4753147,0.0,3.3675406,0.0,0.0,2.2909842,1.7197323,0.0,1.3128698,0.6377982,0.0,3.3348708,0.0,0.0,0.0,3.3876586,0.0,1.6579151,0.0,1.4515303,0.0,0.18270299
L00805,0,2.8817594,0.37366566,2.678461,0.0,0.0,1.9581518,0.93131113,3.6576474,0.0,0.0,1.5784487,0.0,3.4789803,0.0,0.0,2.302059,1.8131218,0.0,1.3919301,0.68048966,0.0,3.527981,0.0,0.0,0.0,3.5630336,0.0,1.7237259,0.0,1.5035493,0.0,0.21675117
L00806,0,2.2049656,0.43290973,2.1367574,0.0,0.0,1.4810151,0.7467407,2.8485181,0.0,0.0,1.2587719,0.0,2.6823678,0.0,0.0,1.8743919,1.4644024,0.0,1.1102571,0.5956984,0.0,2.6690545,0.0,0.0,0.0,2.7728534,0.0,1.4143279,0.0,1.2472588,0.0,0.16385981
L00807,0,2.0768657,0.37520397,1.9843512,0.0,0.0,1.3298547,0.69802904,2.7033098,0.0,0.0,1.1213104,0.0,2.5169015,0.0,0.0,1.72387,1.3310143,0.0,1.0407598,0.5337426,0.0,2.5217788,0.0,0.0,0.0,2.5583892,0.0,1.2940701,0.0,1.1737399,0.0,0.16161725
L00808,0,2.5827353,0.31082875,2.445553,0.0,0.0,1.7686065,0.8058542,3.2687504,0.0,0.0,1.3717111,0.0,3.1589484,0.072236255,0.0,2.0974908,1.6081792,0.0,1.2187583,0.5848433,0.06604849,3.1802673,0.0,0.0,0.007742755,3.2381592,0.0,1.5320355,0.0,1.3282769,0.0,0.15021779
L00809,0,2.741965,0.2511676,2.6684618,0.0,0.0,1.9024912,0.8564936,3.6128252,0.0,0.0,1.4590307,0.0,3.5386336,0.03901349,0.0,2.30742,1.7383744,0.0,1.3442004,0.6102229,0.02640377,3.4069822,0.0,0.0,0.0,3.4947124,0.0,1.6680447,0.0,1.4692042,0.0,0.17551813
L00810,0,3.4772716,0.11335778,3.3135996,0.0,0.0,2.5491896,0.9635972,4.580744,0.0,0.0,1.731179,0.0,4.5753093,0.26613218,0.0,2.7095447,2.0274346,0.10664958,1.6814127,0.6229421,0.20690562,4.554479,0.0,0.0,0.069419555,4.507605,0.0,1.9549067,0.17410046,1.7390049,0.0,0.23530845
L00811,0,3.0927463,0.35503542,2.9374316,0.0,0.0,2.1315837,0.97939503,3.9947267,0.0,0.0,1.7159127,0.0,3.7807715,0.0,0.0,2.5065815,1.9775965,0.0,1.497297,0.72240484,0.0,3.804439,0.0,0.0,0.0,3.8672194,0.0,1.8228613,0.0,1.604933,0.0,0.22725911
L00812,0,3.137615,0.20723975,2.980105,0.0,0.0,2.1682432,0.8443942,4.018807,0.0,0.0,1.5601469,0.0,3.8538663,0.22423477,0.0,2.3320994,1.8823302,0.08327559,1.4483604,0.6051261,0.14868455,3.9173193,0.0,0.0,0.09236235,3.98143,0.0,1.7010839,0.07492772,1.4981236,0.0,0.18656507
L00813,0,2.280713,0.3381127,2.2843914,0.0,0.0,1.5911417,0.75008917,3.0724156,0.0,0.0,1.2885195,0.0,2.949844,0.0,0.0,1.9760634,1.5505929,0.0,1.1970415,0.6160114,0.0,2.86271,0.0,0.0,0.0,2.97502,0.0,1.4778082,0.0,1.2953205,0.0,0.18847671
L00814,0,2.622394,0.27467796,2.6320395,0.0,0.0,1.7091459,0.7953942,3.4749684,0.0,0.0,1.3177812,0.0,3.3282096,0.09797497,0.0,2.1416543,1.6388614,0.0,1.2763665,0.56837165,0.10999824,3.2336507,0.0,0.0,0.02686838,3.3187695,0.0,1.5201381,0.052833557,1.4220304,0.0,0.2101143
L00815,0,3.1317697,0.21409345,2.8992088,0.0,0.0,2.2498765,0.9270489,4.0422783,0.0,0.0,1.5938922,0.0,3.9353347,0.13151832,0.0,2.4043548,1.864761,0.0,1.5445099,0.62947345,0.049845457,3.9640508,0.0,0.0,0.035809927,3.9633102,0.0,1.7742883,0.05695623,1.567661,0.0,0.2538044
L00816,0,2.4865353,0.3521878,2.4138415,0.0,0.0,1.6779228,0.779925,3.2275403,0.0,0.0,1.3435719,0.0,3.0514572,0.0,0.0,2.011881,1.606818,0.0,1.2262739,0.60967577,0.0,3.0367243,0.0,0.0,0.0,3.1388927,0.0,1.4994882,0.0,1.3236876,0.0,0.18541491
L00817,0,2.8970494,0.34223592,2.821486,0.0,0.0,1.9482049,0.8946711,3.7234948,0.0,0.0,1.4886614,0.0,3.5389347,0.0,0.0,2.3039477,1.8279232,0.0,1.38094,0.66780066,0.0,3.5451891,0.0,0.0,0.0,3.6227875,0.0,1.6938252,0.0,1.5016203,0.0,0.21377325
L00818,0,2.8184817,0.27621448,2.7985795,0.0,0.0,1.9583765,0.86839724,3.7197073,0.0,0.0,1.5143608,0.0,3.5971072,0.0,0.0,2.344174,1.8294039,0.0,1.3971508,0.64690983,0.0,3.4758291,0.0,0.0,0.0,3.6082506,0.0,1.7032968,0.0,1.5046108,0.0,0.19412017
L00819,0,2.1810856,0.40740228,2.0846202,0.0,0.0,1.4853255,0.741043,2.867648,0.0,0.0,1.2365615,0.0,2.700958,0.0,0.0,1.870705,1.4443233,0.0,1.1273375,0.59027374,0.0,2.6766987,0.0,0.0,0.0,2.7475863,0.0,1.4228694,0.0,1.2376628,0.0,0.18206002
L00820,0,3.425739,0.05573511,3.3829255,0.0,0.0,2.542961,0.9859737,4.4416127,0.0,0.0,1.7664636,0.0,4.423036,0.25386268,0.0,2.6345184,2.1619124,0.053632975,1.6579323,0.69744265,0.18251167,4.2127357,0.0,0.0,0.09038455,4.4437356,0.0,1.9179943,0.002156347,1.6117887,0.0,0.17300186
L00821,0,2.2556674,0.39090723,2.1406982,0.0,0.0,1.4685518,0.7566947,2.8555877,0.0,0.0,1.2376056,0.0,2.731807,0.0,0.0,1.8866065,1.43167,0.0,1.0793167,0.57117045,0.0,2.705266,0.0,0.0,0.0,2.7770844,0.0,1.4095359,0.0,1.2351911,0.0,0.15700309
L00822,0,2.3361242,0.40987712,2.4858437,0.0,0.0,1.4226623,0.7006105,3.1738007,0.0,0.0,1.1183763,0.0,3.0968032,0.22977354,0.0,2.0754125,1.4447014,0.1393443,1.0575378,0.54732984,0.33957243,3.0009708,0.0,0.0,0.0,2.884296,0.0,1.4871714,0.10392398,1.4559841,0.0,0.2568373
L00823,0,3.3661773,0.15417296,3.4350638,0.0,0.0,2.4797826,1.0253363,4.5503244,0.0,0.0,1.9089684,0.0,4.6413875,0.029568627,0.0,3.023726,2.2735295,0.0,1.7026472,0.7621794,0.030496761,4.2329717,0.0,0.0,0.0041586384,4.604336,0.0,2.0994618,0.0,1.8267231,0.0,0.12832226
L00824,0,2.4202487,0.20509246,2.2911382,0.0,0.0,1.5205034,0.50517094,3.1306722,0.0,0.0,0.9349284,0.0,3.093436,0.4706648,0.0,1.7887696,1.2271227,0.27679384,1.050586,0.3528188,0.44291782,3.0741296,0.0,0.0,0.15103698,3.095521,0.0,1.1844003,0.2559495,1.2052188,0.0,0.13363509
L00825,0,2.1280005,0.23738861,1.9834752,0.0,0.0,1.4512615,0.6328709,2.782208,0.0,0.0,1.1443863,0.0,2.6549597,0.10776116,0.0,1.7203101,1.3102642,0.0,1.0625453,0.48392683,0.13920595,2.6544578,0.0,0.0,0.014134914,2.7204647,0.0,1.2754956,0.0,1.1199505,0.0,0.10564044
L00826,0,3.2709959,0.23937225,3.0953054,0.0,0.0,2.1752796,0.9325988,4.055115,0.0,0.0,1.4878778,0.0,3.9535167,0.29785162,0.0,2.4770906,1.8998119,0.1176998,1.4256227,0.6290861,0.15508406,3.9077294,0.0,0.0,0.09737251,4.0316596,0.0,1.7366729,0.061174333,1.5460513,0.0,0.13585432
L00827,0,2.933807,0.13376933,2.7950697,0.0,0.0,2.034669,0.7254329,3.8235776,0.0,0.0,1.3160723,0.0,3.7174594,0.38548088,0.0,2.1088564,1.6813464,0.21481088,1.3752995,0.4971494,0.36180782,3.6827533,0.0,0.0,0.15517494,3.7772007,0.0,1.5324103,0.1331574,1.3538723,0.0,0.11898336
L00828,0,3.105222,0.22567815,3.0050309,0.0,0.0,2.1915996,0.91950417,3.9661672,0.0,0.0,1.5398246,0.0,3.8672743,0.13096114,0.0,2.3781044,1.885539,0.0,1.484571,0.64566493,0.03214185,3.840602,0.0,0.0,0.047387235,3.9242206,0.0,1.7052296,0.025765896,1.5349054,0.0,0.2578984
L00829,0,2.5587647,0.28607595,2.5315673,0.0,0.0,1.756009,0.7897471,3.3596232,0.0,0.0,1.3782932,0.0,3.2603796,0.0,0.0,2.1617334,1.662973,0.0,1.262883,0.60146505,0.0,3.1317468,0.0,0.0,0.0,3.271175,0.0,1.5689839,0.0,1.3801036,0.0,0.15381023
L00830,0,2.7704217,0.37327865,2.6749983,0.0,0.0,1.821944,0.8822583,3.589074,0.0,0.0,1.4664134,0.0,3.3954747,0.0,0.0,2.2565088,1.7651489,0.0,1.319881,0.6561997,0.0,3.3838317,0.0,0.0,0.0,3.4223232,0.0,1.672138,0.0,1.4805667,0.0,0.20844245
L00831,0,2.7362182,0.3525747,2.5622268,0.0,0.0,1.7793509,0.8008807,3.4950306,0.0,0.0,1.2894626,0.0,3.3534796,0.15181346,0.0,2.1691287,1.5629653,0.039737523,1.2262905,0.5457279,0.117886916,3.4094815,0.0,0.0,0.024581231,3.34242,0.0,1.5633605,0.0346331,1.4410961,0.0,0.17918085
L00832,0,2.6071036,0.382545,2.506932,0.0,0.0,1.8162764,0.82603073,3.3668358,0.0,0.0,1.4139887,0.0,3.2779267,0.0,0.0,2.2039254,1.6677918,0.0,1.2663908,0.6200777,0.0,3.2365613,0.0,0.0,0.0,3.3206744,0.0,1.6109846,0.0,1.4379511,0.0,0.16496572
L00833,0,2.8042912,0.18897107,2.661491,0.0,0.0,1.8416653,0.66459733,3.6376977,0.0,0.0,1.1830337,0.0,3.512231,0.41159046,0.0,2.0315979,1.5683919,0.23476064,1.253113,0.45022142,0.37271416,3.4958668,0.0,0.0,0.16052896,3.595882,0.0,1.4348652,0.17931867,1.313381,0.0,0.110581435
L00834,0,2.6054947,0.2663795,2.507822,0.0,0.0,1.776564,0.7619492,3.433806,0.0,0.0,1.3780068,0.0,3.2690759,0.030453071,0.0,2.0566401,1.6291019,0.0,1.2912223,0.56721115,0.0195975,3.2447066,0.0,0.0,0.0131394565,3.3178043,0.0,1.5172197,0.0,1.3639038,0.0,0.2007329
L00835,0,2.7177715,0.41670346,2.4938805,0.0,0.0,1.8573774,0.87216973,3.4140882,0.0,0.0,1.4822968,0.0,3.1556659,0.0,0.0,2.1196148,1.6942477,0.0,1.300839,0.6620128,0.0,3.318694,0.0,0.0,0.0,3.3078942,0.0,1.5978678,0.0,1.4034948,0.0,0.23619749
L00836,0,3.1931643,0.3715038,2.9434433,0.0,0.0,2.1540241,0.9684837,3.9646385,0.0,0.0,1.6770931,0.0,3.6716166,0.021324292,0.0,2.4288094,1.918515,0.0,1.4450016,0.67350316,0.0,3.8996358,0.0,0.0,0.0,3.8352284,0.0,1.766382,0.0,1.5835721,0.0,0.23956141
L00837,0,2.2230995,0.4536295,2.1915798,0.0,0.0,1.4826622,0.7845651,2.8938806,0.0,0.0,1.280854,0.0,2.704704,0.0,0.0,1.9462397,1.5152705,0.0,1.1115505,0.6513497,0.0,2.7418146,0.0,0.0,0.0,2.7812557,0.0,1.4795326,0.0,1.2771275,0.0,0.18755838
L00838,0,2.6968355,0.34717295,2.6396418,0.0,0.0,1.8233621,0.8068708,3.5563817,0.0,0.0,1.42459,0.0,3.3809502,0.0,0.0,2.1886623,1.7024391,0.0,1.304066,0.5798709,0.0,3.3519063,0.0,0.0,0.0,3.4142423,0.0,1.5981128,0.0,1.4662867,0.0,0.2101232
L00839,0,2.7610624,0.40587464,2.6616316,0.0,0.0,1.9043612,0.9109155,3.599144,0.0,0.0,1.5483296,0.0,3.440211,0.0,0.0,2.3564985,1.8161819,0.0,1.3540232,0.7085972,0.0,3.4179938,0.0,0.0,0.0,3.4997158,0.0,1.7317402,0.0,1.5071371,0.0,0.21124777
L00840,0,2.8471346,0.34248254,2.7093048,0.0,0.0,1.9952122,0.9110316,3.5673492,0.0,0.0,1.528827,0.0,3.378291,0.013218507,0.0,2.22842,1.8021815,0.0,1.3639739,0.6658838,0.0,3.4641423,0.0,0.0,0.0017974079,3.5479298,0.0,1.6582203,0.0,1.4289404,0.0,0.19939905
L00841,0,2.2547076,0.47055,2.132054,0.0,0.0,1.448114,0.7541698,2.8737752,0.0,0.0,1.2469821,0.0,2.6530066,0.0,0.0,1.8181921,1.4559668,0.0,1.0988686,0.60405254,0.0,2.772403,0.0,0.0,0.0,2.749937,0.0,1.4105529,0.0,1.2470334,0.0,0.21523324
L00842,0,2.9226043,0.20502177,2.8048735,0.0,0.0,2.0103493,0.72606266,3.757276,0.0,0.0,1.3273816,0.0,3.639155,0.3156333,0.0,2.1041224,1.6900336,0.1697467,1.3429508,0.5145526,0.29710305,3.6373127,0.0,0.0,0.12813833,3.7173495,0.0,1.5432223,0.08568779,1.3708558,0.0,0.14529012
L00843,0,2.0988266,0.44871837,1.98226,0.0,0.0,1.3786074,0.72421825,2.647437,0.0,0.0,1.2023423,0.0,2.485933,0.0,0.0,1.7691609,1.3659518,0.0,1.031429,0.5782325,0.0,2.5224974,0.0,0.0,0.0,2.5939445,0.0,1.3293204,0.0,1.1809883,0.0,0.15155287
L00844,0,3.078912,0.40527925,2.9619162,0.0,0.0,1.9965883,0.9161997,3.882462,0.0,0.0,1.5741677,0.0,3.7686067,0.058166727,0.0,2.4646904,1.850747,0.0,1.3741083,0.66543704,0.027698249,3.852145,0.0,0.0,0.0,3.7306142,0.0,1.7752994,0.0,1.6556258,0.0,0.29568842
L00845,0,1.9903762,0.45102125,1.830318,0.0,0.0,1.2839893,0.6851418,2.5154822,0.0,0.0,1.1210878,0.0,2.2934868,0.0,0.0,1.6178114,1.2598032,0.0,0.9961911,0.54030657,0.0,2.394205,0.0,0.0,0.0,2.4154258,0.0,1.2322116,0.0,1.1165481,0.0,0.16994396
L00846,0,2.6164248,0.36381167,2.5901809,0.0,0.0,1.7707498,0.8354727,3.4010003,0.0,0.0,1.405559,0.0,3.2864764,0.0,0.0,2.188113,1.6999567,0.0,1.2727141,0.6345669,0.0,3.185054,0.0,0.0,0.0,3.3099308,0.0,1.6151266,0.0,1.4262707,0.0,0.18386468
L00847,0,2.5764172,0.3534597,2.3930097,0.0,0.0,1.7611619,0.7813133,3.249387,0.0,0.0,1.3980105,0.0,3.0494525,0.047124818,0.0,1.9970154,1.5699812,0.0,1.224546,0.5716227,0.039021984,3.2001667,0.0,0.0,0.0025688708,3.1895738,0.0,1.507962,0.0,1.3214095,0.0,0.16842985
L00848,0,2.1763024,0.43152857,2.1047063,0.0,0.0,1.4487756,0.7330253,2.8268716,0.0,0.0,1.2263345,0.0,2.6125705,0.0,0.0,1.8161775,1.439199,0.0,1.0973325,0.60248864,0.0,2.6841238,0.0,0.0,0.0,2.7318473,0.0,1.3680263,0.0,1.2323909,0.0,0.19746897
L00849,0,2.092641,0.38275492,1.9667368,0.0,0.0,1.3439791,0.71244764,2.5977259,0.0,0.0,1.1143599,0.0,2.4455817,0.0,0.0,1.6911355,1.3031108,0.0,0.9948644,0.53039575,0.0,2.4860544,0.0,0.0,0.0,2.5191298,0.0,1.293913,0.0,1.1273192,0.0,0.13214245
L00850,0,2.1802053,0.36509222,2.086016,0.0,0.0,1.3792244,0.7185637,2.8310525,0.0,0.0,1.150725,0.0,2.6954076,0.0,0.0,1.8420762,1.3779885,0.0,1.062465,0.54416394,0.0,2.6291616,0.0,0.0,0.0,2.703538,0.0,1.357882,0.0,1.2266836,0.0,0.1530391
L00851,0,2.7011945,0.21456987,2.5715816,0.0,0.0,1.95582,0.71592736,3.383849,0.0,0.0,1.2413026,0.0,3.2433352,0.34068084,0.0,1.8489782,1.5710666,0.16513956,1.2649562,0.5144197,0.28851473,3.365498,0.0,0.0,0.13023198,3.4256887,0.0,1.4048457,0.071751416,1.2024453,0.0,0.13181567
L00852,0,2.4025764,0.40747875,2.244026,0.0,0.0,1.5495812,0.77524424,3.0946662,0.0,0.0,1.2693133,0.0,2.8643756,0.0,0.0,1.9281682,1.4888945,0.0,1.1745365,0.57469094,0.0,2.9101422,0.0,0.0,0.0,2.9438238,0.0,1.4266014,0.0,1.3049364,0.0,0.200449
L00853,0,2.3175688,0.44077498,2.18621,0.0,0.0,1.55264,0.7809006,2.884572,0.0,0.0,1.2839478,0.0,2.6787074,0.0,0.0,1.8690025,1.4915702,0.0,1.1259856,0.60529315,0.0,2.7757573,0.0,0.0,0.0,2.8234344,0.0,1.4232721,0.0,1.244695,0.0,0.1743963
L00854,0,3.2393699,0.15935868,3.3343496,0.0,0.0,2.3766658,0.99436986,4.37525,0.0,0.0,1.8326228,0.0,4.4682302,0.020491466,0.0,2.9384725,2.2045753,0.0,1.6328492,0.7432461,0.03391376,4.056749,0.0,0.0,0.0,4.408353,0.0,2.0567925,0.0,1.7696779,0.0,0.113582924
L00855,0,2.0398812,0.4136333,1.8592165,0.0,0.0,1.3625964,0.7242397,2.5812042,0.0,0.0,1.182958,0.0,2.3852665,0.0,0.0,1.7049668,1.3047274,0.0,1.0339655,0.5516091,0.0,2.472857,0.0,0.0,0.0,2.4914937,0.0,1.3034219,0.0,1.1282442,0.0,0.1441778
L00856,0,3.5789142,0.06675249,3.3573804,0.0,0.0,2.674995,0.910957,4.4107065,0.0,0.0,1.5937952,0.0,4.314491,0.58383256,0.0,2.3237555,1.9931617,0.35533762,1.6108139,0.5672008,0.46517998,4.501812,0.0,0.0,0.2148678,4.519874,0.0,1.7380944,0.19087586,1.4591794,0.0,0.16967669
L00857,0,2.3756037,0.21257508,2.237484,0.0,0.0,1.8008918,0.6916646,3.073211,0.0,0.0,1.0578518,0.0,3.2335126,0.33297032,0.0,1.9150326,1.3857682,0.08086771,1.2046547,0.51432616,0.26007575,3.1337578,0.0,0.0,0.069068916,3.1237082,0.0,1.3920494,0.1844356,1.2598991,0.0,0.21789294
L00858,0,2.6183345,0.34994566,2.550872,0.0,0.0,1.7872226,0.83713746,3.3745258,0.0,0.0,1.3809777,0.0,3.2935882,0.0,0.0,2.1850188,1.6611795,0.0,1.240524,0.6296477,0.0,3.2019062,0.0,0.0,0.0,3.2811255,0.0,1.5939083,0.0,1.4113598,0.0,0.19543946
L00859,0,2.5644696,0.2967978,2.4892287,0.0,0.0,1.8031335,0.786492,3.3004549,0.0,0.0,1.333723,0.0,3.1442935,0.08461104,0.0,1.9811138,1.6187247,0.0,1.2593014,0.59476894,0.05746223,3.1325243,0.0,0.0,0.04145103,3.2537103,0.0,1.494466,0.0,1.2888262,0.0,0.17545673
L00860,0,2.595406,0.5317606,2.4419615,0.0,0.0,1.7038535,0.8492507,3.1912434,0.0,0.0,1.402915,0.0,2.930339,0.0,0.0,2.0857666,1.6598612,0.0,1.1932535,0.6710595,0.0,3.111756,0.0,0.0,0.0,3.150876,0.0,1.5580397,0.0,1.3705175,0.0,0.2215217
L00861,0,2.0938215,0.40274948,2.0704277,0.0,0.0,1.3347439,0.70664763,2.725633,0.0,0.0,1.1238279,0.0,2.612994,0.0,0.0,1.844317,1.3753682,0.0,1.0135088,0.5549747,0.0,2.5101037,0.0,0.0,0.0,2.5951571,0.0,1.3599075,0.0,1.2157674,0.0,0.14373794
L00862,0,2.621754,0.38248542,2.5537763,0.0,0.0,1.7801203,0.844934,3.3644338,0.0,0.0,1.4335128,0.0,3.1822374,0.0,0.0,2.1129675,1.7044582,0.0,1.283006,0.6500354,0.0,3.193759,0.0,0.0,0.0,3.28961,0.0,1.5848953,0.0,1.3866744,0.0,0.21211185
L00863,0,1.8824139,0.47078377,1.8459308,0.0,0.0,1.2091409,0.65098274,2.3569672,0.0,0.0,1.0777937,0.0,2.0929494,0.0,0.0,1.5223821,1.2578274,0.0,0.94070524,0.5445015,0.0,2.2692168,0.0,0.0,0.0,2.2832177,0.0,1.1725408,0.0,1.0678496,0.0,0.1949458
L00864,0,2.309045,0.44620955,2.2673326,0.0,0.0,1.5452945,0.78928953,3.0185978,0.0,0.0,1.3161972,0.0,2.863639,0.0,0.0,2.0127878,1.5563617,0.0,1.1520174,0.6348933,0.0,2.81221,0.0,0.0,0.0,2.9064078,0.0,1.5173069,0.0,1.3212011,0.0,0.17158186
L00865,0,2.7087648,0.0,2.7213418,0.0,0.0,1.7377261,0.5870342,3.7642162,0.0,0.0,1.2574024,0.0,3.8671288,0.43644136,0.0,2.3282442,1.744082,0.14254242,1.2319372,0.47756815,0.54803544,3.355388,0.0,0.0,0.15760648,3.7946987,0.0,1.5882887,0.11915749,1.3547184,0.0,0.0
L00866,0,3.027811,0.09818649,2.9143608,0.0,0.0,2.331668,0.87675154,3.8622887,0.0,0.0,1.4657601,0.0,3.9259102,0.34060836,0.0,2.2092836,1.769201,0.17695206,1.5020595,0.5572094,0.28005415,3.921421,0.0,0.0,0.109752394,3.9347806,0.0,1.6703706,0.15140474,1.4348454,0.0,0.21352586
L00867,0,2.1298742,0.53529215,2.0409946,0.0,0.0,1.3334596,0.7616694,2.716482,0.0,0.0,1.1914856,0.0,2.499042,0.0,0.0,1.8376667,1.4101273,0.0,1.0102296,0.620726,0.0,2.6010659,0.0,0.0,0.0,2.5137768,0.0,1.4094031,0.0,1.2540417,0.0,0.21085808
L00868,0,2.5000882,0.40930152,2.4226117,0.0,0.0,1.6210307,0.7948692,3.093287,0.0,0.0,1.2885545,0.0,2.9157028,0.0,0.0,1.976949,1.5657928,0.0,1.1345749,0.6012282,0.0,3.009182,0.0,0.0,0.0,3.0550375,0.0,1.4663674,0.0,1.3106081,0.0,0.19392967
L00869,0,2.7709143,0.17190576,2.5885704,0.0,0.0,2.070557,0.8167813,3.6803896,0.0,0.0,1.410602,0.0,3.6351867,0.16186558,0.0,2.2195344,1.6618906,0.0,1.4239104,0.5777732,0.120986864,3.5991168,0.0,0.0,0.030964248,3.6203852,0.0,1.6266752,0.09057441,1.4333847,0.0,0.2221927
L00870,0,2.6955497,0.30071235,2.60455,0.0,0.0,1.8331952,0.85897434,3.4816256,0.0,0.0,1.4734303,0.0,3.3786457,0.0,0.0,2.2183368,1.7108212,0.0,1.3073621,0.6233729,0.0,3.28932,0.0,0.0,0.0,3.4002862,0.0,1.6345612,0.0,1.4232595,0.0,0.17357448
L00871,0,2.5839574,0.39794967,2.5308218,0.0,0.0,1.5860842,0.8079293,3.3566031,0.0,0.0,1.2436045,0.0,3.1989226,0.032676265,0.0,2.1571999,1.5917983,0.0,1.1671124,0.598842,0.030797139,3.1920867,0.0,0.0,0.0,3.1837182,0.0,1.5473912,0.0,1.4413335,0.0,0.19065514
L00872,0,3.059784,0.30800673,2.9756706,0.0,0.0,2.061216,0.93229055,3.9971428,0.0,0.0,1.5331122,0.0,3.8298326,0.06626426,0.0,2.4678829,1.8899534,0.0,1.4684715,0.6647983,0.016706735,3.7939262,0.0,0.0,0.005802542,3.834681,0.0,1.75681,0.012923658,1.6139348,0.0,0.2680029
L00873,0,2.6143894,0.40015048,2.490743,0.0,0.0,1.8132334,0.84326255,3.4267738,0.0,0.0,1.473972,0.0,3.2153378,0.0,0.0,2.2066042,1.7075207,0.0,1.3205168,0.6518439,0.0,3.2141786,0.0,0.0,0.0,3.3118963,0.0,1.6103069,0.0,1.444961,0.0,0.17976291
L00874,0,3.3100505,0.25880808,3.1719632,0.0,0.0,2.3574252,0.97524977,4.1984267,0.0,0.0,1.7070662,0.0,4.02882,0.1031407,0.0,2.4675295,2.0207224,0.0,1.5692766,0.6775951,0.026989564,4.081589,0.0,0.0,0.04371024,4.151823,0.0,1.8320293,0.0,1.5870328,0.0,0.23304829
L00875,0,2.3683846,0.3351493,2.2153852,0.0,0.0,1.6877624,0.7260189,3.0050838,0.0,0.0,1.245682,0.0,2.944104,0.09325512,0.0,1.799484,1.3971486,0.02417314,1.1539764,0.4861753,0.12212409,3.0720956,0.0,0.0,0.002750583,2.9758716,0.0,1.4372271,0.0344823,1.2532284,0.0,0.19265747
L00876,0,2.1218,0.46278232,2.036571,0.0,0.0,1.3567115,0.7210777,2.7058954,0.0,0.0,1.1662169,0.0,2.5271957,0.0,0.0,1.7959157,1.3787801,0.0,1.0252736,0.57134265,0.0,2.5277343,0.0,0.0,0.0,2.586564,0.0,1.3582854,0.0,1.2122023,0.0,0.15672466
L00877,0,3.0465295,0.29202262,2.8826315,0.0,0.0,2.0993829,0.9326434,3.825857,0.0,0.0,1.5763825,0.0,3.6224577,0.04382412,0.0,2.2920759,1.8845265,0.0,1.4391649,0.66817945,0.0,3.7041967,0.0,0.0,0.004064791,3.7517743,0.0,1.7242332,0.0,1.4899147,0.0,0.19922708
L00878,0,1.9690893,0.39466414,1.9113734,0.0,0.0,1.3192657,0.662299,2.6075995,0.0,0.0,1.0607963,0.0,2.4694064,0.0,0.0,1.6797678,1.2712975,0.0,1.0159945,0.5282705,0.0,2.435493,0.0,0.0,0.0,2.5097451,0.0,1.260502,0.0,1.1377037,0.0,0.17259346
L00879,0,2.2020335,0.39222506,2.12791,0.0,0.0,1.4929764,0.72822607,2.8552613,0.0,0.0,1.2026534,0.0,2.7247493,0.0,0.0,1.8486456,1.4328954,0.0,1.1044245,0.58390665,0.0,2.689326,0.0,0.0,0.0,2.748816,0.0,1.3977139,0.0,1.239186,0.0,0.18148054
L00880,0,2.412718,0.4899458,2.2751539,0.0,0.0,1.5441788,0.81337845,3.0363476,0.0,0.0,1.3064525,0.0,2.842899,0.0,0.0,2.0138752,1.53606,0.0,1.1271721,0.63000214,0.0,2.9146645,0.0,0.0,0.0,2.9298263,0.0,1.4955251,0.0,1.3413086,0.0,0.19907351
L00881,0,2.5468056,0.47118694,2.4185214,0.0,0.0,1.7032098,0.84851587,3.1631277,0.0,0.0,1.4144115,0.0,2.9646044,0.0,0.0,2.0878477,1.6468099,0.0,1.2032709,0.66310054,0.0,3.0853565,0.0,0.0,0.0,3.1516628,0.0,1.568197,0.0,1.3678908,0.0,0.17463472
L00882,0,3.0734758,0.07696718,3.0992603,0.0,0.0,2.32518,0.9646661,4.1137557,0.0,0.0,1.7817597,0.0,4.2169237,0.101252034,0.0,2.7759438,2.0595365,0.0,1.5768154,0.69883573,0.15831657,3.8816037,0.0,0.0,0.001111038,4.138451,0.0,1.9417856,0.0,1.6442904,0.0,0.07989503
L00883,0,2.685252,0.40070963,2.5112371,0.0,0.0,1.813769,0.8620534,3.4451616,0.0,0.0,1.4670122,0.0,3.1959748,0.0,0.0,2.1185505,1.7018894,0.0,1.3206787,0.6635049,0.0,3.325602,0.0,0.0,0.0,3.328229,0.0,1.5947244,0.0,1.4207609,0.0,0.24605876
L00884,0,2.6779053,0.44448084,2.4865654,0.0,0.0,1.7641318,0.87063503,3.3341887,0.0,0.0,1.4664031,0.0,3.1400962,0.0,0.0,2.1828945,1.6742938,0.0,1.2338886,0.64078116,0.0,3.2313368,0.0,0.0,0.0,3.241036,0.0,1.6100309,0.0,1.4250393,0.0,0.16876715
L00885,0,2.6535757,0.21146107,2.412093,0.0,0.0,1.9719377,0.91900873,3.339845,0.0,0.0,1.5705861,0.0,3.3717418,0.13177796,0.0,2.3209975,1.6715033,0.0,1.2807279,0.6420273,0.11536421,3.2956114,0.0,0.0,0.0,3.3790855,0.0,1.6503844,0.0,1.378587,0.0,0.017675944
L00886,0,2.413987,0.29520214,2.291767,0.0,0.0,1.5823494,0.6585187,3.16442,0.0,0.0,1.1853259,0.0,2.9781065,0.13677771,0.0,1.8644658,1.4332207,0.010106444,1.1539271,0.4986092,0.15558113,3.0089467,0.0,0.0,0.049212404,3.0479546,0.0,1.3684717,0.023365319,1.2443278,0.0,0.15678108
L00887,0,2.8350155,0.23151633,2.6385484,0.0,0.0,1.9556116,0.82427883,3.6820853,0.0,0.0,1.4956913,0.0,3.4800234,0.08863802,0.0,2.2140884,1.7361813,0.0,1.3724537,0.6111922,0.05573608,3.5451508,0.0,0.0,0.012171425,3.5706463,0.0,1.6142563,0.0,1.4246273,0.0,0.17725724
L00888,0,2.4836373,0.27950805,2.494866,0.0,0.0,1.6381828,0.81881213,3.30071,0.0,0.0,1.3393513,0.0,3.2425385,0.0,0.0,2.1836262,1.627372,0.0,1.204541,0.60568523,0.0,3.0462608,0.0,0.0,0.0,3.1657896,0.0,1.592486,0.0,1.3809173,0.0,0.144853
L00889,0,1.9831817,0.4782306,1.9014449,0.0,0.0,1.3063639,0.70627105,2.546017,0.0,0.0,1.1525799,0.0,2.3707554,0.0,0.0,1.7286102,1.3269991,0.0,0.99300414,0.5779925,0.0,2.384081,0.0,0.0,0.0,2.4356742,0.0,1.3219216,0.0,1.1580904,0.0,0.15354013
L00890,0,2.626431,0.38623613,2.4422894,0.0,0.0,1.8128761,0.83526695,3.4735572,0.0,0.0,1.3800637,0.0,3.3163502,0.0,0.0,2.226324,1.6492498,0.0,1.3003094,0.6172708,0.008315951,3.2651844,0.0,0.0,0.0,3.30376,0.0,1.6149899,0.0,1.4477692,0.0,0.21528783
L00891,0,2.7032015,0.3525342,2.6174383,0.0,0.0,1.817022,0.83850837,3.3790298,0.0,0.0,1.4598926,0.0,3.1161113,0.011881307,0.0,2.0795786,1.6937704,0.0,1.2636046,0.63283813,0.0,3.2925391,0.0,0.0,0.0045621395,3.2829676,0.0,1.519101,0.0,1.3727744,0.0,0.26491693
L00892,0,3.6580107,0.18249157,3.4307609,0.0,0.0,2.5148735,0.9513633,4.6081758,0.0,0.0,1.638587,0.0,4.4506426,0.41105026,0.0,2.595655,2.0549903,0.23260778,1.6245253,0.60776156,0.28740698,4.5536857,0.0,0.0,0.17392963,4.5594745,0.0,1.8471572,0.16152835,1.6480801,0.0,0.18912731
L00893,0,2.2358875,0.4146387,2.1979616,0.0,0.0,1.4709712,0.75924873,2.905627,0.0,0.0,1.2463589,0.0,2.7175539,0.0,0.0,1.883213,1.480871,0.0,1.110498,0.5997807,0.0,2.73408,0.0,0.0,0.0,2.7880435,0.0,1.4349432,0.0,1.2539656,0.0,0.17409398
L00894,0,2.112954,0.46276805,1.9891684,0.0,0.0,1.3666292,0.74259603,2.6564372,0.0,0.0,1.2114722,0.0,2.4820435,0.0,0.0,1.7760888,1.38388,0.0,1.0331571,0.58717304,0.0,2.4972107,0.0,0.0,0.0,2.5595975,0.0,1.3513207,0.0,1.1953124,0.0,0.15325889
L00895,0,2.8645797,0.3348238,2.749019,0.0,0.0,1.9559777,0.87488055,3.714297,0.0,0.0,1.5028906,0.0,3.5564158,0.006943807,0.0,2.3177516,1.7936189,0.0,1.3812902,0.654623,0.0,3.5394266,0.0,0.0,0.0,3.5847712,0.0,1.6752075,0.0,1.506247,0.0,0.23955366
L00896,0,2.6989782,0.29512852,2.6457052,0.0,0.0,1.8546278,0.81469405,3.357033,0.0,0.0,1.2850683,0.0,3.260234,0.14870532,0.0,2.036307,1.6338912,0.0,1.2315643,0.5790435,0.06687692,3.2892528,0.0,0.0,0.05277867,3.340085,0.0,1.4640751,0.009981245,1.3313134,0.0,0.23831657
L00897,0,2.6171954,0.33915547,2.5245144,0.0,0.0,1.7574404,0.7840557,3.2854204,0.0,0.0,1.3106531,0.0,3.1682773,0.1065761,0.0,1.9846126,1.5665716,0.023487747,1.205482,0.5451917,0.08725391,3.2224698,0.0,0.0,0.032553174,3.2176075,0.0,1.5090786,0.0,1.3383644,0.0,0.16427153
L00898,0,2.5084746,0.27108237,2.3974922,0.0,0.0,1.7344865,0.7685741,3.3242166,0.0,0.0,1.2779264,0.0,3.239014,0.06107016,0.0,2.0736923,1.5524164,0.0,1.2454069,0.55852526,0.048415214,3.1443791,0.0,0.0,0.0020699129,3.201806,0.0,1.5209341,0.0,1.3509395,0.0,0.17291367
L00899,0,2.9447877,0.28096068,2.9277525,0.0,0.0,2.0891314,0.9231396,3.9517367,0.0,0.0,1.6621902,0.0,3.889457,0.0,0.0,2.577808,1.9676069,0.0,1.4994295,0.69701314,0.0,3.6541553,0.0,0.0,0.0,3.8850026,0.0,1.847365,0.0,1.6140754,0.0,0.17391035
L00900,0,2.3197825,0.3968602,2.3125184,0.0,0.0,1.512626,0.8053858,2.9850204,0.0,0.0,1.2651867,0.0,2.8301513,0.0,0.0,1.9921831,1.5536535,0.0,1.1201758,0.6452067,0.0,2.8537388,0.0,0.0,0.0,2.882339,0.0,1.5101342,0.0,1.3014476,0.0,0.17276174
L00901,0,2.5726128,0.34153044,2.4101644,0.0,0.0,1.5790522,0.79302,3.2983043,0.0,0.0,1.239413,0.0,3.119857,0.0479884,0.0,2.0771208,1.5359436,0.0,1.1733714,0.5665536,0.0,3.1217887,0.0,0.0,0.012325384,3.1557798,0.0,1.47613,0.0,1.3709593,0.0,0.17772141
L00902,0,2.3293111,0.38819137,2.2586498,0.0,0.0,1.600369,0.7618191,3.076771,0.0,0.0,1.3231262,0.0,2.8854563,0.0,0.0,1.939829,1.5332781,0.0,1.2105842,0.60061055,0.0,2.8789043,0.0,0.0,0.0,2.9735398,0.0,1.4539847,0.0,1.3015823,0.0,0.19465989
L00903,0,2.837457,0.24279898,2.729036,0.0,0.0,2.0294497,0.8879633,3.826883,0.0,0.0,1.5896266,0.0,3.715492,0.0,0.0,2.411177,1.8380747,0.0,1.4681933,0.6508115,0.0,3.549749,0.0,0.0,0.0,3.6894455,0.0,1.7288767,0.0,1.533164,0.0,0.18484415
L00904,0,3.7427003,0.11187577,3.5390708,0.0,0.0,2.6126237,1.0458953,4.8367624,0.0,0.0,1.8954858,0.0,4.6995206,0.22026537,0.0,2.8794773,2.2567468,0.0665839,1.7502811,0.6836219,0.13662626,4.628968,0.0,0.0,0.07858714,4.71088,0.0,2.0594168,0.061463773,1.7980154,0.0,0.19934204
L00905,0,2.6029081,0.38909024,2.422428,0.0,0.0,1.719493,0.77364254,3.2660787,0.0,0.0,1.2826481,0.0,3.0614457,0.09888135,0.0,1.9878565,1.5386872,0.0,1.1899118,0.5651612,0.04888153,3.2242403,0.0,0.0,0.032243364,3.168869,0.0,1.4723364,0.0,1.3237791,0.0,0.1938371
L00906,0,2.512797,0.3373118,2.3417933,0.0,0.0,1.7395377,0.789616,3.3120153,0.0,0.0,1.3373188,0.0,3.139577,0.0,0.0,2.0538719,1.5674196,0.0,1.2806206,0.59110546,0.0,3.136642,0.0,0.0,0.0,3.1716738,0.0,1.5195917,0.0,1.362702,0.0,0.21746546
L00907,0,3.1900494,0.24334872,3.0701852,0.0,0.0,2.1668546,0.96244955,4.1843266,0.0,0.0,1.6598285,0.0,4.003179,0.02670084,0.0,2.521441,1.9970552,0.0,1.5439496,0.68230057,0.0,3.9403214,0.0,0.0,0.011130549,4.0230074,0.0,1.8409437,0.0,1.6256542,0.0,0.21985814
L00908,0,3.0214937,0.115442336,2.8508754,0.0,0.0,2.311145,0.855368,3.8832898,0.0,0.0,1.3837408,0.0,4.0596046,0.4073354,0.0,2.3558195,1.7466217,0.13638756,1.4825172,0.57606137,0.2998765,3.9608374,0.0,0.0,0.09958819,3.9611878,0.0,1.6857347,0.23589575,1.5055373,0.0,0.24931481
L00909,0,2.2200263,0.49800545,2.0831912,0.0,0.0,1.4695113,0.77123165,2.8540456,0.0,0.0,1.2778203,0.0,2.6429355,0.0,0.0,1.895116,1.4611858,0.0,1.1125755,0.6149254,0.0,2.6833544,0.0,0.0,0.0,2.75097,0.0,1.4293396,0.0,1.265388,0.0,0.18678749
L00910,0,2.2696128,0.39951456,2.1655643,0.0,0.0,1.5341312,0.7539553,2.9695082,0.0,0.0,1.2766156,0.0,2.7607014,0.0,0.0,1.8745986,1.4770057,0.0,1.1646223,0.5958586,0.0,2.7963476,0.0,0.0,0.0,2.8519835,0.0,1.414879,0.0,1.2637355,0.0,0.19737962
L00911,0,2.6086752,0.39388874,2.3988976,0.0,0.0,1.794902,0.88324594,3.255586,0.0,0.0,1.490975,0.0,3.080055,0.0,0.0,2.142103,1.653697,0.0,1.2670462,0.6548688,0.0,3.1710443,0.0,0.0,0.0,3.22164,0.0,1.5921565,0.0,1.3626746,0.0,0.17485462
L00912,0,2.600734,0.29973197,2.5407581,0.0,0.0,1.7620467,0.81378424,3.3483708,0.0,0.0,1.323646,0.0,3.205096,0.07341947,0.0,2.087882,1.6396775,0.0,1.2397366,0.609136,0.036303565,3.1594517,0.0,0.0,0.017594635,3.2363224,0.0,1.5420641,0.0,1.3461454,0.0,0.1550954
L00913,0,2.6326826,0.3183644,2.636685,0.0,0.0,1.8489624,0.8427533,3.5325954,0.0,0.0,1.4966317,0.0,3.4671772,0.0,0.0,2.3334212,1.7787371,0.0,1.3499496,0.65399045,0.0,3.25594,0.0,0.0,0.0,3.4734483,0.0,1.689764,0.0,1.4806113,0.0,0.15603091
L00914,0,2.6429505,0.37814537,2.519976,0.0,0.0,1.6213325,0.7209101,3.3733716,0.0,0.0,1.1567802,0.0,3.22261,0.2530185,0.0,2.0280507,1.452448,0.13228405,1.1541047,0.49820068,0.24468754,3.3331842,0.0,0.0,0.06801007,3.24581,0.0,1.4269062,0.12148401,1.3947833,0.0,0.2055653
L00915,0,2.7333288,0.30554196,2.687624,0.0,0.0,1.8880225,0.8632221,3.5624573,0.0,0.0,1.502687,0.0,3.4552526,0.0,0.0,2.2573392,1.7760245,0.0,1.3512106,0.64373505,0.0,3.3346927,0.0,0.0,0.0,3.474998,0.0,1.6767629,0.0,1.4577096,0.0,0.1764479
L00916,0,3.2639046,0.3232672,3.1997423,0.0,0.0,2.289353,1.032647,4.1354585,0.0,0.0,1.8264153,0.0,4.124262,0.0,0.0,2.8827155,2.1637356,0.0,1.5043273,0.7651926,0.0,3.9394405,0.0,0.0,0.0,4.1640153,0.0,2.0548446,0.0,1.7320728,0.0,0.057967305
L00917,0,3.0729115,0.17784029,2.9081535,0.0,0.0,2.164915,0.78558576,3.9649458,0.0,0.0,1.474705,0.0,3.8244033,0.30725932,0.0,2.2249892,1.8065574,0.15910804,1.4472749,0.54557586,0.28489256,3.876782,0.0,0.0,0.12107498,3.924707,0.0,1.6352884,0.09657636,1.4360266,0.0,0.17130603
L00918,0,2.0986903,0.49359012,1.9956269,0.0,0.0,1.3475757,0.724813,2.648238,0.0,0.0,1.1550965,0.0,2.4498239,0.0,0.0,1.7514434,1.3762476,0.0,1.0226457,0.58526105,0.0,2.5028863,0.0,0.0,0.0,2.561389,0.0,1.32851,0.0,1.1816032,0.0,0.18694514
L00919,0,2.5259016,0.32566938,2.413189,0.0,0.0,1.6822255,0.76589966,3.1783588,0.0,0.0,1.2571142,0.0,3.0413878,0.055476025,0.0,1.9495966,1.533855,0.0,1.1814836,0.5673705,0.017002374,3.0660524,0.0,0.0,0.0104611665,3.1056275,0.0,1.4413099,0.0,1.2904806,0.0,0.18522757
L00920,0,2.7218602,0.30302027,2.6286726,0.0,0.0,1.8956305,0.84806633,3.541282,0.0,0.0,1.4822496,0.0,3.3876731,0.0,0.0,2.2410996,1.740901,0.0,1.3448472,0.6235697,0.0,3.3693407,0.0,0.0,0.0,3.4254622,0.0,1.6433313,0.0,1.4470766,0.0,0.17859507
L00921,0,2.6292598,0.19326285,2.565018,0.0,0.0,1.900017,0.8203496,3.4649236,0.0,0.0,1.4954649,0.0,3.397691,0.035695776,0.0,2.2557063,1.7202716,0.0,1.3446717,0.6207895,0.059171826,3.2836845,0.0,0.0,0.0,3.411273,0.0,1.6317172,0.0,1.4002652,0.0,0.13125709
L00922,0,2.224408,0.28397852,2.0905282,0.0,0.0,1.6358212,0.72639644,2.9579442,0.0,0.0,1.1931069,0.0,2.9491832,0.04236336,0.0,1.9168454,1.4417814,0.0,1.1766672,0.57355535,0.061451033,2.8256884,0.0,0.0,0.0,2.9278164,0.0,1.4547572,0.0,1.2341784,0.0,0.1722951
L00923,0,2.5130317,0.36773977,2.3689923,0.0,0.0,1.734415,0.82072127,3.1119,0.0,0.0,1.3225949,0.0,2.980268,0.046973214,0.0,1.9662614,1.5608435,0.0,1.1845574,0.6001803,0.01031594,3.034482,0.0,0.0,0.005180247,3.1093025,0.0,1.4700632,0.0,1.2697818,0.0,0.17292655
L00924,0,2.9675906,0.29241014,2.9367075,0.0,0.0,1.9516529,0.9005766,3.879145,0.0,0.0,1.4307078,0.0,3.771101,0.08936383,0.0,2.4259758,1.8240728,0.0,1.3633852,0.63613963,0.012932166,3.6665828,0.0,0.0,0.037734084,3.7111878,0.0,1.6966438,0.009155929,1.56335,0.0,0.23237738
L00925,0,3.591553,0.035297573,3.4957252,0.0,0.0,2.4464395,0.83002937,4.644511,0.0,0.0,1.4788638,0.0,4.644045,0.5878102,0.0,2.6744626,2.0582044,0.32843733,1.5743349,0.57179636,0.4158417,4.4320097,0.0,0.0,0.25850576,4.6803846,0.0,1.7764134,0.25952476,1.6243262,0.0,0.11403173
L00926,0,2.5860808,0.23823476,2.4392679,0.0,0.0,1.6939481,0.75243616,3.321674,0.0,0.0,1.2922535,0.0,3.2202451,0.1338178,0.0,2.0573218,1.5607247,0.0023707151,1.204019,0.53594375,0.059810206,3.1741571,0.0,0.0,0.037513264,3.2448053,0.0,1.4694523,0.03455931,1.3412733,0.0,0.15604006
L00927,0,3.2974532,0.16026217,3.1569967,0.0,0.0,2.25776,0.80924284,4.151526,0.0,0.0,1.5196003,0.0,4.0767074,0.39285088,0.0,2.3603363,1.8898962,0.23433393,1.4628024,0.5314224,0.2877174,4.101082,0.0,0.0,0.16889274,4.148234,0.0,1.6645654,0.15305513,1.5237896,0.0,0.18165141
L00928,0,3.0267272,0.079194486,3.3474426,0.0,0.0,2.2004173,0.9758072,4.3279653,0.0,0.0,1.7112033,0.0,4.432447,0.017553106,0.0,2.9328527,2.1654086,0.0,1.5469325,0.7348882,0.0,3.8562799,0.0,0.0,0.0016570911,4.1724405,0.0,2.094483,0.0,1.7182448,0.0,0.1341623
L00929,0,2.9021049,0.40476182,2.7215843,0.0,0.0,1.8360869,0.87001705,3.7336285,0.0,0.0,1.3991288,0.0,3.5571678,0.067983136,0.0,2.3673337,1.7094318,0.0,1.2864456,0.6074542,0.047016233,3.5985188,0.0,0.0,0.0049059987,3.4852781,0.0,1.6837807,0.0,1.5718575,0.0,0.22964539
L00930,0,2.92878,0.16533038,3.069275,0.0,0.0,2.0662498,0.9258007,3.9170399,0.0,0.0,1.5917431,0.0,4.0365896,0.054889098,0.0,2.7371488,1.9873239,0.0,1.41009,0.68359834,0.043310016,3.6153808,0.0,0.0,0.0,3.8769155,0.0,1.9207602,0.0,1.6362808,0.0,0.06451206
L00931,0,3.3041217,0.34870446,3.0757332,0.0,0.0,2.238859,0.9722707,4.167143,0.0,0.0,1.7062491,0.0,3.924219,0.06655975,0.0,2.4619472,1.9619279,0.0,1.5084615,0.6776142,0.0,4.1343136,0.0,0.0,0.023647614,4.0335574,0.0,1.8370701,0.0044870675,1.6400676,0.0,0.2722593
L00932,0,3.0130465,0.40021497,2.8904011,0.0,0.0,2.0589747,0.9551054,3.7972214,0.0,0.0,1.6413871,0.0,3.6183913,0.0,0.0,2.442655,1.9279042,0.0,1.4150693,0.71510893,0.0,3.6663327,0.0,0.0,0.0,3.7666464,0.0,1.8022815,0.0,1.5701983,0.0,0.18898584
L00933,0,3.2405214,0.15934134,3.1374261,0.0,0.0,2.2466052,0.87536705,4.3411527,0.0,0.0,1.6107905,0.0,4.132012,0.16428445,0.0,2.4879057,1.9664738,0.029871106,1.5894763,0.6146649,0.13536213,4.0826387,0.0,0.0,0.07032149,4.1749353,0.0,1.776065,0.067800164,1.615756,0.0,0.21724273
L00934,0,2.6414473,0.30707586,2.572941,0.0,0.0,1.7821476,0.7884817,3.4470522,0.0,0.0,1.3152486,0.0,3.3500183,0.07528283,0.0,2.128345,1.6556728,0.0,1.251832,0.61199963,0.054323375,3.259068,0.0,0.0,0.026228495,3.3609447,0.0,1.5770458,0.0,1.3801289,0.0,0.17405044
L00935,0,3.0536752,0.10037792,2.8627658,0.0,0.0,2.291393,0.85649097,4.082704,0.0,0.0,1.5386544,0.0,3.9946935,0.21865152,0.0,2.342201,1.7924888,0.01866725,1.5592847,0.56925803,0.1565743,3.9888034,0.0,0.0,0.059805073,3.9710612,0.0,1.7247243,0.1390746,1.5313632,0.0,0.25274396
L00936,0,2.4805615,0.34430316,2.392368,0.0,0.0,1.6731919,0.78459406,3.252165,0.0,0.0,1.308751,0.0,3.0965602,0.0,0.0,2.027579,1.5799352,0.0,1.2321903,0.605258,0.0,3.0719461,0.0,0.0,0.0,3.1240673,0.0,1.5129586,0.0,1.3495849,0.0,0.21287243
L00937,0,2.9126112,0.09808135,2.9764385,0.0,0.0,2.133838,0.88647234,3.8874707,0.0,0.0,1.6365271,0.0,3.9895322,0.124431625,0.0,2.6223207,1.959997,0.0,1.4508824,0.66365224,0.19016959,3.6517732,0.0,0.0,0.0039979294,3.8944874,0.0,1.8512759,0.0,1.563801,0.0,0.05214695
L00938,0,3.4383404,0.1898225,3.3857243,0.0,0.0,2.5347278,1.0698858,4.526062,0.0,0.0,1.9736652,0.0,4.5676107,0.054241166,0.0,3.0452936,2.2723126,0.0,1.6976776,0.7845094,0.04176724,4.303979,0.0,0.0,0.0,4.58755,0.0,2.1090798,0.0,1.8256977,0.0,0.113869
L00939,0,2.7332797,0.4112314,2.5998921,0.0,0.0,1.8360457,0.87463284,3.482419,0.0,0.0,1.4780915,0.0,3.268687,0.0,0.0,2.1664531,1.7225956,0.0,1.311228,0.6513462,0.0,3.345879,0.0,0.0,0.0,3.3642058,0.0,1.6269132,0.0,1.4429816,0.0,0.2362754
L00940,0,2.4261687,0.2686677,2.3395913,0.0,0.0,1.5218426,0.66605556,3.1709435,0.0,0.0,1.1209092,0.0,3.019873,0.15403225,0.0,1.9278481,1.490126,0.00492841,1.1178031,0.5410113,0.12369795,2.9514081,0.0,0.0,0.07098917,3.083778,0.0,1.3846543,0.03017664,1.2384849,0.0,0.108282596
L00941,0,2.4144957,0.31322247,2.358851,0.0,0.0,1.7017235,0.78844213,3.2699878,0.0,0.0,1.3773869,0.0,3.150915,0.0,0.0,2.0973504,1.6061056,0.0,1.2755468,0.6061442,0.0,3.0033002,0.0,0.0,0.0,3.1300902,0.0,1.5478063,0.0,1.3532188,0.0,0.18877402
L00942,0,1.592885,0.3609609,1.6508851,0.0,0.0,1.054455,0.6068921,2.2100365,0.0,0.0,0.9543514,0.0,2.0988228,0.0,0.0,1.51029,1.1465143,0.0,0.86935025,0.53021073,0.0,1.998949,0.0,0.0,0.0,2.050517,0.0,1.1905657,0.0,1.0037577,0.0,0.14541066
L00943,0,2.3503644,0.47165328,2.24685,0.0,0.0,1.5056127,0.75334084,2.9165864,0.0,0.0,1.2270489,0.0,2.8119404,0.0,0.0,1.9020151,1.4320483,0.0,1.0717666,0.58693427,0.0,2.9358249,0.0,0.0,0.0,2.8012962,0.0,1.439596,0.0,1.3332858,0.0,0.24801591
L00944,0,3.549989,0.2956506,3.3273826,0.0,0.0,2.3862448,1.000949,4.548731,0.0,0.0,1.7771196,0.0,4.304399,0.1055931,0.0,2.6892278,2.116871,0.006532401,1.6288176,0.67559326,0.031766936,4.3940897,0.0,0.0,0.043053858,4.3954263,0.0,1.9538976,0.0499852,1.7438307,0.0,0.24644318
L00945,0,2.5331497,0.30015787,2.4792464,0.0,0.0,1.706335,0.79675806,3.3260798,0.0,0.0,1.3623832,0.0,3.1988919,0.0,0.0,2.1183639,1.6382301,0.0,1.2462687,0.60430026,0.0,3.094669,0.0,0.0,0.0043450817,3.226091,0.0,1.5516541,0.0,1.3584337,0.0,0.149052
L00946,0,3.3795094,0.31624928,3.15612,0.0,0.0,2.341619,1.0255009,4.2604146,0.0,0.0,1.7948325,0.0,3.9698575,0.001028195,0.0,2.5112405,2.0613992,0.0,1.5929489,0.72695386,0.0,4.171706,0.0,0.0,0.0,4.144796,0.0,1.8702675,0.0,1.6447654,0.0,0.28721678
L00947,0,2.6510105,0.38128778,2.510925,0.0,0.0,1.7768875,0.8496709,3.397684,0.0,0.0,1.4140797,0.0,3.1993685,0.0,0.0,2.1175644,1.6713662,0.0,1.2853973,0.6505302,0.0,3.255137,0.0,0.0,0.0,3.2742653,0.0,1.5911655,0.0,1.405165,0.0,0.22012578
L00948,0,3.042471,0.2634194,2.9099483,0.0,0.0,2.1919131,0.90932214,4.0063753,0.0,0.0,1.6374978,0.0,3.832722,0.015999272,0.0,2.4178157,1.9367079,0.0,1.5364652,0.68370533,0.0,3.8046265,0.0,0.0,0.0034541562,3.913713,0.0,1.7764971,0.0,1.5614328,0.0,0.22253707
L00949,0,2.2650259,0.4850477,2.1248589,0.0,0.0,1.4130402,0.7776762,2.825826,0.0,0.0,1.2238971,0.0,2.6340797,0.0,0.0,1.8943043,1.4421129,0.0,1.0573275,0.5955895,0.0,2.6779146,0.0,0.0,0.0,2.7222667,0.0,1.4149227,0.0,1.2590557,0.0,0.16999163
L00950,0,2.2196035,0.41897207,2.1927192,0.0,0.0,1.5000519,0.77585554,2.9145885,0.0,0.0,1.2997559,0.0,2.8023555,0.0,0.0,1.9874097,1.5152824,0.0,1.1229392,0.6278176,0.0,2.7226722,0.0,0.0,0.0,2.8465133,0.0,1.4783583,0.0,1.2868626,0.0,0.15306103
L00951,0,2.2790565,0.4129607,2.191643,0.0,0.0,1.5431377,0.7680588,2.9539707,0.0,0.0,1.2860605,0.0,2.7904084,0.0,0.0,1.9349152,1.5055177,0.0,1.1426039,0.6272248,0.0,2.8204396,0.0,0.0,0.0,2.8689542,0.0,1.4581178,0.0,1.2755108,0.0,0.19507438
L00952,0,2.809407,0.44401324,2.6394753,0.0,0.0,1.8753799,0.9231678,3.563754,0.0,0.0,1.5283798,0.0,3.2742507,0.0,0.0,2.211849,1.791167,0.0,1.3451056,0.6972638,0.0,3.439662,0.0,0.0,0.0,3.4171228,0.0,1.6714247,0.0,1.4720175,0.0,0.25556862
L00953,0,2.6776023,0.41787434,2.6186154,0.0,0.0,1.7885939,0.88456404,3.4815764,0.0,0.0,1.4804833,0.0,3.3600705,0.0,0.0,2.334942,1.773943,0.0,1.2933404,0.6780234,0.0,3.2554097,0.0,0.0,0.0,3.399572,0.0,1.7120415,0.0,1.4902322,0.0,0.16574816
L00954,0,2.8624027,0.17013347,2.6908803,0.0,0.0,1.9995402,0.7976355,3.7083604,0.0,0.0,1.360565,0.0,3.695451,0.25086987,0.0,2.2435021,1.6390101,0.08378363,1.3538342,0.51668733,0.1336148,3.6437302,0.0,0.0,0.07281954,3.6229372,0.0,1.5811958,0.15515906,1.4797673,0.0,0.2052847
L00955,0,2.3239841,0.31020063,2.1729856,0.0,0.0,1.5398322,0.7198262,3.0981264,0.0,0.0,1.1939628,0.0,2.9356966,0.016087696,0.0,1.9019917,1.4660536,0.0,1.1744885,0.55273384,0.034916386,2.8806741,0.0,0.0,0.0,2.9303946,0.0,1.4260296,0.0,1.2670205,0.0,0.17496769
L00956,0,2.336514,0.35192913,2.201286,0.0,0.0,1.5857118,0.74206674,3.0966942,0.0,0.0,1.1374737,0.0,3.0207326,0.03654562,0.0,1.9883419,1.4387406,0.0,1.1577777,0.5670373,0.0,2.9376748,0.0,0.0,0.0,2.9599233,0.0,1.4564315,0.0,1.3100742,0.0,0.2230824
L00957,0,2.6917381,0.2324056,2.5513864,0.0,0.0,1.8525679,0.78304935,3.4664166,0.0,0.0,1.3753173,0.0,3.2785423,0.116774574,0.0,2.0158143,1.64976,0.0,1.3108706,0.57757366,0.09036903,3.3093698,0.0,0.0,0.04717254,3.3804255,0.0,1.5134695,0.0,1.3110199,0.0,0.1871092
L00958,0,2.703421,0.30705658,2.611615,0.0,0.0,1.8827647,0.83017266,3.5177553,0.0,0.0,1.4638081,0.0,3.3649065,0.0,0.0,2.2101023,1.7469018,0.0,1.3388555,0.6351203,0.0,3.3271716,0.0,0.0,0.0,3.4228525,0.0,1.6230056,0.0,1.4260862,0.0,0.18176313
L00959,0,2.1943347,0.33070618,2.1654608,0.0,0.0,1.5083077,0.7097349,2.8621101,0.0,0.0,1.1849936,0.0,2.7563596,0.0,0.0,1.8506516,1.4221437,0.0,1.1125304,0.5588726,0.0,2.7123406,0.0,0.0,0.0,2.7898192,0.0,1.3759574,0.0,1.222734,0.0,0.17014828
L00960,0,1.766753,0.5067369,1.7437637,0.0,0.0,1.1159034,0.7150452,2.2658136,0.0,0.0,1.0846186,0.0,2.0830863,0.0,0.0,1.6169816,1.2581086,0.0,0.87993616,0.62262654,0.0,2.1466987,0.0,0.00401257,0.0,2.11768,0.0,1.2715245,0.0,1.0823321,0.0,0.18499385
L00961,0,2.1355538,0.39773613,2.0502918,0.0,0.0,1.4583187,0.72788775,2.7063165,0.0,0.0,1.2159872,0.0,2.5427797,0.0,0.0,1.7407001,1.3877026,0.0,1.0650475,0.580739,0.0,2.59185,0.0,0.0,0.0,2.64329,0.0,1.3210406,0.0,1.1726646,0.0,0.18025498
L00962,0,2.9536653,0.21163794,2.8015523,0.0,0.0,2.051761,0.80939674,3.8520055,0.0,0.0,1.3780835,0.0,3.809827,0.26888412,0.0,2.3191702,1.6822101,0.11845717,1.3808825,0.5266581,0.20625101,3.7704532,0.0,0.0,0.064095594,3.7331147,0.0,1.6477987,0.14527562,1.5343478,0.0,0.20513031
L00963,0,2.1648552,0.46795666,2.094684,0.0,0.0,1.3864722,0.7676687,2.796708,0.0,0.0,1.2097759,0.0,2.5793736,0.0,0.0,1.841516,1.4331468,0.0,1.0573077,0.6182065,0.0,2.6528256,0.0,0.0,0.0,2.648932,0.0,1.4074699,0.0,1.2314687,0.0,0.20091943
L00964,0,2.4379518,0.4179409,2.2582273,0.0,0.0,1.6584579,0.8152456,3.1144426,0.0,0.0,1.3823885,0.0,2.8990538,0.0,0.0,1.9938205,1.5570269,0.0,1.2166376,0.6243899,0.0,2.9919243,0.0,0.0,0.0,3.0312948,0.0,1.4895502,0.0,1.316699,0.0,0.20129712
L00965,0,3.3101828,0.24151656,3.0854545,0.0,0.0,2.3099093,0.9398477,4.266705,0.0,0.0,1.6690903,0.0,4.060559,0.13539879,0.0,2.509882,1.9765011,0.0,1.5677323,0.6483741,0.041554257,4.158859,0.0,0.0,0.0431199,4.1329594,0.0,1.8387156,0.04509151,1.6214132,0.0,0.23610274
L00966,0,3.0613852,0.35978,2.8339796,0.0,0.0,2.0518427,0.9367945,3.7811253,0.0,0.0,1.6166103,0.0,3.5399897,0.04981585,0.0,2.3624904,1.8483028,0.0,1.3633921,0.665403,0.0,3.7485485,0.0,0.0,0.0,3.686759,0.0,1.732156,0.0,1.5261605,0.0,0.22929673
L00967,0,3.2521951,0.33500764,3.4069076,0.0,0.0,2.0369503,0.8835126,4.4231796,0.0,0.0,1.430442,0.0,4.3908725,0.4432479,0.0,2.766842,1.8784873,0.33692396,1.4169495,0.58211744,0.54287004,4.2210984,0.0,0.0,0.022915296,4.074655,0.0,1.8882822,0.2652573,1.9199495,0.0,0.33543003
L00968,0,2.9987187,0.29813573,2.8847675,0.0,0.0,2.1163654,0.92116165,3.8869555,0.0,0.0,1.6269478,0.0,3.6812422,0.0,0.0,2.3722398,1.9118491,0.0,1.4787669,0.6872121,0.0,3.720346,0.0,0.0,0.0,3.7889214,0.0,1.749206,0.0,1.5377293,0.0,0.2336382
L00969,0,3.3757074,0.3559447,3.2664149,0.0,0.0,2.1684186,0.9979687,4.1628547,0.0,0.0,1.5592053,0.0,3.9616015,0.16959031,0.0,2.5876312,1.9982626,0.0,1.4700563,0.69154906,0.045347407,4.1011558,0.0,0.0,0.062318824,4.1090617,0.0,1.7691872,0.11536437,1.66574,0.0,0.28374428
L00970,0,1.7165205,0.38695678,1.8022063,0.0,0.0,1.0231869,0.6817117,2.3877826,0.0,0.0,0.9543822,0.0,2.2463515,0.0,0.0,1.7149413,1.2085701,0.0,0.8358294,0.5637959,0.0,2.1372445,0.0,0.014132038,0.0,2.1159182,0.0,1.3109192,0.0,1.0967627,0.0,0.111983016
L00971,0,2.0454643,0.4992611,1.9911833,0.0,0.0,1.2896734,0.7274584,2.6159427,0.0,0.0,1.1698015,0.0,2.4338055,0.0,0.0,1.7707092,1.3736289,0.0,0.9913338,0.59246063,0.0,2.442587,0.0,0.0,0.0,2.5167727,0.0,1.3630579,0.0,1.1835029,0.0,0.15825507
L00972,0,3.0611637,0.26126957,2.9629588,0.0,0.0,2.1213193,0.8799002,3.800382,0.0,0.0,1.5696733,0.0,3.5671873,0.17751445,0.0,2.2592545,1.8527534,0.005540848,1.3686762,0.63655365,0.060541138,3.7806063,0.0,0.0,0.04461924,3.7363863,0.0,1.6344328,0.009670347,1.469549,0.0,0.2600835
L00973,0,2.817007,0.43619978,2.65737,0.0,0.0,1.9255174,0.9154879,3.5658758,0.0,0.0,1.588765,0.0,3.387718,0.0,0.0,2.3744154,1.8303572,0.0,1.3424065,0.695708,0.0,3.406619,0.0,0.0,0.0,3.5310192,0.0,1.7202619,0.0,1.5187201,0.0,0.13882129
L00974,0,2.5211077,0.4046105,2.313817,0.0,0.0,1.7479072,0.8325095,3.2602842,0.0,0.0,1.383519,0.0,3.0759113,0.0,0.0,2.0525513,1.6093316,0.0,1.278311,0.64812434,0.0,3.1094103,0.0,0.0,0.0,3.145903,0.0,1.547714,0.0,1.3688833,0.0,0.23220472
L00975,0,2.7227092,0.32142714,2.5871136,0.0,0.0,1.8710027,0.8504634,3.5936782,0.0,0.0,1.4534647,0.0,3.4297774,0.0,0.0,2.275487,1.7259798,0.0,1.3536286,0.6205132,0.0,3.3687768,0.0,0.0,0.0,3.4298034,0.0,1.6437402,0.0,1.4762976,0.0,0.19801095
L00976,0,3.4607003,0.27024052,3.254999,0.0,0.0,2.4100611,1.0196894,4.409525,0.0,0.0,1.7989699,0.0,4.1949244,0.070062116,0.0,2.6529777,2.109695,0.0,1.6390197,0.71219385,0.0,4.2761836,0.0,0.0,0.02145312,4.3261676,0.0,1.9267014,0.0,1.6938305,0.0,0.23577459
L00977,0,2.5341947,0.27505767,2.5885987,0.0,0.0,1.7397476,0.7991558,3.4058485,0.0,0.0,1.3686373,0.0,3.3344839,0.0,0.0,2.1773007,1.6967566,0.0,1.2717497,0.63285697,0.0,3.1530745,0.0,0.0,0.0,3.294962,0.0,1.6020702,0.0,1.4023676,0.0,0.17505032
L00978,0,3.9017732,0.0,3.679266,0.0,0.13413812,2.8377295,0.70761096,4.9388485,0.0,0.0,1.4699854,0.0,4.9773064,1.0884476,0.0,2.4634159,2.0505455,0.78546536,1.7068276,0.41648412,0.98439014,5.0083957,0.09939653,0.0,0.44086826,5.1248555,0.15871564,1.7021555,0.4793023,1.469485,0.0,0.047171228
L00979,0,2.6682508,0.4229298,2.452918,0.0,0.0,1.8427316,0.8573947,3.4079878,0.0,0.0,1.4663738,0.0,3.189743,0.0,0.0,2.1423872,1.6796871,0.0,1.3083861,0.6579572,0.0,3.276922,0.0,0.0,0.0,3.300561,0.0,1.5988501,0.0,1.4201599,0.0,0.2304045
L00980,0,1.8407223,0.4924869,1.737284,0.0,0.0,1.1474748,0.7058656,2.2010412,0.0,0.0,1.085011,0.0,2.0920756,0.0,0.0,1.6056882,1.2110294,0.0,0.8334028,0.5774597,0.0,2.14988,0.0,0.04116018,0.0,2.1598763,0.0,1.2355756,0.0,1.0330285,0.0,0.12466632
L00981,0,2.9196045,0.15585005,2.7435088,0.0,0.0,2.0155742,0.72700274,3.8338075,0.0,0.0,1.442665,0.0,3.7115068,0.31667417,0.0,2.1153688,1.645894,0.2173329,1.3518043,0.4335304,0.36468184,3.807475,0.0,0.0,0.085321404,3.7490964,0.0,1.5965986,0.19086629,1.4336715,0.0,0.1595825
L00982,0,2.8155744,0.17262447,2.668508,0.0,0.0,1.975375,0.7723961,3.582481,0.0,0.0,1.5070649,0.0,3.424318,0.18573879,0.0,2.1013045,1.7441709,0.056405902,1.3374808,0.5573327,0.13835649,3.4942827,0.0,0.0,0.076021604,3.5565963,0.0,1.5701491,0.032007873,1.3550975,0.0,0.16363516
L00983,0,2.8782198,0.27356502,2.7309911,0.0,0.0,2.0228517,0.8619753,3.8110392,0.0,0.0,1.3897423,0.0,3.7455602,0.0940917,0.0,2.3692386,1.7669497,0.0,1.4207776,0.6379554,0.006302193,3.6077251,0.0,0.0,0.019198872,3.6829944,0.0,1.701384,0.028065443,1.5274553,0.0,0.24253993
L00984,0,3.1503356,0.019268274,3.2645373,0.0,0.0,2.396694,0.9512937,4.356272,0.0,0.0,1.8222733,0.0,4.4814982,0.08076815,0.0,2.8762782,2.1478193,0.0,1.663274,0.7021861,0.14200588,4.018598,0.0,0.0,0.025610812,4.371752,0.0,1.986568,0.0,1.7154927,0.0,0.116394624
L00985,0,2.7547333,0.08451158,2.806648,0.0,0.0,1.7413989,0.7076416,3.7168443,0.0,0.0,1.2910774,0.0,3.828417,0.30231547,0.0,2.4524744,1.7603585,0.07941735,1.2306455,0.5400558,0.35087407,3.3372037,0.0,0.0,0.0844124,3.6889677,0.0,1.670482,0.050879747,1.4636953,0.0,0.0
L00986,0,2.4771905,0.42363492,2.300344,0.0,0.0,1.6763321,0.8060709,3.151128,0.0,0.0,1.3510119,0.0,2.931341,0.0,0.0,2.004922,1.5653853,0.0,1.2119584,0.61570644,0.0,3.01416,0.0,0.0,0.0,3.0324707,0.0,1.5126468,0.0,1.3355019,0.0,0.19613394
L00987,0,2.6977346,0.02547884,2.542827,0.0,0.0,2.269566,0.7473451,3.7098253,0.0,0.0,1.1729121,0.0,4.0522923,0.49819845,0.0,2.1493165,1.5257006,0.22952849,1.5080521,0.4697965,0.47879982,3.8842134,0.0,0.0,0.14224389,3.882115,0.0,1.5998874,0.3856107,1.3938792,0.0,0.21377853
L00988,0,2.206303,0.4425219,2.1291776,0.0,0.0,1.4577491,0.7541723,2.8070354,0.0,0.0,1.2305284,0.0,2.6275477,0.0,0.0,1.8293107,1.4546347,0.0,1.0887547,0.60759294,0.0,2.6700482,0.0,0.0,0.0,2.728662,0.0,1.4002067,0.0,1.2321224,0.0,0.17551506
L00989,0,2.035382,0.46566728,1.8739996,0.0,0.0,1.3410696,0.7170118,2.565408,0.0,0.0,1.1867994,0.0,2.3483703,0.0,0.0,1.6850183,1.3220568,0.0,1.026685,0.5718528,0.0,2.435787,0.0,0.0,0.0,2.4650354,0.0,1.2827486,0.0,1.1546541,0.0,0.16598305
L00990,0,3.5468316,0.0,3.4207146,0.0,0.0,2.5586283,0.75219274,4.6350894,0.0,0.0,1.5541016,0.0,4.561981,0.72808725,0.0,2.4485078,2.0121012,0.39742988,1.6081893,0.5016402,0.6507,4.5173774,0.0,0.0,0.2875911,4.651358,0.0,1.686736,0.33419913,1.4828477,0.0,0.15929507
L00991,0,2.634484,0.405487,2.4924939,0.0,0.0,1.801732,0.8432543,3.402717,0.0,0.0,1.4362937,0.0,3.2200952,0.0,0.0,2.1632824,1.6897448,0.0,1.3069241,0.6468049,0.0,3.2272782,0.0,0.0,0.0,3.3220177,0.0,1.6014785,0.0,1.4214692,0.0,0.20790225
L00992,0,2.7768428,0.29518074,2.628858,0.0,0.0,1.8667417,0.81869507,3.5133662,0.0,0.0,1.4169871,0.0,3.397817,0.11020918,0.0,2.1464055,1.6661242,0.0,1.2775705,0.5673548,0.08776079,3.4504273,0.0,0.0,0.031914167,3.444294,0.0,1.5843086,0.001981318,1.4037111,0.0,0.19880112
L00993,0,3.176249,0.07684189,3.0623612,0.0,0.0,2.247579,0.71510386,4.0865183,0.0,0.0,1.3186059,0.0,4.0011463,0.5605338,0.0,2.1808598,1.785482,0.34847766,1.4472322,0.49290824,0.4660176,3.9845824,0.0,0.0,0.2503637,4.118138,0.0,1.544025,0.2203247,1.3725989,0.0,0.11733295
L00994,0,2.6521096,0.38415948,2.4040968,0.0,0.0,1.7783355,0.8389927,3.4098547,0.0,0.0,1.3657707,0.0,3.2316954,0.019298688,0.0,2.1406202,1.5959067,0.0,1.2595745,0.5865107,0.0,3.294463,0.0,0.0,0.0,3.2338858,0.0,1.5861773,0.0,1.4239967,0.0,0.22299103
L00995,0,3.1450803,0.059782743,2.933375,0.0,0.0,2.1973593,0.72642756,3.9900515,0.0,0.0,1.4009012,0.0,3.9299781,0.53511375,0.0,2.190299,1.7639086,0.34784746,1.4337854,0.47453642,0.48619848,3.9853451,0.0,0.0,0.21336871,4.062133,0.0,1.5772483,0.22429365,1.3627094,0.0,0.09519915
L00996,0,2.7490697,0.3251824,2.5508623,0.0,0.0,1.8822949,0.81812096,3.5564647,0.0,0.0,1.3729471,0.0,3.3735287,0.044473186,0.0,2.1481178,1.6705973,0.0,1.3465984,0.60985076,0.0,3.3969848,0.0,0.0,0.011642501,3.4414005,0.0,1.5765706,0.0,1.4176664,0.0,0.22871394
L00997,0,2.0180001,0.32399297,1.9077137,0.0,0.0,1.2861975,0.6268178,2.6200306,0.0,0.0,0.9590268,0.0,2.5563233,0.08499496,0.0,1.7073401,1.2126951,0.0,0.978622,0.4808553,0.054024637,2.459794,0.0,0.0,0.010359459,2.542666,0.0,1.2247752,0.0,1.1291542,0.0,0.11944665
L00998,0,3.0037587,0.18374944,2.8819838,0.0,0.0,2.1757052,0.870733,3.789142,0.0,0.0,1.4147253,0.0,3.795223,0.31384724,0.0,2.2488866,1.7545311,0.115482986,1.4140601,0.5768487,0.26602542,3.779733,0.0,0.0,0.09211693,3.8404756,0.0,1.6386547,0.09800777,1.4334097,0.0,0.20360714
L00999,0,2.97657,0.29127684,2.8382936,0.0,0.0,2.088472,0.9377626,3.8133488,0.0,0.0,1.6311721,0.0,3.6517344,0.0047507137,0.0,2.3970869,1.8908876,0.0,1.455786,0.679095,0.0,3.653841,0.0,0.0,0.0023257807,3.743806,0.0,1.7546196,0.0,1.520474,0.0,0.20207417
L01000,0,3.1507993,0.27855936,3.0839002,0.0,0.0,2.1574552,0.97533655,3.9765477,0.0,0.0,1.5530868,0.0,3.8753953,0.101278916,0.0,2.4922044,1.9524411,0.0,1.4423573,0.6856961,0.00040854514,3.833184,0.0,0.0,0.022001185,3.9242935,0.0,1.7992079,0.0,1.5814977,0.0,0.18579489
M00001,1,0.24255902,0.24723235,0.39774293,0.0,2.099857,0.0,0.0,0.78738403,1.29499,1.0830674,0.0,0.9636671,0.0,1.8319411,1.9042463,0.0,0.0,1.6489048,0.059440315,0.0,2.2279081,0.33636448,1.9467828,0.40087977,0.37502462,0.7249445,1.92707,0.0,1.6520485,0.084506094,1.2171836,0.0
M00002,1,0.29037055,0.12264317,0.7429268,0.0,2.4212763,0.0,0.0,0.8875762,1.5349798,1.3186953,0.0,1.1770612,0.0,2.0652113,2.2399225,0.0,0.0,1.9510721,0.08228597,0.0,2.5306785,0.33750904,2.2255206,0.3851918,0.46465558,0.6557486,2.2182984,0.0,1.9504687,0.090195835,1.4712992,0.0
M00003,1,0.15482822,0.13755393,0.5009332,0.0,2.447695,0.0,0.0,0.90141416,1.5353857,1.3118265,0.0,1.1800444,0.0,2.119956,2.211614,0.0,0.0,1.9068979,0.045974135,0.0,2.5971365,0.35869575,2.2994506,0.41095412,0.42870182,0.7864694,2.221353,0.0,1.9604183,0.015172601,1.3619888,0.0
M00004,1,0.0914906,0.00070023537,0.48385337,0.0,2.6960425,0.0,0.0,0.7745511,1.7114437,1.4108281,0.0,1.323771,0.0,2.2913692,2.6267273,0.0,0.0,2.1400437,0.0,0.0,2.8200839,0.21762946,2.558482,0.36772737,0.5500342,0.6634314,2.5623615,0.0,2.1299968,0.0,1.6073921,0.0
M00005,1,0.5157387,0.099936604,1.0779964,0.0,1.1471294,0.0,0.29106918,0.96578586,0.8567952,0.6116767,0.32839566,0.60170144,0.1779304,1.0063924,1.0411787,0.36029315,0.2943425,0.9842999,0.3038862,0.27123612,1.2188908,0.65406215,1.0657585,0.16899596,0.25513867,0.4019193,1.1518133,0.3912295,0.93956316,0.43164676,0.73136455,0.11668818
M00006,1,0.0,0.0,0.8431988,0.0,4.8807015,0.0,0.0,0.56704205,3.4505155,2.2097628,0.0,2.3707943,0.0,4.068161,4.9185066,0.0,0.0,3.9255028,0.0,0.0,4.564751,0.0,4.598647,0.0,1.1720127,0.084623575,4.670952,0.0,3.6282067,0.0,3.835403,0.0
M00007,1,0.10601854,0.11833912,0.5023003,0.0,2.307724,0.0,0.0,0.7135589,1.4639121,1.2050638,0.0,1.0867239,0.0,2.0006506,2.079579,0.0,0.0,1.8470055,0.053516313,0.0,2.4147377,0.30726218,2.100804,0.3408121,0.38131937,0.65741074,2.0813406,0.0,1.8257843,0.035765648,1.4375017,0.0
M00008,1,0.0,0.0,1.2011557,0.0,5.559574,0.0,0.0,0.6135777,4.039154,2.5103989,0.0,2.8390448,0.0,4.685739,5.828612,0.0,0.0,4.632042,0.0,0.0,5.0425315,0.0,5.293604,0.0,1.5164632,0.0,5.266446,0.0,4.231928,0.0,4.7369347,0.0
M00009,1,0.38235357,0.16211313,0.87365454,0.0,2.526022,0.0,0.0,1.1395106,1.6040665,1.4394071,0.0,1.2672623,0.0,2.1975245,2.294949,0.0,0.0,2.0130377,0.13972503,0.0,2.6844842,0.45357618,2.3684769,0.50028276,0.4812038,0.7783313,2.34988,0.0,2.0366845,0.176193,1.4030721,0.0
M00010,1,0.0,0.0,0.7977996,0.0,5.830487,0.0,0.0,0.4118818,4.1095815,2.5575664,0.0,2.7980514,0.0,4.7554445,6.0502768,0.0,0.0,4.7260795,0.0,0.0,5.297864,0.0,5.4465075,0.0,1.4738532,0.0,5.548047,0.0,4.3618145,0.0,4.800135,0.0
M00011,1,0.38928497,0.0,1.3595228,0.0,2.2836163,0.0,0.0,1.0309713,1.6302017,1.3373344,0.2690237,1.2089537,0.0,1.9351866,2.1598024,0.0,0.12564982,1.9233452,0.21140146,0.15125826,2.3706367,0.3747107,2.124897,0.27017593,0.49931228,0.34899417,2.1904047,0.029105037,1.8623012,0.27275568,1.5119128,0.12577473
M00012,1,0.0,0.0,0.6504841,0.0,4.652994,0.0,0.0,0.50035673,3.2336018,2.259855,0.0,2.2800844,0.0,3.8819816,4.715902,0.0,0.0,3.8114848,0.0,0.0,4.503936,0.0,4.3641434,0.0,1.0339118,0.20082,4.4366264,0.0,3.5803113,0.0,3.5125668,0.0
M00013,1,0.06458038,0.0,1.1325209,0.0,3.2652984,0.0,0.0,0.75742275,2.4606054,1.7102789,0.0,1.6510377,0.0,2.754551,3.4053595,0.0,0.0,2.761938,0.0,0.0,3.2334735,0.08877364,3.1606395,0.0,0.8115921,0.15462658,3.215828,0.0,2.626556,0.0,2.5255902,0.0
M00014,1,0.0,0.0,0.55340034,0.0,3.0069318,0.0,0.0,0.652876,2.0035071,1.4974387,0.0,1.4775326,0.0,2.6402836,2.894279,0.0,0.0,2.42063,0.0,0.0,3.1148913,0.04797098,2.830038,0.16430022,0.6134863,0.5059552,2.8259242,0.0,2.3701358,0.0,2.017195,0.0
M00015,1,0.33802676,0.23277903,0.7616004,0.0,1.6211512,0.0,0.0,0.8233111,1.0049163,0.90063906,0.10443482,0.8199089,0.0,1.353349,1.5229259,0.0,0.0,1.2742535,0.13575296,0.0,1.7242101,0.3813672,1.4731457,0.36657745,0.3128508,0.5558147,1.5351342,0.05436322,1.2629516,0.23951054,0.8226215,0.0
M00016,1,0.0,0.0,0.70830727,0.0,11.683008,0.0,0.0,0.2541541,8.070977,4.5892015,0.0,5.4895706,0.0,9.482762,12.295737,0.0,0.0,9.338113,0.0,0.0,10.168487,0.0,10.548975,0.0,2.9783833,0.0,10.857989,0.0,8.389977,0.0,10.231608,0.0
M00017,1,0.0,0.0,0.6341183,0.0,3.7000825,0.0,0.0,0.5875586,2.5758045,1.8425987,0.0,1.914285,0.0,3.1836643,3.749474,0.0,0.0,3.034627,0.0,0.0,3.7055511,0.0,3.5723941,0.046299398,0.86522096,0.2427864,3.606589,0.0,2.890644,0.0,2.6595588,0.0
M00018,1,0.0,0.0,0.77520466,0.0,4.796852,0.0,0.0,0.6233921,3.3757663,2.1242542,0.0,2.355938,0.0,4.081744,4.9251537,0.0,0.0,3.9409032,0.0,0.0,4.535009,0.0,4.542881,0.0,1.2272309,0.12550215,4.572277,0.0,3.673883,0.0,3.8720393,0.0
M00019,1,0.0721477,0.0,1.0652673,0.0,3.1497943,0.0,0.0,0.7928301,2.274163,1.5981344,0.0,1.5888898,0.0,2.5835776,3.0043933,0.0,0.0,2.5472355,0.023093909,0.0,2.983471,0.3051123,2.9564855,0.13418418,0.6835831,0.198168,3.0332541,0.0,2.3395853,0.019218087,2.2899084,0.0
M00020,1,0.19265841,0.0,0.6409957,0.0,2.6647327,0.0,0.0,0.766492,1.6792177,1.4177003,0.0,1.355277,0.0,2.3210614,2.6064858,0.0,0.0,2.197844,0.0,0.0,2.8208365,0.2286596,2.5170789,0.36704963,0.57043445,0.5912479,2.4863143,0.0,2.1148934,0.0,1.6628277,0.0
M00021,1,0.0,0.0,0.9192906,0.0,7.1734242,0.0,0.0,0.6027653,5.162802,3.031306,0.0,3.458572,0.0,6.0874557,7.5130157,0.0,0.0,5.8786726,0.0,0.0,6.5642266,0.0,6.803981,0.0,1.9127202,0.0,6.853219,0.0,5.4233766,0.0,6.1645136,0.0
M00022,1,0.054304928,0.0,0.60710865,0.0,2.6374905,0.0,0.0,0.7432483,1.6395459,1.3888712,0.0,1.33778,0.0,2.315526,2.4381962,0.0,0.0,2.1313252,0.0,0.0,2.8045645,0.2567458,2.464702,0.37830126,0.4955802,0.62918115,2.4318552,0.0,2.0432281,0.0,1.603797,0.0
M00023,1,0.27814525,0.0,1.075999,0.0,2.2378876,0.0,0.0,0.89434564,1.6035311,1.245583,0.073087275,1.1792676,0.0,1.9414117,2.201298,0.0,0.0,1.885336,0.14623624,0.002432704,2.3407788,0.2760721,2.1283379,0.19201913,0.51259124,0.3247405,2.176738,0.0,1.8313497,0.1668542,1.5044947,0.0
M00024,1,0.0,0.0,0.78848773,0.0,3.128405,0.0,0.0,0.67417175,2.2308497,1.5674709,0.0,1.5732487,0.0,2.7062764,3.1521635,0.0,0.0,2.5601492,0.0,0.0,3.1716962,0.0,3.0072098,0.051749483,0.7245879,0.26587567,3.042105,0.0,2.4830656,0.0,2.2483952,0.0
M00025,1,0.13548961,0.026613116,0.60733044,0.0,2.701404,0.0,0.0,0.9317498,1.721038,1.4403547,0.0,1.3227555,0.0,2.396547,2.4551418,0.0,0.0,2.143786,0.051367104,0.0,2.8689406,0.33470094,2.5181153,0.36827815,0.4900458,0.75195116,2.4703486,0.0,2.1514063,0.0,1.5930865,0.0
M00026,1,0.0,0.0,1.1752067,0.0,3.9902523,0.0,0.0,0.6494633,2.9800267,1.8711443,0.0,2.0090518,0.0,3.3504546,4.148353,0.0,0.0,3.3237123,0.0,0.0,3.711889,0.0,3.7709844,0.0,1.0352688,0.0,3.7696908,0.0,3.081554,0.0,3.3322802,0.0
M00027,1,0.0,0.0,1.3187971,0.0,5.7351394,0.0,0.0,0.6038197,4.323077,2.5349941,0.0,2.8541107,0.0,4.9203587,6.191973,0.0,0.0,4.8216276,0.0,0.0,5.2433486,0.0,5.546666,0.0,1.6496525,0.0,5.539024,0.0,4.4559093,0.0,5.119028,0.0
M00028,1,0.3281237,0.0,1.2805367,0.0,2.3145163,0.0,0.16318092,0.8516106,1.8027085,1.2638419,0.1696487,1.2462677,0.0,2.0372295,2.4598503,0.0,0.078522,2.0442243,0.16756761,0.062164932,2.38149,0.20210066,2.2586334,0.050501198,0.6207161,0.1309999,2.3122318,0.0,1.9248458,0.2138147,1.780853,0.050932363
M00029,1,0.24382436,0.18034142,0.5366037,0.0,1.8126509,0.0,0.0,0.7132025,1.1080115,0.94423807,0.0,0.9398963,0.0,1.5724866,1.702589,0.0,0.0,1.4524282,0.049722493,0.0,1.9133224,0.3124445,1.6739452,0.33316806,0.3624532,0.52719945,1.6427621,0.0,1.4164327,0.12589818,0.99343413,0.0
M00030,1,0.26066124,0.14938885,0.60727805,0.0,2.4219375,0.0,0.0,0.9256483,1.5130967,1.2771603,0.0,1.1896195,0.0,2.1917162,2.0676417,0.0,0.0,1.95848,0.080567434,0.0,2.5692246,0.40404686,2.2271416,0.39248848,0.4175684,0.7341075,2.1063542,0.0,1.9351853,0.07046759,1.3990948,0.0
M00031,1,0.36255372,0.28240305,0.7162542,0.0,1.7364407,0.0,0.0,0.871096,1.0956048,0.9719379,0.0,0.88736194,0.0,1.5265903,1.586117,0.0,0.0,1.4247047,0.15009816,0.004542172,1.8748491,0.4165917,1.6046805,0.39164275,0.31242484,0.59044766,1.5679935,0.0,1.4216627,0.25532645,0.95903057,0.0
M00032,1,0.044715554,0.0,1.4732306,0.0,4.700032,0.0,0.03523448,0.8252299,3.5685399,2.12954,0.0,2.3751893,0.0,4.1082993,4.917759,0.0,0.0,3.9679604,0.0,0.0,4.3492193,0.0,4.5280933,0.0,1.2752465,0.0,4.467527,0.0,3.625795,0.0,4.071684,0.0
M00033,1,0.24053487,0.0,1.2607954,0.0,2.3284822,0.0,0.09124228,1.0088155,1.7885941,1.3134485,0.14338747,1.2742351,0.0,2.0962908,2.2760122,0.0,0.016937494,2.0009155,0.22006911,0.11375618,2.4569497,0.31738046,2.2462292,0.079227254,0.53884906,0.20855072,2.2469394,0.0,1.9481839,0.20117062,1.6424298,0.0741678
M00034,1,0.0,0.0,1.1552031,0.0,6.573765,0.0,0.0,0.459073,4.843664,2.8476455,0.0,3.2493584,0.0,5.5176997,7.0761137,0.0,0.0,5.4641867,0.0,0.0,5.931805,0.0,6.2706842,0.0,1.8485332,0.0,6.290005,0.0,5.03753,0.0,5.837529,0.0
M00035,1,0.0,0.0,0.87889636,0.0,12.142166,0.0,0.0,0.36601683,8.599342,4.764572,0.0,5.7467713,0.0,10.159365,12.915852,0.0,0.0,9.9073305,0.0,0.0,10.724194,0.0,11.1957035,0.0,3.218736,0.0,11.382138,0.0,8.968925,0.0,10.929683,0.0
M00036,1,0.05652404,0.014770865,0.26344725,0.0,2.9819396,0.0,0.0,0.75939906,1.8639408,1.4927025,0.0,1.3865069,0.0,2.6155305,2.7674553,0.0,0.0,2.3620677,0.0,0.0,3.1056056,0.22474618,2.7953646,0.37309697,0.5598271,0.7827442,2.7568078,0.0,2.3239508,0.0,1.8620338,0.0
M00037,1,0.30934772,0.05498272,0.85245436,0.0,2.5719213,0.0,0.0,0.9689806,1.6393663,1.4022157,0.0,1.2749267,0.0,2.226269,2.3246732,0.0,0.0,2.0693846,0.08380896,0.0,2.6678195,0.40155828,2.336572,0.38912445,0.4891134,0.65046734,2.3432431,0.0,2.037037,0.09355405,1.5356898,0.0
M00038,1,0.037534446,0.055057645,0.27271563,0.0,2.6654315,0.0,0.0,0.7690597,1.6594328,1.3707385,0.0,1.2685019,0.0,2.289976,2.481435,0.0,0.0,2.0684934,0.0,0.0,2.7997293,0.2614097,2.5263562,0.38080037,0.49193823,0.7733537,2.4716072,0.0,2.1024337,0.0,1.5490365,0.0
M00039,1,0.2792461,0.1769253,0.6450672,0.0,2.1187744,0.0,0.0,0.90342593,1.3560218,1.16635,0.0,1.0481967,0.0,1.8367479,2.0189755,0.0,0.0,1.6955246,0.07132989,0.0,2.2794535,0.36649576,2.0111742,0.39432463,0.4187734,0.66335,2.0127184,0.0,1.7156738,0.14473277,1.1827691,0.0
M00040,1,0.0,0.0,0.8527796,0.0,3.3585386,0.0,0.0,0.626938,2.387624,1.6587244,0.0,1.6827654,0.0,2.7340093,3.368723,0.0,0.0,2.7403913,0.0,0.0,3.2070446,0.14458223,3.1434937,0.013441637,0.76936585,0.16997795,3.2519069,0.0,2.5729966,0.0,2.514674,0.0
M00041,1,0.0,0.0,0.817028,0.0,5.225212,0.0,0.0,0.6222767,3.636782,2.3346112,0.0,2.5254805,0.0,4.344882,5.2733374,0.0,0.0,4.217336,0.0,0.0,4.8863134,0.0,4.9075365,0.0,1.2548556,0.17701072,5.000483,0.0,3.8858628,0.0,4.1012797,0.0
M00042,1,0.09340224,0.0,0.5708382,0.0,2.8263948,0.0,0.0,0.84574234,1.8515564,1.4990137,0.0,1.3518447,0.0,2.5004234,2.629755,0.0,0.0,2.3043942,0.0044624805,0.0,2.9958105,0.27304453,2.6563814,0.3311503,0.5173521,0.7146853,2.6209116,0.0,2.3146095,0.0,1.8171022,0.0
M00043,1,0.0,0.0,1.0745134,0.0,5.486912,0.0,0.0,0.5471345,3.9748604,2.4846687,0.0,2.7687397,0.0,4.6452208,5.748792,0.0,0.0,4.5661826,0.0,0.0,5.049239,0.0,5.2182856,0.0,1.4749762,0.0,5.1971602,0.0,4.1958613,0.0,4.650192,0.0
M00044,1,0.32729983,0.24169856,0.6421364,0.0,2.1650672,0.0,0.0,0.9427956,1.3402985,1.1823065,0.0,1.0504351,0.0,1.8842456,1.9210331,0.0,0.0,1.697918,0.121313155,0.0,2.292954,0.40307042,1.9969771,0.46314114,0.3900176,0.7347473,1.9667715,0.0,1.7106941,0.15673032,1.2099955,0.0
M00045,1,0.0,0.0,0.90316975,0.0,5.5953283,0.0,0.0,0.43885785,3.9338667,2.5007522,0.0,2.7078822,0.0,4.5412164,5.721914,0.0,0.0,4.5243235,0.0,0.0,5.063094,0.0,5.1925097,0.0,1.3817674,0.0,5.2808833,0.0,4.134561,0.0,4.5649986,0.0
M00046,1,0.0329428,0.0,0.88302594,0.0,3.0999148,0.0,0.0,0.73440653,2.0816631,1.6154948,0.0,1.5382124,0.0,2.61212,3.0060945,0.0,0.0,2.5297213,0.0,0.0,3.1305723,0.10740903,2.8565316,0.20350331,0.65499306,0.39891735,2.9144886,0.0,2.4255567,0.0,2.1331165,0.0
M00047,1,0.0,0.0,0.69254243,0.0,3.4640257,0.0,0.0,0.6450399,2.3623857,1.6659874,0.0,1.6623406,0.0,2.8810024,3.4604836,0.0,0.0,2.8452778,0.0,0.0,3.384893,0.16736451,3.2001162,0.037479907,0.7441124,0.3525907,3.2909837,0.0,2.6593108,0.0,2.5507293,0.0
M00048,1,0.0,0.0,0.96597904,0.0,3.8000581,0.0,0.0,0.6544758,2.79322,1.9117374,0.0,1.8833373,0.0,3.2261147,3.9426336,0.0,0.0,3.1821003,0.0,0.0,3.7353058,0.0,3.6655285,0.0,0.9364258,0.17053626,3.7145576,0.0,3.016119,0.0,2.9587471,0.0
M00049,1,0.36734512,0.1104269,1.0066332,0.0,1.6379088,0.0,0.0,0.9735829,1.1820456,0.95303285,0.16690205,0.8679064,0.0,1.5053338,1.4713843,0.06959659,0.04200533,1.370429,0.20623004,0.17507708,1.8116745,0.4302277,1.5469007,0.26378217,0.33009058,0.45439386,1.5612668,0.16854993,1.3836367,0.2767344,0.98262244,0.020567313
M00050,1,0.28056234,0.08366215,0.87118846,0.0,2.17201,0.0,0.0,0.88885236,1.3735733,1.20682,0.037050903,1.1177721,0.0,1.8166933,2.0849192,0.0,0.0,1.7330402,0.083546326,0.0,2.2704053,0.34222347,2.0008724,0.3760171,0.43780714,0.5739647,2.0703764,0.0,1.7033598,0.15900978,1.1929011,0.0
M00051,1,0.0,0.0,0.5889647,0.0,12.8679905,0.0,0.0,0.10973865,8.94816,5.0457697,0.0,6.116257,0.0,10.629196,13.7294235,0.0,0.0,10.383014,0.0,0.0,11.304408,0.0,11.79019,0.0,3.402059,0.0,12.0459585,0.0,9.421521,0.0,11.365369,0.0
M00052,1,0.0,0.0,0.6649997,0.0,2.4777718,0.0,0.0,0.6755692,1.7424786,1.274535,0.0,1.2750827,0.0,2.169898,2.4855478,0.0,0.0,2.025856,0.0,0.0,2.5775068,0.14022876,2.3785942,0.10996182,0.5559502,0.33752197,2.4275594,0.0,1.9829541,0.0,1.6682243,0.0
M00053,1,0.0,0.0,1.0143292,0.0,4.4765906,0.0,0.0,0.6385874,3.2810178,2.0771706,0.0,2.2543776,0.0,3.8268783,4.630535,0.0,0.0,3.697597,0.0,0.0,4.2324777,0.0,4.3203306,0.0,1.1848807,0.0,4.3148723,0.0,3.4702845,0.0,3.629789,0.0
M00054,1,0.0,0.0,0.85120034,0.0,3.4916244,0.0,0.0,0.6288565,2.452273,1.7201988,0.0,1.707668,0.0,2.8391116,3.4102068,0.0,0.0,2.808774,0.0,0.0,3.3221512,0.12151465,3.2241712,0.080973685,0.7500119,0.2187382,3.3126118,0.0,2.5884218,0.0,2.5619905,0.0
M00055,1,0.18432115,0.0770455,0.4791444,0.0,2.3221245,0.0,0.0,0.65001845,1.4390439,1.1948316,0.0,1.1658269,0.0,2.0306299,2.2737696,0.0,0.0,1.9088594,0.0,0.0,2.4624252,0.2064542,2.1888294,0.36192602,0.48974586,0.56334156,2.1462145,0.0,1.8176275,0.0032378435,1.4493043,0.0
M00056,1,0.0,0.0,0.80944407,0.0,7.491047,0.0,0.0,0.36374813,5.3018813,3.208065,0.0,3.6364818,0.0,6.252302,7.8149877,0.0,0.0,6.1098547,0.0,0.0,6.7815886,0.0,7.0516033,0.0,1.9551265,0.0,7.1230507,0.0,5.5992923,0.0,6.3541975,0.0
M00057,1,0.23846747,0.08942008,0.85190266,0.0,2.2887526,0.0,0.0,0.9212274,1.4524466,1.2943864,0.0,1.192862,0.0,2.0384948,2.068961,0.0,0.0,1.886566,0.05793129,0.0,2.496133,0.40852714,2.1455657,0.42779619,0.42142558,0.6355768,2.1333568,0.0,1.8288106,0.15194568,1.3327863,0.0
M00058,1,0.2728135,0.0,1.0986474,0.0,2.39625,0.0,0.0,0.90688264,1.706959,1.3149078,0.03812462,1.2677473,0.0,2.099356,2.3598797,0.0,0.0,2.0217834,0.11793573,0.0,2.4981382,0.24959853,2.2845292,0.19322558,0.5568213,0.3204073,2.3140938,0.0,1.9447576,0.14334321,1.6268306,0.0
M00059,1,0.012912631,0.0,0.97849846,0.0,2.9095109,0.0,0.0,0.8672067,2.0825994,1.4776134,0.0,1.4945031,0.0,2.6013474,2.8046346,0.0,0.0,2.394228,0.06672029,0.0,3.005521,0.1139085,2.7649586,0.02426429,0.6514242,0.30476552,2.7486277,0.0,2.3120313,0.0,2.0153682,0.0
M00060,1,0.2430895,0.23052627,0.5660838,0.0,1.9723132,0.0,0.0,0.83953196,1.2364494,1.0452328,0.0,0.9398797,0.0,1.7408559,1.746191,0.0,0.0,1.5434382,0.115128696,0.0,2.1076312,0.36522347,1.8091605,0.37615445,0.340666,0.6804793,1.7773954,0.0,1.5559001,0.1362508,1.1174045,0.0
M00061,1,0.015534759,0.0,1.2227719,0.0,4.1993165,0.0,0.02456829,0.76571345,3.1271894,1.9330981,0.0,2.108053,0.0,3.5590374,4.3345284,0.0,0.0,3.5090055,0.0,0.0,3.901318,0.061628282,3.9702122,0.0,1.0884019,0.0,3.957454,0.0,3.2471857,0.0,3.5290596,0.0
M00062,1,0.0,0.0,1.2855659,0.0,6.4968853,0.0,0.0,0.590736,4.840562,2.8184571,0.0,3.2275126,0.0,5.5720587,6.9907866,0.0,0.0,5.431562,0.0,0.0,5.9458904,0.0,6.243142,0.0,1.8538108,0.0,6.2114725,0.0,5.032717,0.0,5.776809,0.0
M00063,1,0.37501714,0.0,1.4047651,0.0,2.4236095,0.0,0.22695374,0.9489633,1.917185,1.340739,0.22050515,1.3200047,0.0,2.1502945,2.572621,0.0,0.13872981,2.1547637,0.19743018,0.10687706,2.4931037,0.24663307,2.3785973,0.020605803,0.6578016,0.11375062,2.4152572,0.0,2.033597,0.23842846,1.8770511,0.08924105
M00064,1,0.20481637,0.082782984,0.60694027,0.0,2.1375308,0.0,0.0,0.7728886,1.3256174,1.1336807,0.0,1.1309555,0.0,1.880755,2.026362,0.0,0.0,1.737178,0.008875221,0.0,2.271079,0.31207412,1.9978251,0.33540064,0.43062514,0.5532054,1.9465896,0.0,1.6905718,0.073124975,1.1944408,0.0
M00065,1,0.23423746,0.22934288,0.4211352,0.0,2.215051,0.0,0.0,0.80588347,1.3725375,1.1425291,0.0,1.0553936,0.0,1.9831505,1.9620218,0.0,0.0,1.7808939,0.05484213,0.0,2.366984,0.30628693,2.080015,0.39480907,0.39896142,0.72877437,1.9601456,0.0,1.7867924,0.057707906,1.3015234,0.0
M00066,1,0.3709643,0.17099777,0.7689464,0.0,2.1306612,0.0,0.0,0.9765451,1.3265444,1.1465709,0.0,1.0851197,0.0,1.8703053,1.9692655,0.0,0.0,1.7621802,0.1439408,0.0,2.279376,0.47732604,1.9642694,0.36199045,0.39578855,0.6892699,1.9155468,0.0,1.7494212,0.19995755,1.2170615,0.0
M00067,1,0.0,0.0,1.3309792,0.0,5.6375456,0.0,0.0,0.7560847,4.150472,2.484074,0.0,2.8288002,0.0,4.8962173,5.8939357,0.0,0.0,4.743248,0.0,0.0,5.208144,0.0,5.3696823,0.0,1.4959692,0.0,5.2934613,0.0,4.319947,0.0,4.872786,0.0
M00068,1,0.13076252,0.0,1.1260439,0.0,2.6714997,0.0,0.0,0.9132534,1.9835321,1.4290134,0.0,1.42091,0.0,2.3615055,2.6299891,0.0,0.0,2.2607307,0.14454462,0.0,2.7565684,0.2223862,2.5516968,0.046205148,0.6065737,0.21925153,2.5421214,0.0,2.1785345,0.07824209,1.9224269,0.0
M00069,1,0.0,0.0,1.100193,0.0,7.1291795,0.0,0.0,0.41741312,5.215435,3.0412924,0.0,3.4912407,0.0,5.993256,7.6753235,0.0,0.0,5.9121985,0.0,0.0,6.413911,0.0,6.7640047,0.0,1.9848347,0.0,6.799116,0.0,5.443587,0.0,6.3299375,0.0
M00070,1,0.0,0.0,0.77006024,0.0,11.58917,0.0,0.0,0.37761807,8.14231,4.522975,0.0,5.440675,0.0,9.627132,12.289473,0.0,0.0,9.4182625,0.0,0.0,10.225973,0.0,10.589363,0.0,3.0092418,0.0,10.830665,0.0,8.495665,0.0,10.389842,0.0
M00071,1,0.22665052,0.21325144,0.4094098,0.0,2.23598,0.0,0.0,0.79173416,1.3922974,1.1559658,0.0,1.0283223,0.0,1.9481769,2.0445206,0.0,0.0,1.758612,0.04533711,0.0,2.3619018,0.32534143,2.0687077,0.40124124,0.40483534,0.7310975,2.0512748,0.0,1.7603818,0.06267434,1.3307874,0.0
M00072,1,0.3614284,0.14999825,0.83896536,0.0,2.368049,0.0,0.0,0.9493886,1.5155197,1.3198941,0.0,1.163938,0.0,2.0225513,2.206708,0.0,0.0,1.9260572,0.10420591,0.0,2.487668,0.36567843,2.191094,0.41292417,0.46830022,0.64974177,2.1962335,0.0,1.9279007,0.14913401,1.4336116,0.0
M00073,1,0.106800646,0.016318321,0.57005876,0.0,2.837018,0.0,0.0,0.9165879,1.770378,1.4970493,0.0,1.3680519,0.0,2.4332597,2.5203152,0.0,0.0,2.2112117,0.002077043,0.0,2.9391522,0.36840615,2.6193025,0.38648522,0.49686086,0.78686196,2.5435576,0.0,2.224782,0.0,1.6037829,0.0
M00074,1,0.17843659,0.0,0.66825795,0.0,2.7148151,0.0,0.0,0.97387224,1.758329,1.4748623,0.0,1.3631613,0.0,2.3666565,2.5942814,0.0,0.0,2.1707783,0.0071771145,0.0,2.8788576,0.35190865,2.5835404,0.36751345,0.5444437,0.6971561,2.5698807,0.0,2.1798687,0.01429373,1.559793,0.0
M00075,1,0.0,0.0,0.75564134,0.0,3.7002835,0.0,0.0,0.5721742,2.5671322,1.8055547,0.0,1.8527272,0.0,3.065764,3.710381,0.0,0.0,3.018093,0.0,0.0,3.5952384,0.02448067,3.4349592,0.0,0.832135,0.18949251,3.5398715,0.0,2.846222,0.0,2.7265592,0.0
M00076,1,0.0,0.0,0.79299116,0.0,5.212625,0.0,0.0,0.5143188,3.665886,2.3527484,0.0,2.5077505,0.0,4.2833877,5.2563186,0.0,0.0,4.1877747,0.0,0.0,4.810796,0.0,4.8857546,0.0,1.23653,0.07293907,4.986994,0.0,3.8298154,0.0,4.1363745,0.0
M00077,1,0.1640837,0.1789656,0.44981796,0.0,1.9910064,0.0,0.0,0.6850507,1.2626597,1.0330297,0.0,0.92424923,0.0,1.7394943,1.7913682,0.0,0.0,1.6063429,0.0736624,0.0,2.1087244,0.33732635,1.8069224,0.31827626,0.32799444,0.6184478,1.8092388,0.0,1.5758659,0.08777648,1.2291138,0.0
M00078,1,0.0,0.0,1.0940442,0.0,6.2719026,0.0,0.0,0.47986397,4.5670342,2.8483222,0.0,3.1633425,0.0,5.3113813,6.6733456,0.0,0.0,5.2473083,0.0,0.0,5.76127,0.0,5.999161,0.0,1.7063917,0.0,5.9874725,0.0,4.834734,0.0,5.3870187,0.0
M00079,1,0.42661065,0.1678263,1.0060735,0.0,2.4282,0.0,0.0,1.2250676,1.5602921,1.4283327,0.0,1.2442968,0.0,2.1220737,2.1934812,0.0,0.0,1.9458288,0.1833962,0.0,2.6013913,0.52397287,2.274036,0.49402028,0.4524337,0.7716027,2.2597172,0.0,1.9842066,0.23505539,1.3005064,0.0
M00080,1,0.0,0.0,1.1132351,0.0,4.7654004,0.0,0.0,0.6234088,3.4768178,2.1840582,0.0,2.3315706,0.0,3.8722346,4.89804,0.0,0.0,3.8954792,0.0,0.0,4.297675,0.0054616034,4.5081673,0.0,1.2343082,0.0,4.6111126,0.0,3.5592642,0.0,3.9564118,0.0
M00081,1,0.19753101,0.0,1.2384181,0.0,2.9076371,0.0,0.0,0.94637036,2.0343945,1.6126536,0.0,1.5041957,0.0,2.4549282,2.803597,0.0,0.0,2.4119449,0.101068944,0.0,2.9645557,0.24757515,2.7076974,0.22109906,0.6310074,0.34928554,2.7713237,0.0,2.3242826,0.07921755,1.9772911,0.0
M00082,1,0.011387259,0.0,0.8594109,0.0,2.8943062,0.0,0.0,0.68672484,2.0920918,1.4925514,0.0,1.4400768,0.0,2.4301078,2.8953218,0.0,0.0,2.3973894,0.0,0.0,2.867542,0.16853634,2.7420185,0.101950675,0.6399418,0.23605901,2.809527,0.0,2.2846665,0.0,2.120116,0.0
M00083,1,0.12302828,0.0,1.3071191,0.0,3.3993018,0.0,0.0,0.86113733,2.604298,1.8206582,0.0,1.744786,0.0,2.9009678,3.559718,0.0,0.0,2.903624,0.02350618,0.0,3.398476,0.10339594,3.3300805,0.0,0.8769762,0.13600558,3.3800883,0.0,2.7744074,0.0,2.6503408,0.0
M00084,1,0.26492465,0.025759876,0.71228075,0.0,2.0066054,0.0,0.0,0.93719935,1.3357164,1.0623008,0.0,1.0084938,0.026676506,1.8355885,1.8577435,0.0,0.0,1.6629888,0.12029788,0.0,2.2141051,0.40042043,1.9212229,0.24339364,0.40631032,0.60818565,1.9262825,0.0,1.6678993,0.10979012,1.2168937,0.0
M00085,1,0.17436226,0.06488699,0.720909,0.0,2.251625,0.0,0.0,0.7821013,1.4008528,1.2084082,0.0,1.1295605,0.0,1.8493893,2.1696434,0.0,0.0,1.7612752,0.0489157,0.0,2.3200974,0.27222145,2.0498035,0.35216704,0.43707794,0.57962763,2.1155698,0.0,1.7473621,0.07738936,1.2538662,0.0
M00086,1,0.0,0.0,0.72475207,0.0,13.072193,0.0,0.0,0.38344914,9.11355,5.0720754,0.0,6.1376643,0.0,10.817146,13.900058,0.0,0.0,10.539575,0.0,0.0,11.525898,0.0,11.935232,0.0,3.4392388,0.0,12.24301,0.0,9.579659,0.0,11.594307,0.0
M00087,1,0.0,0.0,0.48880023,0.0,4.061732,0.0,0.0,0.48554766,2.7874737,1.9878237,0.0,2.0701087,0.0,3.4750826,4.124741,0.0,0.0,3.312337,0.0,0.0,4.0476418,0.0,3.9003398,0.025721565,0.9353759,0.25910866,3.93846,0.0,3.154521,0.0,2.9381213,0.0
M00088,1,0.0,0.0,0.87865996,0.0,5.06554,0.0,0.0,0.5711553,3.6328144,2.3169022,0.0,2.5427935,0.0,4.3222446,5.2251477,0.0,0.0,4.1846924,0.0,0.0,4.7622304,0.0,4.850091,0.0,1.3084271,0.0,4.848186,0.0,3.890513,0.0,4.1038184,0.0
M00089,1,0.0,0.0,0.4878428,0.0,4.5029325,0.0,0.0,0.44050372,2.9717247,2.0448213,0.0,2.1124365,0.0,3.5944471,4.356866,0.0,0.0,3.5361104,0.0,0.0,4.1822844,0.0,4.0422964,0.0067412853,0.9117472,0.31559986,4.1531334,0.0,3.2018309,0.0,3.2999604,0.0
M00090,1,0.15257478,0.0,0.7138988,0.0,2.6978397,0.0,0.0,0.74228036,1.6997601,1.4480327,0.0,1.3806252,0.0,2.2985926,2.647993,0.0,0.0,2.2057748,0.0,0.0,2.833445,0.22448565,2.5094438,0.31997424,0.5784188,0.54695654,2.5055304,0.0,2.127359,0.0,1.6748664,0.0
M00091,1,0.0,0.0,0.65715325,0.0,7.167443,0.0,0.0,0.30561313,5.0414815,3.0167372,0.0,3.4455798,0.0,5.9435053,7.518464,0.0,0.0,5.812537,0.0,0.0,6.484742,0.0,6.7137585,0.0,1.8701822,0.0,6.807634,0.0,5.350427,0.0,6.0826015,0.0
M00092,1,0.12369341,0.17977643,0.5198796,0.0,2.0918987,0.0,0.0,0.71888226,1.2652001,1.1146332,0.0,1.0141338,0.0,1.8028386,1.8931489,0.0,0.0,1.6534598,0.03539315,0.0,2.2422872,0.32585812,1.9169526,0.3944786,0.35044008,0.66930693,1.9041167,0.0,1.6321508,0.08082673,1.1924562,0.0
M00093,1,0.24459669,0.0,1.0844419,0.0,2.4400415,0.0,0.0,0.8978468,1.7361445,1.3346229,0.023712039,1.2928267,0.0,2.1396344,2.4113278,0.0,0.0,2.0565996,0.10557528,0.0,2.5472462,0.22415495,2.3247995,0.18466151,0.5644609,0.31683472,2.346234,0.0,1.9781915,0.12636405,1.6525497,0.0
M00094,1,0.0,0.0,0.9119358,0.0,3.0521228,0.0,0.0,0.76990384,2.2094634,1.5695502,0.0,1.5557444,0.0,2.6638525,3.0681982,0.0,0.0,2.5230627,0.0,0.0,3.1302674,0.0278714,2.9448462,0.06461981,0.7072886,0.26841575,2.969569,0.0,2.4568133,0.0,2.1872404,0.0
M00095,1,0.40535927,0.20619574,0.90191513,0.0,2.0738323,0.0,0.0,1.1069877,1.3461269,1.2070202,0.0,1.0485191,0.0,1.877003,1.8161254,0.0,0.0,1.6800195,0.18982983,0.04149854,2.280719,0.513796,1.9341295,0.42549288,0.37382194,0.7245548,1.9042746,0.034856826,1.7008141,0.24237713,1.1316667,0.0
M00096,1,0.07286233,0.0,1.3280756,0.0,3.7401836,0.0,0.13264582,0.8241892,2.8622208,1.7956038,0.0,1.9140413,0.0,3.1919944,3.831707,0.0,0.0,3.135621,0.0071059763,0.0,3.503243,0.14573163,3.573951,0.0,0.9714012,0.0,3.5575454,0.0,2.9149656,0.0,3.1121333,0.0
M00097,1,0.0,0.0,1.2425499,0.0,6.4239745,0.0,0.0,0.58000946,4.7724643,2.781378,0.0,3.1722684,0.0,5.516049,6.9175835,0.0,0.0,5.378257,0.0,0.0,5.876444,0.0,6.1738567,0.0,1.8293984,0.0,6.163713,0.0,4.9695544,0.0,5.7119527,0.0
M00098,1,0.22083527,0.0,1.211304,0.0,2.7723298,0.0,0.09794161,0.8919075,2.0998354,1.4293373,0.0,1.4607011,0.0,2.4619725,2.8880475,0.0,0.0,2.404644,0.12918922,0.0,2.8325438,0.19411623,2.6749666,0.0,0.7189946,0.15437381,2.7135484,0.0,2.2646441,0.072852045,2.1205819,0.0
M00099,1,0.26982164,0.0985167,0.55433375,0.0,2.0669358,0.0,0.0,0.8496493,1.277102,1.0821081,0.0,1.086299,0.0,1.876724,1.9612324,0.0,0.0,1.7049353,0.03284301,0.0,2.2504532,0.3828254,1.9631608,0.3207583,0.42894238,0.60662544,1.9122409,0.0,1.6669989,0.08944899,1.1604862,0.0
M00100,1,0.23423746,0.22934288,0.4211352,0.0,2.215051,0.0,0.0,0.80588347,1.3725376,1.1425291,0.0,1.0553937,0.0,1.9831505,1.9620218,0.0,0.0,1.7808939,0.05484213,0.0,2.366984,0.30628693,2.080015,0.39480907,0.39896148,0.72877437,1.9601456,0.0,1.7867924,0.057707906,1.3015234,0.0
M00101,1,0.3562188,0.2320123,0.7851366,0.0,1.919363,0.0,0.0,0.9011996,1.223215,1.0827429,0.0,0.98950154,0.0,1.6757957,1.7680049,0.0,0.0,1.5864856,0.14047305,0.0,2.0536654,0.4160202,1.7776458,0.39289695,0.35276338,0.5857235,1.7392448,0.0,1.576907,0.23797975,1.0934427,0.0
M00102,1,0.0,0.0,1.0889559,0.0,6.3687816,0.0,0.0,0.56477076,4.593269,2.7440135,0.0,3.1189892,0.0,5.464274,6.644625,0.0,0.0,5.285722,0.0,0.0,5.844545,0.0,5.9764786,0.0,1.6204811,0.0,5.9168425,0.0,4.8015475,0.0,5.4662337,0.0
M00103,1,0.061893046,0.0,1.0753053,0.0,2.9750266,0.0,0.0,0.8840687,2.1891096,1.5541807,0.0,1.5599278,0.0,2.6409714,2.9428635,0.0,0.0,2.5170245,0.10033485,0.0,3.0535262,0.16171384,2.8438888,0.003441304,0.67505634,0.22833383,2.8163583,0.0,2.4192762,0.0,2.1797352,0.0
M00104,1,0.0,0.0,1.0966605,0.0,6.9550624,0.0,0.0,0.4304848,5.068046,2.966648,0.0,3.4138901,0.0,5.8105893,7.47267,0.0,0.0,5.7605357,0.0,0.0,6.2416744,0.0,6.57852,0.0,1.9315233,0.0,6.616521,0.0,5.301141,0.0,6.16804,0.0
M00105,1,0.0,0.0,0.8321013,0.0,10.802151,0.0,0.0,0.34613764,7.6273847,4.2587595,0.0,5.1215963,0.0,9.019766,11.465928,0.0,0.0,8.817183,0.0,0.0,9.545506,0.0,9.932401,0.0,2.8403263,0.0,10.105188,0.0,7.9560895,0.0,9.686477,0.0
M00106,1,0.07734746,0.011587203,0.29879722,0.0,3.0854979,0.0,0.0,0.81074154,1.9332803,1.5628768,0.0,1.4404473,0.0,2.7049816,2.8633611,0.0,0.0,2.447651,0.0,0.0,3.216792,0.24132985,2.9002109,0.39893985,0.5810259,0.81538224,2.8554022,0.0,2.4159894,0.0,1.9172721,0.0
M00107,1,0.28228945,0.123113096,0.7069894,0.0,2.3736892,0.0,0.0,0.85495716,1.5070336,1.2801957,0.0,1.1526966,0.0,2.0152137,2.2228286,0.0,0.0,1.901996,0.07063933,0.0,2.4688833,0.31440678,2.1856103,0.38565922,0.46863115,0.627756,2.1986985,0.0,1.8985137,0.0892899,1.448823,0.0
M00108,1,0.24050571,0.2530535,0.56783557,0.0,1.9841762,0.0,0.0,0.84228563,1.2154628,1.0678896,0.0,0.9346203,0.0,1.6930707,1.7252088,0.0,0.0,1.533435,0.09732333,0.0,2.1029587,0.39137563,1.8099582,0.40179822,0.32413185,0.7267164,1.7489895,0.0,1.5772107,0.117091954,1.0569317,0.0
M00109,1,0.13733092,0.0,0.53238606,0.0,2.5998092,0.0,0.0,0.8866509,1.6289648,1.3537387,0.0,1.2848089,0.0,2.2485132,2.489078,0.0,0.0,2.0693727,0.0,0.0,2.7546642,0.31659275,2.4753528,0.3389528,0.52917314,0.7098346,2.477695,0.0,2.0678096,0.0,1.4940133,0.0
M00110,1,0.0,0.0,0.7021917,0.0,3.4798007,0.0,0.0,0.47016326,2.4561684,1.7279608,0.0,1.742367,0.0,2.8446436,3.5521138,0.0,0.0,2.8318882,0.0,0.0,3.3713906,0.0,3.2579577,0.0,0.79117376,0.13994792,3.362772,0.0,2.69378,0.0,2.5921416,0.0
M00111,1,0.0,0.0,0.9395667,0.0,4.9697094,0.0,0.0,0.67286265,3.5425684,2.2655356,0.0,2.413697,0.0,4.126502,4.9870915,0.0,0.0,4.0193553,0.0,0.0,4.6158957,0.0,4.6941214,0.0,1.1937191,0.09681922,4.7911215,0.0,3.6809487,0.0,3.9552288,0.0
M00112,1,0.28218725,0.23562583,0.7277589,0.0,1.8574955,0.0,0.0,0.8761885,1.214315,1.0261325,0.0,0.89106065,0.0,1.6531112,1.642328,0.0,0.0,1.5019583,0.15549913,0.0,2.0151286,0.3933607,1.7034156,0.3455888,0.3108572,0.6408664,1.6841964,0.0,1.5366112,0.19276369,1.0883441,0.0
M00113,1,0.0,0.0,0.8809121,0.0,5.7244167,0.0,0.0,0.44767445,4.063007,2.5018501,0.0,2.8380141,0.0,4.773177,6.0266514,0.0,0.0,4.7182546,0.0,0.0,5.207261,0.0,5.3509035,0.0,1.5209256,0.0,5.358959,0.0,4.323611,0.0,4.8696895,0.0
M00114,1,0.3419315,0.14826691,0.84321296,0.0,2.5393846,0.0,0.0,1.0943186,1.6075617,1.4293317,0.0,1.2690446,0.0,2.1876364,2.307066,0.0,0.0,2.0140157,0.13126844,0.0,2.6720161,0.43075013,2.367892,0.4864884,0.47555804,0.75743145,2.349823,0.0,2.0301738,0.15782416,1.4183903,0.0
M00115,1,0.0,0.0,0.91610295,0.0,6.046573,0.0,0.0,0.43893108,4.3161006,2.7128286,0.0,2.9276261,0.0,4.926216,6.2746067,0.0,0.0,4.924982,0.0,0.0,5.4806385,0.0,5.691489,0.0,1.5403678,0.0,5.7894583,0.0,4.5298333,0.0,5.005824,0.0
M00116,1,0.10665518,0.0,0.99634814,0.0,2.7930942,0.0,0.0,0.799717,1.9214102,1.4838161,0.0,1.4077636,0.0,2.3546646,2.6940699,0.0,0.0,2.284833,0.0536758,0.0,2.8294096,0.17676991,2.5842116,0.20783423,0.59068364,0.3619543,2.639171,0.0,2.19177,0.023771167,1.9089046,0.0
M00117,1,0.06709623,0.0,1.0159624,0.0,2.9595175,0.0,0.0,0.77322423,2.1740882,1.5468568,0.0,1.5014458,0.0,2.4869833,2.9709227,0.0,0.0,2.468165,0.0069731474,0.0,2.9288135,0.20870456,2.812107,0.060652614,0.68056166,0.19157733,2.8836114,0.0,2.3544183,0.0,2.1920943,0.0
M00118,1,0.053461373,0.0,1.1210037,0.0,3.5917258,0.0,0.0,0.7813829,2.679569,1.8472126,0.0,1.807955,0.0,3.0727303,3.7527113,0.0,0.0,3.0449567,0.0,0.0,3.5741477,0.046067595,3.4719882,0.0,0.909722,0.17568895,3.5134325,0.0,2.8974242,0.0,2.8134599,0.0
M00119,1,0.0,0.0,0.6389246,0.0,3.0208836,0.0,0.0,0.7998611,1.9861113,1.4836581,0.0,1.4769075,0.0,2.6824214,2.8591921,0.0,0.0,2.4565606,0.0,0.0,3.1507988,0.20008397,2.8104637,0.1590877,0.60236156,0.5861229,2.8263896,0.0,2.3796716,0.0,2.0116844,0.0
M00120,1,0.09607363,0.0,0.6567335,0.0,2.582106,0.0,0.0,0.7608942,1.6035678,1.3612039,0.0,1.2888105,0.0,2.1220987,2.4935322,0.0,0.0,2.0155926,0.0,0.0,2.6416674,0.21757732,2.3688514,0.3531285,0.5065941,0.61009896,2.4230125,0.0,1.9953023,0.0,1.4767427,0.0
M00121,1,0.0,0.0,0.96484685,0.0,11.746759,0.0,0.0,0.34906852,8.287683,4.692465,0.0,5.608685,0.0,9.673575,12.492766,0.0,0.0,9.504971,0.0,0.0,10.287478,0.0,10.824421,0.0,3.1286159,0.0,11.083686,0.0,8.5970125,0.0,10.411278,0.0
M00122,1,0.0,0.0,0.35705236,0.0,3.3765655,0.0,0.0,0.44207057,2.2624633,1.6256847,0.0,1.6733088,0.0,2.8688579,3.386989,0.0,0.0,2.725287,0.0,0.0,3.3608475,0.0,3.188217,0.09941079,0.7371436,0.3507339,3.2445056,0.0,2.589151,0.0,2.387897,0.0
M00123,1,0.0,0.0,0.8456542,0.0,4.7399564,0.0,0.0,0.5557642,3.394993,2.1697981,0.0,2.3833027,0.0,4.0652924,4.906351,0.0,0.0,3.9301744,0.0,0.0,4.462807,0.0,4.541422,0.0,1.2290549,0.022564352,4.519896,0.0,3.6489978,0.0,3.8422675,0.0
M00124,1,0.086515486,0.0,0.94726044,0.0,2.8369117,0.0,0.0,0.72395253,2.03641,1.4394815,0.0,1.4212698,0.0,2.3412812,2.728684,0.0,0.0,2.2948985,0.019050121,0.0,2.7263045,0.2555048,2.6563883,0.14138606,0.62458915,0.22170456,2.7264366,0.0,2.1290088,0.018868059,2.0447848,0.0
M00125,1,0.14275128,0.0,0.6526173,0.0,2.730777,0.0,0.0,0.73956597,1.7142676,1.4409837,0.0,1.3827126,0.0,2.3377602,2.653004,0.0,0.0,2.222931,0.0,0.0,2.8452065,0.21152224,2.547565,0.34330016,0.5743105,0.5687558,2.5315897,0.0,2.1414113,0.0,1.6988032,0.0
M00126,1,0.0,0.0,0.91278297,0.0,7.456088,0.0,0.0,0.45496547,5.3199983,3.1893287,0.0,3.6221523,0.0,6.2186937,7.8032002,0.0,0.0,6.0748763,0.0,0.0,6.7499614,0.0,7.03471,0.0,1.9692571,0.0,7.101347,0.0,5.587331,0.0,6.341508,0.0
M00127,1,0.14705697,0.07054442,0.73242545,0.0,2.447694,0.0,0.0,0.8502447,1.5230955,1.3498466,0.0,1.2417983,0.0,2.149944,2.2165093,0.0,0.0,1.9863614,0.024907768,0.0,2.6344657,0.36099795,2.2658365,0.41923356,0.42897648,0.6818428,2.2417767,0.0,1.9366468,0.07365963,1.4294827,0.0
M00128,1,0.082614005,0.0,0.9050951,0.0,2.8692832,0.0,0.0,0.78484595,2.0250845,1.5043916,0.0,1.4822539,0.0,2.4940994,2.845009,0.0,0.0,2.3876472,0.019477889,0.0,2.9497554,0.11795074,2.743962,0.1385228,0.659692,0.30821303,2.766209,0.0,2.2926898,0.0,2.0138226,0.0
M00129,1,0.029554307,0.0,1.0580664,0.0,2.9723988,0.0,0.0,0.8666525,2.1997762,1.5727981,0.0,1.5453436,0.0,2.6147156,2.9907618,0.0,0.0,2.4839382,0.03628978,0.0,3.0769966,0.087706,2.8866124,0.051388785,0.70203024,0.24580759,2.9158504,0.0,2.4332628,0.0,2.128293,0.0
M00130,1,0.23688892,0.1881364,0.61891174,0.0,2.1320403,0.0,0.0,0.8984116,1.3499663,1.1474428,0.0,1.0328135,0.0,1.8853219,1.901479,0.0,0.0,1.6787709,0.11698079,0.0,2.2794504,0.38050604,1.9698613,0.38251543,0.37257096,0.6988174,1.9339415,0.0,1.6963383,0.12457016,1.2092977,0.0
M00131,1,0.0,0.0,1.1608672,0.0,3.8559573,0.0,0.053561926,0.76063085,2.8237212,1.750421,0.0,1.9363763,0.0,3.276543,3.8748412,0.0,0.0,3.1635203,0.0,0.0,3.593562,0.07477945,3.5868466,0.0,0.9496809,0.012979537,3.562961,0.0,2.9190745,0.0,3.1164443,0.0
M00132,1,0.0,0.0,1.2148268,0.0,7.337644,0.0,0.0,0.4798118,5.435339,3.145984,0.0,3.6078825,0.0,6.288819,7.93848,0.0,0.0,6.126923,0.0,0.0,6.705255,0.0,7.0407114,0.0,2.0881844,0.0,7.011982,0.0,5.678661,0.0,6.5541477,0.0
M00133,1,0.23246622,0.0,1.3973515,0.0,2.9545536,0.0,0.109086424,0.891185,2.2704926,1.5790902,0.058433056,1.5832255,0.0,2.5990045,3.1341963,0.0,0.0,2.5905256,0.115906864,0.0,2.998033,0.14719662,2.8616083,0.0,0.77716345,0.078401834,2.9039164,0.0,2.4437613,0.07847011,2.3060958,0.0
M00134,1,0.34036222,0.10213065,0.637503,0.0,1.9443169,0.0,0.0,0.9009265,1.1435704,0.97098243,0.0,1.0085579,0.079222344,1.7378345,1.8156061,0.0,0.0,1.5982257,0.095091134,0.0,2.1119344,0.46833882,1.8192222,0.30220717,0.4006253,0.6939082,1.7795986,0.0,1.5535951,0.13523653,1.0421965,0.0
M00135,1,0.25028068,0.23402211,0.49746877,0.0,2.1666763,0.0,0.0,0.83419144,1.3442955,1.1345849,0.0,1.0402802,0.0,1.9379201,1.8908873,0.0,0.0,1.7425112,0.07654326,0.0,2.3144987,0.34199572,2.019307,0.3965839,0.37945822,0.71893716,1.8997992,0.0,1.7484001,0.087228715,1.2568376,0.0
M00136,1,0.26770693,0.17478555,0.64865804,0.0,2.1340368,0.0,0.0,0.8272718,1.3493693,1.1536789,0.0,1.08082,0.0,1.8599179,1.9864776,0.0,0.0,1.7449986,0.08029118,0.0,2.2573822,0.34817582,1.9835622,0.38006812,0.39831936,0.5976607,1.9338325,0.0,1.7224656,0.14358345,1.2603459,0.0
M00137,1,0.0,0.0,1.0741988,0.0,6.74224,0.0,0.0,0.53945947,4.8811455,2.8998685,0.0,3.3108695,0.0,5.8408933,7.0783515,0.0,0.0,5.6163373,0.0,0.0,6.227058,0.0,6.377039,0.0,1.7509964,0.0,6.2834496,0.0,5.1311507,0.0,5.807824,0.0
M00138,1,0.14534429,0.0,1.109721,0.0,2.5425966,0.0,0.0,0.8835834,1.9077216,1.3680549,0.0,1.3507649,0.0,2.238228,2.513047,0.0,0.0,2.1585588,0.15342751,0.0,2.6217778,0.21837576,2.4386168,0.052750826,0.5825539,0.20447913,2.4241269,0.0,2.0817003,0.103497505,1.842855,0.0
M00139,1,0.0,0.0,1.0921267,0.0,6.807724,0.0,0.0,0.43519935,4.9996357,2.9279544,0.0,3.3364737,0.0,5.733695,7.3281226,0.0,0.0,5.6612854,0.0,0.0,6.136214,0.0,6.4850817,0.0,1.8989215,0.0,6.527122,0.0,5.207902,0.0,6.04481,0.0
M00140,1,0.0,0.0,0.590577,0.0,11.424249,0.0,0.0,0.26835498,7.989646,4.393781,0.0,5.3914638,0.0,9.607899,12.159117,0.0,0.0,9.322068,0.0,0.0,10.127508,0.0,10.479946,0.0,3.024733,0.0,10.634368,0.0,8.447618,0.0,10.282593,0.0
M00141,1,0.1018126,0.08226901,0.28378436,0.0,2.8040056,0.0,0.0,0.77031475,1.7417442,1.4149282,0.0,1.2968719,0.0,2.4391263,2.5890834,0.0,0.0,2.2072215,0.0,0.0,2.9235818,0.25427717,2.6265752,0.40321112,0.5209233,0.7863511,2.5867255,0.0,2.185892,0.0,1.7188542,0.0
M00142,1,0.20818356,0.07372552,0.60834014,0.0,2.5592287,0.0,0.0,0.78126097,1.6184461,1.3477119,0.0,1.2275757,0.0,2.1649637,2.427112,0.0,0.0,2.052925,0.026042804,0.0,2.6477122,0.24529237,2.3616774,0.36962676,0.5065271,0.63096565,2.378551,0.0,2.0348606,0.016500413,1.6101615,0.0
M00143,1,0.17552152,0.2249173,0.3265102,0.0,2.084705,0.0,0.0,0.7568896,1.2641541,1.0677387,0.0,0.9657908,0.0,1.7930439,1.8518891,0.0,0.0,1.5990194,0.027968675,0.0,2.1956441,0.3426446,1.937839,0.3984126,0.36222982,0.7357647,1.8885475,0.0,1.6215852,0.034552157,1.1414659,0.0
M00144,1,0.13314024,0.0045413375,0.5641185,0.0,2.7544882,0.0,0.0,0.85675216,1.7605033,1.470167,0.0,1.3595841,0.0,2.3513174,2.6759005,0.0,0.0,2.1965384,0.0,0.0,2.896072,0.2581125,2.6217372,0.3891309,0.56124675,0.6930195,2.6236749,0.0,2.1955962,0.0,1.6272538,0.0
M00145,1,0.0,0.0,0.7404076,0.0,3.0279453,0.0,0.0,0.52887577,2.1525466,1.490795,0.0,1.5041491,0.0,2.471931,3.0491612,0.0,0.0,2.4514709,0.0,0.0,2.9127939,0.05129257,2.8228338,0.034703046,0.67904323,0.16475433,2.9153275,0.0,2.3223329,0.0,2.2413538,0.0
M00146,1,0.0,0.0,0.93018925,0.0,4.415566,0.0,0.0,0.6130066,3.1527717,2.0236032,0.0,2.1497276,0.0,3.6433477,4.4406514,0.0,0.0,3.5611868,0.0,0.0,4.084718,0.0,4.1755,0.0,1.0750494,0.08361304,4.26788,0.0,3.2648902,0.0,3.4964302,0.0
M00147,1,0.20356716,0.1005196,0.6709851,0.0,2.3945503,0.0,0.0,0.8960396,1.5775003,1.3039416,0.0,1.1520638,0.0,2.124191,2.1963966,0.0,0.0,1.9561707,0.07855943,0.0,2.563096,0.3556766,2.2366679,0.33825362,0.4257555,0.6809237,2.2068708,0.0,1.9835998,0.066598445,1.4879258,0.0
M00148,1,0.0,0.0,0.9123715,0.0,6.621704,0.0,0.0,0.40689075,4.742683,2.9264216,0.0,3.3189044,0.0,5.612434,7.042987,0.0,0.0,5.5333247,0.0,0.0,6.0517974,0.0,6.2855263,0.0,1.7906276,0.0,6.2558775,0.0,5.0590196,0.0,5.7068486,0.0
M00149,1,0.28379118,0.14492077,0.70879334,0.0,2.5057724,0.0,0.0,0.983729,1.5686588,1.3701804,0.0,1.2317536,0.0,2.1459744,2.2879918,0.0,0.0,1.9729766,0.09724145,0.0,2.6211977,0.36992308,2.3281686,0.46290433,0.47072065,0.737255,2.3126338,0.0,1.9787837,0.10797757,1.4239182,0.0
M00150,1,0.0,0.0,0.928129,0.0,4.84765,0.0,0.0,0.5007104,3.4685233,2.1836622,0.0,2.3598442,0.0,3.941086,4.9749084,0.0,0.0,3.9251285,0.0,0.0,4.3886323,0.0,4.564538,0.0,1.22743,0.0,4.655582,0.0,3.615368,0.0,3.9575086,0.0
M00151,1,0.4348103,0.0544039,1.2482133,0.0,1.8756497,0.0,0.011052161,0.97452295,1.3336682,1.1037668,0.31570098,0.9887937,0.0,1.5970982,1.7559118,0.058235347,0.20231283,1.585035,0.23151177,0.22122073,1.9693661,0.38540676,1.7283483,0.28842595,0.40569335,0.35676655,1.7944461,0.12799177,1.527868,0.33725244,1.2130826,0.14902675
M00152,1,0.0,0.0,0.65819734,0.0,3.6718025,0.0,0.0,0.52829295,2.57736,1.7861544,0.0,1.7860583,0.0,3.073061,3.6988153,0.0,0.0,3.0085373,0.0,0.0,3.5740418,0.0,3.4459827,0.021175057,0.8019766,0.230163,3.5180912,0.0,2.8304977,0.0,2.7590873,0.0
M00153,1,0.0,0.0,1.0970021,0.0,3.634869,0.0,0.0,0.7343932,2.706313,1.8771405,0.0,1.8241413,0.0,3.0784695,3.7784233,0.0,0.0,3.0637536,0.0,0.0,3.5886831,0.0364213,3.5130033,0.0,0.8983245,0.16000433,3.5670562,0.0,2.9099755,0.0,2.822849,0.0
M00154,1,0.29715803,0.12923622,0.7270839,0.0,1.7462783,0.0,0.0,0.8669703,1.1983434,0.9716121,0.0,0.88329166,0.0,1.5977932,1.6061976,0.0,0.0,1.4439119,0.13514233,0.0,1.9352884,0.37055355,1.6689098,0.27854642,0.35175237,0.5319782,1.669568,0.0,1.46261,0.16810104,1.051019,0.0
M00155,1,0.16410589,0.056672454,0.69797623,0.0,2.298215,0.0,0.0,0.77084994,1.4286557,1.226096,0.0,1.1506925,0.0,1.8960178,2.2151666,0.0,0.0,1.8022543,0.03611262,0.0,2.3710275,0.25559336,2.1012738,0.35204,0.45136058,0.58519423,2.1627462,0.0,1.7842201,0.06125191,1.2939343,0.0
M00156,1,0.0,0.0,0.9385682,0.0,11.614723,0.0,0.0,0.3859808,8.20867,4.636828,0.0,5.5354524,0.0,9.607223,12.345818,0.0,0.0,9.413616,0.0,0.0,10.203513,0.0,10.725757,0.0,3.0860097,0.0,10.978537,0.0,8.521657,0.0,10.309067,0.0
M00157,1,0.0051550865,0.0,0.85010827,0.0,2.8841038,0.0,0.0,0.77365005,2.0999365,1.5050672,0.0,1.5264889,0.0,2.5319865,2.9123082,0.0,0.0,2.3896408,0.0,0.0,2.955552,0.15881394,2.8391092,0.08402687,0.6977115,0.24964547,2.885948,0.0,2.3193154,0.0,2.0297742,0.0
M00158,1,0.0,0.0,1.0175486,0.0,4.0938706,0.0,0.0,0.684731,2.9782417,1.8980136,0.0,2.0656364,0.0,3.483187,4.195353,0.0,0.0,3.3881679,0.0,0.0,3.8271637,0.02243197,3.9024112,0.0,1.0582774,0.03558716,3.9085023,0.0,3.1403785,0.0,3.3217762,0.0
M00159,1,0.0,0.0,0.6729598,0.0,3.2628174,0.0,0.0,0.555481,2.198323,1.577701,0.0,1.5933058,0.0,2.6668787,3.1397026,0.0,0.0,2.6028833,0.0,0.0,3.1221592,0.12058172,2.9572906,0.0933674,0.6668562,0.28739223,3.0439336,0.0,2.3958955,0.0,2.2971554,0.0
M00160,1,0.2529133,0.0995695,0.6286924,0.0,2.2592838,0.0,0.0,0.7532383,1.4156054,1.2032229,0.0,1.1412935,0.0,1.9641981,2.1895714,0.0,0.0,1.8588315,0.0,0.0,2.395354,0.268517,2.1207588,0.373057,0.47272974,0.571389,2.0981781,0.0,1.7913283,0.06878519,1.3748984,0.0
M00161,1,0.0,0.0,0.7653668,0.0,7.036702,0.0,0.0,0.39251107,4.973308,3.0013068,0.0,3.406962,0.0,5.8325124,7.3533325,0.0,0.0,5.7335997,0.0,0.0,6.3525734,0.0,6.5989103,0.0,1.8290628,0.0,6.6946507,0.0,5.249127,0.0,5.9695244,0.0
M00162,1,0.16145921,0.070868194,0.75186276,0.0,2.4364944,0.0,0.0,0.8688941,1.5241381,1.3479549,0.0,1.2419823,0.0,2.142562,2.2151213,0.0,0.0,1.9786254,0.029005736,0.0,2.6300485,0.36651543,2.2764466,0.42119175,0.44066834,0.6690242,2.252109,0.0,1.929227,0.08812177,1.4247339,0.0
M00163,1,0.0,0.0,0.77650654,0.0,3.0307288,0.0,0.0,0.68219024,2.096135,1.558312,0.0,1.5407181,0.0,2.6068747,3.0369163,0.0,0.0,2.508967,0.0,0.0,3.0899105,0.04898292,2.872615,0.12001407,0.68653935,0.32289457,2.9048035,0.0,2.4106154,0.0,2.1362455,0.0
M00164,1,0.15185905,0.0,1.3378618,0.0,2.9163187,0.0,0.0,1.0621421,2.2111034,1.5799408,0.008530915,1.557965,0.0,2.625048,2.8682683,0.0,0.0,2.4572768,0.13366896,0.0,3.044229,0.21576747,2.8525856,0.03306906,0.70136464,0.23294625,2.86546,0.0,2.4029827,0.056444734,2.0664775,0.0
M00165,1,0.2718082,0.20702979,0.60869175,0.0,1.9292333,0.0,0.0,0.83158195,1.2117935,1.032149,0.0,0.9342012,0.0,1.7004594,1.700177,0.0,0.0,1.5241865,0.11926703,0.0,2.0688562,0.381756,1.7688303,0.3767404,0.3457637,0.6393776,1.7587289,0.0,1.509783,0.14920807,1.1118062,0.0
M00166,1,0.0,0.0,1.2976788,0.0,4.58478,0.0,0.0,0.7153637,3.3808947,2.1242402,0.0,2.313435,0.0,3.8165944,4.6977544,0.0,0.0,3.7960024,0.0,0.0,4.197529,0.005312532,4.284359,0.0,1.1622038,0.0,4.2646375,0.0,3.493619,0.0,3.8118114,0.0
M00167,1,0.0,0.0,1.1919677,0.0,7.6462,0.0,0.0,0.5311978,5.6217613,3.2242577,0.0,3.7335114,0.0,6.5774727,8.220012,0.0,0.0,6.366269,0.0,0.0,6.9872866,0.0,7.2980967,0.0,2.152041,0.0,7.2546434,0.0,5.8875027,0.0,6.814232,0.0
M00168,1,0.22969604,0.0,1.3416839,0.0,3.1488664,0.0,0.07372716,0.9094825,2.3902233,1.6412302,0.0,1.6688653,0.0,2.7903597,3.348081,0.0,0.0,2.7607918,0.08348437,0.0,3.1924334,0.15866789,3.0373118,0.0,0.83117753,0.1120743,3.0707352,0.0,2.6106014,0.0127711,2.477647,0.0
M00169,1,0.27709037,0.04651898,0.78969896,0.0,2.0946774,0.0,0.0,0.89423966,1.3189721,1.1397135,0.0,1.1508869,0.0,1.9049478,1.918786,0.0,0.0,1.7270334,0.036712155,0.0,2.2452397,0.4267702,1.9360254,0.32840568,0.4139133,0.52784395,1.8931288,0.0,1.6500077,0.13380721,1.1246028,0.0
M00170,1,0.21891123,0.18531844,0.4672609,0.0,2.4051425,0.0,0.0,0.84493965,1.4986194,1.2522494,0.0,1.1576421,0.0,2.1513407,2.1308699,0.0,0.0,1.9392508,0.046395063,0.0,2.560812,0.3111089,2.2590024,0.40126076,0.4333139,0.74794805,2.126424,0.0,1.9431378,0.032966286,1.4238503,0.0
M00171,1,0.29784343,0.18708175,0.68128705,0.0,2.0838282,0.0,0.0,0.84739184,1.3203092,1.141391,0.0,1.0655751,0.0,1.8206458,1.9504943,0.0,0.0,1.7149836,0.087819874,0.0,2.2187805,0.36329138,1.9443176,0.3872286,0.39451188,0.59370303,1.8970369,0.0,1.6942266,0.16773862,1.2209401,0.0
M00172,1,0.0,0.0,1.336268,0.0,5.79269,0.0,0.0,0.7573879,4.2571692,2.5297139,0.0,2.8932443,0.0,5.003584,6.0294437,0.0,0.0,4.839411,0.0,0.0,5.3243594,0.0,5.4843407,0.0,1.5160626,0.0,5.415263,0.0,4.3968196,0.0,5.0078983,0.0
M00173,1,0.1317308,0.0,1.0851738,0.0,2.6192338,0.0,0.0,0.87374437,1.9642159,1.4010586,0.0,1.3834941,0.0,2.3082793,2.5946915,0.0,0.0,2.2257953,0.13668251,0.0,2.6975648,0.20297682,2.5201852,0.05025062,0.6028116,0.20858778,2.5010898,0.0,2.143804,0.08212447,1.9115157,0.0
M00174,1,0.0,0.0,1.1667376,0.0,6.9465165,0.0,0.0,0.4476668,5.101713,2.9967246,0.0,3.4290757,0.0,5.829691,7.462991,0.0,0.0,5.760457,0.0,0.0,6.262024,0.0,6.6025324,0.0,1.9370904,0.0,6.6163306,0.0,5.3071623,0.0,6.1501393,0.0
M00175,1,0.0,0.0,1.0215385,0.0,10.609793,0.0,0.0,0.44610977,7.5550547,4.1807384,0.0,5.07282,0.0,8.917193,11.263818,0.0,0.0,8.700671,0.0,0.0,9.352414,0.0,9.811343,0.0,2.8502784,0.0,9.9025,0.0,7.8576446,0.0,9.604796,0.0
M00176,1,0.11748609,0.079577625,0.31613648,0.0,2.8180728,0.0,0.0,0.7841866,1.753663,1.4297961,0.0,1.3058937,0.0,2.4513679,2.6052725,0.0,0.0,2.2227635,0.0,0.0,2.9395494,0.2593192,2.6385057,0.4085836,0.52798593,0.78432333,2.6056304,0.0,2.2014537,0.0,1.7323749,0.0
M00177,1,0.27545863,0.032722473,0.80112725,0.0,2.8069813,0.0,0.0,0.9601759,1.7983881,1.5361425,0.0,1.3783603,0.0,2.4040997,2.6267965,0.0,0.0,2.273477,0.055738464,0.0,2.9254813,0.32947525,2.603469,0.4004649,0.5542892,0.68735486,2.596831,0.0,2.269349,0.03851524,1.7358284,0.0
M00178,1,0.096817225,0.07859534,0.37766996,0.0,2.779479,0.0,0.0,0.8477981,1.724498,1.4480749,0.0,1.3183887,0.0,2.3832393,2.5352151,0.0,0.0,2.1633248,0.0,0.0,2.9056053,0.29229337,2.6225169,0.42556953,0.50720054,0.820341,2.5400944,0.0,2.197371,0.0,1.5996385,0.0
M00179,1,0.05382821,0.010151207,0.4147667,0.0,2.654905,0.0,0.0,0.7063948,1.671381,1.3629473,0.0,1.2792788,0.0,2.2296648,2.5704215,0.0,0.0,2.084516,0.0,0.0,2.7461762,0.1981554,2.4927883,0.35656482,0.5295636,0.6523548,2.5074213,0.0,2.066574,0.0,1.5913761,0.0
M00180,1,0.0,0.0,0.39089835,0.0,4.244703,0.0,0.0,0.28829747,2.8775437,2.0002563,0.0,2.0499964,0.0,3.451032,4.2815127,0.0,0.0,3.411759,0.0,0.0,4.033205,0.0,3.9247181,0.0,0.91986334,0.2054501,4.0284696,0.0,3.1683693,0.0,3.1925445,0.0
M00181,1,0.0,0.0,0.5908762,0.0,5.785325,0.0,0.0,0.43179768,3.9380753,2.5432117,0.0,2.734227,0.0,4.6812205,5.7575245,0.0,0.0,4.59343,0.0,0.0,5.2827945,0.0,5.284503,0.0,1.2844181,0.113429725,5.4142594,0.0,4.15093,0.0,4.5307713,0.0
M00182,1,0.12991336,0.06910765,0.6043929,0.0,2.5269978,0.0,0.0,0.8413974,1.6535807,1.3416802,0.0,1.2084751,0.0,2.240715,2.3199456,0.0,0.0,2.050181,0.048983276,0.0,2.6852698,0.29803258,2.361357,0.33561012,0.44977295,0.684523,2.3303623,0.0,2.0607781,0.01685673,1.5936196,0.0
M00183,1,0.0,0.0,1.0748112,0.0,5.991188,0.0,0.0,0.5575257,4.3519745,2.69358,0.0,3.0312943,0.0,5.0759654,6.3312435,0.0,0.0,5.0065107,0.0,0.0,5.4700093,0.0,5.738515,0.0,1.6419362,0.0,5.7168226,0.0,4.5955462,0.0,5.134337,0.0
M00184,1,0.35877797,0.1834651,0.8583372,0.0,2.3723693,0.0,0.0,1.1019052,1.5053145,1.3510056,0.0,1.1891911,0.0,2.0642698,2.122401,0.0,0.0,1.8857316,0.15374699,0.0,2.5173426,0.47188252,2.202291,0.47710407,0.4253757,0.754953,2.1771882,0.0,1.9104811,0.19300833,1.3015997,0.0
M00185,1,0.0,0.0,0.8347995,0.0,5.8415775,0.0,0.0,0.39046103,4.1548343,2.6159098,0.0,2.8197567,0.0,4.7696495,6.0482526,0.0,0.0,4.73733,0.0,0.0,5.313735,0.0,5.494565,0.0,1.473994,0.0,5.584076,0.0,4.3718657,0.0,4.7950892,0.0
M00186,1,0.084796995,0.0,1.0650432,0.0,3.1235363,0.0,0.0,0.83877337,2.1407933,1.6727281,0.0,1.5812368,0.0,2.6337767,3.0391328,0.0,0.0,2.567387,0.02531308,0.0,3.1677492,0.15146737,2.9002597,0.20298049,0.67251086,0.3740095,2.965284,0.0,2.4714932,0.0,2.1402862,0.0
M00187,1,0.21819219,0.0,1.0562668,0.0,2.56281,0.0,0.0,0.87633276,1.8893341,1.3745165,0.0,1.3105893,0.0,2.2103858,2.5374491,0.0,0.0,2.1686373,0.081384495,0.0,2.6070235,0.32810578,2.4421613,0.10206561,0.58387834,0.26526922,2.4881384,0.0,2.0776987,0.090441674,1.8505235,0.0
M00188,1,0.0,0.0,1.0366275,0.0,3.8381298,0.0,0.0,0.7800383,2.8339257,1.9198754,0.0,1.8969431,0.0,3.2902472,3.9941769,0.0,0.0,3.2344785,0.0,0.0,3.8095634,0.033745706,3.7049754,0.0,0.95483565,0.21564138,3.7523348,0.0,3.0786343,0.0,2.9976873,0.0
M00189,1,0.0,0.0,0.6274427,0.0,2.4191537,0.0,0.0,0.6647624,1.6071552,1.2093053,0.0,1.1985259,0.0,2.127352,2.2662835,0.0,0.0,1.9377805,0.01486209,0.0,2.5151987,0.14692599,2.2382119,0.19648176,0.47183335,0.46983197,2.2597616,0.0,1.8817884,0.0,1.5708876,0.0
M00190,1,0.09304109,0.016232848,0.5602154,0.0,2.3212705,0.0,0.0,0.6670652,1.4349225,1.1904762,0.0,1.1502972,0.0,1.9075475,2.2279284,0.0,0.0,1.8018733,0.0,0.0,2.3685029,0.2065741,2.1232312,0.32163414,0.45995975,0.55321455,2.1749358,0.0,1.7588129,0.0,1.3412318,0.0
M00191,1,0.0,0.0,0.7495456,0.0,13.325045,0.0,0.0,0.27432433,9.277379,5.19632,0.0,6.3161874,0.0,10.998884,14.132626,0.0,0.0,10.713796,0.0,0.0,11.723914,0.0,12.171478,0.0,3.4913867,0.0,12.4499445,0.0,9.7337885,0.0,11.757926,0.0
M00192,1,0.38299397,0.0,0.9971524,0.0,1.6173041,0.0,0.112758785,0.94854176,1.2565676,0.9219459,0.14151344,0.8996952,0.0,1.5034976,1.557692,0.18597764,0.05642408,1.3908582,0.17233032,0.17949905,1.7474328,0.48473114,1.6346586,0.21070364,0.3885142,0.30182883,1.6866479,0.18176389,1.342404,0.30072564,1.0689156,0.046129808
M00193,1,0.0,0.0,1.0730908,0.0,4.272929,0.0,0.0,0.672032,3.1440067,2.0085175,0.0,2.1622221,0.0,3.6623802,4.399042,0.0,0.0,3.547636,0.0,0.0,4.0337377,0.0,4.1118975,0.0,1.1218607,0.0024968982,4.1173286,0.0,3.3148575,0.0,3.469509,0.0
M00194,1,0.0,0.0,0.71678674,0.0,4.39169,0.0,0.0,0.53067017,3.025217,2.1203065,0.0,2.13276,0.0,3.566693,4.3121357,0.0,0.0,3.5106807,0.0,0.0,4.153894,0.0,4.0483017,0.022215873,0.934687,0.21682103,4.1382046,0.0,3.2337933,0.0,3.2268472,0.0
M00195,1,0.19738446,0.0,0.7033237,0.0,2.475635,0.0,0.0,0.73875076,1.558985,1.3352994,0.0,1.2674769,0.0,2.112713,2.4364269,0.0,0.0,2.0319238,0.0,0.0,2.6153724,0.24795221,2.3035667,0.3265077,0.53134966,0.53779066,2.3009512,0.0,1.9590527,0.006077349,1.5224755,0.0
M00196,1,0.0,0.0,0.87383693,0.0,7.40864,0.0,0.0,0.4206128,5.275758,3.1799288,0.0,3.600151,0.0,6.148527,7.7886653,0.0,0.0,6.062332,0.0,0.0,6.6852508,0.0,6.980832,0.0,1.9563303,0.0,7.086237,0.0,5.5561075,0.0,6.3430505,0.0
M00197,1,0.123794734,0.09409696,0.5998015,0.0,2.3016298,0.0,0.0,0.75483227,1.4207274,1.230677,0.0,1.1513681,0.0,2.0184605,2.086031,0.0,0.0,1.8543154,0.009717971,0.0,2.4631248,0.32060495,2.1223645,0.3975858,0.4036612,0.6467429,2.1054308,0.0,1.7948374,0.056182444,1.3587117,0.0
M00198,1,0.024426937,0.0,1.0019534,0.0,3.2309237,0.0,0.0,0.849617,2.2470243,1.687742,0.0,1.6813959,0.0,2.8048494,3.1792586,0.0,0.0,2.6734781,0.0062512755,0.0,3.2981117,0.11282587,3.0509758,0.09207344,0.7258668,0.30945086,3.0538538,0.0,2.5635324,0.0,2.2210941,0.0
M00199,1,0.02137199,0.0,1.1599603,0.0,3.3258388,0.0,0.0,0.9632964,2.4751291,1.7520612,0.0,1.7377253,0.0,2.964746,3.3304121,0.0,0.0,2.785375,0.026785344,0.0,3.4417048,0.08336887,3.2711122,0.035348937,0.79989827,0.25088367,3.2745621,0.0,2.7135463,0.0,2.4007347,0.0
M00200,1,0.15653712,0.028550506,0.5691234,0.0,2.6402798,0.0,0.0,0.95670503,1.6597458,1.3586348,0.0,1.2809023,0.0,2.3574455,2.392385,0.0,0.0,2.0909848,0.067976296,0.0,2.8090534,0.352721,2.4510946,0.32747293,0.48429585,0.7699179,2.4190934,0.0,2.0930986,0.0,1.5536315,0.0
VACC_0001,0,0.33263594,0.28350407,0.544654,0.0,2.0160966,0.0,0.0,0.87401366,1.2651168,1.0815165,0.0,0.93527323,0.0,1.7639225,1.8296642,0.0,0.0,1.5936899,0.108768255,0.0,2.1566753,0.38097334,1.8615291,0.42344946,0.36524993,0.7286203,1.8515359,0.0,1.6151541,0.16278964,1.161545,0.0
VACC_0002,0,0.5408957,0.4574866,0.9175267,0.0,0.5789645,0.0,0.2704034,0.8799065,0.3404969,0.3677038,0.49314165,0.30057216,0.17902692,0.5645916,0.26788157,0.5530334,0.40170202,0.4372959,0.31647098,0.4662832,0.67143226,0.65524584,0.35886407,0.3112612,0.029792197,0.47031876,0.40912881,0.6740622,0.4172728,0.48740745,0.09557086,0.11896551
VACC_0003,0,0.45058364,0.27860257,0.88693273,0.0,1.717839,0.0,0.0,0.95464826,1.1111182,0.99964106,0.062106848,0.85110706,0.0,1.4858634,1.5682354,0.0,0.0,1.4023789,0.1967587,0.10679376,1.8506818,0.45660916,1.5611515,0.38565677,0.32641098,0.5873839,1.591866,0.058093697,1.4232246,0.29410458,0.97148067,0.0
VACC_0004,0,0.3337298,0.38736326,0.64589435,0.0,1.3026634,0.0,0.0,0.7839056,0.767736,0.7151319,0.045775652,0.5963169,0.0,1.1046741,1.0314314,0.0,0.0,0.9872917,0.17890984,0.0842765,1.4021007,0.45571724,1.1108992,0.36707073,0.17123812,0.6320738,1.0780057,0.1659972,1.0226809,0.25822723,0.59851056,0.0
VACC_0005,0,0.4465257,0.4357739,0.8524389,0.0,0.69380534,0.0,0.22969617,0.8594215,0.42135346,0.4100449,0.4049531,0.33947176,0.14804497,0.63883,0.38808292,0.4826613,0.30986688,0.5066348,0.29653966,0.40102723,0.77150035,0.6215495,0.48159564,0.2798548,0.038863696,0.49066186,0.49787113,0.60690117,0.511261,0.43301532,0.15720624,0.072717436
VACC_0006,0,0.50148135,0.4723362,0.6325649,0.0,0.35124505,0.0,0.20642003,0.87886435,0.15088417,0.19010015,0.3145251,0.16350262,0.33191913,0.39410645,0.19925296,0.5030554,0.30552638,0.2693026,0.30805287,0.33947054,0.5485834,0.61482996,0.28202903,0.24494751,0.0369829,0.56773823,0.3289474,0.5095125,0.32082212,0.43577287,0.0,0.057689343
VACC_0007,0,0.33365262,0.22455975,0.726942,0.0,1.8988233,0.0,0.0,0.92805547,1.2228874,1.0771602,0.0,0.9506524,0.0,1.652526,1.8220453,0.0,0.0,1.5290816,0.11559202,0.0,2.0824444,0.39629638,1.7978847,0.3920164,0.37621897,0.6468346,1.8102494,0.0,1.5595735,0.21463498,1.0237505,0.0
VACC_0008,0,0.44934165,0.43587196,0.7176,0.0,0.619117,0.0,0.18193394,0.8770275,0.405401,0.37647033,0.3059855,0.3161254,0.16242513,0.6315441,0.43511415,0.44939047,0.2477987,0.4652592,0.28246638,0.35693017,0.77523434,0.5935917,0.5043043,0.25633445,0.06466847,0.49238235,0.51111686,0.51460004,0.5103289,0.41318923,0.131847,0.074864104
VACC_0009,0,0.5245463,0.30173922,0.9197713,0.0,0.6524956,0.0,0.39750588,0.8020735,0.56016433,0.3806485,0.3800809,0.35526782,0.0639076,0.5668188,0.5181223,0.49339932,0.37822396,0.5301047,0.28719792,0.42941007,0.6649451,0.5883625,0.61652935,0.22475794,0.14671454,0.27290565,0.6736145,0.5293925,0.5019676,0.47309107,0.39972967,0.1964988
VACC_0010,0,0.80295527,0.3712796,1.462187,0.0,0.16554408,0.0,0.80009305,1.1235042,0.3746419,0.26474494,0.9364109,0.19617246,0.062183917,0.16912825,0.009521067,1.114947,0.985474,0.19559413,0.4865538,0.88488567,0.20674239,0.82081056,0.20907319,0.25788137,0.065134026,0.17429052,0.27811423,1.0835638,0.19934839,0.7899559,0.050699472,0.55049384
VACC_0011,0,0.7680402,0.38682652,1.36794,0.0,0.1593837,0.0,0.74751294,1.0722973,0.34374154,0.24014927,0.8687438,0.17909046,0.074913755,0.17324479,0.0052403808,1.0443509,0.92125094,0.17682669,0.4619265,0.8359959,0.20985161,0.7844558,0.200275,0.25545034,0.06327612,0.19968502,0.2654772,1.0212511,0.18434772,0.74830884,0.039085567,0.5044776
VACC_0012,0,0.73701525,0.36921087,1.3141409,0.0,0.26069903,0.0,0.6975632,1.0413098,0.40006828,0.27844703,0.800197,0.21612854,0.06338577,0.24473704,0.11326593,0.96618366,0.840101,0.25785923,0.43824777,0.77040124,0.30083865,0.75489897,0.2812134,0.24851276,0.07858161,0.2074455,0.34457555,0.9443865,0.25609255,0.71471083,0.11747721,0.46021757
VACC_0013,0,0.6872951,0.44570875,1.0889387,0.0,0.13853426,0.0,0.63677764,0.9243895,0.23970573,0.15678246,0.6656752,0.12319712,0.14980611,0.14722423,0.0,0.8698597,0.7142352,0.122179806,0.41092694,0.70270854,0.172195,0.74945164,0.12953717,0.24380033,0.028644688,0.25811666,0.1897124,0.8915724,0.10939476,0.663489,0.022539884,0.3765802
VACC_0014,0,0.67200744,0.5369696,0.76735264,0.0,0.0,0.015284881,0.5477257,0.8810912,0.0,0.0,0.50948423,0.0,0.32778892,0.033224717,0.0,0.80094826,0.5705472,0.0,0.3756507,0.55658686,0.08128999,0.692639,0.0,0.1837001,0.0,0.4169587,0.0,0.76181257,0.0,0.57558787,0.0,0.19448686
VACC_0015,0,0.69975275,0.40341887,1.2213776,0.0,0.219357,0.0,0.65493786,0.9529266,0.3323015,0.23833506,0.7420654,0.18108799,0.085912995,0.18750878,0.0799011,0.88605237,0.7751769,0.21703202,0.42633486,0.7201252,0.2468416,0.7379209,0.20795,0.2554651,0.054424755,0.21447453,0.29185757,0.8960085,0.19740051,0.701006,0.10262099,0.43324092
VACC_0016,0,0.61268157,0.37191802,1.1247377,0.0,0.19351603,0.0,0.609748,0.87858015,0.31394368,0.2185447,0.7149824,0.16257958,0.07820226,0.17914356,0.10788819,0.81309325,0.7280252,0.19512656,0.3952211,0.65385056,0.26568317,0.6340436,0.1823371,0.2169558,0.055255838,0.19455297,0.27215043,0.8046102,0.21500468,0.63309145,0.074162364,0.37338442
VACC_0017,0,0.63445574,0.42857397,1.0443242,0.0,0.32352328,0.0,0.5437529,0.87107694,0.3329563,0.23827346,0.59591544,0.19444726,0.08920036,0.2659579,0.18717566,0.71560085,0.6211415,0.27627563,0.3782096,0.594915,0.34552425,0.6722604,0.26461774,0.24606165,0.053219236,0.28610703,0.34132668,0.76896924,0.2501378,0.62180585,0.161592,0.32532734
VACC_0018,0,0.7281882,0.3686127,1.3518775,0.0,0.24138714,0.0,0.7012999,1.0266674,0.38715845,0.2839855,0.84681153,0.21136083,0.050205156,0.21112038,0.113146186,0.95620656,0.88109744,0.2481122,0.44835514,0.77854383,0.2825389,0.7484174,0.24617863,0.2504574,0.07151105,0.19251007,0.32841012,0.9538851,0.24471098,0.73219895,0.110192,0.48837334
VACC_0019,0,0.5932443,0.41498128,0.96227944,0.0,0.1395695,0.0,0.56110203,0.84547114,0.23430155,0.15245973,0.6073669,0.11580463,0.124878645,0.17969401,0.038698673,0.7772676,0.6349517,0.13622323,0.37155682,0.6100961,0.2409902,0.6228807,0.13759315,0.20682104,0.042569734,0.25267994,0.21175304,0.7521695,0.16284451,0.5798416,0.010757327,0.3017661
VACC_0020,0,0.60923344,0.50907296,0.7411858,0.0,0.13066249,0.0,0.4637977,0.76133335,0.05666478,0.02417849,0.4667511,0.024485335,0.289006,0.08875452,0.033054173,0.6226433,0.48556,0.109363794,0.35795453,0.4310552,0.19698213,0.6408895,0.0,0.18588063,0.0,0.41433012,0.095220774,0.6527288,0.09340635,0.5567102,0.0,0.16612071
VACC_0021,0,0.6934374,0.3954468,1.2126331,0.0,0.23708133,0.0,0.647843,0.958789,0.34686744,0.24816506,0.73048484,0.19098462,0.08814765,0.20807554,0.0960415,0.8890157,0.76534414,0.23133117,0.42480454,0.7133423,0.27351695,0.73373675,0.23446923,0.2522412,0.06286604,0.21922281,0.31796643,0.88475627,0.21562177,0.69204575,0.10971239,0.4244475
VACC_0022,0,0.80139303,0.36950892,1.4690869,0.0,0.15876286,0.0,0.79671025,1.12643,0.37377477,0.2657389,0.9440515,0.19454254,0.061339892,0.16931899,0.0052968264,1.1143762,0.9952339,0.19102812,0.48739016,0.88882184,0.20863025,0.81710064,0.20528376,0.25796965,0.0661665,0.17469884,0.27397773,1.0821809,0.19812196,0.79009163,0.04474038,0.5554438
VACC_0023,0,0.64145404,0.34863853,1.2558928,0.0,0.2422771,0.0,0.6442139,0.95342696,0.37050474,0.26987088,0.8102321,0.20501755,0.04596305,0.21701951,0.14685395,0.8720113,0.82493633,0.23886633,0.420649,0.7089802,0.312823,0.64637697,0.23831826,0.2255136,0.06989532,0.18594751,0.32029936,0.8707697,0.2640211,0.66800046,0.08927801,0.4278203
VACC_0024,0,0.6067828,0.4432094,1.0564352,0.0,0.059094116,0.00427863,0.60254884,0.826064,0.15734698,0.12062435,0.7327055,0.08452444,0.11463084,0.05623366,0.0,0.8108865,0.7494433,0.055259466,0.39509797,0.6606568,0.124731705,0.6269228,0.017805576,0.22488733,0.0077230483,0.23355234,0.09688693,0.84989446,0.07562122,0.62065613,0.0,0.34490514
VACC_0025,0,0.56838006,0.28766558,1.0786643,0.0,0.59372044,0.0,0.48442048,0.87506485,0.5553757,0.3879887,0.5370188,0.35253644,0.0512041,0.49839228,0.45546055,0.6138654,0.536705,0.49012363,0.33511007,0.52691907,0.5996915,0.6243924,0.56171817,0.22730316,0.1381481,0.22912006,0.6241505,0.654245,0.4711665,0.54108304,0.3491422,0.28466898
VACC_0026,0,0.96315354,0.40258697,1.6429114,0.0,0.12829797,0.0,0.9615426,1.2199491,0.38743854,0.2396207,1.0384581,0.17298235,0.03793688,0.13646524,0.0,1.3066231,1.1776168,0.18256164,0.55779094,1.008087,0.14689599,0.90899193,0.23002094,0.25591922,0.10766592,0.18494488,0.31561884,1.2110406,0.14156601,0.89858514,0.09696862,0.6704824
VACC_0027,0,1.1072925,0.41534743,1.9192734,0.0,0.0,0.0,1.1417758,1.3552767,0.32976484,0.21503772,1.2974217,0.12970252,0.029018804,0.0,0.0,1.5695909,1.4753311,0.06670678,0.6371735,1.209467,0.0,1.0061989,0.11631602,0.27982253,0.101692386,0.14749962,0.20331645,1.4473583,0.030679792,1.0323567,0.0,0.8304945
VACC_0028,0,1.1531584,0.3982514,2.0368004,0.0,0.0,0.0,1.2160825,1.4334311,0.36015368,0.22826226,1.3810596,0.13418375,0.015964717,0.00254111,0.0,1.6712819,1.574077,0.06697214,0.6747849,1.290159,0.0,1.0425404,0.12067306,0.2718127,0.10817743,0.13012859,0.1978257,1.524153,0.037820637,1.080315,0.0,0.8968687
VACC_0029,0,1.1086233,0.41632488,1.9096291,0.0,0.0,0.0,1.1417189,1.354728,0.33672285,0.21780191,1.2834578,0.13556217,0.026657104,0.006759092,0.0,1.5680798,1.4595134,0.079289734,0.6344771,1.2025332,0.0,1.0097413,0.12923473,0.280766,0.10269529,0.15101536,0.2177465,1.4437042,0.040267617,1.0300447,0.0,0.8228589
VACC_0030,0,0.9235615,0.58211,1.0686386,0.0,0.0,0.2439682,0.7239398,1.0816278,0.0,0.0,0.8253598,0.0,0.51707387,0.0,0.0,1.1129334,0.9383335,0.0,0.52325964,0.7259996,0.0,0.94166684,0.0,0.20733427,0.0,0.57063186,0.0,1.0511051,0.0,0.7743514,0.0,0.35041645
VACC_0031,0,0.5840385,0.46610892,1.0195203,0.0,0.37283868,0.0,0.5625067,0.87507296,0.24112906,0.19106637,0.6441905,0.17700477,0.25645995,0.21252806,0.08848882,0.7741225,0.66535723,0.23743242,0.41545796,0.5837491,0.2972443,0.77650833,0.1643539,0.23011997,0.0,0.29207256,0.2736344,0.88618124,0.11996701,0.6556312,0.1019685,0.31319678
VACC_0032,0,0.84664583,0.42370966,1.3808973,0.0,0.19406258,0.0,0.8052038,1.0779204,0.35154468,0.2101198,0.853474,0.16173439,0.064008,0.15900357,0.047201037,1.0864332,0.9595727,0.19751143,0.48528618,0.8369933,0.19267975,0.8254706,0.2196343,0.24554059,0.085553564,0.22331052,0.30791518,1.0363308,0.15399092,0.7918133,0.12203759,0.53107244
VACC_0033,0,0.73535365,0.43069977,1.2741213,0.0,0.08628516,0.0,0.7459805,0.9629224,0.22012667,0.14307503,0.86342216,0.11609639,0.09175593,0.105067685,0.0,0.9745945,0.94999146,0.09253931,0.46390438,0.7863356,0.14392833,0.69256735,0.10247934,0.21665402,0.057789214,0.22923726,0.17908192,0.9805219,0.08604759,0.7084865,0.0,0.46324167
VACC_0034,0,0.9811536,0.38312486,1.7333272,0.0,0.15997313,0.0,1.0016869,1.2365175,0.41770363,0.2651946,1.1096706,0.19702809,0.016927764,0.15686579,0.03251338,1.3459487,1.2561052,0.21661472,0.56527257,1.0332904,0.17072882,0.90127444,0.26598,0.25152737,0.12527567,0.17181309,0.3589311,1.2437352,0.1686244,0.9189603,0.127913,0.69673157
VACC_0035,0,0.9600306,0.40359628,1.6578233,0.0,0.10850541,0.0,0.9622514,1.215985,0.37568128,0.23575933,1.0566361,0.16550015,0.038010135,0.122780904,0.0,1.3028551,1.1962321,0.16666418,0.5611247,1.0186675,0.130055,0.90644777,0.20943862,0.2569277,0.10216019,0.1792982,0.29277155,1.2190336,0.12663189,0.9044733,0.082056016,0.68266547
VACC_0036,0,0.78842336,0.3791694,1.3800688,0.0,0.20367561,0.0,0.79910076,1.0548525,0.3828268,0.22466172,0.85466194,0.18184571,0.045031622,0.24185272,0.10304925,1.0380577,0.9632319,0.22983879,0.48381764,0.8247527,0.2809462,0.7199476,0.2816713,0.20361283,0.1125172,0.21849655,0.34476385,0.9717844,0.22147802,0.7416165,0.1272097,0.50961983
VACC_0037,0,1.0571538,0.3957261,1.8458807,0.0,0.048690304,0.0,1.0998566,1.336122,0.38896632,0.23607667,1.206442,0.16465016,0.026524901,0.08809273,0.0,1.4947442,1.3719481,0.1395787,0.6181151,1.1509446,0.07475184,0.97896016,0.19467783,0.2584639,0.10979878,0.1572105,0.27520654,1.374876,0.10414499,0.98742926,0.0470047,0.7801467
VACC_0038,0,0.6561565,0.39090055,1.1262805,0.0,0.46056104,0.0,0.6011995,0.9199136,0.4576295,0.27474028,0.5999918,0.24574722,0.0745172,0.36793834,0.32993942,0.7793189,0.6636994,0.38535285,0.40200806,0.6000246,0.46417904,0.682762,0.40070295,0.21172035,0.104850896,0.26440296,0.49853674,0.7681425,0.32423526,0.6470543,0.3122623,0.35807565
VACC_0039,0,1.032347,0.37001795,1.8648901,0.0,0.10335551,0.0,1.0871646,1.3204565,0.42428082,0.26606524,1.2235336,0.1922488,0.006693095,0.13407,0.0,1.4656261,1.3885654,0.1864954,0.61096317,1.1334119,0.13388096,0.9381108,0.24326348,0.24551496,0.12651116,0.14977069,0.3218495,1.3487989,0.1496433,0.9741623,0.08488384,0.7745379
VACC_0040,0,0.9193656,0.38320282,1.6069512,0.0,0.088857874,0.0,0.95163107,1.1741492,0.35857642,0.21910693,1.0607998,0.15843116,0.026380554,0.13084973,0.0,1.2652223,1.1977087,0.15858328,0.5475798,0.9843155,0.14940466,0.8170227,0.20890784,0.22624649,0.11291569,0.1813138,0.2782232,1.1672966,0.14719695,0.85830253,0.049902618,0.6429845
VACC_0041,0,1.1543882,0.40088987,2.0332031,0.0,0.0,0.0,1.219258,1.4316306,0.35551858,0.22498982,1.3816262,0.13444425,0.01592642,0.0,0.0,1.6724677,1.5733906,0.06492442,0.67497915,1.2893293,0.0,1.0448495,0.11708522,0.27266487,0.105800785,0.13038924,0.19541797,1.5305771,0.034302175,1.0809834,0.0,0.8943907
VACC_0042,0,1.040812,0.38430947,1.8575072,0.0,0.0,0.0,1.1026593,1.3092425,0.3532861,0.22339328,1.2596744,0.14416577,0.01329343,0.056424275,0.0,1.4814453,1.4281443,0.10098678,0.6213286,1.1585673,0.052389577,0.9181545,0.15299821,0.24429783,0.114511825,0.14672612,0.22754654,1.3614188,0.0883891,0.97693604,0.0,0.78909147
VACC_0043,0,0.3771251,0.38767025,0.7207239,0.0,1.0761569,0.0,0.0,0.81972617,0.7132909,0.62818456,0.114776164,0.51870114,0.0120494515,0.9777742,0.9055454,0.14193827,0.0,0.87248516,0.2389274,0.20622088,1.2310127,0.46546787,0.9512923,0.32059872,0.15001237,0.5424666,0.9705435,0.24871837,0.9163474,0.3459208,0.55091256,0.01243782
VACC_0044,0,0.37740976,0.3591392,0.6866195,0.0,1.2623272,0.0,0.0,0.8487218,0.8410615,0.7214961,0.013368964,0.5988942,0.0,1.1507838,1.0987322,0.074820966,0.0,1.0362159,0.21181905,0.15098959,1.4293649,0.4589676,1.1491216,0.32019836,0.19715369,0.57124734,1.1571642,0.14783332,1.0767978,0.30862594,0.6860845,0.0
VACC_0045,0,0.2981146,0.40067756,0.5542799,0.0,1.0234151,0.0,0.0,0.6393334,0.60293144,0.55777085,0.05230114,0.4566484,0.06272121,0.867518,0.8089544,0.024709612,0.0,0.7973627,0.21369681,0.12606677,1.1224613,0.4462701,0.8256793,0.31327382,0.10437087,0.5458861,0.85005856,0.20726919,0.79052675,0.30408397,0.50214493,0.0
VACC_0046,0,0.34920308,0.3499018,0.6533567,0.0,1.2886221,0.0,0.0,0.803651,0.8402891,0.72501117,0.0,0.60626644,0.0,1.1463988,1.111227,0.013550907,0.0,1.0413827,0.19947842,0.11482376,1.4308492,0.44958577,1.1508526,0.32081878,0.19260854,0.5696744,1.1560909,0.12223649,1.0761915,0.28723156,0.7023768,0.0
VACC_0047,0,0.3657977,0.3327905,0.73772645,0.0,1.4256499,0.0,0.0,0.85770714,0.9391575,0.8051834,0.002688378,0.68148476,0.0,1.2783091,1.2446241,0.0,0.0,1.1539152,0.19882482,0.115065366,1.5788412,0.42305577,1.2939346,0.34251094,0.23589337,0.58566344,1.298047,0.097486466,1.1956366,0.2854945,0.7982325,0.0
VACC_0048,0,0.41689873,0.4605736,0.6178528,0.0,0.7348263,0.0,0.065733045,0.7163895,0.46754408,0.42534244,0.16556352,0.32806665,0.031849638,0.66538256,0.6018322,0.20789829,0.093904644,0.5895541,0.2387428,0.23961796,0.8824979,0.44120476,0.61329365,0.29577544,0.094623305,0.51058316,0.6473607,0.2886353,0.6369238,0.36268684,0.3315022,0.020726457
VACC_0049,0,0.772684,0.37803146,1.2322862,0.0,0.227143,0.0,0.76035404,0.9339968,0.3318197,0.1791455,0.75779146,0.18271159,0.059644803,0.20064889,0.14349934,0.8574224,0.8435355,0.22388268,0.41994154,0.71291506,0.19355406,0.7051004,0.23043907,0.16740626,0.110951535,0.18669325,0.27828494,0.8801326,0.19055435,0.676251,0.21217507,0.40627506
VACC_0050,0,0.6774608,0.32393953,1.2191846,0.0,0.27792537,0.0,0.7034937,0.9297834,0.39477497,0.23437424,0.7355356,0.21265231,0.05413206,0.2876863,0.20618421,0.8252054,0.8032659,0.26811814,0.40932846,0.6931753,0.32649004,0.6533419,0.29558533,0.14672092,0.123799436,0.176567,0.34571794,0.80594397,0.2729246,0.6296574,0.20975047,0.39987263
VACC_0051,0,0.86814284,0.3275907,1.5034909,0.0,0.18377762,0.0,0.90124285,1.1072513,0.41769236,0.2370605,0.93259126,0.20652048,0.042127162,0.21307217,0.09331125,1.0818888,1.0528805,0.22353715,0.48856783,0.88860357,0.20028435,0.7991376,0.28018254,0.1732538,0.14083776,0.14225665,0.3126488,1.0326084,0.21027327,0.77409005,0.19197148,0.5581653
VACC_0052,0,0.6945028,0.32200715,1.1841426,0.0,0.32614267,0.0,0.68836904,0.89258015,0.41699582,0.24237187,0.6868595,0.23733304,0.060944073,0.31347865,0.26966166,0.7656466,0.7607118,0.32255834,0.3854676,0.6417018,0.3494928,0.647452,0.347198,0.14507437,0.14130095,0.18213798,0.38811776,0.7567659,0.29286057,0.6225547,0.2906248,0.35841772
VACC_0053,0,0.80698514,0.31294802,1.3326883,0.0,0.331537,0.0,0.8005861,1.0194837,0.46149814,0.24897988,0.78702563,0.25821412,0.025840655,0.31646544,0.2473566,0.9264482,0.8869411,0.32822055,0.41811836,0.74189115,0.3067189,0.71496344,0.37904924,0.15385465,0.16500163,0.16044036,0.4065006,0.8832798,0.29325426,0.68559784,0.30044776,0.4295967
VACC_0054,0,0.6790067,0.33490437,1.1452954,0.0,0.3692761,0.0,0.6816523,0.9085254,0.41333544,0.22977717,0.6658757,0.2424034,0.06957658,0.31579,0.25368887,0.76530683,0.743273,0.31572223,0.40101683,0.6317582,0.34988415,0.6460695,0.35729647,0.13912505,0.13448486,0.19608104,0.39197615,0.78400683,0.2876464,0.60572875,0.2789058,0.34222928
VACC_0055,0,1.1367017,0.33197814,1.9816296,0.0,0.0,0.0,1.246081,1.4211514,0.39526695,0.21213208,1.3293383,0.17481853,0.037960544,0.028533414,0.0,1.5691674,1.5156478,0.06889537,0.63966066,1.2494214,0.0,1.0313076,0.15228158,0.20750543,0.13311768,0.07092628,0.16042268,1.4779936,0.058731705,1.0145135,0.03383872,0.8373616
VACC_0056,0,0.9636858,0.32457963,1.6631703,0.0,0.14076947,0.0,1.010004,1.2115031,0.4217981,0.2329972,1.0589952,0.21154986,0.04578069,0.1634921,0.0065068007,1.2304938,1.2041881,0.18623495,0.5334195,0.9955878,0.12152676,0.8743346,0.2606942,0.18680793,0.14660391,0.11916971,0.27610317,1.1777482,0.16310829,0.84628516,0.1536642,0.640787
VACC_0057,0,0.7994787,0.31424955,1.438009,0.0,0.22922127,0.0,0.8596628,1.0624623,0.42798263,0.24334995,0.8963793,0.22149174,0.031710133,0.23182426,0.13845387,1.018772,0.9980463,0.24487239,0.4743321,0.8328613,0.24149702,0.7309711,0.30081916,0.1601826,0.13803038,0.13328889,0.33118328,0.98115504,0.24203289,0.7355225,0.19738954,0.5197345
VACC_0058,0,0.8526732,0.34296232,1.4748716,0.0,0.15330504,0.0,0.8958031,1.0690025,0.36967915,0.20781319,0.94738865,0.18346222,0.0504179,0.14553712,0.049388945,1.0578324,1.0638763,0.17726701,0.48343506,0.8683592,0.13658653,0.77153397,0.22383136,0.17681846,0.12536442,0.1397752,0.2584789,1.0377829,0.16196305,0.7649319,0.14973909,0.5416187
VACC_0059,0,0.9142699,0.31769696,1.5979333,0.0,0.15961273,0.0,0.97144544,1.1561315,0.4224919,0.23472588,1.0207552,0.21574076,0.025583357,0.17924719,0.064424336,1.1656908,1.14834,0.2080009,0.5062019,0.9448543,0.14819102,0.8194058,0.26688844,0.17766213,0.14530566,0.11385375,0.29340586,1.1143012,0.19061852,0.81686544,0.17616749,0.60115826
VACC_0060,0,0.8820248,0.34652913,1.5056491,0.0,0.1757162,0.0,0.92166793,1.1198449,0.39892656,0.22031395,0.9363588,0.1953261,0.04696566,0.18124683,0.05200249,1.1054094,1.057837,0.19992635,0.50206745,0.89958274,0.16091983,0.81723714,0.2573036,0.18207484,0.12671384,0.14890656,0.28720954,1.0732147,0.1829232,0.7843271,0.1687113,0.56579816
VACC_0061,0,0.8454741,0.33874306,1.4456098,0.0,0.19220655,0.0,0.87592816,1.0460191,0.38258588,0.21537454,0.91734004,0.20480709,0.038171574,0.17951448,0.10500091,1.0205137,1.0246116,0.21417883,0.46461296,0.8377219,0.16517936,0.7560226,0.2538141,0.17654654,0.13309288,0.13959691,0.29056278,1.0066764,0.19019297,0.75185704,0.19008142,0.5153339
VACC_0062,0,1.0046147,0.33605814,1.712774,0.0,0.09324144,0.0,1.0527916,1.253746,0.412728,0.22435243,1.090572,0.19043393,0.04746148,0.13724555,0.0,1.2995001,1.2445114,0.15725538,0.5547873,1.04748,0.08203785,0.922307,0.2333188,0.19395241,0.14111206,0.11970049,0.2557005,1.2309736,0.13893092,0.8800672,0.1310229,0.6800504
VACC_0063,0,0.62228423,0.41562843,1.1181281,0.0,0.14989834,0.02717916,0.6787058,0.8020661,0.122502044,0.094348714,0.82549584,0.13043685,0.1527289,0.081753954,0.0,0.78380394,0.8665068,0.08775687,0.41177252,0.65664184,0.116200194,0.6164135,0.00022488832,0.15717846,0.018114656,0.20432101,0.028487891,0.9281219,0.029968798,0.6127863,0.0,0.31176475
VACC_0064,0,1.0820692,0.3369348,1.873445,0.0,0.0,0.0,1.1631253,1.3413227,0.386917,0.21107332,1.2434387,0.17273541,0.044775322,0.056455866,0.0,1.4509102,1.4180304,0.09005207,0.60192627,1.1665338,0.0,0.9792402,0.16740978,0.20475668,0.13422042,0.09079075,0.18153283,1.3747157,0.07568297,0.9581614,0.059998006,0.77311254
VACC_0065,0,0.9206993,0.32025173,1.610054,0.0,0.14909683,0.0,0.98511994,1.1727779,0.42393577,0.23350151,1.0256705,0.20793422,0.031574637,0.1648206,0.037979305,1.1911216,1.1570745,0.1959666,0.51755935,0.9571894,0.13838153,0.8314171,0.26285052,0.1794166,0.14253768,0.114812225,0.28761497,1.1304239,0.18244869,0.8232951,0.16092211,0.61295617
VACC_0066,0,0.7195405,0.32940102,1.0950167,0.0,0.41150165,0.0,0.6633214,0.9142577,0.45521212,0.2364849,0.5937073,0.25850433,0.055014998,0.38591558,0.3418517,0.75457764,0.6716846,0.37953943,0.36382443,0.5878223,0.40881997,0.6467695,0.41602576,0.1342772,0.1660831,0.21064998,0.45715484,0.7089652,0.34320945,0.5871414,0.35415274,0.29839295
VACC_0067,0,0.78578377,0.30531645,1.3772397,0.0,0.28408134,0.0,0.82468724,1.0226114,0.44186425,0.24388503,0.84933424,0.23997639,0.025501639,0.26934272,0.19974667,0.955354,0.94641805,0.28384513,0.43930987,0.773087,0.27265477,0.69659936,0.3312168,0.14911802,0.15012148,0.13903418,0.35696313,0.92138875,0.26691985,0.69990337,0.2438932,0.46351948
VACC_0068,0,0.7194306,0.49286288,0.9536494,0.0,0.07141058,0.00072751194,0.6974846,0.81716263,0.09246971,0.0066569597,0.6757515,0.044827417,0.19263227,0.0,0.0,0.76802325,0.7531283,0.02173233,0.41879785,0.6051817,0.012383714,0.6813102,0.0,0.1437103,0.02183067,0.26706487,0.017279297,0.8754715,0.0,0.62524843,0.036165744,0.2947877
VACC_0069,0,0.8368637,0.32657546,1.4013553,0.0,0.27003253,0.0,0.8542272,1.0501256,0.43099868,0.23026983,0.84777045,0.2337151,0.04977475,0.241266,0.16066927,0.9865453,0.9507147,0.26820207,0.4555236,0.80059654,0.22579287,0.7718328,0.31811345,0.16487801,0.14466485,0.14696495,0.3544,0.9742944,0.23209655,0.7286501,0.2528785,0.48445615
VACC_0070,0,0.9592745,0.3295499,1.637713,0.0,0.13801329,0.0,1.0028051,1.2073797,0.42460102,0.22955935,1.0311208,0.20490156,0.041919842,0.16997091,0.017773211,1.2235368,1.17175,0.19024292,0.5287676,0.9880614,0.12543593,0.8799987,0.2612887,0.18585898,0.14424184,0.123017356,0.28698632,1.1634971,0.16977614,0.8434638,0.16439006,0.63369465
VACC_0071,0,0.7227694,0.3369182,1.2228707,0.0,0.33527827,0.0,0.7223878,0.93312365,0.41861087,0.24024914,0.7028562,0.24092449,0.06112875,0.31331354,0.24515647,0.8115457,0.7826835,0.31889892,0.41452295,0.67967665,0.335549,0.68320835,0.34918004,0.15459423,0.132987,0.18880016,0.38582674,0.82132447,0.2842363,0.6480443,0.2870654,0.38713202
VACC_0072,0,0.80224454,0.31138253,1.4365113,0.0,0.23398308,0.0,0.8577359,1.0647004,0.4417473,0.2503643,0.8806081,0.22300644,0.028895542,0.24760865,0.15226802,1.0183915,0.981797,0.25863063,0.47052222,0.82991505,0.25798452,0.73532647,0.3147651,0.16029876,0.1413655,0.13529444,0.3464544,0.9666965,0.25535578,0.7355383,0.212084,0.51901364
VACC_0073,0,0.8315804,0.32505605,1.4069874,0.0,0.24945997,0.0,0.84867465,1.0531362,0.4324656,0.23653589,0.85189986,0.22590451,0.031858698,0.25522012,0.16910252,0.9956809,0.95611763,0.2694062,0.4519984,0.81070125,0.24096085,0.7549963,0.31778193,0.16516155,0.14731905,0.1482616,0.3539612,0.9564625,0.24587458,0.7304873,0.24387705,0.49234733
VACC_0074,0,0.72433233,0.36016884,1.1804657,0.0,0.2878306,0.0,0.7193136,0.91525793,0.36031872,0.19725095,0.72073567,0.20635264,0.052972212,0.2533989,0.1988172,0.8113688,0.80113906,0.26365858,0.40158626,0.664217,0.27113754,0.6474457,0.27507877,0.15549275,0.11769261,0.19753014,0.31067201,0.82328296,0.23820436,0.636424,0.22844988,0.36647204
VACC_0075,0,0.7667051,0.38269007,1.2778285,0.0,0.1554089,0.0,0.79949534,0.948248,0.3010493,0.16553797,0.8176495,0.1469148,0.07869771,0.11771269,0.057620704,0.9112237,0.9063045,0.15777192,0.45146394,0.75488985,0.1322261,0.72105366,0.1661011,0.16822502,0.0898635,0.17339677,0.222738,0.9350121,0.13908476,0.7002231,0.14261055,0.4491172
VACC_0076,0,0.6354518,0.40282726,1.1601431,0.0,0.1810876,0.0,0.7195371,0.87572724,0.17970099,0.12356828,0.8098251,0.14656089,0.1595971,0.12363361,0.0,0.8503537,0.862604,0.10468227,0.46295258,0.7113395,0.15068288,0.6680093,0.053213537,0.14856516,0.024701051,0.2080231,0.080047995,0.97373086,0.07001042,0.62885654,0.0,0.3623455
VACC_0077,0,1.0188327,0.3155392,1.7993379,0.0,0.07496481,0.0,1.1088552,1.294738,0.42783564,0.23651965,1.1741552,0.2058203,0.023934439,0.12658782,0.0,1.3700715,1.3297536,0.15683189,0.57360864,1.0983331,0.07035826,0.9179095,0.23142779,0.19005895,0.14390206,0.08882892,0.24597558,1.2890773,0.14610559,0.9148473,0.11681348,0.7231009
VACC_0078,0,1.0319159,0.32234696,1.7926128,0.0,0.079453394,0.0,1.1135938,1.2977803,0.41884923,0.22569217,1.1703899,0.20530216,0.03738521,0.112699255,0.0,1.3702897,1.3283153,0.14785317,0.5752701,1.0962743,0.049284145,0.937693,0.2230581,0.19171381,0.140773,0.09310359,0.23601916,1.3062196,0.12771007,0.9151582,0.11560762,0.7170104
VACC_0079,0,0.668944,0.45068163,0.9162782,0.0,0.21850644,0.0,0.65048933,0.8581909,0.19983177,0.081773564,0.57930404,0.11894752,0.192485,0.17095204,0.06126398,0.7577946,0.6557097,0.14892936,0.40771258,0.577876,0.19711925,0.6887169,0.117830396,0.13190062,0.05404497,0.29420882,0.1768755,0.80691385,0.1148572,0.576146,0.10785583,0.2564327
VACC_0080,0,0.91421777,0.31979832,1.5962815,0.0,0.15694053,0.0,0.9742962,1.1547126,0.41551673,0.2305869,1.026063,0.21478595,0.026878744,0.16994451,0.058075547,1.1677268,1.1529996,0.20178992,0.507653,0.94548464,0.13868867,0.81954014,0.2600569,0.17795286,0.14300826,0.11298245,0.28717205,1.1221331,0.18435222,0.81745017,0.17045778,0.60036653
VACC_0081,0,0.9365246,0.39699793,1.5383534,0.0,0.15443607,0.0,0.9335629,1.1266861,0.36617917,0.21028908,0.96065235,0.16855694,0.044345126,0.1300912,0.024381697,1.1704508,1.0926459,0.18606183,0.52214223,0.9204028,0.12427251,0.85561943,0.22790372,0.21896586,0.121199735,0.18407512,0.30818918,1.1158369,0.14694664,0.82849807,0.15582404,0.58802956
VACC_0082,0,0.8422092,0.36292842,1.457762,0.0,0.24955542,0.0,0.85681796,1.0443981,0.42081296,0.25611836,0.8915117,0.20107983,0.02670066,0.19581707,0.1700348,1.0303521,1.0020013,0.26478535,0.49630195,0.82482374,0.24085204,0.77308893,0.29728252,0.19710837,0.1331698,0.18414478,0.38745144,0.99160385,0.23048484,0.7761431,0.22831148,0.5417839
VACC_0083,0,1.0897093,0.37763828,1.8940384,0.0,0.029363677,0.0,1.1476045,1.3263948,0.3895961,0.24077888,1.2485442,0.1612622,0.018138096,0.039176032,0.0,1.4842471,1.4242545,0.125043,0.6291631,1.1598297,0.025525197,0.9802475,0.1841414,0.24030253,0.13021085,0.13772105,0.2636231,1.3776772,0.09832865,0.9914187,0.07299361,0.79662406
VACC_0084,0,1.1260791,0.394658,1.9509661,0.0,0.0,0.0,1.1843545,1.3650875,0.36615026,0.22789414,1.2988496,0.14571674,0.02012977,0.0038802177,0.0,1.544397,1.4834343,0.09018552,0.6517364,1.2127911,0.0,1.0172671,0.14680523,0.25426227,0.11849605,0.14060406,0.22623804,1.4415185,0.06277633,1.0269634,0.034947455,0.836817
VACC_0085,0,1.1409885,0.392267,1.9587181,0.0,0.0,0.0,1.1886191,1.3767223,0.3839004,0.2362342,1.285994,0.14900555,0.021058992,0.017449096,0.0,1.551717,1.4731811,0.10341802,0.65567183,1.2167547,0.0,1.0332637,0.1626808,0.25490847,0.12554923,0.14071423,0.24474326,1.4383324,0.072707474,1.0329139,0.05488023,0.8423312
VACC_0086,0,1.2255168,0.39901173,2.120493,0.0,0.0,0.0,1.3049707,1.4665117,0.3520481,0.21866639,1.4390072,0.122749284,0.017367974,0.0,0.0,1.7192557,1.6490964,0.032038987,0.70523006,1.3406668,0.0,1.0986652,0.09222594,0.26461697,0.11889928,0.119016275,0.17453307,1.5877378,0.007669896,1.1142778,0.0,0.9363662
VACC_0087,0,1.1651975,0.41503567,1.9800086,0.0,0.0,0.0,1.2218649,1.3913988,0.31588012,0.19015218,1.340609,0.11353393,0.033929586,0.0,0.0,1.6157812,1.5351776,0.023121506,0.663128,1.2580119,0.0,1.045218,0.0874809,0.2635315,0.111170165,0.13657601,0.16826364,1.4986222,0.0015307665,1.0504332,0.0,0.85792863
VACC_0088,0,0.73596615,0.39524227,1.2861469,0.0,0.20490001,0.0,0.7556579,0.94197464,0.306854,0.19624998,0.8257847,0.16601042,0.08090695,0.14905144,0.08254936,0.92661214,0.9110426,0.18537718,0.45739397,0.7446681,0.19598763,0.69466805,0.20233637,0.19915104,0.08941875,0.205215,0.28248444,0.93887156,0.159962,0.7033089,0.12117654,0.4486047
VACC_0089,0,1.0363476,0.40899074,1.7500215,0.0,0.0,0.0,1.0772953,1.2438568,0.3203956,0.1888407,1.1656694,0.12617834,0.033275947,0.0138724,0.0,1.3923644,1.3290399,0.082399786,0.5913261,1.0871655,0.0,0.9287034,0.13825464,0.2378163,0.1139242,0.16331336,0.2254869,1.2998405,0.06443328,0.93601304,0.033494353,0.72244453
VACC_0090,0,1.0998948,0.38787505,1.9058659,0.0,0.0,0.0,1.1615719,1.331583,0.36957753,0.22780319,1.268777,0.14332847,0.016686812,0.014790341,0.0,1.5052778,1.4507871,0.10018337,0.6380371,1.1765083,0.00088994205,0.9858209,0.15876722,0.24126688,0.12691864,0.14450388,0.24525312,1.3928121,0.08094829,1.0040014,0.04767847,0.8107581
VACC_0091,0,1.1441171,0.39701685,1.9628434,0.0,0.0,0.0,1.1963311,1.3748467,0.36558187,0.22524936,1.3039231,0.14164658,0.024319813,0.0,0.0,1.5578536,1.4911807,0.08347556,0.65878886,1.2240899,0.0,1.0356337,0.13849038,0.25568667,0.11945955,0.13824157,0.22202459,1.4569553,0.053212464,1.0375525,0.037736267,0.8458899
VACC_0092,0,0.73500586,0.37618712,1.1606284,0.0,0.34966362,0.0,0.69184667,0.8999734,0.4001341,0.23568024,0.67886794,0.19821565,0.04742734,0.25885254,0.29523522,0.811682,0.7658733,0.31504846,0.41540998,0.6260841,0.33485115,0.6696662,0.31434095,0.16544479,0.1332252,0.23552193,0.40949973,0.7836777,0.28134042,0.6496702,0.28833503,0.36965767
VACC_0093,0,1.1457719,0.3946074,1.9825416,0.0,0.0,0.0,1.1960671,1.3797505,0.35441113,0.22042273,1.3298849,0.12869982,0.028732523,0.0,0.0,1.5651041,1.5221562,0.05929956,0.66220087,1.2387807,0.0,1.0302886,0.11379212,0.25521615,0.11967472,0.13428333,0.19743684,1.4609444,0.036299407,1.0428076,0.012359589,0.8610258
VACC_0094,0,0.8072958,0.5311479,0.966374,0.0,0.0077905506,0.022531845,0.71252084,0.9388095,0.028248742,0.0,0.67629886,0.0,0.2980713,0.0,0.0,0.8925179,0.7727169,0.0,0.44865265,0.6280043,0.028567255,0.7830069,0.0,0.13890982,0.03118942,0.4327523,0.029804617,0.9013053,0.0,0.65883267,0.0,0.28495944
VACC_0095,0,1.060614,0.41185984,1.8021228,0.0,0.0,0.0,1.0935651,1.2828271,0.33003908,0.19831069,1.1890149,0.13303308,0.037643254,0.02141817,0.0,1.4288496,1.3573611,0.08318463,0.60542107,1.1244898,0.0,0.96045375,0.14062846,0.25167936,0.1095948,0.1614744,0.2182118,1.3398145,0.058123767,0.9589295,0.029398382,0.7528101
VACC_0096,0,0.9393548,0.4016673,1.5788605,0.0,0.13388364,0.0,0.9412521,1.1524308,0.36418128,0.22464098,0.9915594,0.16708128,0.038780287,0.12315048,0.0,1.2124379,1.1267052,0.17805651,0.540828,0.95445335,0.12988947,0.8604233,0.22587657,0.23478687,0.11644139,0.18745984,0.3057153,1.1441094,0.14671421,0.85059583,0.12421104,0.6202718
VACC_0097,0,0.71155,0.5011265,1.0819429,0.0,0.17883553,0.013317466,0.6780685,0.85031235,0.114173725,0.09186275,0.7517153,0.100948855,0.17501286,0.083737984,0.0,0.82406616,0.8000649,0.10868466,0.43668512,0.6689779,0.11054717,0.71388423,0.0,0.2093957,0.0036656857,0.28595856,0.07289547,0.9600729,0.028817594,0.6602331,0.03465265,0.321804
VACC_0098,0,1.1110067,0.38495296,1.947329,0.0,0.0,0.0,1.1770748,1.3456907,0.36315095,0.23149522,1.309206,0.14150901,0.015962258,0.0,0.0,1.5328304,1.490447,0.08563846,0.6458262,1.203911,0.0,0.9952085,0.1352101,0.24758177,0.120326184,0.13097987,0.21904954,1.4287683,0.06337869,1.0208058,0.030274093,0.8318821
VACC_0099,0,1.0306516,0.40765178,1.7521863,0.0,0.0,0.0,1.0746263,1.2410607,0.32441634,0.1931582,1.16299,0.1281129,0.032073155,0.017122164,0.0,1.3868558,1.3239275,0.08679694,0.59177095,1.0859714,0.0021090358,0.9262141,0.14175099,0.23954546,0.11271777,0.16182777,0.22951737,1.2952998,0.0690164,0.9366371,0.03639877,0.72534466
VACC_0100,0,1.1061864,0.3825573,1.9323533,0.0,0.0042244047,0.0,1.166645,1.348728,0.38239467,0.24312706,1.2821492,0.15387677,0.012612417,0.022846237,0.0,1.5259047,1.4621066,0.111109376,0.64271855,1.1913135,0.010480687,0.99248004,0.1683417,0.24854758,0.12638307,0.136691,0.24986872,1.4095669,0.087962806,1.0130413,0.05032313,0.823051
VACC_0101,0,0.9403719,0.41255808,1.5473895,0.0,0.095586285,0.0,0.9491799,1.1324866,0.3332131,0.19122283,0.98864627,0.14285631,0.042814508,0.08804686,0.0,1.2001082,1.1246936,0.1451661,0.5364814,0.94207704,0.08827315,0.8540044,0.19095695,0.2231443,0.11310881,0.19153708,0.27935103,1.1354368,0.120500624,0.8426413,0.105116695,0.6069404
VACC_0102,0,0.64613295,0.21347556,1.4500346,0.0,1.2165885,0.0,0.3007713,1.0901679,0.9370129,0.82200825,0.6797199,0.69012284,0.0,1.042016,1.0844831,0.5260207,0.63339496,1.0647699,0.36330175,0.54214126,1.3279045,0.5448051,1.1191199,0.32247883,0.27814123,0.31511116,1.1958915,0.54421616,1.0261351,0.56247634,0.7297606,0.37331626
VACC_0103,0,0.66757923,0.26219994,1.4748154,0.0,0.967489,0.0,0.40318334,1.1162448,0.7970313,0.7072768,0.7712629,0.5775804,0.0,0.8299193,0.81494707,0.6633284,0.7392882,0.85931313,0.4115697,0.63474953,1.0815547,0.59407914,0.8923807,0.31867307,0.20976886,0.29948214,0.95246947,0.70112556,0.84148395,0.62873054,0.540618,0.43015072
VACC_0104,0,0.7286931,0.31569323,1.4916983,0.0,0.7002229,0.0,0.49594998,1.1254449,0.62676847,0.57131445,0.8698085,0.4502328,0.0,0.6080433,0.54294264,0.80446184,0.8687395,0.6351082,0.45005575,0.72453433,0.81495833,0.63859665,0.6339161,0.32122296,0.16059604,0.27503747,0.7064401,0.82455903,0.61773664,0.693003,0.34760273,0.4970204
VACC_0105,0,0.60513234,0.3310284,1.2629855,0.0,0.6743028,0.0,0.413584,0.9707039,0.5684662,0.50695336,0.71464,0.40379006,0.0,0.569494,0.5486196,0.6353153,0.6939488,0.59042823,0.391482,0.587945,0.78132915,0.5564305,0.5898848,0.28943208,0.13449156,0.29667956,0.66398215,0.68820333,0.58740205,0.6000797,0.3318647,0.37690336
VACC_0106,0,0.50011456,0.2971366,1.1087286,0.0,1.0013306,0.0,0.22828564,0.8799808,0.72148216,0.64039636,0.49330312,0.53452736,0.0,0.841224,0.86116,0.37129813,0.42674258,0.8453344,0.31433612,0.41499603,1.0986428,0.47808006,0.8669877,0.28937003,0.18425095,0.35783708,0.9330565,0.45029962,0.83407485,0.46733534,0.5611064,0.22738287
VACC_0107,0,0.67706996,0.22631806,1.4759645,0.0,1.088537,0.0,0.36460656,1.1194214,0.8774909,0.76858425,0.7373116,0.63926,0.0,0.9390163,0.9575712,0.6127871,0.7052985,0.967754,0.39213896,0.59597135,1.2071939,0.5723833,1.0126309,0.3178753,0.25504667,0.29458648,1.0845758,0.6264871,0.93681645,0.6046012,0.6388269,0.41329172
VACC_0108,0,0.6590895,0.3495023,1.2161864,0.0,0.41684437,0.0,0.6151699,0.98209524,0.48311293,0.3293749,0.6616526,0.2692237,0.049353674,0.40035516,0.29473382,0.8498126,0.689288,0.396236,0.4237136,0.6735883,0.49413145,0.6908736,0.4065066,0.22400437,0.099350356,0.22566834,0.48996165,0.81038904,0.37718713,0.66520834,0.25243384,0.4070424
VACC_0109,0,0.60273755,0.36277187,1.0673844,0.0,0.46525687,0.0,0.50040215,0.89475983,0.46100426,0.33819616,0.5654725,0.27058065,0.025715247,0.43168598,0.36339253,0.6937773,0.5731077,0.423216,0.36991787,0.5742464,0.54582345,0.61452484,0.4283985,0.22568044,0.10158632,0.2684191,0.497439,0.6764473,0.41972297,0.58278847,0.25671428,0.31250253
VACC_0110,0,0.5783614,0.29623562,1.2064683,0.0,0.62201387,0.0,0.5091815,0.9491615,0.6011232,0.45331478,0.6396789,0.36718333,0.0,0.54980916,0.5380451,0.67735195,0.6300318,0.56419176,0.3850443,0.5902946,0.7131942,0.5871715,0.5893198,0.21370286,0.13903016,0.24250117,0.65913653,0.67773354,0.57676053,0.5871505,0.36824435,0.34861097
VACC_0111,0,0.60227627,0.34611928,1.1849439,0.0,0.43686056,0.0,0.54894304,0.94102925,0.47254562,0.36072004,0.67895454,0.2796932,0.0057082325,0.39647752,0.3471496,0.755956,0.6868474,0.40763414,0.4086318,0.6336117,0.5421276,0.61244345,0.42017615,0.22861505,0.09929337,0.24428484,0.49592528,0.7536193,0.4236936,0.6258731,0.22649413,0.38034597
VACC_0112,0,0.7109079,0.29463893,1.4573603,0.0,0.5633634,0.0,0.6373201,1.1392932,0.6310917,0.5036698,0.82804763,0.37900507,0.0,0.52287346,0.46564937,0.921412,0.8339536,0.5568781,0.4659678,0.76639664,0.6919859,0.7164509,0.57692826,0.24308313,0.13966408,0.22800435,0.64524317,0.87550104,0.58043814,0.7113862,0.317084,0.4919491
VACC_0113,0,0.5448851,0.3487233,0.94449186,0.0,0.5385606,0.0,0.44750208,0.8047292,0.46514237,0.32217997,0.48585352,0.28413802,0.028077587,0.45871353,0.45808274,0.562482,0.4858628,0.45802927,0.3332068,0.46325994,0.5904718,0.53179735,0.4660403,0.18513599,0.1230912,0.26940614,0.5451226,0.57139695,0.45294482,0.5065857,0.3287285,0.21859387
VACC_0114,0,0.6445774,0.32624465,1.2697718,0.0,0.50650156,0.0,0.5592445,1.0021834,0.5343337,0.42686427,0.72054887,0.3250175,0.0,0.44657648,0.41312647,0.79810524,0.7198386,0.47577667,0.42008674,0.6663961,0.60855603,0.65210855,0.48961836,0.24434905,0.11787907,0.24014086,0.567199,0.78222036,0.4910817,0.6477033,0.26909167,0.4096999
VACC_0115,0,0.7552681,0.5162846,0.88210076,0.0,0.1215639,0.039903514,0.4919522,0.99255025,0.032593235,0.005271226,0.46517426,0.006682247,0.47883368,0.14227574,0.0,0.8196037,0.5451864,0.12751314,0.43228865,0.49391147,0.24705364,0.851009,0.012785107,0.20754415,0.0,0.56839275,0.12556061,0.75938296,0.10922289,0.6479085,0.0,0.20519987
VACC_0116,0,0.61596274,0.32769722,1.2062552,0.0,0.54179543,0.0,0.5243237,0.9846192,0.5535122,0.42981398,0.6552336,0.33244622,0.0,0.504492,0.4594795,0.741797,0.6551547,0.51222473,0.39809832,0.626039,0.6648702,0.61778945,0.53583366,0.23151907,0.12499056,0.26410887,0.5992464,0.7149512,0.5348713,0.61386055,0.29975742,0.368562
VACC_0117,0,0.5706721,0.36328205,1.0550377,0.0,0.42109686,0.0,0.54713434,0.8579337,0.42616415,0.2771716,0.5767596,0.24603496,0.06675727,0.37630546,0.31898224,0.6927712,0.5920662,0.3702774,0.38490906,0.56388617,0.4795488,0.59566414,0.36733192,0.19360015,0.08799287,0.2386568,0.45479003,0.70693696,0.355222,0.58873945,0.2566647,0.3126349
VACC_0118,0,0.5877376,0.3771703,1.054716,0.0,0.35440892,0.0,0.5636786,0.88102233,0.35724854,0.24885921,0.62016094,0.22156374,0.1152086,0.31010252,0.20309001,0.7666539,0.6376649,0.29056066,0.40240157,0.6071353,0.38945687,0.6512257,0.28640383,0.2057979,0.06663389,0.23527351,0.3674976,0.7816601,0.2688393,0.60253686,0.14824626,0.33251828
VACC_0119,0,0.5673491,0.5456896,0.619016,0.0,0.1517121,0.0,0.3317413,0.6782137,0.035860613,0.08522858,0.41967773,0.023839667,0.1965436,0.15882717,0.04161969,0.4828893,0.42467892,0.1312139,0.3120699,0.3980177,0.29450387,0.54944634,0.0,0.2309204,0.0,0.45623973,0.055793792,0.55102277,0.13354516,0.4810608,0.0,0.10075656
VACC_0120,0,0.5289403,0.31271544,1.0811986,0.0,0.59042853,0.0,0.43235892,0.87002695,0.5274643,0.41797733,0.5894808,0.33855098,0.0,0.52354556,0.5192316,0.5898813,0.5720777,0.51789033,0.34733278,0.5258834,0.70079064,0.53747,0.53570104,0.20865606,0.13229632,0.26590693,0.6133411,0.59444445,0.54014015,0.5220127,0.31645674,0.281914
VACC_0121,0,0.70912373,0.2959301,1.4505103,0.0,0.56851643,0.0,0.6345061,1.1389842,0.6316307,0.5044551,0.8204464,0.38158506,0.0,0.5279996,0.46760774,0.9203023,0.8256106,0.5602648,0.46530396,0.7637028,0.6969467,0.7159183,0.58314335,0.24527283,0.13918886,0.23156634,0.65067995,0.8744541,0.5830395,0.709414,0.31736022,0.48817512
VACC_0122,0,0.77360916,0.3004823,1.4928355,0.0,0.45842552,0.0,0.74451935,1.1016719,0.57863224,0.45050216,0.89475155,0.31979316,0.0,0.40446204,0.4470623,0.9495487,0.9600233,0.4786405,0.5003757,0.79173136,0.5743771,0.6923008,0.49911952,0.22033244,0.15323755,0.22719586,0.57248855,0.91285276,0.4843874,0.75571454,0.29815727,0.55491626
VACC_0123,0,0.88738805,0.29271,1.7079799,0.0,0.37245834,0.0,0.8759824,1.2366,0.58071053,0.4632684,1.0875719,0.312463,0.0,0.35423237,0.3761726,1.1370641,1.1889334,0.439618,0.574043,0.9473136,0.52051854,0.7447243,0.46341783,0.22344193,0.1679793,0.20001794,0.5240694,1.0673082,0.4578761,0.8512119,0.24240148,0.6833346
VACC_0124,0,0.7906915,0.29210252,1.5572417,0.0,0.4504549,0.0,0.73706573,1.1156985,0.57317007,0.47073638,0.97256577,0.32881624,0.0,0.3874128,0.4467966,0.95525384,1.0372565,0.47467124,0.50718,0.81932807,0.5744184,0.66941565,0.4830609,0.2339605,0.16203997,0.20771627,0.5564718,0.9203863,0.48462397,0.7684127,0.2816131,0.58534825
VACC_0125,0,0.8634547,0.32565027,1.6163163,0.0,0.34518814,0.0,0.81228006,1.1829118,0.52089506,0.42485666,1.0243984,0.28481406,0.0,0.33034468,0.31940144,1.0778545,1.1176075,0.39651853,0.547259,0.90522325,0.48576462,0.7324351,0.4119748,0.24013025,0.15048635,0.2223331,0.47865203,1.02434,0.41277385,0.8203823,0.21200633,0.640049
VACC_0126,0,0.76761913,0.28305522,1.5186927,0.0,0.45886564,0.0,0.7446773,1.0938923,0.57832384,0.45773685,0.94626445,0.32618463,0.0,0.399872,0.467938,0.9316746,1.0180849,0.47899002,0.5002315,0.7976295,0.58124065,0.6430187,0.49623668,0.20812935,0.16591734,0.2086629,0.55844367,0.8981433,0.4892454,0.7448294,0.29122245,0.55929685
VACC_0127,0,0.95428914,0.2829625,1.8545008,0.0,0.36015308,0.0,0.94901717,1.3260517,0.60597086,0.49062145,1.1955819,0.32613748,0.0,0.34112227,0.35321623,1.246766,1.3057102,0.44026285,0.6120078,1.0345051,0.50317174,0.807557,0.46331835,0.23625757,0.17027631,0.18593332,0.52190304,1.1765232,0.4584552,0.9152393,0.23259407,0.7606232
VACC_0128,0,0.91355586,0.29903287,1.7202146,0.0,0.37083083,0.0,0.8931818,1.2591281,0.57955825,0.45199502,1.0854934,0.3077684,0.0,0.35595703,0.34913737,1.165269,1.1939709,0.42902905,0.5747764,0.9619396,0.49739403,0.7770345,0.4577362,0.22422433,0.16604072,0.20898338,0.5103866,1.0975395,0.4420991,0.8591695,0.23992687,0.68838346
VACC_0129,0,0.9433093,0.3140341,1.7742949,0.0,0.3201614,0.0,0.9102464,1.27671,0.54850864,0.44594336,1.1470711,0.29132056,0.0,0.31766415,0.30623055,1.2068077,1.261009,0.39689463,0.5955519,1.0048463,0.46620458,0.7829181,0.40878636,0.24082981,0.1615484,0.20589338,0.47996905,1.1316792,0.40983367,0.89114475,0.20642823,0.72791564
VACC_0130,0,0.95345956,0.28065825,1.8516104,0.0,0.37188178,0.0,0.9465265,1.3250333,0.6157118,0.495731,1.1853415,0.33068895,0.0,0.35273635,0.36658055,1.2424381,1.2947508,0.4519812,0.60954416,1.0293484,0.51494133,0.8077601,0.47579002,0.2353016,0.1730861,0.18679732,0.53412366,1.1685407,0.46870327,0.9129349,0.24478501,0.75679314
VACC_0131,0,0.78019935,0.30383384,1.4876816,0.0,0.46481967,0.0,0.74481773,1.1054561,0.5787239,0.4486773,0.8878284,0.32071108,0.0,0.41111428,0.44861686,0.9510062,0.9551544,0.48257917,0.49906012,0.7917819,0.57499355,0.6983193,0.50293636,0.21994811,0.15360612,0.23195104,0.57370925,0.9141171,0.48532164,0.75512516,0.3030548,0.5511137
VACC_0132,0,0.6976236,0.50638574,0.8590846,0.0,0.14030354,0.0,0.5860615,0.8257525,0.14906,0.07692443,0.56226975,0.057454273,0.12378463,0.15861969,0.0737741,0.7028857,0.6497669,0.13701138,0.40423483,0.56280065,0.23054315,0.60408944,0.046248615,0.1542216,0.03864879,0.37118647,0.09790334,0.7322626,0.12932563,0.58213925,0.063767016,0.25544167
VACC_0133,0,0.61899054,0.42831945,0.76778626,0.0,0.44193292,0.0,0.47893378,0.907746,0.35673505,0.17941092,0.3071394,0.16343395,0.21094345,0.4817294,0.40549064,0.616702,0.39107928,0.39819705,0.35556948,0.41251278,0.6159972,0.6191846,0.3732093,0.1138304,0.11862851,0.46634522,0.44772735,0.5263082,0.42104554,0.49626303,0.2879058,0.14816509
VACC_0134,0,0.56477726,0.3542377,1.0866362,0.0,0.59950966,0.0,0.3585691,0.97921264,0.51692086,0.436616,0.5630444,0.37227422,0.07195674,0.6234029,0.42131126,0.6457899,0.52455074,0.5384549,0.35007718,0.5406863,0.76928985,0.5851967,0.5454627,0.2827526,0.1038908,0.3567825,0.60094273,0.6706306,0.54578674,0.54659104,0.2505536,0.2591272
VACC_0135,0,0.57095337,0.5283162,0.6225898,0.0,0.056079403,0.04823779,0.33599988,0.84727573,0.0,0.0,0.37322932,0.0,0.44579244,0.12954809,0.0,0.6155083,0.40887657,0.056620657,0.35707924,0.38947996,0.25234592,0.65199506,0.0,0.21065596,0.0,0.57677066,0.036910355,0.5994247,0.09227538,0.5087726,0.0,0.07599944
VACC_0136,0,0.3896089,0.44491735,0.51505333,0.0,0.605685,0.0,0.11057362,0.70155716,0.4007808,0.3442365,0.13974702,0.27526098,0.09262388,0.61495525,0.5066963,0.2515836,0.097655505,0.49530828,0.23398972,0.24011903,0.7937287,0.43353677,0.5318058,0.2484554,0.08402053,0.4935331,0.5556643,0.2912188,0.5416345,0.34380597,0.24331564,0.004250817
VACC_0137,0,0.5715731,0.36186343,1.1229873,0.0,0.569349,0.0,0.3708982,0.95733345,0.47813356,0.408058,0.6117765,0.3537199,0.07546853,0.5799174,0.35849893,0.6553221,0.577204,0.4959594,0.35462764,0.56068283,0.71203655,0.58141047,0.48641586,0.28702587,0.095969506,0.34178185,0.546811,0.70483845,0.48756123,0.55325234,0.22154558,0.27173442
VACC_0138,0,0.46676278,0.2921371,0.9478511,0.0,1.0188065,0.0,0.1530681,0.92811716,0.76400685,0.6282425,0.31857127,0.5459308,0.0,0.9749667,0.87033075,0.34535742,0.24715082,0.8677865,0.27460214,0.34619582,1.1942852,0.48780042,0.95470214,0.27548358,0.19821674,0.42639726,0.9827168,0.38228518,0.8916489,0.4067309,0.5530929,0.122876525
VACC_0139,0,0.66119134,0.51320964,0.6853149,0.0,0.3423668,0.0,0.35369295,0.86405873,0.13453059,0.09343062,0.32065117,0.10084711,0.37653512,0.35942674,0.15537834,0.5824367,0.3364735,0.29799086,0.32726926,0.37422854,0.47770858,0.7280139,0.16784692,0.22539996,0.016123429,0.5525818,0.28078762,0.5915717,0.24173254,0.512149,0.09080845,0.059347793
VACC_0140,0,0.43280372,0.29705337,0.91184676,0.0,0.9222424,0.0,0.1737071,0.8172811,0.6719508,0.5420158,0.3437116,0.4879529,0.0,0.83652014,0.77258164,0.318797,0.2793276,0.76113665,0.25928423,0.3261084,1.0380615,0.443748,0.82480764,0.26444894,0.17545372,0.3697501,0.8738353,0.38679677,0.7587024,0.39663917,0.50041693,0.11892183
VACC_0141,0,0.3882617,0.45088035,0.51677376,0.0,0.5825646,0.0,0.11551581,0.676558,0.37825215,0.32997572,0.15843195,0.2607357,0.08782403,0.578052,0.48627806,0.24239618,0.114647895,0.4741671,0.23393011,0.239817,0.75779986,0.4236954,0.49704772,0.24996856,0.07665118,0.48653272,0.5259576,0.29805157,0.5162196,0.34820697,0.2300002,0.006971441
VACC_0142,0,0.55196446,0.35009658,1.0562689,0.0,0.6113464,0.0,0.34379584,0.9426125,0.5155388,0.42344397,0.5274358,0.37044328,0.07314124,0.6328507,0.42684633,0.6132736,0.4950175,0.5445757,0.33721137,0.51754653,0.76838577,0.56633043,0.5489105,0.28129303,0.108060844,0.34243733,0.61378634,0.6365504,0.53312564,0.5328811,0.27622223,0.24611366
VACC_0143,0,0.4889401,0.28724068,1.0415666,0.0,1.3841149,0.0,0.0,0.97086066,0.8871597,0.8510554,0.4118919,0.74131614,0.0,1.1751106,1.3030014,0.2427538,0.28271604,1.1295244,0.21376593,0.22801068,1.5166509,0.4900973,1.2492712,0.38772207,0.27200025,0.5223682,1.3389381,0.31966972,1.1178288,0.39188147,0.6454406,0.10919379
VACC_0144,0,1.564986,0.3792066,2.5527072,0.0,0.0,0.0,1.655769,1.840797,0.5016774,0.23180391,1.6456871,0.19520722,0.054965958,0.0,0.0,2.1408095,1.9472892,0.06849849,0.85067046,1.6359125,0.0,1.4749023,0.19791472,0.26250422,0.17863312,0.079995304,0.2851651,1.9975206,0.0,1.3426392,0.11481804,1.1664181
VACC_0145,0,1.1096568,0.3159172,1.8080437,0.0,0.36680448,0.0,1.1353523,1.3404362,0.5991211,0.2893719,1.0433264,0.31269068,0.034323126,0.32041734,0.2588188,1.3426529,1.2243707,0.37721944,0.5817943,1.0299771,0.25872386,1.0413958,0.46951866,0.16955568,0.21824503,0.14256993,0.5657903,1.2799013,0.29964793,0.92588854,0.43231767,0.6810036
VACC_0146,0,1.2657384,0.32969847,2.0928748,0.0,0.153733,0.0,1.3334365,1.5090561,0.5414589,0.26196897,1.2989409,0.25212097,0.031278282,0.16175665,0.02673012,1.6462752,1.5238504,0.23460412,0.6805872,1.263323,0.06455313,1.1680478,0.34089887,0.1984688,0.20252088,0.10649359,0.43281606,1.541691,0.17207438,1.0753629,0.2759928,0.8668479
VACC_0147,0,1.4025288,0.34493402,2.31051,0.0,0.057079896,0.0,1.4839171,1.6715398,0.5413176,0.25467438,1.4540652,0.23387872,0.039501667,0.098120525,0.0,1.8722192,1.7179132,0.17281973,0.76025754,1.4368032,0.0,1.3066708,0.2996369,0.21994603,0.20036939,0.09526521,0.38669696,1.7437415,0.10693967,1.1939178,0.21803373,1.0051763
VACC_0148,0,0.69781274,0.37332028,1.1731715,0.0,0.44672894,0.0,0.7889325,0.9180041,0.36460245,0.13732035,0.71173584,0.26447272,0.1154602,0.31056732,0.25272822,0.7734869,0.814106,0.30149084,0.45889986,0.6417932,0.31638312,0.68157804,0.30391443,0.08037391,0.11731396,0.20397589,0.3627607,0.9500332,0.22979793,0.6145652,0.3386559,0.3137846
VACC_0149,0,1.4566686,0.36084735,2.361292,0.0,0.055028424,0.0,1.5134315,1.7313554,0.54667926,0.25251728,1.4721767,0.23492517,0.05638708,0.08555229,0.0,1.9344941,1.7450914,0.1626383,0.77774465,1.4796218,0.0,1.3791896,0.29241347,0.2409359,0.19367957,0.098826826,0.3739561,1.8095838,0.081264555,1.2298489,0.21331131,1.0366668
VACC_0150,0,1.4414401,0.3610742,2.340219,0.0,0.06874655,0.0,1.4963281,1.7146146,0.5516067,0.25741893,1.4496182,0.23605387,0.054410666,0.0972503,0.0,1.9109563,1.7179217,0.1744662,0.7715497,1.4633782,0.0,1.3714781,0.30109078,0.24095626,0.1921575,0.103854954,0.38747206,1.7861295,0.092766285,1.220901,0.22651094,1.0264312
VACC_0151,0,0.6801107,0.39903405,1.1671939,0.0,0.5174349,0.0,0.7074092,0.962544,0.41079545,0.2336803,0.65767664,0.27138197,0.18273728,0.3194629,0.2670682,0.83237374,0.7276775,0.35541487,0.46029326,0.6350356,0.3511727,0.834407,0.3424518,0.15699616,0.077128686,0.23869857,0.44019833,0.9358705,0.2301498,0.6778302,0.33291668,0.37115204
VACC_0152,0,1.4015675,0.3480988,2.3089147,0.0,0.053839788,0.0,1.4843979,1.6704416,0.53266037,0.25075692,1.461636,0.23453103,0.03902255,0.09039487,0.0,1.8727202,1.7233634,0.16700125,0.760548,1.4395187,0.0,1.305328,0.29263908,0.2222185,0.19664982,0.095057786,0.3796238,1.7510688,0.09787154,1.1941521,0.20854002,1.0039068
VACC_0153,0,1.2477312,0.33908862,2.0800962,0.0,0.17599379,0.0,1.3175497,1.5056162,0.544498,0.26941758,1.2844882,0.24799193,0.038611293,0.14784719,0.0115097165,1.6383618,1.5053029,0.23494792,0.6831189,1.2524962,0.06461297,1.1785841,0.3402742,0.2112186,0.18596292,0.112778544,0.43605486,1.5426342,0.15590525,1.0775821,0.27290916,0.86913705
VACC_0154,0,0.86160696,0.42777395,1.005523,0.0,0.54601765,0.0,0.7400071,1.0583217,0.44285816,0.11806716,0.4764122,0.21444316,0.2234768,0.4553007,0.44806725,0.81985486,0.60533214,0.42482287,0.40750182,0.5470598,0.4731602,0.86562014,0.40105295,0.04605019,0.17378324,0.3943746,0.52639794,0.7930691,0.37607247,0.60469574,0.5044032,0.2222513
VACC_0155,0,1.0937142,0.33430806,1.814656,0.0,0.33771098,0.0,1.1255218,1.3451233,0.57039243,0.28306842,1.0589901,0.2822479,0.045754775,0.2696333,0.17382985,1.358985,1.238465,0.33350778,0.5945768,1.0498856,0.21850865,1.0568465,0.42080325,0.18909654,0.18526989,0.14755067,0.5178323,1.3078319,0.24577594,0.937531,0.3791551,0.70416236
VACC_0156,0,0.8396158,0.43398988,1.1313249,0.0,0.32354283,0.0,0.76969844,0.9498907,0.29502147,0.10376541,0.7080732,0.2160287,0.15156552,0.22887523,0.20659482,0.8612468,0.79885554,0.26254857,0.42338976,0.6445668,0.21283866,0.7652459,0.21643865,0.13834053,0.12277501,0.25577402,0.30910775,0.92399544,0.18413812,0.67294955,0.2900685,0.30539098
VACC_0157,0,0.8367083,0.4157405,1.0113345,0.0,0.54779565,0.0,0.7341296,1.0450923,0.44824708,0.12812106,0.4800594,0.2187533,0.22146563,0.45003647,0.44899362,0.8066964,0.61149454,0.42323852,0.4096165,0.53921926,0.47988492,0.8353008,0.40737903,0.044619977,0.17835078,0.37560523,0.5301914,0.7800213,0.3796358,0.5985786,0.50342065,0.22399044
VACC_0158,0,1.0312772,0.3035099,1.7217703,0.0,0.39896685,0.0,1.0756092,1.2746518,0.6124957,0.30684334,0.9783361,0.3007818,0.02102758,0.3423723,0.31408793,1.2646172,1.1524092,0.4017765,0.56201345,0.96031713,0.31642628,0.9676578,0.49949074,0.1530259,0.21793905,0.15380144,0.60158,1.1772696,0.32947624,0.87800133,0.44650513,0.6420256
VACC_0159,0,0.999406,0.35240662,1.4806147,0.0,0.5269638,0.0,0.9491621,1.24579,0.60602397,0.26888168,0.7662277,0.31187564,0.0830478,0.42212325,0.36411446,1.137385,0.9296292,0.44341666,0.5042137,0.82547045,0.40483922,0.9834516,0.5184064,0.14887589,0.20602119,0.2306756,0.6191006,1.0762796,0.365754,0.7839392,0.5151157,0.4976439
VACC_0160,0,1.4547462,0.36306342,2.3593626,0.0,0.054241046,0.0,1.5116329,1.7315891,0.5422891,0.2512886,1.4752392,0.23607792,0.05555348,0.08279158,0.0,1.9334382,1.7460194,0.16077024,0.77785736,1.480907,0.0,1.377264,0.29051316,0.24363111,0.19068271,0.09933382,0.37134698,1.8120432,0.076337695,1.2296007,0.20706642,1.0362206
VACC_0161,0,0.79686,0.40278354,0.98511016,0.0,0.6279186,0.0,0.68995035,1.0342339,0.5192905,0.18464972,0.3988039,0.26132876,0.1782737,0.548217,0.5291669,0.7540101,0.5297092,0.50497806,0.3935757,0.50646377,0.5908132,0.79977477,0.5079006,0.06102951,0.19194037,0.3676337,0.617869,0.7050328,0.44745612,0.5719074,0.5773169,0.205939
VACC_0162,0,0.93583155,0.33617833,1.5315249,0.0,0.49358433,0.0,0.9446113,1.1889784,0.5847273,0.2798823,0.83566135,0.3097151,0.07334315,0.36365634,0.31872898,1.0900859,0.97052574,0.41685015,0.51455975,0.8346243,0.3610205,0.9311012,0.4793247,0.1567676,0.17958194,0.18027309,0.5800569,1.0834051,0.32279968,0.7947587,0.47143024,0.5280502
VACC_0163,0,1.281003,0.3469202,2.1232107,0.0,0.13181041,0.0,1.3270441,1.5116086,0.5235863,0.26779652,1.3250091,0.23908232,0.036408737,0.117581084,0.0,1.6645529,1.5468785,0.21555993,0.68710494,1.2783567,0.022109732,1.1968533,0.30952835,0.23125952,0.18359137,0.10442215,0.40770194,1.5668392,0.12551981,1.111371,0.24791437,0.8977822
VACC_0164,0,0.95813566,0.33092934,1.5344024,0.0,0.3527792,0.0,0.9602734,1.1324301,0.4968382,0.24250571,0.91183794,0.27399212,0.052599818,0.27971405,0.2796989,1.0988896,1.0471689,0.34338868,0.50018424,0.8435239,0.25720674,0.86829054,0.38558954,0.15252359,0.19025487,0.153943,0.48234883,1.0745445,0.27322268,0.8031621,0.38160175,0.52833337
VACC_0165,0,1.4555118,0.36279282,2.3504553,0.0,0.07073639,0.0,1.5115181,1.7331371,0.55322057,0.25580555,1.4572417,0.24177863,0.05593951,0.09515108,0.0,1.9328511,1.729078,0.17421472,0.7776298,1.4726646,0.0,1.3824703,0.30536067,0.24233036,0.19470453,0.10392347,0.38806632,1.806896,0.09414065,1.2272642,0.22481859,1.0315241
VACC_0166,0,1.564523,0.37701282,2.5551953,0.0,0.0,0.0,1.6539248,1.841315,0.50489086,0.23384051,1.6455227,0.19454573,0.054452777,0.0,0.0,2.1395397,1.947984,0.070132375,0.8501659,1.6358966,0.0,1.4728699,0.20099115,0.26148942,0.18016428,0.07906324,0.28675798,1.9930384,0.0,1.341974,0.11594355,1.1673217
VACC_0167,0,1.0552726,0.3009507,1.7414613,0.0,0.43866342,0.0,1.0982058,1.3217187,0.6492008,0.30676168,0.95579684,0.3202356,0.030894399,0.39599603,0.32710475,1.280818,1.1356325,0.42770267,0.56793094,0.98222625,0.35129762,1.01246,0.53338253,0.14192614,0.22520506,0.16167946,0.6295984,1.2028401,0.36166316,0.87469953,0.4936033,0.6411717
VACC_0168,0,1.119898,0.31016794,1.8521774,0.0,0.3115632,0.0,1.1574757,1.3677944,0.5726402,0.2763546,1.1072774,0.29697007,0.03526126,0.28411955,0.17112452,1.3876941,1.2931861,0.33123845,0.5970067,1.0735421,0.21603464,1.0282671,0.43656498,0.1676924,0.21400419,0.12514457,0.5140549,1.3175825,0.2591586,0.9318534,0.36478573,0.7040162
VACC_0169,0,1.5642469,0.3792597,2.555693,0.0,0.0,0.0,1.6536577,1.842164,0.49832463,0.2309037,1.6516035,0.1927719,0.054824814,0.0,0.0,2.140809,1.9527535,0.06392521,0.8507265,1.6391978,0.0,1.4716945,0.19413948,0.2638504,0.17700636,0.078955084,0.27966622,1.996999,0.0,1.3430614,0.10651672,1.1689327
VACC_0170,0,1.4047873,0.3465951,2.308837,0.0,0.058631167,0.0,1.4855782,1.6715145,0.54023635,0.25338626,1.4527348,0.23468731,0.038990185,0.09835614,0.0,1.8730291,1.7166595,0.17350632,0.7596792,1.4369924,0.0,1.3098655,0.29863793,0.22017473,0.1999358,0.09680143,0.38659933,1.7464895,0.10719156,1.1943913,0.2202242,1.0035627
VACC_0171,0,1.090214,0.3239385,1.8038216,0.0,0.38396227,0.0,1.1168673,1.3363309,0.6044177,0.2994963,1.0345637,0.29883724,0.04590185,0.29710722,0.23636389,1.3385917,1.2149152,0.37034583,0.5861064,1.0201837,0.25257534,1.0545913,0.46220005,0.18183802,0.20088282,0.14656574,0.5650394,1.279099,0.2729103,0.93225807,0.42522693,0.6899985
VACC_0172,0,1.1138575,0.3257354,1.8259146,0.0,0.40315944,0.0,1.1403849,1.3838253,0.6155119,0.28658968,1.0416822,0.31313145,0.059197903,0.32575136,0.20955044,1.3617492,1.2281554,0.36959755,0.5945563,1.0529985,0.25889975,1.0913349,0.47167325,0.17184375,0.2031095,0.15118371,0.56514394,1.3233155,0.27526915,0.9285988,0.43699926,0.68947196
VACC_0173,0,1.0531104,0.3032217,1.7461536,0.0,0.42971855,0.0,1.0982169,1.3183429,0.63883835,0.30305403,0.96952724,0.31876063,0.028629735,0.38606817,0.3094234,1.2785742,1.1461974,0.4193493,0.56762016,0.9883176,0.3385278,1.0089931,0.5219495,0.14487717,0.21955189,0.15867355,0.6172383,1.2096491,0.3469358,0.8766347,0.48057514,0.6429844
VACC_0174,0,1.0289018,0.30677253,1.7456007,0.0,0.35466057,0.0,1.0908012,1.2582185,0.57934284,0.29068744,1.0241756,0.28616762,0.022841305,0.294127,0.27248865,1.2677766,1.1931845,0.36276293,0.56584394,0.9789392,0.26223564,0.9649298,0.4460721,0.15484826,0.20458406,0.13838564,0.5537312,1.2069803,0.28848815,0.8905741,0.4113359,0.65534806
VACC_0175,0,1.566109,0.37856695,2.5562122,0.0,0.0,0.0,1.6578798,1.8393035,0.49929982,0.23015355,1.6507002,0.1931343,0.055254757,0.0,0.0,2.1418905,1.9530089,0.06454176,0.85067946,1.6379391,0.0,1.4749309,0.19284177,0.2612554,0.17873484,0.078140706,0.2803519,1.9998913,0.0,1.3436413,0.11249596,1.1673688
VACC_0176,0,1.4423504,0.3652433,2.3314433,0.0,0.0765612,0.0,1.496831,1.7159636,0.5506393,0.256391,1.4423851,0.2403888,0.054208353,0.09909876,0.0,1.9116884,1.7092404,0.1786024,0.77153295,1.4606348,0.0,1.3758157,0.30427414,0.24331897,0.19061708,0.10839352,0.39236775,1.7899292,0.09687787,1.2201989,0.23027927,1.0223012
VACC_0177,0,1.0925784,0.32549015,1.8263805,0.0,0.34276938,0.0,1.1253024,1.3296769,0.5787401,0.2863937,1.0716081,0.2828415,0.049045786,0.2646637,0.19863856,1.3432906,1.2533594,0.3358531,0.5890732,1.0388212,0.21192555,1.0523553,0.41998267,0.18164024,0.19341528,0.136765,0.52298045,1.2988205,0.23902869,0.9417561,0.3939259,0.703742
VACC_0178,0,1.1322436,0.31585583,1.8192704,0.0,0.4078496,0.0,1.1563128,1.3895116,0.6231203,0.28260475,1.0334942,0.33538502,0.0462887,0.36393845,0.25287575,1.3640282,1.2205249,0.39331496,0.58874524,1.0527312,0.28318334,1.0789443,0.4997713,0.15780525,0.22551247,0.15076688,0.5869875,1.3155059,0.31915915,0.9169245,0.46089822,0.6721623
VACC_0179,0,1.30991,0.34985998,2.1126745,0.0,0.18705915,0.0,1.340731,1.564292,0.56147575,0.2690555,1.2783645,0.2621879,0.049639612,0.17478181,0.0074117184,1.6900636,1.5094702,0.24918866,0.692141,1.2846215,0.06848882,1.2433977,0.3601619,0.22348158,0.19678798,0.12416127,0.45169982,1.5837916,0.16905409,1.101316,0.2961992,0.8837286
VACC_0180,0,0.90886587,0.30387884,1.440067,0.0,0.615957,0.0,0.92498136,1.1766676,0.66754085,0.29248643,0.71710116,0.36008734,0.05178483,0.53101754,0.49724454,1.0058223,0.8608351,0.5255326,0.4802761,0.76894975,0.51563734,0.89114785,0.6081954,0.09253858,0.22974774,0.210865,0.70383155,0.98033535,0.46038932,0.7148649,0.61077434,0.44275045
VACC_0181,0,1.5645761,0.38183323,2.553585,0.0,0.0,0.0,1.656362,1.8412848,0.49132288,0.22680064,1.6563987,0.19250451,0.056216806,0.0,0.0,2.1436365,1.9566987,0.05793369,0.85180926,1.6404752,0.0,1.4725415,0.18696916,0.2646782,0.174936,0.07894659,0.2739518,2.0045888,0.0,1.3437417,0.10026294,1.1680359
VACC_0182,0,1.5648553,0.38168687,2.5520918,0.0,0.0,0.0,1.6565478,1.8412924,0.49384534,0.22784911,1.6525725,0.19369934,0.05609891,0.0,0.0,2.1432767,1.9531004,0.061021924,0.85164064,1.6387961,0.0,1.4738818,0.19003057,0.26430005,0.17579675,0.07979047,0.27749184,2.0034852,0.0,1.3434036,0.10463035,1.1670843
VACC_0183,0,1.2910981,0.3494867,2.078446,0.0,0.23178111,0.0,1.3118225,1.5393116,0.58152145,0.28240937,1.2366586,0.27597028,0.04667367,0.20683093,0.06428516,1.644001,1.4631461,0.28443128,0.6791345,1.2492176,0.10546218,1.2361156,0.39279687,0.22324872,0.20137766,0.1335589,0.49163476,1.5433335,0.19364631,1.0897145,0.33753455,0.8636782
VACC_0184,0,1.2419913,0.32626063,2.052089,0.0,0.21313725,0.0,1.2964236,1.4879844,0.57355803,0.28309506,1.2439641,0.27128345,0.027839169,0.20887633,0.095018506,1.5960026,1.4643658,0.28282833,0.667426,1.2206465,0.12199448,1.1558537,0.39349604,0.19822621,0.2109878,0.11834872,0.4896728,1.4880924,0.21000999,1.0586286,0.32563108,0.8442286
VACC_0185,0,0.7415708,0.4442982,1.1543936,0.0,0.41698658,0.0,0.7336439,0.9435454,0.3208509,0.162416,0.7048429,0.21074311,0.19010736,0.18063594,0.18432814,0.8494675,0.7831967,0.25846308,0.46046865,0.6375054,0.21707518,0.82790107,0.21334887,0.16523342,0.06485783,0.24089472,0.33273616,0.9730216,0.14400285,0.7010742,0.2833553,0.37132654
VACC_0186,0,1.110071,0.31477192,1.8198879,0.0,0.33119822,0.0,1.1367837,1.3535194,0.5856293,0.28393662,1.0599715,0.2973621,0.032800093,0.30886942,0.2078498,1.3623377,1.2409444,0.35479695,0.5874353,1.0513551,0.24652503,1.0322134,0.4526478,0.17161703,0.21213797,0.13936114,0.5395665,1.2834352,0.28428513,0.92403364,0.3946904,0.69213176
VACC_0187,0,1.4102278,0.34789112,2.2943711,0.0,0.07628821,0.0,1.4838996,1.6795211,0.5488743,0.25515062,1.4344342,0.24056278,0.040884495,0.112874165,0.0,1.877932,1.7022511,0.18502426,0.7588622,1.4292501,0.0,1.3155879,0.31558555,0.21809368,0.2063087,0.10540837,0.40326884,1.7422967,0.12299633,1.1891568,0.23334855,0.99485624
VACC_0188,0,1.3230914,0.35072184,2.1525009,0.0,0.14597712,0.0,1.3679167,1.5711627,0.53642076,0.25496066,1.3335695,0.25298017,0.051046386,0.13347144,0.0,1.714882,1.5654211,0.21375734,0.70071197,1.314418,0.018177137,1.2476865,0.31898004,0.22468999,0.18942621,0.10785547,0.40776595,1.6266084,0.13006616,1.1185322,0.26000386,0.90316534
VACC_0189,0,0.6215919,0.35238373,1.1460087,0.0,0.29561645,0.0,0.56243086,0.97183084,0.38844037,0.28779048,0.70803684,0.2420732,0.07463563,0.3545823,0.22803855,0.8515634,0.72290933,0.30551213,0.38612407,0.6622579,0.45075572,0.6433314,0.33308828,0.22506368,0.090534635,0.24511734,0.4070544,0.81257856,0.32804745,0.6306328,0.1040349,0.36059883
VACC_0190,0,0.5926648,0.2835728,1.1730888,0.0,0.5683485,0.0,0.4782462,1.0375953,0.58207417,0.44097823,0.6413905,0.38831663,0.0296181,0.6141581,0.502456,0.7696533,0.6363454,0.53727406,0.3581679,0.5998243,0.74805367,0.62851554,0.6222077,0.22993587,0.15359473,0.2767232,0.67319703,0.7243829,0.5618306,0.5834315,0.2718954,0.32534856
VACC_0191,0,0.6718241,0.4032701,1.147094,0.0,0.19070746,0.0,0.6091194,0.9943222,0.3126315,0.22667049,0.708459,0.17722838,0.107762456,0.27376616,0.09150663,0.9370784,0.7407144,0.21171492,0.40869808,0.71573293,0.33110225,0.721449,0.22936785,0.24692912,0.057620578,0.26345646,0.3158227,0.8859782,0.22033703,0.66906416,0.02485922,0.39591867
VACC_0192,0,0.6275839,0.29592866,1.1722221,0.0,0.5485389,0.0,0.5138314,1.0417378,0.57494944,0.41889632,0.6171272,0.3724501,0.042291194,0.5911493,0.45916533,0.8134606,0.61977756,0.5179161,0.3615735,0.62484825,0.6945735,0.6790415,0.6086836,0.24020033,0.14951015,0.26803136,0.67019475,0.7530797,0.5269567,0.600584,0.2784739,0.333165
VACC_0193,0,0.5120391,0.39954525,0.8445821,0.0,0.30704927,0.0,0.39279085,0.8388167,0.3039145,0.25355625,0.52999306,0.19492699,0.08629325,0.3616708,0.26523912,0.64768666,0.53163624,0.28518927,0.32526967,0.48840255,0.50096995,0.52237797,0.29284215,0.21036002,0.07214106,0.34809965,0.36747524,0.61317736,0.33098632,0.50616604,0.03957963,0.21300931
VACC_0194,0,0.38107064,0.3591854,0.5760824,0.0,0.70183605,0.0,0.16307683,0.65499634,0.49174386,0.3665862,0.14411013,0.3375988,0.08555284,0.6484971,0.6195159,0.26499408,0.107311875,0.56780636,0.20949179,0.22581485,0.81138194,0.4591673,0.63962245,0.23721005,0.12883943,0.3901011,0.71148455,0.29312587,0.55535054,0.35076356,0.37503546,0.023719043
VACC_0195,0,0.62343246,0.34510753,1.1525106,0.0,0.2949198,0.0,0.566244,0.98264873,0.39662743,0.2923591,0.70971525,0.24374317,0.07527967,0.36445338,0.23218983,0.8606924,0.7251749,0.3095258,0.38592976,0.66746217,0.4594239,0.6507064,0.33749855,0.22120863,0.0933531,0.2417076,0.4139112,0.8104113,0.33491063,0.63091177,0.10619336,0.36578098
VACC_0196,0,0.77034473,0.36937767,1.3941324,0.0,0.17733426,0.0,0.72276545,1.1589307,0.36939967,0.27925396,0.91467875,0.22119151,0.07547827,0.28070873,0.0755873,1.1387933,0.9554931,0.2309311,0.46133897,0.859184,0.33285922,0.78710663,0.25922012,0.25456968,0.07862472,0.22549237,0.33043888,1.0615212,0.25038883,0.7616794,0.0,0.5035558
VACC_0197,0,0.56699914,0.44697,0.9348872,0.0,0.18001167,0.0,0.48543894,0.8335701,0.21365975,0.17688258,0.6025646,0.13326971,0.12717178,0.21493836,0.07873127,0.7432885,0.6135541,0.16217726,0.36026946,0.5790595,0.29811376,0.61952484,0.14449924,0.24368455,0.022931993,0.31526166,0.22726533,0.7595879,0.1682561,0.5824001,0.0,0.28486818
VACC_0198,0,0.4774928,0.28614515,0.9051033,0.0,0.6666142,0.0,0.34220907,0.83796966,0.5838723,0.4181341,0.38434938,0.39169848,0.051084727,0.6676796,0.6027096,0.51428545,0.36256486,0.59040564,0.28261983,0.415356,0.8061002,0.5353668,0.68073416,0.22258902,0.15780294,0.29038376,0.7441448,0.4952289,0.58782053,0.4682273,0.38269418,0.18685041
VACC_0199,0,0.71769017,0.3697682,1.2828317,0.0,0.22386007,0.0,0.66154146,1.0712209,0.37493634,0.27225447,0.8082121,0.22265767,0.07998109,0.3014874,0.12668785,1.0200977,0.83935416,0.25475097,0.42779282,0.7765485,0.35889846,0.739601,0.28585386,0.25005305,0.08246402,0.22980027,0.36450228,0.95659405,0.26756167,0.70988035,0.051392704,0.4438708
VACC_0200,0,0.7689678,0.37216914,1.3970528,0.0,0.17498495,0.0,0.722023,1.1603534,0.36359322,0.27667975,0.9226065,0.22030674,0.077771425,0.2761181,0.0681043,1.1398944,0.9645746,0.22400469,0.4639152,0.8623236,0.32827717,0.78674257,0.25489873,0.2547655,0.077303745,0.22919329,0.32285753,1.0692599,0.24460307,0.7616644,0.0,0.5046618
VACC_0201,0,0.6042093,0.3783573,1.0881345,0.0,0.24069326,0.0,0.5789137,0.91531885,0.29325366,0.2084247,0.70604783,0.20555855,0.12747984,0.27870595,0.12237355,0.8477397,0.72976553,0.22190076,0.38756445,0.65272534,0.34157938,0.6569243,0.23158574,0.20838003,0.06361454,0.23315014,0.29825774,0.8483255,0.21050689,0.6157723,0.04218191,0.33402044
VACC_0202,0,0.75743186,0.5614025,0.8400916,0.0,0.025241122,0.0,0.60584766,0.88910913,0.019418731,0.0,0.5405153,0.0,0.28355983,0.03595735,0.0,0.80994844,0.6238302,0.022695899,0.40179205,0.57408214,0.08402474,0.74031734,0.0,0.19014184,0.009712867,0.43189675,0.04214549,0.80573523,0.0030176938,0.62131894,0.0,0.23672062
VACC_0203,0,0.7998406,0.36064395,1.3463225,0.0,0.24591316,0.0,0.8039613,1.019659,0.39306515,0.2284242,0.8367897,0.19897823,0.023144096,0.22752409,0.15671858,0.97778237,0.92853737,0.24901593,0.47402748,0.7906134,0.25801098,0.7078416,0.27286047,0.18725933,0.120748885,0.1836729,0.33169404,0.9460588,0.23597237,0.72671866,0.18630421,0.49248073
VACC_0204,0,0.82064164,0.34653997,1.4440932,0.0,0.23213653,0.0,0.83492136,1.0708702,0.41568416,0.25315583,0.9019339,0.22190507,0.025119469,0.24957724,0.15581673,1.0431457,1.0002145,0.2610306,0.4952228,0.84236586,0.2818448,0.7239198,0.30562782,0.19650555,0.13575563,0.17478661,0.3674974,0.99528754,0.25115496,0.7613841,0.17551184,0.537025
VACC_0205,0,1.0979991,0.3663982,1.9402795,0.0,0.0,0.0,1.172882,1.3824711,0.3758741,0.22730915,1.3184811,0.15797831,0.009480491,0.03953044,0.0,1.5286199,1.4873023,0.081864774,0.66070294,1.2273123,0.011851534,0.9643719,0.13330138,0.23501036,0.118859775,0.111027926,0.18265599,1.4345747,0.083779335,1.0171608,9.596348e-06,0.8510823
VACC_0206,0,0.9176386,0.36254495,1.6184559,0.0,0.11469193,0.0,0.9561448,1.1857305,0.39148903,0.23558526,1.0504091,0.1786743,0.021121204,0.15558632,0.018390179,1.2126508,1.1779855,0.1719425,0.5615404,0.99086595,0.17276739,0.8185619,0.22038484,0.20910108,0.121705584,0.1594001,0.27854,1.1545517,0.17674175,0.85180056,0.0982928,0.6608671
VACC_0207,0,1.0967581,0.36514336,1.9385519,0.0,0.0,0.0,1.1719311,1.3824306,0.37868667,0.22892801,1.3161091,0.1594341,0.009281695,0.041563377,0.0,1.5284567,1.4846005,0.0845086,0.6603924,1.2250487,0.015641853,0.96280456,0.13747948,0.23460951,0.12028373,0.11069767,0.18713582,1.431594,0.087029874,1.0157838,0.0019600987,0.84978664
VACC_0208,0,0.72446597,0.4124005,1.1450324,0.0,0.21408625,0.0,0.70566523,0.9333077,0.29867327,0.16143362,0.73153824,0.1469978,0.08072706,0.19316973,0.12142128,0.8514585,0.8225015,0.18497464,0.44038874,0.6873677,0.24884202,0.65134263,0.20566976,0.16615966,0.09872628,0.25530648,0.27194545,0.8562387,0.18827286,0.646006,0.12789214,0.38310078
VACC_0209,0,0.7566522,0.43180194,1.1091392,0.0,0.1947269,0.0,0.70538557,0.92265004,0.27215743,0.14686294,0.6842878,0.14502217,0.09869846,0.15915509,0.08700189,0.87921906,0.7606381,0.1776272,0.42932564,0.68012464,0.1944621,0.7089548,0.17993438,0.2025648,0.08458205,0.24412972,0.27121088,0.87262094,0.15166432,0.66668653,0.13233227,0.37726521
VACC_0210,0,0.6731415,0.43996274,0.9153082,0.0,0.21082662,0.0,0.5783452,0.8686858,0.21871705,0.13163905,0.5612711,0.14703758,0.17908883,0.25805068,0.113233685,0.76111376,0.61760414,0.20596302,0.38015133,0.58124626,0.28535593,0.6684613,0.17778122,0.17465316,0.064959,0.3061134,0.23203322,0.7434015,0.17878479,0.590003,0.080117375,0.25984406
VACC_0211,0,0.6389532,0.39772215,1.0744798,0.0,0.2764678,0.0,0.62482274,0.8469748,0.32528085,0.20314832,0.6332809,0.17817919,0.07992497,0.23785226,0.17886671,0.7348026,0.6917573,0.242091,0.40804002,0.6192523,0.30281848,0.62391406,0.25248343,0.19057924,0.083567284,0.24082315,0.3187609,0.7640216,0.22168583,0.617033,0.17312744,0.35399646
VACC_0212,0,1.0388584,0.36823687,1.8078189,0.0,0.04412304,0.0,1.0886171,1.3113366,0.3916453,0.23607494,1.1953639,0.1773913,0.013004392,0.100507036,0.0,1.4154993,1.3447708,0.13738811,0.61827177,1.1292006,0.08542149,0.9202486,0.19236147,0.2316378,0.12451733,0.13410869,0.24876365,1.3248265,0.13372475,0.9548853,0.054649174,0.7683928
VACC_0213,0,0.6578723,0.47446936,1.0592897,0.0,0.09867309,0.0,0.63625824,0.85026026,0.15991612,0.1088451,0.6970712,0.0761929,0.12908453,0.12963362,0.0,0.7923578,0.74144167,0.08814606,0.43980932,0.6814215,0.16483058,0.64293945,0.006730169,0.18875948,0.0112302005,0.28769782,0.06809148,0.85283184,0.09495336,0.6326338,0.0,0.3495473
VACC_0214,0,1.0136181,0.37183434,1.7583971,0.0,0.042752042,0.0,1.0564892,1.2734845,0.3727132,0.22582196,1.1651365,0.17055462,0.020743921,0.083644524,0.0,1.3709906,1.3078662,0.12478036,0.6024887,1.0973228,0.06836705,0.9019269,0.17257893,0.23498234,0.11653357,0.13065138,0.22731563,1.2926655,0.11621502,0.9361149,0.045678794,0.7456893
VACC_0215,0,0.98068,0.35637572,1.7355592,0.0,0.09006469,0.0,1.0424569,1.260006,0.40812063,0.244146,1.1358548,0.18317388,0.011189088,0.13010858,0.0,1.3286669,1.2774795,0.16201204,0.59930205,1.0716686,0.13345812,0.8698789,0.2161715,0.21523817,0.124548204,0.13915098,0.26617965,1.2517692,0.16277498,0.9097115,0.08452326,0.7274885
VACC_0216,0,0.84619045,0.3593539,1.4427791,0.0,0.21275465,0.0,0.8393229,1.0721602,0.4039899,0.24555628,0.8942833,0.20986862,0.020628408,0.22682507,0.13540095,1.0563269,0.9877794,0.25122774,0.49227422,0.84836495,0.24735616,0.7477118,0.2822613,0.21183044,0.12781617,0.17082345,0.34615663,1.0001984,0.23436451,0.77614844,0.17032588,0.54473794
VACC_0217,0,1.0419505,0.37049347,1.8223705,0.0,0.015506908,0.0,1.0942259,1.3135455,0.37231427,0.22528104,1.2241652,0.16537283,0.016422525,0.07439138,0.0,1.4228368,1.376838,0.109834015,0.6232914,1.1427915,0.058328077,0.91939974,0.1609006,0.23031,0.120236374,0.12908606,0.21667722,1.3409868,0.1104846,0.9606604,0.029007614,0.7802175
VACC_0218,0,0.7119931,0.38955483,1.1336409,0.0,0.29084444,0.0,0.6532872,0.8768747,0.34733427,0.2074611,0.6754422,0.19676505,0.040617466,0.26250297,0.22051173,0.76951796,0.7407332,0.27868736,0.39543995,0.6350843,0.29300702,0.62727875,0.2698145,0.19149564,0.10714746,0.22468758,0.32437637,0.7751531,0.24294582,0.64264613,0.21358997,0.36239555
VACC_0219,0,0.9025935,0.34458885,1.5888038,0.0,0.1787933,0.0,0.9389497,1.1598125,0.41991687,0.25082773,1.0191904,0.21070327,0.009492099,0.1976247,0.08699408,1.180763,1.138652,0.22428352,0.53921825,0.9473163,0.20874141,0.78878725,0.2701488,0.20196518,0.13545921,0.14978428,0.324011,1.116426,0.2136572,0.8316489,0.14399958,0.62503886
VACC_0220,0,0.917893,0.3682654,1.5686874,0.0,0.14530174,0.0,0.93692493,1.155545,0.38312948,0.22631492,1.0181357,0.18602379,0.020163566,0.15758185,0.042810053,1.17978,1.1448655,0.1855073,0.5352986,0.94943434,0.1603194,0.8085407,0.23089135,0.20641474,0.1265158,0.16686381,0.28222337,1.1261315,0.17368239,0.8318601,0.11479536,0.6172253
VACC_0221,0,1.0957181,0.36428145,1.9332347,0.0,0.0,0.0,1.1701776,1.3814932,0.38661164,0.23319359,1.3050499,0.1643727,0.007473305,0.05167161,0.0,1.5251576,1.4723539,0.095948696,0.65885943,1.2196447,0.025720343,0.9634321,0.15002859,0.23430452,0.12200866,0.112062216,0.19921476,1.4254018,0.09631258,1.0135133,0.012872994,0.8453635
VACC_0222,0,0.7462785,0.5436549,0.8357518,0.0,0.06326355,0.0,0.5875497,0.9144036,0.058731303,0.0,0.49671012,0.0070938915,0.2937146,0.09874953,0.0,0.8052998,0.5847244,0.06806919,0.39632046,0.56039935,0.15684615,0.735448,0.005221933,0.18737413,0.027351446,0.43846947,0.10093087,0.76307595,0.052984416,0.60966396,0.0,0.22591303
VACC_0223,0,0.5682472,0.45651102,0.81642926,0.0,0.1831549,0.0,0.55459785,0.7553683,0.16487162,0.082702085,0.5345829,0.08945294,0.17136636,0.16492464,0.07793808,0.6522529,0.5791428,0.1285825,0.3793,0.5152611,0.21721621,0.58609974,0.064379394,0.144989,0.02675391,0.2997898,0.13367027,0.70021826,0.11222583,0.53848386,0.04753524,0.2325831
VACC_0224,0,0.59524196,0.42493823,0.90709776,0.0,0.21196918,0.0,0.60731566,0.84657454,0.19542961,0.11622979,0.5736187,0.14069714,0.236654,0.21752901,0.05731991,0.75687337,0.60813606,0.16905844,0.41696846,0.57710856,0.24893732,0.6498053,0.1337511,0.15727648,0.036028273,0.27124187,0.20823103,0.7904316,0.13736558,0.57283723,0.03543821,0.26683444
VACC_0225,0,0.63711333,0.43411264,1.0491085,0.0,0.19695573,0.0,0.53323996,0.87520266,0.2457291,0.20283346,0.6718434,0.14518763,0.08989616,0.19707467,0.06531894,0.7814545,0.6950065,0.17303032,0.39210647,0.6392895,0.2846473,0.6301473,0.15741235,0.25784352,0.040967844,0.2811926,0.22600892,0.79147226,0.18576768,0.6147592,0.0045690536,0.34932235
VACC_0226,0,0.77847016,0.53747016,0.98272043,0.0,0.3238517,0.0,0.6067424,0.984129,0.17547278,0.07898514,0.56645215,0.104556486,0.33392894,0.18570547,0.047529787,0.84707403,0.6347934,0.2105405,0.42202947,0.580933,0.2595489,0.8811004,0.11672175,0.23143946,0.012786806,0.4518899,0.23893973,0.89692986,0.105632246,0.68727624,0.13503689,0.27970606
VACC_0227,0,0.8165424,0.35273057,1.5355954,0.0,0.3983547,0.0,0.7602879,1.1631343,0.5073406,0.37649673,0.9170343,0.29342067,0.028824553,0.33328813,0.208772,1.074011,0.9781163,0.37034643,0.51935947,0.87128913,0.41882098,0.83223057,0.39963204,0.27600324,0.10317048,0.20564024,0.4820563,1.0592217,0.3362772,0.8073379,0.21081907,0.5920367
VACC_0228,0,0.87614536,0.3453658,1.6604393,0.0,0.3612244,0.0,0.8173822,1.2516202,0.51776963,0.4009028,1.0210173,0.29992878,0.0070883483,0.324391,0.17276311,1.1874338,1.0927621,0.3635655,0.55386686,0.9584286,0.41311342,0.86806697,0.39595145,0.28967643,0.10877765,0.19918245,0.4699768,1.1471009,0.34022015,0.85806215,0.17026645,0.6612581
VACC_0229,0,0.9070922,0.40180415,1.5974576,0.0,0.16725342,0.0,0.866428,1.2185252,0.38546854,0.2732907,1.0018498,0.1954913,0.07195188,0.17562,0.0,1.2534711,1.0880797,0.18966234,0.5596508,0.99406934,0.20338707,0.901152,0.22419506,0.2965075,0.07158675,0.19204082,0.29889056,1.1937224,0.17427957,0.873634,0.046744436,0.6571994
VACC_0230,0,0.7528659,0.36412627,1.3873694,0.0,0.3305893,0.0,0.6774273,1.0789784,0.432567,0.33456612,0.8541709,0.25503528,0.025158659,0.3045358,0.17213696,0.98904157,0.89272213,0.315679,0.46930277,0.8032231,0.39800918,0.73704743,0.3365543,0.275402,0.088182636,0.22095507,0.40657052,0.9643655,0.31345123,0.73535615,0.1254943,0.5092498
VACC_0231,0,0.9672558,0.36045393,1.8071208,0.0,0.21815275,0.0,0.9251481,1.351996,0.4654053,0.36215484,1.160514,0.25656712,0.02327539,0.2303858,0.0064816475,1.366705,1.2497399,0.2589835,0.60401154,1.0960281,0.28352857,0.9463197,0.29034048,0.30659017,0.090725966,0.17432776,0.3578848,1.3026682,0.24944198,0.937736,0.061527908,0.7542623
VACC_0232,0,0.7236929,0.4003569,1.2954838,0.0,0.2702278,0.0,0.71108305,1.0379534,0.35527754,0.24044268,0.7940061,0.19261135,0.13511036,0.22817375,0.06940976,0.9947361,0.85845494,0.2123192,0.48379785,0.78673625,0.2742821,0.81298876,0.23990875,0.23813955,0.05785314,0.23372537,0.32989278,0.9909693,0.18335819,0.73462486,0.090165496,0.4968643
VACC_0233,0,0.67952347,0.41120702,1.1443722,0.0,0.25072354,0.0,0.6101723,0.9322108,0.3269816,0.23917992,0.69907117,0.17175011,0.074993625,0.23577972,0.13615006,0.8393974,0.739226,0.23809424,0.4352744,0.67950076,0.32946372,0.6710483,0.22790855,0.23336893,0.067182325,0.2550758,0.3142486,0.82462823,0.2424058,0.6607272,0.10658938,0.40649948
VACC_0234,0,0.87816304,0.34363547,1.6745274,0.0,0.34590435,0.0,0.8163128,1.2557635,0.51569694,0.4004506,1.0330362,0.29325426,0.0062787533,0.32157856,0.16297793,1.188367,1.10809,0.3547426,0.5554005,0.96726155,0.40977377,0.8670232,0.38475263,0.28839648,0.109140314,0.19735356,0.45724073,1.1454993,0.33465827,0.8614679,0.16178185,0.6719147
VACC_0235,0,0.5036566,0.36779344,0.9733013,0.0,0.46272784,0.0,0.42934257,0.8169239,0.40071946,0.31209737,0.5352231,0.2671346,0.091547,0.3985855,0.3149342,0.6055763,0.52138937,0.37233722,0.35638297,0.5129975,0.5238784,0.5775206,0.37886333,0.242177,0.064087905,0.2834145,0.45766988,0.6570982,0.35796338,0.5431026,0.18658394,0.27538902
VACC_0236,0,0.66808486,0.5598594,0.8804767,0.0,0.0,0.11063402,0.5911628,0.78895307,0.0,0.0,0.6880884,0.0,0.28668767,0.0,0.0,0.83901966,0.6977891,0.0,0.39454055,0.63424027,0.0,0.69049835,0.0,0.25132686,0.0,0.33873773,0.0,0.91549706,0.0,0.64303285,0.0,0.268242
VACC_0237,0,0.37198702,0.29799223,0.79767424,0.0,1.2408988,0.0,0.0,0.718814,0.75404835,0.70743155,0.25329617,0.633292,0.0,1.0260327,1.1453314,0.035190403,0.13020357,0.9976326,0.14508525,0.12475687,1.3412288,0.3953469,1.0682297,0.3199037,0.23072273,0.4589989,1.1116416,0.14934403,0.9712745,0.29069388,0.6397262,0.0
VACC_0238,0,0.30508894,0.19896221,0.55471444,0.0,1.8136501,0.0,0.0,0.7212087,1.1409487,0.97051334,0.0,0.90508944,0.0,1.6133611,1.7801135,0.0,0.0,1.5088892,0.012282461,0.0,1.9886551,0.29875636,1.7143753,0.343252,0.388138,0.55208683,1.7165688,0.0,1.4671408,0.13929057,1.0905864,0.0
VACC_0239,0,0.31113884,0.1355499,0.71925426,0.0,2.0664358,0.0,0.0,0.7739619,1.3016559,1.1347013,0.0,1.0577602,0.0,1.7966554,2.0254922,0.0,0.0,1.7197806,0.0,0.0,2.2321043,0.3047369,1.9367099,0.36811835,0.44230568,0.5488163,1.929289,0.0,1.6595644,0.13335344,1.2435012,0.0
VACC_0240,0,1.2099142,0.38128036,1.9972608,0.0,0.0,0.0,1.2907664,1.4781091,0.36112136,0.18288945,1.332055,0.13141046,0.06313994,0.0,0.0,1.6949557,1.5370533,0.023234367,0.679678,1.3000313,0.0,1.1503956,0.11196533,0.23081513,0.117961876,0.10242432,0.17408067,1.5884986,0.0,1.0719388,0.0,0.876837
VACC_0241,0,0.7947563,0.38189238,1.3106177,0.0,0.19185524,0.0,0.8111329,1.0018456,0.34387636,0.1826344,0.8072642,0.16446821,0.09153591,0.16304387,0.087604344,0.96732676,0.9047643,0.18911147,0.47006643,0.77612436,0.18041597,0.7767006,0.2222259,0.17519543,0.10642051,0.18675697,0.30593112,0.9677526,0.16387197,0.72356814,0.1726762,0.47228605
VACC_0242,0,0.750166,0.32084638,1.2381874,0.0,0.42923725,0.0,0.77877223,1.009852,0.5095839,0.24830078,0.6819302,0.2524069,0.04732032,0.39539737,0.35048884,0.8863353,0.7909739,0.38251513,0.43569922,0.67791665,0.42163336,0.69895744,0.44151998,0.10122238,0.17200226,0.21212056,0.50475323,0.8345684,0.3560301,0.64025176,0.37146145,0.37926012
VACC_0243,0,0.7800856,0.36392948,1.2413716,0.0,0.290398,0.0,0.7791331,1.0013407,0.3960411,0.20668603,0.7378515,0.19814686,0.079502426,0.24376483,0.18484372,0.9474685,0.8399496,0.26160133,0.4438603,0.7185935,0.266627,0.74986017,0.3033716,0.15729734,0.12912813,0.20238373,0.37450233,0.9126159,0.22849506,0.68633085,0.23338258,0.41579047
VACC_0244,0,1.2806358,0.37321785,2.1541905,0.0,0.0,0.0,1.3944767,1.5844944,0.38517517,0.1922452,1.4413263,0.13149746,0.055902153,0.0,0.0,1.8359244,1.6714998,0.0059138834,0.73384356,1.4123167,0.0,1.2154045,0.108629465,0.22861965,0.12422795,0.0882363,0.16432813,1.7082279,0.0,1.1437838,0.0,0.97013295
VACC_0245,0,0.6948987,0.4325567,0.9405994,0.0,0.17792575,0.0,0.6654595,0.90588135,0.20150088,0.08229287,0.57597375,0.09231864,0.22863984,0.16737695,0.07022765,0.83068514,0.652027,0.15151149,0.4030512,0.5849529,0.20789097,0.7262518,0.12300223,0.12991521,0.0708304,0.29085377,0.21771565,0.78387356,0.13054669,0.59549737,0.084514886,0.2699945
VACC_0246,0,1.2809199,0.37524304,2.1576712,0.0,0.0,0.0,1.4022712,1.5800271,0.3741243,0.185508,1.453862,0.12673177,0.05786758,0.0,0.0,1.839871,1.6818329,0.0,0.7361551,1.4153254,0.0,1.2164501,0.09161186,0.22893402,0.11944754,0.083845586,0.15075555,1.720711,0.0,1.1476632,0.0,0.97252035
VACC_0247,0,0.79465014,0.38465306,1.2113545,0.0,0.24840085,0.0,0.7781975,0.97950935,0.3553602,0.17956592,0.73272604,0.17331006,0.08282021,0.19089143,0.15733007,0.93998414,0.8295769,0.22734794,0.43651593,0.71040785,0.2109902,0.7637832,0.25272757,0.16717589,0.11761447,0.20451817,0.33995727,0.91204304,0.19203556,0.69157636,0.21536738,0.41116834
VACC_0248,0,1.1785415,0.3701021,1.9489825,0.0,0.0,0.0,1.2560968,1.4664681,0.41269356,0.20586406,1.262461,0.16196655,0.052686542,0.054735914,0.0,1.6339301,1.4653373,0.09339872,0.6664595,1.2552117,0.0,1.1242472,0.19132221,0.21390784,0.13456893,0.12323058,0.2542217,1.5216672,0.066535056,1.0382078,0.07220504,0.8427911
VACC_0249,0,1.0335124,0.33695173,1.7631643,0.0,0.124255106,0.0,1.120794,1.3180566,0.4485855,0.23096181,1.1177461,0.19507588,0.04120724,0.14478992,0.0,1.4128349,1.2849638,0.17922914,0.59681076,1.0878111,0.09773837,0.98163676,0.26217395,0.17998797,0.14349994,0.12392311,0.32541528,1.3258762,0.15352997,0.92462814,0.1554853,0.71806896
VACC_0250,0,0.9321267,0.37431082,1.5372012,0.0,0.13003807,0.0,0.9647038,1.1583229,0.36845255,0.1923594,0.9734812,0.16724987,0.07420464,0.11184327,0.0008738041,1.1968497,1.1055688,0.15293303,0.5317682,0.9398155,0.09122692,0.90313125,0.21207088,0.19500665,0.117026486,0.15506342,0.2894198,1.1663691,0.12297726,0.83490944,0.1393804,0.6027068
VACC_0251,0,0.7752832,0.34512472,1.3486323,0.0,0.26319492,0.0,0.8207208,1.0475204,0.39499038,0.2290314,0.82535994,0.21198232,0.0830304,0.2471983,0.12948272,1.012935,0.9282403,0.24283826,0.48113132,0.80128694,0.25676197,0.7749325,0.29584092,0.16317558,0.12012363,0.17921403,0.35384217,0.99475753,0.21510607,0.7170106,0.17962736,0.48309597
VACC_0252,0,0.7999734,0.38436532,1.3054432,0.0,0.20002984,0.0,0.8052213,0.990278,0.34680855,0.19607331,0.792742,0.17181917,0.068037435,0.17429121,0.10776281,0.9703063,0.88746464,0.21213102,0.46405965,0.771718,0.18857972,0.76398885,0.232229,0.1900891,0.104975544,0.18373911,0.31339374,0.9610835,0.17580459,0.73219645,0.18618676,0.47153583
VACC_0253,0,0.8538889,0.32205135,1.4860766,0.0,0.27109802,0.0,0.90767956,1.1197263,0.4767335,0.25092864,0.8843036,0.22294383,0.043064594,0.2702315,0.18341106,1.086326,1.0131676,0.27951032,0.5025673,0.86179614,0.26409066,0.8181722,0.3536762,0.15008153,0.15485895,0.15743712,0.4197246,1.0353422,0.25277656,0.7726785,0.26364565,0.55120325
VACC_0254,0,0.71126384,0.30643228,1.304028,0.0,0.3718691,0.0,0.79898727,0.98940927,0.45919883,0.23535542,0.7827257,0.2423829,0.056779623,0.3240679,0.26969212,0.88607854,0.88798547,0.3122573,0.4592405,0.7190627,0.34297115,0.68269104,0.37106937,0.097299024,0.14874253,0.1670883,0.4211233,0.90377975,0.28800714,0.65653086,0.29022962,0.4250392
VACC_0255,0,1.1019373,0.37612638,1.8378999,0.0,0.0,0.0,1.1672527,1.348742,0.3584041,0.18704598,1.212476,0.14252146,0.06091149,0.014352158,0.0,1.4998862,1.3887566,0.06621382,0.62413955,1.1691333,0.0,1.0408971,0.1390574,0.21870643,0.11716109,0.11489692,0.20582661,1.4287332,0.039807975,0.98271906,0.04630375,0.77852786
VACC_0256,0,1.0348136,0.3336,1.7842882,0.0,0.10387032,0.0,1.1201888,1.3127042,0.44424886,0.23278414,1.1361611,0.18836083,0.036980107,0.13633575,0.0,1.4105262,1.3074806,0.16837642,0.5993955,1.0974133,0.08676134,0.96730256,0.25437433,0.18150792,0.14824006,0.11588547,0.31482127,1.3199078,0.14575294,0.92866147,0.14536154,0.73019075
VACC_0257,0,0.5813705,0.39377326,1.0091662,0.0,0.29779637,0.0,0.634688,0.8770088,0.27420217,0.17173241,0.62679446,0.18637918,0.20433839,0.27390522,0.10810059,0.79209936,0.66885626,0.22202933,0.42768627,0.62029874,0.30379814,0.6949333,0.20855021,0.13837938,0.048441686,0.25558499,0.27256355,0.8437052,0.18058524,0.5848318,0.09513056,0.2971512
VACC_0258,0,1.0725527,0.35114047,1.8206234,0.0,0.07399897,0.0,1.1504897,1.3504982,0.42409158,0.21456744,1.1673597,0.17727686,0.047935665,0.11284892,0.0,1.4549676,1.34608,0.13937774,0.61642456,1.1378436,0.05062662,1.0101186,0.22438121,0.18837485,0.13932863,0.12539172,0.28452113,1.3765854,0.115633726,0.9510639,0.121602386,0.7520696
VACC_0259,0,1.0831461,0.378883,1.784862,0.0,0.028732345,0.0,1.132444,1.3386306,0.3807429,0.20068093,1.1467156,0.1576804,0.062718004,0.05733557,0.0,1.4653965,1.3159611,0.1047374,0.61173576,1.1340392,0.0021517724,1.0420206,0.18394727,0.2232299,0.12008435,0.13218313,0.25399736,1.3828337,0.07510683,0.964301,0.07920766,0.75474143
VACC_0260,0,0.7859992,0.3685319,1.3500167,0.0,0.22979079,0.0,0.8332262,1.03087,0.3429348,0.18525644,0.8649797,0.18982305,0.09381894,0.17433502,0.07592565,1.0009049,0.96913433,0.18679237,0.48535836,0.79871655,0.18254165,0.77175343,0.23361456,0.1610136,0.10829217,0.17688325,0.297053,1.0303996,0.15768632,0.71817476,0.14632562,0.47493115
VACC_0261,0,0.8086397,0.36208004,1.2299817,0.0,0.3965724,0.0,0.7987529,1.0624913,0.47455984,0.21229728,0.6736262,0.23442434,0.07383294,0.3775869,0.29721045,0.93342686,0.79607326,0.34718144,0.4496222,0.7097368,0.3940621,0.76870966,0.40934896,0.11816496,0.16269189,0.25626534,0.48373583,0.8891351,0.32781422,0.65765667,0.35073704,0.38667122
VACC_0262,0,1.1846962,0.3631353,2.0042264,0.0,0.0,0.0,1.2845901,1.4670656,0.3950857,0.19883586,1.324719,0.14784686,0.05091639,0.012175277,0.0,1.6577334,1.5297827,0.057977736,0.67899317,1.2859445,0.0,1.1148593,0.15002787,0.21158108,0.13035315,0.09958625,0.21090707,1.5564976,0.035666406,1.0566511,0.039702028,0.87118256
VACC_0263,0,0.6907346,0.41675907,0.8304517,0.0,0.49903578,0.0,0.59177923,0.9549229,0.44347394,0.16148771,0.3114285,0.20135723,0.15758125,0.5547901,0.45267665,0.6789057,0.4338568,0.44200277,0.36379653,0.4630597,0.6176973,0.65810066,0.44553924,0.06605162,0.16120973,0.4123191,0.51868427,0.58089685,0.43483257,0.5015626,0.4361111,0.15266436
VACC_0264,0,1.1001422,0.3731767,1.8339398,0.0,0.00044636428,0.0,1.1591247,1.3524054,0.37302,0.19601028,1.1967459,0.14865957,0.058309376,0.036350027,0.0,1.4946533,1.3739709,0.0826067,0.6215399,1.164206,0.0,1.0395485,0.1596154,0.21869653,0.12219829,0.118893,0.22396532,1.4131981,0.055950046,0.9786736,0.059547782,0.77598727
VACC_0265,0,0.92923474,0.35795084,1.5543883,0.0,0.16525672,0.0,0.969303,1.1833823,0.4080714,0.21457396,0.9668604,0.18654262,0.07126484,0.15522079,0.029655635,1.2140656,1.1020483,0.1862911,0.5358178,0.94206905,0.14201038,0.89837503,0.25844944,0.1876481,0.12934276,0.15489165,0.32691422,1.1603149,0.15976107,0.830732,0.15964252,0.60409
VACC_0266,0,1.0444889,0.34523198,1.766726,0.0,0.11390583,0.0,1.1238015,1.3113059,0.4405735,0.2201838,1.11784,0.18670003,0.045464575,0.13249917,0.0,1.3990957,1.2875243,0.16826949,0.5959264,1.0880735,0.076918945,0.9882715,0.25288337,0.18090688,0.14470956,0.12865055,0.31888846,1.3219656,0.14100158,0.92469835,0.16025597,0.7157235
VACC_0267,0,0.75972515,0.37923852,1.2651665,0.0,0.18537198,0.0,0.79010105,0.9368544,0.31659865,0.17157124,0.803575,0.15325816,0.08385592,0.11831026,0.1055114,0.9167074,0.8870343,0.17444363,0.45065358,0.7330797,0.14131226,0.73981464,0.17984009,0.17077388,0.093199514,0.16552642,0.27078047,0.94328964,0.14160466,0.71278524,0.16760495,0.4501398
VACC_0268,0,1.1462302,0.34887093,1.9651849,0.0,0.0,0.0,1.2528582,1.43962,0.411349,0.21268462,1.2936673,0.15884016,0.046179727,0.04153882,0.0,1.6158302,1.4925995,0.08275446,0.6633793,1.2509841,0.0,1.0835587,0.17425239,0.20289919,0.13363457,0.09725183,0.23246488,1.5119976,0.06152442,1.0340258,0.05690074,0.8496616
VACC_0269,0,1.1759031,0.35931438,1.9884932,0.0,0.0,0.0,1.2745445,1.4722002,0.4128638,0.2079524,1.3006744,0.15845786,0.052706882,0.03911315,0.0,1.6514361,1.5035554,0.0794881,0.6753726,1.2745676,0.0,1.1192698,0.17472345,0.20853049,0.13217789,0.10598397,0.2338467,1.5440766,0.056243032,1.0485322,0.055559278,0.861778
VACC_0270,0,1.1468506,0.3489583,1.9645665,0.0,0.0,0.0,1.2566034,1.437448,0.40836805,0.21018173,1.297016,0.15777467,0.046873704,0.03425865,0.0,1.6182784,1.4950761,0.07942018,0.66378164,1.2502319,0.0,1.0836654,0.17011213,0.20202824,0.13299024,0.0951097,0.22989377,1.5159929,0.058050424,1.0344627,0.055070937,0.8483318
VACC_0271,0,0.4365123,0.2766405,1.0349252,0.0,1.5809004,0.0,0.0,1.0288385,1.0253925,0.99222016,0.26404592,0.8489551,0.0,1.4362305,1.3595831,0.12469879,0.08562192,1.3312616,0.19990015,0.20598672,1.8086774,0.56214166,1.4655068,0.44290856,0.26691782,0.60859185,1.4858671,0.27500266,1.3196045,0.37487495,0.81722814,0.047795653
VACC_0272,0,0.47332168,0.30743742,1.0433629,0.0,1.3861783,0.0,0.0,1.0273825,0.91434944,0.8930923,0.32937592,0.76191264,0.0,1.2902591,1.2013295,0.21600494,0.1829385,1.1846927,0.2200242,0.26317808,1.6370218,0.558606,1.296622,0.42468694,0.24543336,0.57752764,1.3251237,0.3319391,1.177905,0.41036427,0.69742554,0.089336626
VACC_0273,0,0.36379695,0.2834722,0.88961804,0.0,1.4584091,0.0,0.0,0.8723073,0.9204562,0.8678566,0.20597345,0.7680817,0.0,1.3114595,1.2666078,0.035345703,0.049274087,1.2081414,0.16626015,0.14441752,1.6540939,0.46657076,1.333052,0.39254397,0.2498051,0.5550853,1.3395761,0.1956397,1.1816989,0.32172358,0.7667609,0.0
VACC_0274,0,0.5039293,0.36874634,0.98766637,0.0,0.9709401,0.0,0.061641306,0.9208407,0.6437689,0.6381483,0.41277075,0.54320735,0.023770124,0.9301471,0.77054423,0.35893202,0.29943728,0.84179854,0.24715474,0.35255134,1.1752317,0.56628495,0.86054325,0.38862878,0.15357506,0.49194872,0.9085823,0.45542938,0.808844,0.46143138,0.45016092,0.12198742
VACC_0275,0,0.5669857,0.324562,1.0686629,0.0,0.676149,0.0,0.37714195,0.8855231,0.54873,0.4703325,0.5673541,0.39193922,0.0,0.60236734,0.6055915,0.54944646,0.55099803,0.5999999,0.34597558,0.49119085,0.8003523,0.5144767,0.61251074,0.25282994,0.1520415,0.30993414,0.6829635,0.5718962,0.59554964,0.5273816,0.349981,0.2790348
VACC_0276,0,0.64842105,0.28591442,1.3008316,0.0,0.7012652,0.0,0.47680634,1.0324948,0.6250435,0.53088427,0.72603524,0.4444998,0.0,0.6417926,0.6110711,0.71147096,0.7218173,0.64485574,0.40226012,0.6176168,0.83551836,0.57798535,0.6627736,0.26039156,0.17281067,0.26619002,0.72468185,0.7116897,0.63481045,0.6111887,0.36894292,0.39154515
VACC_0277,0,0.63892806,0.26191336,1.3479283,0.0,0.89820147,0.0,0.39705974,1.0772357,0.7418364,0.63872945,0.71631473,0.548878,0.0,0.8291834,0.8081295,0.6382319,0.70085907,0.8098744,0.38273504,0.58860075,1.0538728,0.5440862,0.8531709,0.2745361,0.21673888,0.2994771,0.8941412,0.6516416,0.79638314,0.58782196,0.48166633,0.36877117
VACC_0278,0,0.67528176,0.28039372,1.364718,0.0,0.835253,0.0,0.43763053,1.0665162,0.70116293,0.6077101,0.7389214,0.51258975,0.0,0.75343096,0.7398432,0.6814871,0.7238557,0.7598963,0.39373437,0.61601365,0.95953465,0.5785028,0.783664,0.2817804,0.20436877,0.2853634,0.84010255,0.6892736,0.7403648,0.6090614,0.45659667,0.3862396
VACC_0279,0,0.6495962,0.2834588,1.2934103,0.0,0.7087583,0.0,0.47525638,1.0298643,0.63097644,0.5317967,0.71672887,0.44630438,0.0,0.64788765,0.6181632,0.71059054,0.7137506,0.65059626,0.3983625,0.612177,0.8402591,0.5771712,0.67135954,0.25812277,0.1766999,0.26717335,0.7320105,0.7053205,0.63945484,0.6066123,0.3751449,0.3844938
VACC_0280,0,0.7341434,0.24441886,1.5418863,0.0,0.9227457,0.0,0.4838041,1.2028447,0.7947531,0.70308495,0.85923624,0.58962876,0.0,0.84738857,0.83047706,0.7834481,0.8447064,0.85411584,0.43342373,0.696939,1.0811121,0.62157637,0.8966937,0.29347777,0.235589,0.2866029,0.94839585,0.77446663,0.8445796,0.65904045,0.49188715,0.45986512
VACC_0281,0,0.53074086,0.36849588,1.0576342,0.0,0.38988918,0.0,0.5351157,0.90402365,0.30426466,0.2572946,0.69063175,0.2523893,0.14579788,0.3539275,0.16874981,0.7461451,0.6943321,0.28408796,0.418377,0.6041779,0.45498818,0.6196604,0.24001765,0.16597298,0.042446814,0.2706551,0.27203032,0.8325341,0.2661937,0.5505694,0.044433266,0.28622207
VACC_0282,0,0.49547824,0.30132702,0.99291456,0.0,0.6703031,0.0,0.38352144,0.9173322,0.58192766,0.42612493,0.4853405,0.38097936,0.007201433,0.6891809,0.57177776,0.5424253,0.50001144,0.5847108,0.34582168,0.4810752,0.8447194,0.47379977,0.643626,0.18181084,0.15238556,0.32834944,0.66200626,0.55015707,0.603305,0.48598,0.3499902,0.24120396
VACC_0283,0,0.7814894,0.2846848,1.6232378,0.0,0.50372875,0.0,0.70870864,1.2566168,0.6245001,0.49726862,1.000318,0.39221734,0.0,0.5266562,0.41719085,1.0501579,1.0467645,0.51953894,0.51640016,0.87007827,0.68453944,0.6862397,0.5696637,0.254105,0.16366065,0.22011401,0.62290037,1.0022563,0.5499301,0.78086007,0.24949825,0.60261285
VACC_0284,0,0.6499717,0.25559863,1.4076738,0.0,0.690218,0.0,0.54868543,1.1390758,0.6965869,0.5340388,0.7796644,0.45256287,0.0,0.70245284,0.5937906,0.7989763,0.805214,0.6475431,0.44205835,0.69528884,0.87381387,0.57041806,0.7082989,0.22196361,0.18545353,0.25787878,0.7414644,0.7839875,0.668648,0.6478406,0.37935448,0.4531686
VACC_0285,0,0.474535,0.3730831,0.98637134,0.0,0.5104221,0.0,0.46656102,0.84849215,0.33640522,0.28307897,0.61551064,0.28469038,0.1541059,0.48754185,0.22304845,0.62412447,0.60381585,0.37779218,0.3963638,0.5426289,0.59301645,0.5573875,0.3181659,0.16968212,0.044312306,0.33641407,0.33672914,0.76595974,0.33668494,0.50045663,0.11769435,0.20628047
VACC_0286,0,0.48018003,0.32259524,0.95012635,0.0,0.5587511,0.0,0.39111412,0.84031117,0.5043496,0.3786515,0.4984049,0.3158378,0.0034698397,0.5498184,0.50927526,0.5254594,0.49035695,0.49930686,0.3340836,0.45918673,0.71941584,0.46425602,0.52015865,0.19042657,0.12234291,0.30470943,0.5832325,0.53600544,0.52904534,0.48953143,0.28905785,0.2370878
VACC_0287,0,0.4864483,0.3842408,1.0193229,0.0,0.37767988,0.0,0.4984091,0.85851777,0.29542792,0.23932214,0.65883774,0.22776936,0.1284097,0.38266867,0.15339941,0.6738218,0.64759684,0.28044719,0.3924361,0.57555425,0.4765321,0.5571319,0.2312131,0.16731218,0.031535335,0.3131594,0.26868978,0.78865254,0.2847954,0.5163372,0.043095797,0.2328152
VACC_0288,0,0.7681577,0.32233185,1.5292759,0.0,0.42735904,0.0,0.674906,1.183022,0.5464189,0.44217157,0.9522705,0.3366828,0.0,0.447789,0.35558438,1.0038528,1.0003132,0.4494568,0.49669233,0.83176994,0.60465974,0.6718476,0.48351467,0.26252592,0.14465407,0.23255345,0.54651797,0.9581612,0.4761396,0.76624405,0.20562613,0.5742023
VACC_0289,0,0.82913613,0.2558947,1.7580719,0.0,0.52689016,0.0,0.7709708,1.3531115,0.6748471,0.5345746,1.0929292,0.42858058,0.0,0.5659102,0.41691488,1.1472095,1.1509583,0.54952425,0.55157816,0.94797105,0.7166068,0.7246597,0.60482824,0.2510623,0.17626974,0.2018743,0.6447524,1.0943714,0.57752055,0.82573354,0.25753617,0.6646098
VACC_0290,0,0.8229354,0.2538492,1.7479157,0.0,0.5392797,0.0,0.77041507,1.3458407,0.6805608,0.53675973,1.0802394,0.43280977,0.0,0.57060134,0.42550838,1.1412742,1.1350261,0.5576293,0.5479423,0.9401581,0.7201581,0.72455835,0.61486304,0.25044617,0.17539072,0.20188715,0.6534778,1.089956,0.58350754,0.82033145,0.26538587,0.65644395
VACC_0291,0,0.71557903,0.34026173,1.4052415,0.0,0.41483206,0.0,0.62543166,1.1055629,0.49809873,0.39719522,0.8647685,0.30930644,0.0,0.43460894,0.33377624,0.9270481,0.9097067,0.4138323,0.46595463,0.7685013,0.57782495,0.65310055,0.4502232,0.25172165,0.13099948,0.25312915,0.5147804,0.89513373,0.43522817,0.71424335,0.18638846,0.51012063
VACC_0292,0,0.48874852,0.34245571,1.0305133,0.0,0.4951551,0.0,0.42352605,0.82614887,0.44023252,0.3574239,0.60071945,0.2921055,0.0,0.44931716,0.42601717,0.5515484,0.5795947,0.43340534,0.35461164,0.5052834,0.62609035,0.46836218,0.41959417,0.21027943,0.09068019,0.28311333,0.49416104,0.61424506,0.46307707,0.5221308,0.22690362,0.27761218
VACC_0293,0,0.34308404,0.40086585,0.6242929,0.0,1.1210077,0.0,0.0,0.7524841,0.6687685,0.6250998,0.07922125,0.5223655,0.04000847,0.9795634,0.901514,0.035127014,0.0,0.86337864,0.20758736,0.13113096,1.2475687,0.45195478,0.9506357,0.3494756,0.1423023,0.5893675,0.94959664,0.20764259,0.88547707,0.30063826,0.5212392,0.0
VACC_0294,0,0.45088002,0.50004077,0.5057582,0.0,0.4871261,0.0,0.18965933,0.7598192,0.22082375,0.18747075,0.19932148,0.18517958,0.27766535,0.4791885,0.3125087,0.34552935,0.17113996,0.35156482,0.2888982,0.2608958,0.6340941,0.5182183,0.33561432,0.2257115,0.03824904,0.57354534,0.38855377,0.427899,0.37692094,0.38697785,0.10292393,0.0
VACC_0295,0,0.53712463,0.3757202,0.9435911,0.0,1.2417824,0.0,0.0,1.0858563,0.8336903,0.7875457,0.25410807,0.6504916,0.0,1.1752356,1.0471992,0.31480217,0.15380912,1.0241191,0.29255393,0.31543773,1.4553543,0.58586985,1.1512556,0.3906136,0.21462023,0.6160357,1.1611699,0.3840662,1.0633999,0.4250688,0.5743153,0.11411421
VACC_0296,0,0.3565464,0.39908585,0.57282454,0.0,0.9406419,0.0,0.009987593,0.779849,0.60016257,0.51884925,0.07479033,0.4483388,0.07516158,0.8937624,0.7948584,0.15833706,0.0,0.7378216,0.2318955,0.18169408,1.104333,0.45022076,0.8305235,0.28765377,0.13335344,0.5439769,0.85069025,0.24605107,0.77606595,0.31945628,0.4226156,0.0
VACC_0297,0,0.6949722,0.3444153,1.2826619,0.0,0.2505921,0.0,0.789415,0.9392708,0.363885,0.21251406,0.81246036,0.19710995,0.05621712,0.2134896,0.15556535,0.8672244,0.89032793,0.22619238,0.46757275,0.739788,0.25176316,0.6526587,0.23818666,0.14388075,0.09969727,0.16844912,0.28347144,0.88681024,0.21922827,0.67115086,0.17531839,0.45239758
VACC_0298,0,1.0082378,0.30586207,1.9105508,0.0,0.09056653,0.0,1.176203,1.3267708,0.4521575,0.25836515,1.269816,0.21244933,0.016746372,0.09321882,0.0,1.40127,1.4223065,0.143549,0.6596054,1.1630843,0.060276076,0.89373815,0.19366348,0.19119975,0.118185766,0.05851528,0.19971392,1.3615938,0.13840088,0.9676767,0.08849934,0.81817424
VACC_0299,0,0.5753756,0.4097293,1.0463526,0.0,0.147673,0.0,0.65312356,0.8725373,0.23429216,0.16576822,0.6706209,0.12444644,0.16890363,0.17487808,0.023194969,0.77296096,0.69695485,0.13728175,0.45783955,0.66278845,0.2435729,0.6732192,0.063605666,0.15166092,0.0014401525,0.25414473,0.10713446,0.83769786,0.15167883,0.62538165,0.016616553,0.36545527
VACC_0300,0,0.59826994,0.43092465,1.0471574,0.0,0.24830942,0.0,0.68632066,0.8588132,0.19838388,0.09787853,0.72323245,0.15123855,0.16747727,0.18831779,0.011654854,0.77036476,0.76520646,0.14555973,0.4516821,0.63977015,0.21802108,0.62541604,0.07793087,0.13647167,0.014422081,0.24752352,0.105597824,0.9107065,0.10722178,0.5995122,0.045387864,0.3001383
VACC_0301,0,0.55122554,0.3943555,0.9931633,0.0,0.34176546,0.0,0.64467835,0.8957925,0.30655932,0.1555766,0.6075578,0.20207246,0.18556897,0.3337356,0.13555485,0.75165474,0.6513465,0.24130005,0.44062227,0.6074742,0.3615039,0.6289563,0.22758365,0.11439131,0.043728568,0.268152,0.25157067,0.8176019,0.22007546,0.5623298,0.11755073,0.28479925
VACC_0302,0,1.0103347,0.3018781,1.9087453,0.0,0.10875018,0.0,1.1704394,1.3282416,0.47129548,0.2695768,1.2524846,0.22036596,0.009895131,0.11783101,0.0,1.39737,1.4060131,0.16597489,0.656307,1.1573738,0.0870906,0.8948765,0.21767485,0.1905335,0.12547839,0.062095642,0.22476134,1.3456981,0.15823421,0.9661208,0.110458404,0.8145021
VACC_0303,0,0.72902435,0.5179226,0.83749634,0.0,0.11195944,0.0,0.64287436,0.8487004,0.105081305,0.0,0.5496092,0.03558606,0.19886479,0.106153205,0.019640237,0.7481361,0.62534046,0.091712594,0.3977214,0.5549548,0.1379302,0.6803004,0.0,0.13822171,0.02681493,0.38289097,0.07078731,0.768994,0.070066005,0.5927007,0.054352522,0.2282375
VACC_0304,0,0.7690231,0.34934303,1.3620353,0.0,0.18000923,0.0,0.8542135,0.99023694,0.33749527,0.18899755,0.88700694,0.1689607,0.06678147,0.13723002,0.06204921,0.9643204,0.9816433,0.16750869,0.48843133,0.80596393,0.1473758,0.71980363,0.17215478,0.15357569,0.09171844,0.1409952,0.20904675,0.9739056,0.15045032,0.72165716,0.13481832,0.5034791
VACC_0305,0,0.799353,0.33050922,1.3963926,0.0,0.2911197,0.0,0.85901964,1.0468516,0.44799548,0.2508031,0.8483008,0.2291034,0.022477418,0.24688996,0.1782158,0.9754015,0.94749784,0.27919173,0.49540234,0.80436933,0.26075274,0.71864605,0.30751544,0.16440102,0.12313794,0.15374094,0.3257667,0.96008706,0.25792766,0.7406002,0.23134655,0.51565826
VACC_0306,0,0.7785738,0.3105805,1.4666283,0.0,0.2669189,0.0,0.8788588,1.0603278,0.4653015,0.27886873,0.9016491,0.23354544,0.016685829,0.2500835,0.1844191,0.990432,1.0017647,0.27946842,0.52152073,0.84274524,0.29495126,0.71197414,0.31239712,0.15776059,0.12655044,0.1450462,0.34319296,0.9712386,0.27734357,0.75716996,0.22083026,0.5642495
VACC_0307,0,0.63215226,0.32374465,1.2358541,0.0,0.36431974,0.0,0.72517264,0.9406916,0.44337302,0.26135057,0.73258626,0.24681209,0.06581657,0.3179316,0.2426818,0.79157925,0.78754896,0.31536025,0.4684363,0.6874417,0.38470757,0.6284507,0.325235,0.14423932,0.093242206,0.18236051,0.35203037,0.8382937,0.3096398,0.6522404,0.23429668,0.42705557
VACC_0308,0,1.0120797,0.30414253,1.9154711,0.0,0.092109814,0.0,1.1766354,1.3285172,0.45945942,0.26380926,1.2685544,0.21389483,0.012936786,0.10042347,0.0,1.4052209,1.4227178,0.15140012,0.66012925,1.1651667,0.070038304,0.89516485,0.20043886,0.19161537,0.121899284,0.059388965,0.21026418,1.35616,0.14465347,0.9708154,0.09629771,0.82089925
VACC_0309,0,0.8210395,0.31699473,1.5308139,0.0,0.21290009,0.0,0.9282979,1.0894389,0.4326526,0.26041073,0.97535336,0.21369343,0.03065382,0.1788526,0.10639003,1.0626928,1.0787308,0.22708815,0.53881973,0.89484906,0.20534973,0.75703025,0.24966419,0.16773975,0.112981625,0.122336626,0.27972314,1.0498855,0.2200076,0.7928055,0.17661738,0.59894073
VACC_0310,0,1.0046365,0.3031906,1.8881943,0.0,0.122990385,0.0,1.1668534,1.3261254,0.46866536,0.26360214,1.237395,0.2245873,0.013483584,0.11908503,0.0,1.3876119,1.3874873,0.16586873,0.6507184,1.1451844,0.08392124,0.89676297,0.22286212,0.18749171,0.12259204,0.06428799,0.22221586,1.3488984,0.16063944,0.95535,0.11244479,0.7992636
VACC_0311,0,0.69174045,0.33292076,1.2791398,0.0,0.33162618,0.0,0.7708441,0.9660552,0.4252962,0.23215844,0.76079243,0.2317008,0.072715074,0.27914912,0.18231484,0.8637483,0.8271107,0.27917475,0.46382484,0.7241746,0.30273366,0.67364275,0.30007112,0.15037093,0.099767424,0.15871301,0.32365695,0.8869115,0.26015776,0.67283344,0.22682565,0.43795642
VACC_0312,0,0.68047297,0.34533006,1.2163496,0.0,0.27793455,0.0,0.7468252,0.9124881,0.38285327,0.21425201,0.73511654,0.19893678,0.06260147,0.23517989,0.18098608,0.82229775,0.80401397,0.2502011,0.4416775,0.69394815,0.26677275,0.6535197,0.25865048,0.14842884,0.098132186,0.16723426,0.29533675,0.83483785,0.23286611,0.657969,0.20870942,0.4196972
VACC_0313,0,0.69501156,0.362258,1.1970263,0.0,0.2780108,0.0,0.7410402,0.9011158,0.363608,0.19854899,0.72859263,0.1924877,0.057949103,0.21799926,0.17161658,0.8115515,0.80280006,0.2418046,0.43902653,0.6827501,0.24436198,0.64184666,0.24699819,0.15297116,0.0980361,0.17545184,0.2801812,0.83661354,0.21843833,0.6571274,0.20984966,0.40418693
VACC_0314,0,0.78387785,0.34480464,1.3488481,0.0,0.19287662,0.0,0.86212623,0.98543006,0.35844475,0.1887763,0.86208117,0.17811556,0.061345518,0.15980433,0.122175634,0.95957637,0.97045016,0.19797665,0.48108667,0.7824433,0.17346625,0.709931,0.22930694,0.13414028,0.124736644,0.15264139,0.28157184,0.96141124,0.1840133,0.7180937,0.18962008,0.48088828
VACC_0315,0,0.83680767,0.38831365,1.3580934,0.0,0.13771535,0.0,0.8673289,0.9841721,0.31456637,0.16812037,0.87372625,0.14483617,0.037571967,0.117197886,0.085514665,0.97884274,0.9938408,0.1679492,0.48111406,0.7979989,0.1172369,0.71274996,0.17615414,0.16705343,0.11561895,0.18097559,0.23363778,0.968641,0.14456859,0.7488313,0.16147742,0.49729392
VACC_0316,0,1.2087734,0.32758304,2.096741,0.0,0.0,0.0,1.3538249,1.4508772,0.4279604,0.21580441,1.3994155,0.17015027,0.011049837,0.011136487,0.0,1.6354351,1.6241986,0.08158088,0.6933994,1.3006735,0.0,1.0428313,0.17728531,0.18760104,0.16582543,0.06611091,0.21333566,1.5384682,0.059943557,1.06796,0.0942325,0.9015229
VACC_0317,0,1.0932298,0.31331736,1.8706939,0.0,0.10826115,0.0,1.2016045,1.3306236,0.46685928,0.22768115,1.1985949,0.2060176,0.019205824,0.13421477,0.0023590922,1.4227352,1.3922954,0.17804748,0.6155534,1.1284202,0.054165468,0.9519017,0.27593654,0.15925977,0.17990282,0.09322879,0.31246522,1.3412095,0.15072417,0.9436374,0.1961928,0.75201654
VACC_0318,0,1.070344,0.31394517,1.8781393,0.0,0.09480868,0.0,1.1880993,1.313238,0.46072972,0.24089722,1.211353,0.20251553,0.0073907077,0.12331636,0.0038505793,1.4050424,1.4031861,0.17411748,0.62097466,1.128101,0.06397812,0.92149675,0.2633925,0.16800605,0.1736992,0.09360039,0.29856732,1.3245448,0.15172529,0.94925463,0.17693377,0.76861453
VACC_0319,0,1.2113377,0.33081132,2.1059487,0.0,0.0,0.0,1.3555906,1.4545922,0.4195093,0.21407159,1.4131161,0.16508614,0.013425976,0.0025479347,0.0,1.6435812,1.6404065,0.07189572,0.6992707,1.3107346,0.0,1.0406446,0.16621947,0.19122668,0.16415146,0.06623998,0.20428512,1.5434828,0.04995191,1.0741282,0.08021152,0.91202426
VACC_0320,0,1.2069185,0.32676437,2.0929127,0.0,0.0,0.0,1.3484329,1.4525092,0.43354356,0.2195477,1.391561,0.17365812,0.010154247,0.020406201,0.0,1.6327363,1.6164799,0.08815968,0.69280475,1.2973411,0.0,1.0403891,0.18712056,0.188352,0.16824555,0.068240166,0.22178045,1.5318804,0.06728989,1.0656581,0.09786844,0.9000274
VACC_0321,0,0.65759826,0.33448336,1.0948001,0.0,0.47250605,0.0,0.74471545,0.90035486,0.4216392,0.16532265,0.6104823,0.25159013,0.10679817,0.3977216,0.31552178,0.70702636,0.7156848,0.34694648,0.43642208,0.5942056,0.3870554,0.6409088,0.36338317,0.040588006,0.13233384,0.21264815,0.3810201,0.81315625,0.28723514,0.56450236,0.37504363,0.29233772
VACC_0322,0,1.0901052,0.31728342,1.8719451,0.0,0.101030156,0.0,1.2050705,1.3265908,0.45561272,0.22223996,1.2066225,0.20366608,0.020169497,0.12059714,0.0,1.4201595,1.3975112,0.1683011,0.6172276,1.1317595,0.0392621,0.95423007,0.2616381,0.16168886,0.17239907,0.091683865,0.2986746,1.3534911,0.14058602,0.9465241,0.18845624,0.7546238
VACC_0323,0,0.8501004,0.3575608,1.3268957,0.0,0.19484343,0.0,0.8832216,1.0200946,0.35505688,0.15586163,0.84672177,0.16618662,0.061791398,0.17247953,0.12418592,0.9885415,0.9741682,0.1944341,0.4671745,0.7800216,0.15681677,0.7307223,0.2275945,0.11912017,0.14439154,0.17532054,0.27957562,0.9674173,0.17868298,0.7057039,0.21361607,0.44701585
VACC_0324,0,0.95521325,0.2989935,1.6176035,0.0,0.27481395,0.0,1.0354385,1.1903173,0.5145738,0.24726523,0.9704741,0.24546896,0.019083798,0.27438742,0.18622148,1.1707486,1.1271417,0.29594213,0.53163594,0.93329585,0.22768043,0.8414011,0.38127184,0.12447344,0.18992335,0.1294151,0.41993567,1.1102408,0.2646528,0.80559766,0.32170063,0.5876198
VACC_0325,0,0.95749116,0.30945122,1.6641018,0.0,0.21028607,0.0,1.0524501,1.1719133,0.47608328,0.24112175,1.0328305,0.22062261,0.010062963,0.20748188,0.14140838,1.1845315,1.1909106,0.25081325,0.5477948,0.96017754,0.17023216,0.82408106,0.32210457,0.13947886,0.17760795,0.119210005,0.36847982,1.1331842,0.22258657,0.8346331,0.27161652,0.6257458
VACC_0326,0,1.2217085,0.33204278,2.1252263,0.0,0.0,0.0,1.3705286,1.4602144,0.4093002,0.20718084,1.4348199,0.1549931,0.015462592,0.0,0.0,1.657495,1.6702081,0.053184867,0.71080667,1.3284968,0.0,1.0421005,0.14723194,0.19407038,0.16138646,0.059899062,0.18459865,1.559041,0.028099895,1.0888977,0.06527132,0.93265235
VACC_0327,0,1.2072902,0.32854313,2.0884407,0.0,0.0,0.0,1.353059,1.4493577,0.43059236,0.21622972,1.3891814,0.17351668,0.009811819,0.014908448,0.0,1.6316161,1.6114032,0.087427616,0.69091064,1.2951291,0.0,1.0454526,0.18340993,0.18824418,0.16452494,0.06759083,0.21906504,1.5371255,0.06518632,1.0655258,0.101442516,0.89613795
VACC_0328,0,1.0917349,0.31436366,1.8853471,0.0,0.090950295,0.0,1.2028364,1.3319665,0.4595769,0.22720312,1.214788,0.20133506,0.020618439,0.123076215,0.0,1.4257996,1.4111407,0.16645622,0.6240374,1.1396947,0.04748796,0.9461719,0.263781,0.1637165,0.17724532,0.08972055,0.30044773,1.3474791,0.13947594,0.9523064,0.1807299,0.7682431
VACC_0329,0,0.9572691,0.30442774,1.6245704,0.0,0.25151712,0.0,1.0457262,1.1855335,0.48797524,0.2320367,0.99892133,0.23592506,0.023740292,0.24028353,0.15675533,1.1777778,1.1560316,0.26677632,0.53651917,0.94343793,0.18902646,0.84189975,0.34724778,0.124304384,0.18201953,0.12412304,0.3869126,1.1372992,0.23616993,0.8111118,0.29613656,0.5921447
VACC_0330,0,0.94264406,0.32530794,1.6523876,0.0,0.09809412,0.0,1.0461764,1.1668689,0.40499038,0.2208087,1.0743771,0.17804827,0.025236323,0.11642714,0.037659764,1.2153103,1.2336832,0.16661632,0.5633065,0.990391,0.103778526,0.82216215,0.23025799,0.15745685,0.15073273,0.11910319,0.27812055,1.1551784,0.15765566,0.85258937,0.16096804,0.65810513
VACC_0331,0,1.0928272,0.32632867,1.8997521,0.0,0.075771496,0.0,1.211767,1.3217719,0.4373151,0.22395481,1.2415723,0.19539748,0.01014179,0.09171145,0.0,1.4271885,1.4361755,0.1513221,0.6290526,1.1476502,0.021557257,0.9414463,0.23821336,0.17355841,0.1675111,0.09409717,0.2786441,1.3648046,0.12547487,0.9634418,0.16420168,0.77832747
VACC_0332,0,1.2113166,0.3311442,2.1072083,0.0,0.0,0.0,1.3591124,1.453918,0.41346598,0.20995824,1.4200665,0.16225944,0.015512943,0.0,0.0,1.6460481,1.647558,0.06363857,0.70068586,1.3127625,0.0,1.0405412,0.15790999,0.19052643,0.16233799,0.06395841,0.19584152,1.5499376,0.042770743,1.0750413,0.073304355,0.9132496
VACC_0333,0,0.92623466,0.30737215,1.6350074,0.0,0.22154437,0.0,1.0333089,1.1587343,0.4651428,0.24112122,1.0287571,0.22534384,0.014424354,0.20378618,0.13558382,1.1606894,1.1831238,0.2441845,0.54661053,0.9468365,0.17361061,0.80381656,0.3152063,0.13536105,0.16951546,0.11861119,0.35125902,1.1293523,0.21933159,0.81955314,0.254337,0.6140629
VACC_0334,0,0.75374186,0.3862675,0.9305154,0.0,0.5476781,0.0,0.6727667,0.9809994,0.4953156,0.17676927,0.37547103,0.23899375,0.13309167,0.5570021,0.48475993,0.72057056,0.5055499,0.47757578,0.37863153,0.49916598,0.5890678,0.68812907,0.485377,0.046095625,0.18995008,0.35454363,0.5452106,0.6336836,0.4471172,0.52559173,0.5189147,0.18042278
VACC_0335,0,1.1012756,0.32359886,1.9171741,0.0,0.056776688,0.0,1.2197639,1.3255286,0.43958652,0.22557013,1.2530953,0.18724816,0.01075165,0.085761294,0.0,1.4397303,1.4522332,0.1463885,0.63413864,1.1582924,0.01653348,0.9405428,0.23144674,0.17433946,0.1705181,0.089320004,0.27596214,1.3611978,0.11907947,0.9730951,0.1596151,0.79265416
VACC_0336,0,0.7556572,0.4564986,0.973932,0.0,0.16290106,0.0,0.69885004,0.9490838,0.21242638,0.07134771,0.57415986,0.089180276,0.20349053,0.2007456,0.076464534,0.85969186,0.67586935,0.16886824,0.41529366,0.61308634,0.23240949,0.7202524,0.13730073,0.13562956,0.08385482,0.33071232,0.21486482,0.785733,0.1496548,0.61805505,0.11501199,0.28438574
VACC_0337,0,1.1046091,0.32257566,1.9069483,0.0,0.075928435,0.0,1.217943,1.3237126,0.4487008,0.2272505,1.2373865,0.19238491,0.0067761987,0.10146926,0.0,1.4336511,1.4349788,0.1606488,0.6250893,1.1490147,0.025160715,0.94797957,0.24376178,0.16983074,0.17338544,0.0936681,0.28757766,1.3550805,0.13093579,0.96605676,0.17933762,0.77781296
VACC_0338,0,0.6384448,0.3768859,1.0602465,0.0,0.17824261,0.0,0.74383783,0.89350826,0.23400734,0.10610251,0.7061351,0.13889615,0.16488153,0.17534877,0.03287053,0.8322221,0.79286456,0.13035467,0.45207214,0.6677084,0.1808617,0.6747536,0.12505442,0.08641578,0.061861284,0.21178398,0.14810088,0.88919383,0.11256766,0.60281116,0.069321245,0.34104288
VACC_0339,0,0.81379855,0.29304034,1.3697715,0.0,0.40513152,0.0,0.8746208,1.0450006,0.53071135,0.24792133,0.77114844,0.2665918,0.036248118,0.3757109,0.3295877,0.9286405,0.9001478,0.37730265,0.46563488,0.74687743,0.3725899,0.72343874,0.44959015,0.08328657,0.19549474,0.16484697,0.4922904,0.8948594,0.34512246,0.67674124,0.4109978,0.43522757
VACC_0340,0,0.79584134,0.32393944,1.3794832,0.0,0.18036641,0.0,0.8969686,1.0133153,0.38045132,0.1873057,0.87467957,0.17769824,0.06381615,0.16561343,0.11235416,0.97468567,0.9961965,0.19556862,0.49289894,0.8072593,0.17083149,0.7266151,0.24129027,0.11649649,0.131131,0.13658467,0.2839599,0.9745579,0.18646634,0.7225956,0.20812935,0.5028082
VACC_0341,0,0.68740463,0.2629849,1.3774393,0.0,0.53626305,0.0,0.6952332,1.0238881,0.60350084,0.4311689,0.8016354,0.36951524,0.0,0.50990635,0.51250184,0.8029598,0.8458351,0.5368926,0.47168538,0.7097183,0.64276326,0.60105217,0.53056526,0.1670051,0.165932,0.17960104,0.5682051,0.7833427,0.51945996,0.6785064,0.36151075,0.47880527
VACC_0342,0,0.82560647,0.20832336,1.6937335,0.0,0.6740003,0.0,0.7851597,1.2071931,0.75929546,0.5843618,1.0014102,0.48969585,0.0,0.6489642,0.6898559,0.9664701,1.0577488,0.7083479,0.52911067,0.85332084,0.8136395,0.6502689,0.71368,0.20257905,0.23528254,0.14295846,0.7613921,0.9011786,0.68131965,0.7837392,0.46683353,0.6077858
VACC_0343,0,0.62186027,0.33907574,1.1984197,0.0,0.36829972,0.0,0.6284903,0.8746445,0.40564525,0.3017372,0.7509937,0.25713348,0.0,0.32255554,0.33135694,0.71073383,0.76618147,0.36293006,0.42299572,0.63501203,0.4478088,0.56192434,0.30794203,0.17765775,0.0955284,0.20081678,0.3656614,0.74427605,0.35840434,0.62364876,0.21466708,0.3880485
VACC_0344,0,0.56960523,0.30720997,1.027103,0.0,0.56262755,0.0,0.5070094,0.815097,0.5114225,0.35684288,0.559372,0.32261097,0.0,0.5205536,0.56123704,0.5571445,0.5759725,0.52550757,0.35443988,0.49892747,0.6497625,0.4874992,0.5044701,0.15024838,0.15326375,0.23361602,0.557286,0.55627203,0.50767946,0.5281812,0.36597472,0.2625977
VACC_0345,0,0.80393505,0.20361102,1.6602154,0.0,0.6988683,0.0,0.7688205,1.1825521,0.7753681,0.588555,0.9624356,0.4957415,0.0,0.6622917,0.71719974,0.9253487,1.0144697,0.72665524,0.51742285,0.8228122,0.8286936,0.63437444,0.73747754,0.19717085,0.2362772,0.14472091,0.77719176,0.87177765,0.7001059,0.7677288,0.49385238,0.5843487
VACC_0346,0,0.39099783,0.38106805,0.7768644,0.0,0.8948128,0.0,0.06499261,0.7679899,0.53011894,0.519854,0.3533568,0.4869609,0.024432272,0.80331796,0.7298458,0.26023057,0.22608444,0.7161618,0.19319135,0.246142,1.0089095,0.49394673,0.7410264,0.31468177,0.12370341,0.46457556,0.74123764,0.38590586,0.6994303,0.36911914,0.32672924,0.008320659
VACC_0347,0,0.5550143,0.42379266,0.9801273,0.0,0.37179893,0.030990627,0.3706266,0.8811289,0.22973655,0.26010704,0.65418947,0.2617345,0.21662773,0.452029,0.108725786,0.7105393,0.56690615,0.3185985,0.27802327,0.52820235,0.48872948,0.6886851,0.19196033,0.2784305,0.0063306317,0.36683488,0.24492028,0.78843653,0.2510266,0.5327601,0.0,0.13540034
VACC_0348,0,0.30756867,0.2421214,0.6308361,0.0,1.5418683,0.0,0.0,0.76496625,0.94684327,0.8359903,0.025336921,0.82046944,0.0,1.361685,1.4426181,0.0,0.0,1.250781,0.09992623,0.0,1.6767324,0.3769226,1.4209967,0.33219633,0.29875907,0.51613784,1.3904091,0.002083987,1.2275704,0.21180665,0.7923178,0.0
VACC_0349,0,0.453636,0.41865662,0.42725918,0.0,0.68067086,0.0,0.034860343,0.78435516,0.38605398,0.3336237,0.0040998757,0.3293169,0.24926685,0.7485406,0.5932022,0.21168678,0.0,0.58617437,0.20563331,0.15146677,0.92114043,0.5400069,0.6290555,0.24900419,0.123655684,0.56566334,0.64107215,0.20000273,0.59916806,0.33263788,0.27009112,0.0
VACC_0350,0,0.58110726,0.43782067,0.58761287,0.0,0.40975356,0.07376033,0.15309116,0.84465927,0.09038012,0.09877743,0.25970542,0.15899299,0.49250883,0.42431438,0.2727899,0.38102156,0.2596584,0.34425873,0.31933135,0.19250366,0.6000252,0.6862116,0.3002687,0.21857342,0.054627158,0.721949,0.33693728,0.39405194,0.3383081,0.41786417,0.0130159855,0.0
VACC_0351,0,0.25557354,0.27899003,0.4044763,0.0,1.9342237,0.0,0.0,0.76408315,1.1918896,0.9927882,0.0,0.9121838,0.0,1.7347672,1.7077332,0.0,0.0,1.5516981,0.077902704,0.0,2.0839372,0.3162526,1.8065672,0.37433118,0.34259143,0.69194967,1.7090561,0.0,1.5623082,0.10111642,1.116899,0.0
VACC_0352,0,0.52238494,0.5241977,0.55488384,0.0,0.3685463,0.0013094097,0.233447,0.7304413,0.11430915,0.119590804,0.29764447,0.125749,0.29576138,0.3175909,0.23516303,0.37728342,0.2703133,0.27565688,0.31748378,0.2715281,0.48136747,0.5964855,0.18849856,0.2287734,0.01180806,0.60363305,0.23102131,0.47202197,0.29544908,0.43772826,0.020546317,0.01426848
VACC_0353,0,0.41145742,0.31240642,0.82178396,0.0,1.5544357,0.0,0.0,0.8950084,0.9884329,0.903702,0.09750281,0.8060307,0.0,1.3601507,1.403918,0.0014979839,0.0,1.2893529,0.19067648,0.11649093,1.6919154,0.45754427,1.419018,0.38238114,0.27232838,0.55886674,1.3960079,0.11349049,1.2923338,0.3164599,0.83491796,0.0
VACC_0354,0,0.37606537,0.25163752,0.7873316,0.0,1.8778336,0.0,0.0,0.92631423,1.1978991,1.0670127,0.0,0.9715188,0.0,1.6531655,1.7261627,0.0,0.0,1.5540447,0.14978859,0.0043233037,2.0253668,0.43229085,1.7471213,0.40296954,0.34453997,0.6007015,1.7049394,0.0,1.5498486,0.25611326,1.0511398,0.0
VACC_0355,0,0.9596949,0.30350664,1.717041,0.0,0.35098827,0.0,1.0305218,1.2363389,0.56896496,0.3040914,1.0137519,0.3015328,0.0012958199,0.3461334,0.24752492,1.1907749,1.1545938,0.36971575,0.5540979,0.96702623,0.31332994,0.8621546,0.43666065,0.16743359,0.18014845,0.1319401,0.47326365,1.1394862,0.31747323,0.86006224,0.35384244,0.6494312
VACC_0356,0,0.96325237,0.31235984,1.7176523,0.0,0.33060145,0.0,1.041316,1.2341837,0.5373254,0.2853716,1.0421772,0.29314405,0.007272303,0.30870157,0.21425563,1.2005199,1.183867,0.33808792,0.5600473,0.9764908,0.27144665,0.8642396,0.40146077,0.1680999,0.17098671,0.12967987,0.43852696,1.1728516,0.28633517,0.8643916,0.3248518,0.65083444
VACC_0357,0,0.7871841,0.30506173,1.4166622,0.0,0.42352396,0.0,0.8553952,1.039813,0.5168485,0.26740628,0.82968754,0.30070126,0.023543537,0.38826996,0.34224993,0.9013977,0.93062615,0.39319527,0.47726238,0.7610053,0.39302945,0.69137824,0.4285605,0.12170562,0.16603315,0.16149268,0.46199587,0.92409825,0.35139525,0.7079792,0.38124388,0.46956092
VACC_0358,0,1.0494343,0.2808215,1.9748886,0.0,0.2382928,0.0,1.1716605,1.3422508,0.5681592,0.3170138,1.2468413,0.284517,0.0,0.26454192,0.14695019,1.3635548,1.4218454,0.30448908,0.6376741,1.1368397,0.22489856,0.9016,0.37307763,0.17071176,0.18546188,0.08471158,0.39695242,1.3063219,0.26210555,0.9671884,0.27314663,0.80185056
VACC_0359,0,0.7346299,0.4575619,0.9459549,0.0,0.15375845,0.0,0.6475717,0.88315797,0.16212659,0.045037225,0.59983957,0.10152589,0.22357357,0.15901615,0.05956638,0.7791548,0.6720052,0.15702456,0.39756417,0.57457787,0.19690298,0.665648,0.08585119,0.14909114,0.0633887,0.3291817,0.1446786,0.7685145,0.12496364,0.62259376,0.101165056,0.25662023
VACC_0360,0,1.0486054,0.30310178,1.9453003,0.0,0.17079796,0.0,1.1696788,1.3243258,0.5073956,0.28475863,1.2567637,0.25074804,0.0,0.19344513,0.074264705,1.3713931,1.4288199,0.2427482,0.635652,1.1407702,0.15178357,0.90569365,0.30192757,0.18201101,0.16432974,0.08817756,0.328216,1.323158,0.20585537,0.9694868,0.21067232,0.7989894
VACC_0361,0,1.1376499,0.2819749,2.136508,0.0,0.14591794,0.0,1.2852316,1.4532657,0.5507325,0.30719823,1.3874576,0.27559608,0.0,0.19116582,0.028500915,1.5321167,1.5810965,0.23966858,0.69295394,1.265111,0.1301866,0.97712266,0.31990433,0.19067833,0.17807963,0.054621965,0.328599,1.4623562,0.20615983,1.0535511,0.19949019,0.90648615
VACC_0362,0,0.9052839,0.27514237,1.6722059,0.0,0.3185135,0.0,0.98771167,1.1800339,0.5490909,0.30057234,1.0167143,0.30004048,0.00224863,0.33835024,0.240103,1.1226774,1.1502209,0.35025907,0.5419268,0.9381702,0.32247066,0.779657,0.41697055,0.14786263,0.18597138,0.105532706,0.43629554,1.0767137,0.31648445,0.82726187,0.3197446,0.62766814
VACC_0363,0,1.1403482,0.28123015,2.1379082,0.0,0.14578061,0.0,1.2906383,1.4500046,0.5516213,0.3058688,1.3874223,0.27421272,0.0,0.18808754,0.032259822,1.5324153,1.5798059,0.24055314,0.6908711,1.2642726,0.12390827,0.9812627,0.3169638,0.18899865,0.17721877,0.05246821,0.32769778,1.4639851,0.20517433,1.0547392,0.20539576,0.90452766
VACC_0364,0,1.0407233,0.30003732,1.9267349,0.0,0.19597746,0.0,1.1592056,1.3230033,0.520628,0.2901857,1.2312386,0.26156443,0.0,0.2131152,0.09200215,1.3576223,1.4000809,0.25955778,0.6289995,1.1251112,0.17365502,0.90457547,0.32578182,0.18003823,0.16732046,0.09187487,0.3466268,1.31167,0.22504985,0.9584437,0.22711998,0.78491664
VACC_0365,0,0.9043264,0.2832171,1.651536,0.0,0.34248102,0.0,0.98694,1.1771259,0.55060446,0.29582435,0.9956011,0.3072766,0.0,0.34238768,0.2543161,1.1093018,1.121133,0.36156553,0.5355577,0.92057353,0.32103723,0.7807124,0.4235536,0.15379722,0.18023863,0.11079498,0.44302014,1.0757543,0.32308632,0.82009625,0.33419794,0.61418283
VACC_0366,0,1.0623168,0.29833424,1.9231296,0.0,0.21974157,0.0,1.1643869,1.3513277,0.53930897,0.2914315,1.206392,0.28101182,0.0,0.24329792,0.099880755,1.3880547,1.3729919,0.2781204,0.62041503,1.1244297,0.18270378,0.93048334,0.35846913,0.18803637,0.17681023,0.0854159,0.38009366,1.3173711,0.23580101,0.9637204,0.24985123,0.7797084
VACC_0367,0,0.7067758,0.31882063,1.3596649,0.0,0.31379664,0.0,0.7829032,0.9323811,0.42985976,0.25314927,0.8509306,0.24097686,0.004163578,0.2805552,0.26527125,0.81128085,0.92866874,0.31724745,0.4639175,0.7325103,0.3375668,0.610949,0.3013307,0.13852066,0.12026305,0.15039837,0.32935056,0.85231084,0.2911694,0.6911466,0.26791322,0.46597174
VACC_0368,0,0.76787573,0.32269442,1.3768165,0.0,0.4745043,0.0,0.7996776,1.024649,0.5384588,0.29620397,0.7682351,0.3131979,0.03253956,0.40397644,0.37479943,0.8825538,0.85359883,0.42872453,0.46118134,0.7253657,0.43176186,0.7177963,0.4595251,0.16085744,0.1546013,0.17765428,0.50994694,0.88862026,0.3686995,0.7156278,0.4060598,0.45794114
VACC_0369,0,1.0490108,0.29491067,1.9239902,0.0,0.22033097,0.0,1.1546282,1.326302,0.546926,0.30366158,1.2079637,0.2702393,0.0,0.2455809,0.12606865,1.3578616,1.3796484,0.28984648,0.62456095,1.1165454,0.20582782,0.9051175,0.358733,0.1780694,0.17977467,0.0962131,0.38153806,1.2880869,0.2499237,0.9562585,0.25657994,0.77857363
VACC_0370,0,1.142724,0.28429896,2.144485,0.0,0.13023363,0.0,1.2928854,1.4513497,0.53958833,0.29987085,1.4016024,0.26820135,0.0,0.17515995,0.016067207,1.5371608,1.5957736,0.22598854,0.69421697,1.272318,0.11025147,0.9808525,0.3004917,0.19051388,0.17421708,0.051823437,0.31143,1.474132,0.19180107,1.0589547,0.19016433,0.91092885
VACC_0371,0,1.1514201,0.28555584,2.1599333,0.0,0.11694746,0.0,1.2961472,1.455018,0.53931904,0.30310643,1.4138365,0.26348042,0.0,0.17290153,0.013670802,1.5503215,1.6121122,0.22451547,0.70098764,1.2828445,0.11124019,0.9772606,0.2961737,0.19432062,0.17794302,0.051101357,0.3134103,1.471755,0.1869883,1.069116,0.18359023,0.92422676
VACC_0372,0,0.77308536,0.36176598,1.3504441,0.0,0.34184688,0.0,0.79387987,0.9875548,0.4288211,0.24621825,0.8004862,0.252501,0.04802376,0.27829504,0.23718363,0.89863825,0.8838109,0.31830442,0.46458152,0.74643624,0.2967922,0.72101563,0.32982767,0.18710712,0.11923934,0.17610927,0.38136968,0.92321014,0.26182792,0.7351522,0.28865045,0.47112894
VACC_0373,0,0.8862226,0.29381648,1.6774485,0.0,0.28135133,0.0,0.99237585,1.1545339,0.50493693,0.28611594,1.0580616,0.27083445,0.0,0.28459758,0.20791632,1.1019003,1.1922331,0.31504112,0.5554764,0.9458356,0.28564882,0.7524289,0.35709804,0.14929602,0.16242379,0.11764282,0.37636247,1.0891048,0.28331327,0.8243604,0.27116543,0.6377634
VACC_0374,0,0.5483283,0.36723167,0.98225397,0.0,0.47479808,0.0,0.47529668,0.8624545,0.42473233,0.30111486,0.5392704,0.2843278,0.056752875,0.45301634,0.35136276,0.5983182,0.5571039,0.41609758,0.38459378,0.526957,0.5682254,0.5253176,0.39941013,0.19663471,0.08810971,0.27884322,0.428974,0.654587,0.39972758,0.55559814,0.25185454,0.28083503
VACC_0375,0,0.628106,0.26927584,1.3235092,0.0,0.60967076,0.0,0.57912654,1.0727516,0.6322079,0.48677558,0.73924935,0.41433054,0.0,0.59323436,0.5002231,0.77163315,0.75204927,0.58199966,0.45906526,0.685249,0.7531086,0.5946312,0.6053729,0.21071818,0.14603657,0.21924473,0.6127384,0.7819698,0.5899246,0.6513257,0.3397584,0.4421095
VACC_0376,0,0.58175826,0.30765617,1.2025414,0.0,0.49507558,0.0,0.5449751,0.9605646,0.5053745,0.3899052,0.706803,0.33612877,0.0039942414,0.46777254,0.3842126,0.7046988,0.7153442,0.45848584,0.42721903,0.6326201,0.6132271,0.5553775,0.45472598,0.20864274,0.10757942,0.22104177,0.48185363,0.7466835,0.46196353,0.6154679,0.2493164,0.39318845
VACC_0377,0,0.7171812,0.26477867,1.5170856,0.0,0.5737211,0.0,0.6666621,1.1952775,0.6380083,0.5185468,0.91083586,0.4285316,0.0,0.56877154,0.4539821,0.9247848,0.93357074,0.57034934,0.5211123,0.8144225,0.7322711,0.6555772,0.5811893,0.23054074,0.15015906,0.19778821,0.59840703,0.9187225,0.5829978,0.73464596,0.29699373,0.5538821
VACC_0378,0,0.6123626,0.26534137,1.3237052,0.0,0.6416761,0.0,0.5518116,1.0763317,0.6389543,0.515052,0.7523579,0.43277925,0.0,0.607534,0.5386208,0.75050294,0.7552699,0.60180163,0.45841828,0.67586935,0.7926143,0.58544487,0.63129926,0.21835977,0.14952508,0.22930643,0.6428883,0.77167964,0.6213795,0.6426654,0.33612853,0.44106647
VACC_0379,0,0.56061786,0.3003985,1.1549425,0.0,0.596447,0.0,0.5016054,0.93243897,0.56171864,0.43247664,0.6350509,0.36954683,0.0,0.5485084,0.5004018,0.6289221,0.6358842,0.5465457,0.40793926,0.58099055,0.7105407,0.5307531,0.5487697,0.1985907,0.12889525,0.242614,0.57048523,0.66586316,0.54986364,0.57885957,0.33774316,0.34827423
VACC_0380,0,0.5847384,0.35082015,1.154187,0.0,0.41200858,0.0,0.543306,0.9796391,0.43205047,0.3477658,0.6897427,0.28804886,0.036396816,0.44979614,0.29063505,0.7569597,0.69715214,0.39300913,0.43600714,0.6615002,0.57474786,0.58521664,0.3741476,0.20321417,0.08505849,0.26447138,0.40872046,0.76796603,0.41952586,0.6065792,0.1606502,0.371545
VACC_0381,0,0.5922476,0.36582106,1.175612,0.0,0.35478634,0.0,0.5423812,0.9549382,0.3791163,0.33019167,0.750244,0.2601645,0.03806646,0.35480988,0.24384874,0.7579187,0.7502716,0.33574665,0.43389276,0.66483164,0.49250758,0.5928166,0.294366,0.22565478,0.06415845,0.2553017,0.34647122,0.79389095,0.35503083,0.6286149,0.107771575,0.39811632
VACC_0382,0,0.6870465,0.2543531,1.4744682,0.0,0.6051723,0.0,0.64442056,1.1739521,0.6613648,0.526724,0.8627503,0.4408719,0.0,0.5971728,0.49054694,0.8823478,0.8822675,0.59575945,0.5068182,0.7786964,0.7658591,0.63723415,0.61977255,0.22211447,0.1545031,0.20134321,0.6258595,0.8833269,0.6102185,0.71300346,0.32436365,0.52530825
VACC_0383,0,1.1726953,0.3427942,2.009486,0.0,0.0,0.0,1.3051844,1.4312701,0.4044568,0.19891389,1.3376994,0.1541742,0.04467222,0.0065920204,0.0,1.6070595,1.5476489,0.063979834,0.6747195,1.2636212,0.0,1.0710837,0.16145515,0.18768275,0.14861166,0.08543718,0.2106924,1.5127721,0.04960704,1.0451941,0.0736168,0.86696374
VACC_0384,0,0.77143335,0.3451651,1.3350687,0.0,0.26119125,0.0,0.8343233,0.98748195,0.41148514,0.20904411,0.8009476,0.19689567,0.059905387,0.23997484,0.20725256,0.9222096,0.90332496,0.25879997,0.46964175,0.7564037,0.2471822,0.7332736,0.29347098,0.13123232,0.13498244,0.16891381,0.36756596,0.91582084,0.23474535,0.7102685,0.26623785,0.4714289
VACC_0385,0,1.0651917,0.3347649,1.8269083,0.0,0.053838596,0.0,1.1764323,1.308234,0.42154008,0.21202104,1.1864821,0.17609443,0.039549574,0.084136024,0.0,1.4158609,1.3666248,0.13453251,0.6136982,1.1185014,0.020714685,0.97121775,0.21932846,0.17177087,0.15303686,0.1056962,0.2748259,1.3403261,0.117295206,0.94892985,0.1432733,0.7541504
VACC_0386,0,0.92158085,0.3366103,1.5777802,0.0,0.16707022,0.0,0.9991673,1.1492167,0.42250305,0.21676947,0.9898294,0.1925626,0.048679784,0.16093616,0.08572775,1.1717093,1.1316072,0.20123106,0.5359964,0.9336474,0.13534568,0.85328364,0.2679993,0.15714051,0.14753443,0.13437259,0.3273708,1.1273366,0.1785236,0.82710457,0.2072534,0.6067667
VACC_0387,0,0.9405589,0.3333503,1.592134,0.0,0.18726914,0.0,1.0275446,1.1637015,0.42980152,0.20817073,1.0005735,0.20170741,0.045924813,0.16804995,0.09266192,1.1824414,1.1457603,0.20852664,0.53672594,0.9414273,0.124481305,0.8664434,0.27676237,0.14607763,0.1509364,0.13149093,0.33034745,1.154648,0.18047756,0.82504416,0.22868568,0.5987258
VACC_0388,0,0.89849347,0.33988842,1.5292668,0.0,0.18208186,0.0,0.9641597,1.1175282,0.4212414,0.21959315,0.94958675,0.19559737,0.04206805,0.17874844,0.111403644,1.1268821,1.0844971,0.21809945,0.51942676,0.8987184,0.16250338,0.8223977,0.28168088,0.15976971,0.14881873,0.14472628,0.3423516,1.0783721,0.19650236,0.80494875,0.21915668,0.58010674
VACC_0389,0,0.784928,0.3306025,1.345515,0.0,0.22855563,0.0,0.86294603,1.0055796,0.39927864,0.20013045,0.8264323,0.18934496,0.07431819,0.20447399,0.15303099,0.9585389,0.93627906,0.22946468,0.47413722,0.7773739,0.21026485,0.75341105,0.26946533,0.11877613,0.13102591,0.15289974,0.32088646,0.9521556,0.21011814,0.71171933,0.23665541,0.4735598
VACC_0390,0,1.1743863,0.3441605,2.0139108,0.0,0.0,0.0,1.3105897,1.4296896,0.39392978,0.19240694,1.3507681,0.14872847,0.04719864,0.0,0.0,1.6117762,1.5609844,0.050648123,0.67671835,1.2682251,0.0,1.0712935,0.14584011,0.18705234,0.14587155,0.0823766,0.19636786,1.5231677,0.037277997,1.0479692,0.06217271,0.8696848
VACC_0391,0,0.6899686,0.42959243,0.9863619,0.0,0.22211076,0.0,0.7323997,0.866827,0.23360942,0.06617516,0.64334404,0.12076454,0.1550823,0.16162078,0.12138483,0.7896439,0.7307253,0.15681386,0.42921612,0.5987346,0.17620726,0.66377056,0.12819248,0.08768837,0.07906603,0.253921,0.20293066,0.83654803,0.13266775,0.5946989,0.16630113,0.28002995
VACC_0392,0,1.1711278,0.34380904,2.0124571,0.0,0.0,0.0,1.3034098,1.4334915,0.3975206,0.1961828,1.3463115,0.15146665,0.04745561,0.00076924264,0.0,1.608445,1.557889,0.054624885,0.67716366,1.2681519,0.0,1.0683658,0.15360445,0.18824482,0.14740181,0.08554438,0.20102143,1.5173714,0.042728007,1.0456574,0.06174189,0.87085927
VACC_0393,0,0.80340123,0.32886994,1.392051,0.0,0.13773261,0.0,0.91165364,1.0287514,0.34271717,0.17362674,0.91607535,0.16229887,0.083693616,0.11845492,0.057302415,1.0168451,1.0423177,0.1518693,0.5031912,0.8313236,0.12475024,0.7582103,0.19345915,0.118974954,0.116801925,0.1340501,0.23343185,1.0227864,0.14145917,0.737131,0.15084797,0.5204911
VACC_0394,0,0.93991053,0.35289037,1.5161512,0.0,0.16470729,0.0,0.98743594,1.1374491,0.3979752,0.19170363,0.9594157,0.18071909,0.048296824,0.15520997,0.09057373,1.1648123,1.1048573,0.19407853,0.51575476,0.9072286,0.122470215,0.8495425,0.2531432,0.15434346,0.15054855,0.15746751,0.31840268,1.1082844,0.1702638,0.80784404,0.20811361,0.5659745
VACC_0395,0,1.1773386,0.34551635,2.0182576,0.0,0.0,0.0,1.3136591,1.4287524,0.39027518,0.18987508,1.3555311,0.14608108,0.046423674,0.0,0.0,1.612094,1.566143,0.04695162,0.6765094,1.2718444,0.0,1.0746865,0.13828623,0.18711978,0.1438236,0.082069606,0.18942654,1.5280607,0.032096863,1.0507143,0.061400473,0.87155306
VACC_0396,0,1.0529463,0.3421596,1.768564,0.0,0.08226608,0.0,1.1463708,1.2828859,0.4193762,0.20468588,1.1415614,0.17901246,0.039349675,0.10186775,0.0,1.3775818,1.3184997,0.14942312,0.5934417,1.0817337,0.036883697,0.95849466,0.23315418,0.16883358,0.15556303,0.119872555,0.29177633,1.3033267,0.12767068,0.9239372,0.16507211,0.71435654
VACC_0397,0,0.6674384,0.3803607,1.0986409,0.0,0.14827825,0.0,0.79000366,0.91374815,0.21165965,0.08691548,0.75616515,0.12727739,0.17762965,0.117095485,0.0,0.8827017,0.8501789,0.09459597,0.46971163,0.69312066,0.11696173,0.7175055,0.089769185,0.08366415,0.055218928,0.19340985,0.11855325,0.95304596,0.068320215,0.63184106,0.046714097,0.36913887
VACC_0398,0,0.94723624,0.33511242,1.6231608,0.0,0.14820616,0.0,1.0406084,1.1628602,0.4186787,0.20725955,1.0310862,0.18556304,0.044732198,0.13919313,0.07919276,1.2032242,1.176555,0.18667856,0.547546,0.95988953,0.099947795,0.8704653,0.24696016,0.15135814,0.14765516,0.12392256,0.31500527,1.167009,0.16218126,0.8473722,0.20721167,0.62720394
VACC_0399,0,1.0753801,0.3399992,1.7936757,0.0,0.09310971,0.0,1.1700222,1.3178298,0.43667066,0.20952775,1.1482918,0.18570136,0.04373984,0.11005266,0.0,1.4159801,1.3316092,0.15619138,0.6052494,1.0999281,0.040324256,0.9872434,0.24902081,0.16826779,0.16076493,0.119577944,0.30554387,1.3308293,0.134722,0.93675745,0.17301986,0.7287146
VACC_0400,0,1.1721363,0.34142902,2.012693,0.0,0.0,0.0,1.3056334,1.431495,0.4027105,0.19804408,1.3430741,0.15192162,0.04627344,0.0025731772,0.0,1.6089149,1.5537716,0.059233338,0.6756182,1.265347,0.0,1.0689,0.15745717,0.18664497,0.1492545,0.08361265,0.20668054,1.5132821,0.046563625,1.045433,0.06834942,0.8689748
VACC_0401,0,1.0619068,0.33310246,1.8185501,0.0,0.049326822,0.0,1.1759095,1.3023443,0.40877718,0.2001193,1.1937562,0.17328174,0.04648769,0.07172026,0.0,1.4072934,1.3744842,0.11988869,0.60815406,1.1156785,0.00210689,0.96600914,0.205172,0.16552982,0.15044212,0.101091236,0.25113764,1.3474706,0.102722675,0.93801105,0.13277179,0.74090934
VACC_0402,0,0.9266564,0.33706713,1.5653985,0.0,0.1745371,0.0,0.9989209,1.1419586,0.42576963,0.21421294,0.97949404,0.1933328,0.039661214,0.17405216,0.111095965,1.1628925,1.1226639,0.2125107,0.53003156,0.9226774,0.14677612,0.8409965,0.27815586,0.15179278,0.15545827,0.14180696,0.3438774,1.1096839,0.19160256,0.8192589,0.22346205,0.59499645
VACC_0403,0,1.1719921,0.34186223,2.0135484,0.0,0.0,0.0,1.3027593,1.4332573,0.4044515,0.19972412,1.3406734,0.1525744,0.04551491,0.008275256,0.0,1.6066908,1.5521014,0.06157562,0.6752839,1.2665468,0.0,1.0694714,0.15985811,0.18764248,0.14925337,0.08563843,0.20776784,1.510877,0.048715115,1.0455074,0.06976253,0.87036943
VACC_0404,0,1.174973,0.34358546,2.0205083,0.0,0.0,0.0,1.3071351,1.432811,0.39487898,0.194124,1.353426,0.14661007,0.04718244,0.0,0.0,1.6106942,1.5659432,0.04926744,0.67709583,1.2731369,0.0,1.070716,0.14426023,0.18770227,0.14654675,0.08371389,0.19312131,1.5199808,0.03681612,1.0494546,0.059328914,0.8750471
VACC_0405,0,0.9185007,0.32687113,1.5845709,0.0,0.14140762,0.0,1.0098147,1.149996,0.40281934,0.20774855,1.0220656,0.18713073,0.055114776,0.1357191,0.050496876,1.1790082,1.1703249,0.17493427,0.5396761,0.94642025,0.113730475,0.8419589,0.24553186,0.14517233,0.14664525,0.12609309,0.28939453,1.145789,0.16113257,0.8197404,0.17765272,0.6051061
VACC_0406,0,0.76688457,0.35626826,1.3035583,0.0,0.18700795,0.0,0.84012866,0.94763285,0.3334447,0.16778018,0.83693254,0.16649963,0.0695032,0.13869561,0.11579245,0.90899634,0.9418278,0.18579116,0.46607304,0.75344205,0.1514091,0.70425034,0.20555949,0.13308567,0.111810036,0.15517595,0.26036158,0.9440969,0.16259119,0.7037204,0.19915277,0.4546149
VACC_0407,0,0.91312945,0.32623369,1.5621164,0.0,0.18133198,0.0,0.99263704,1.1316146,0.43117046,0.21454372,0.97735023,0.19663243,0.04339665,0.18018721,0.10933125,1.1420349,1.1190485,0.21447408,0.52216727,0.9148394,0.15113501,0.8286356,0.28247327,0.14250171,0.15692842,0.1329859,0.33696297,1.0988207,0.19429395,0.80465865,0.22870821,0.5824778
VACC_0408,0,1.064853,0.337239,1.8169127,0.0,0.06565641,0.0,1.1767644,1.3013766,0.42230612,0.20591353,1.1777387,0.17635916,0.043198943,0.08131941,0.0,1.4089435,1.3552303,0.1357471,0.60884905,1.1100825,0.011432335,0.97936,0.21882701,0.16959137,0.15123585,0.10396272,0.2783536,1.34211,0.11266488,0.9459694,0.15491334,0.7431611
VACC_0409,0,0.9493882,0.33021042,1.6146135,0.0,0.1752262,0.0,1.02557,1.1743369,0.443959,0.22120653,1.0039992,0.1960441,0.040838808,0.18215473,0.104938924,1.1976724,1.1552134,0.21471557,0.54209244,0.9525875,0.1417328,0.869735,0.28490496,0.14897177,0.1597167,0.13420074,0.34622124,1.140427,0.18968028,0.83810866,0.22989374,0.61970973
VACC_0410,0,0.7076714,0.4824676,0.9282947,0.0,0.13879155,0.0,0.6989206,0.8180697,0.13735382,0.017414495,0.6439218,0.07275398,0.17137977,0.057345644,0.03849086,0.767184,0.72377694,0.083541214,0.4087417,0.5792846,0.08234881,0.65925753,0.01427421,0.11710638,0.050958894,0.2754615,0.100271136,0.8377729,0.058743924,0.6028292,0.10372615,0.25669366
VACC_0411,0,0.8497652,0.3168155,1.3722773,0.0,0.63638294,0.0,0.84396946,1.1151975,0.6701591,0.31611377,0.65423185,0.34460777,0.053071097,0.5140037,0.53208154,0.93603885,0.7786095,0.53896976,0.46189165,0.6999581,0.53223294,0.85333526,0.6116056,0.123674914,0.21186647,0.21415606,0.71721923,0.8922981,0.45839357,0.7126863,0.61583406,0.43433663
VACC_0412,0,0.84358317,0.45273584,0.97317594,0.0,0.34289056,0.0,0.7592093,0.9755728,0.30534822,0.064171806,0.51543486,0.16978364,0.19706726,0.31441027,0.21492654,0.8315319,0.6297729,0.2879514,0.4170998,0.59564877,0.29953277,0.79880774,0.25183207,0.089640275,0.12595966,0.34875235,0.33112493,0.83051276,0.23130986,0.6052363,0.33245057,0.22921717
VACC_0413,0,0.74275273,0.41365713,1.0210752,0.0,0.5863809,0.0,0.65178764,0.99745643,0.5009792,0.21603127,0.42712894,0.24363394,0.18848869,0.464427,0.47485524,0.75757474,0.53574145,0.46900517,0.40106836,0.5126318,0.54292953,0.818977,0.44757235,0.11595647,0.14870998,0.33085787,0.57761025,0.71209264,0.38912565,0.6222779,0.5263093,0.26622343
VACC_0414,0,1.1828094,0.32327992,1.9277484,0.0,0.25915003,0.0,1.2446721,1.4312906,0.5717048,0.2576391,1.1390535,0.27059007,0.04646854,0.23688085,0.081217706,1.4782718,1.3462186,0.28270704,0.6359401,1.154804,0.12850969,1.1149975,0.39274025,0.17240182,0.19769022,0.121109635,0.45112893,1.411936,0.20768112,0.9853144,0.34875417,0.7660886
VACC_0415,0,0.69170594,0.39486858,1.0802045,0.0,0.28735983,0.0,0.7646122,0.92541903,0.29386532,0.12453343,0.66775554,0.17691664,0.17688532,0.22050299,0.12595034,0.84980965,0.7510947,0.20736814,0.46137208,0.65517557,0.21362652,0.7485453,0.19959104,0.10207851,0.07760466,0.22604623,0.26280668,0.91120625,0.15383941,0.63084316,0.18928051,0.3395608
VACC_0416,0,1.0660601,0.32594362,1.67413,0.0,0.43808782,0.0,1.0819737,1.3085318,0.6163979,0.27330154,0.9110543,0.31165773,0.056555867,0.37152523,0.2915514,1.2589719,1.0911669,0.39886785,0.55924463,0.9592229,0.30478442,1.0310239,0.49843943,0.1482169,0.21583879,0.17292508,0.58239985,1.2018876,0.32749307,0.8641945,0.4827531,0.6103661
VACC_0417,0,1.2134084,0.34165326,1.9587955,0.0,0.23259161,0.0,1.2700087,1.4757721,0.56190926,0.25276488,1.1575776,0.2614243,0.05764298,0.2127222,0.046013117,1.5402128,1.3682135,0.26254696,0.65875643,1.1914246,0.105519935,1.1686798,0.37540787,0.19076969,0.18768513,0.12868235,0.44639304,1.4654638,0.18884385,1.0203524,0.32471377,0.80347264
VACC_0418,0,1.3362367,0.349607,2.1708434,0.0,0.070230946,0.0,1.4285132,1.5934656,0.50953966,0.2219448,1.3575765,0.21958421,0.059871323,0.082325235,0.0,1.7554711,1.6009881,0.14662838,0.72905976,1.3649946,0.0,1.2625941,0.26325178,0.20520087,0.17502645,0.09384176,0.31887427,1.67274,0.07964176,1.1297641,0.20760709,0.93228066
VACC_0419,0,1.338542,0.34835738,2.1724749,0.0,0.07463811,0.0,1.4290271,1.5929105,0.5151916,0.2243417,1.3524235,0.22029106,0.058031805,0.08953573,0.0,1.7536057,1.5969684,0.15263617,0.7274343,1.3640583,0.0,1.26568,0.26777625,0.20382307,0.17687282,0.09455234,0.32351294,1.6691408,0.085093915,1.1301105,0.21711498,0.931651
VACC_0420,0,1.2160971,0.34196436,1.9660399,0.0,0.21847306,0.0,1.2758896,1.47282,0.5533344,0.24725462,1.1699505,0.255584,0.0593493,0.19962706,0.036093354,1.5442082,1.3813742,0.25038218,0.65965235,1.1969982,0.08953659,1.1699104,0.35962433,0.18944754,0.18604207,0.124958485,0.4324011,1.4737718,0.17817849,1.0239491,0.31610042,0.8070129
VACC_0421,0,1.0405517,0.31451,1.6906843,0.0,0.30088544,0.0,1.0879314,1.2665308,0.53314906,0.24828754,0.9773385,0.26665068,0.0449069,0.2829076,0.13545239,1.2464354,1.1500952,0.30869174,0.5677642,0.99522424,0.19649051,0.96511185,0.40176266,0.14666377,0.18733808,0.13387993,0.4311879,1.2093735,0.24036515,0.8572583,0.34900934,0.6311387
VACC_0422,0,0.79853284,0.2738466,1.3883064,0.0,0.5007429,0.0,0.8780334,1.0371444,0.5727426,0.2698841,0.76403064,0.30938596,0.037428677,0.40805805,0.379085,0.89823353,0.8944179,0.4232546,0.47477204,0.73255605,0.39112848,0.73592305,0.5058035,0.07471143,0.20214832,0.14493766,0.5400871,0.9162773,0.3649459,0.6761464,0.4763232,0.43216878
VACC_0423,0,1.0339627,0.32160223,1.7102757,0.0,0.38900685,0.0,1.0837549,1.2958747,0.5958556,0.28038573,0.9662539,0.29107368,0.05267735,0.31333864,0.25146633,1.2707111,1.1316535,0.36306202,0.57047707,0.97553277,0.26780558,1.0120686,0.45572686,0.15998134,0.19330832,0.14874288,0.54862905,1.2192283,0.29195446,0.88530284,0.42924142,0.64693356
VACC_0424,0,0.86238617,0.33344758,1.4122517,0.0,0.50700283,0.0,0.866632,1.1127899,0.59566885,0.29554445,0.72280526,0.30157852,0.06628287,0.39953238,0.38635904,0.9887159,0.83805,0.44932193,0.483248,0.7543743,0.41836864,0.87820756,0.5054641,0.15350977,0.17555296,0.19201684,0.60585034,0.95210207,0.3634768,0.75537425,0.49796647,0.48528993
VACC_0425,0,1.058647,0.32538143,1.6810858,0.0,0.43157744,0.0,1.0825983,1.3012433,0.6139026,0.2747603,0.9170824,0.31041622,0.055099636,0.36353618,0.2875002,1.2527083,1.092348,0.39612043,0.5606775,0.9608984,0.2996806,1.0275543,0.49130535,0.1511612,0.21043631,0.16739655,0.5771247,1.2031703,0.3232159,0.86793774,0.47929937,0.6165141
VACC_0426,0,0.7837241,0.42954445,0.9587741,0.0,0.42086464,0.0,0.7172861,0.9431004,0.3694982,0.12011464,0.46600848,0.21420686,0.15463416,0.39057738,0.28607625,0.7696218,0.57282877,0.35785502,0.40757132,0.5633608,0.3876753,0.7397418,0.34215516,0.101066306,0.1345666,0.32141367,0.40934137,0.7683116,0.2833737,0.57751286,0.38650382,0.21654326
VACC_0427,0,0.85355747,0.297204,1.3564955,0.0,0.49548674,0.0,0.8844092,1.0611103,0.5765722,0.2570479,0.7222283,0.2955848,0.036566615,0.42874098,0.41025382,0.9338016,0.85292685,0.4403987,0.45213252,0.7236446,0.40692037,0.77482736,0.49982482,0.0807998,0.209631,0.18176198,0.5597912,0.8971399,0.38292646,0.67638874,0.50434536,0.40413502
VACC_0428,0,1.1718135,0.31791818,1.951611,0.0,0.23265235,0.0,1.251372,1.4318082,0.5666444,0.2631135,1.1695173,0.25614864,0.044139937,0.21053238,0.072045386,1.4975882,1.3741286,0.2644738,0.64204246,1.1659427,0.11162399,1.111661,0.37140304,0.17312998,0.19034952,0.11023839,0.43691555,1.4234835,0.1955474,0.9985847,0.32600814,0.78772414
VACC_0429,0,0.87602895,0.30839795,1.4229107,0.0,0.34615445,0.0,0.9430411,1.0502403,0.48284727,0.20559855,0.8102745,0.2534395,0.059368014,0.28967565,0.21826679,0.95013535,0.955477,0.31784594,0.49789774,0.8010801,0.23444001,0.7926446,0.37136495,0.10119456,0.16905522,0.13638629,0.39312604,0.99726784,0.24899068,0.72817886,0.392865,0.4816499
VACC_0430,0,0.7568575,0.44616997,1.0413809,0.0,0.23451795,0.0,0.75946045,0.91771334,0.24414958,0.07979573,0.6529329,0.13415666,0.16484997,0.16093488,0.100708306,0.8550747,0.74496996,0.17428309,0.44615066,0.6391052,0.16274007,0.7468637,0.13339114,0.12040573,0.07459197,0.25849238,0.21672931,0.89948165,0.119904935,0.64242303,0.18874043,0.3151182
VACC_0431,0,1.0747752,0.3224662,1.7019682,0.0,0.32930952,0.0,1.1168926,1.3071349,0.5660213,0.24926426,0.95973396,0.2734431,0.053050086,0.3056131,0.19428259,1.2963778,1.139251,0.33194673,0.5754198,1.0010687,0.22678994,1.0181656,0.4271109,0.14451343,0.20133147,0.15015179,0.49174002,1.2310122,0.27621585,0.8756187,0.39778095,0.6391436
VACC_0432,0,1.1995423,0.3196429,1.9457858,0.0,0.18449818,0.0,1.2725862,1.441268,0.5381025,0.23827796,1.17361,0.24315636,0.045739546,0.1963367,0.012329519,1.5174403,1.3867409,0.23464781,0.64669657,1.1868958,0.074482724,1.1105288,0.34658659,0.16506939,0.19378072,0.10862687,0.3882198,1.435396,0.17285436,0.99091154,0.28840178,0.78231037
VACC_0433,0,0.6974952,0.36932668,0.99271613,0.0,0.39366508,0.0,0.71772003,0.88470054,0.37827224,0.14911552,0.5355984,0.20482676,0.12131202,0.3551193,0.27485365,0.72763073,0.6387695,0.3276472,0.41028047,0.56810415,0.34974515,0.6728735,0.3150282,0.056073084,0.12512493,0.25309414,0.34013262,0.750366,0.27127266,0.5609152,0.34751874,0.25248146
VACC_0434,0,1.3365097,0.34468365,2.1676245,0.0,0.08935474,0.0,1.4258232,1.5943632,0.5285593,0.23125501,1.337658,0.22476195,0.058235817,0.1034552,0.0,1.751043,1.5837643,0.1657511,0.72724926,1.3561649,0.0,1.2653474,0.28512216,0.2013413,0.18234664,0.096366644,0.3403131,1.6586099,0.10171884,1.1265721,0.2320947,0.9288534
VACC_0435,0,0.84813356,0.3041043,1.4093101,0.0,0.3685876,0.0,0.9020679,1.0576382,0.5164131,0.25079358,0.7836208,0.25483418,0.052052468,0.3257159,0.2753232,0.97466135,0.90765893,0.3576584,0.48217273,0.7815189,0.3131969,0.7998625,0.40721655,0.108779505,0.1720435,0.15405193,0.45555463,0.9513114,0.3039466,0.7231443,0.3961662,0.4731134
VACC_0436,0,1.3332372,0.34516168,2.1655042,0.0,0.090930924,0.0,1.419584,1.5976775,0.52971846,0.23369862,1.3359278,0.22610722,0.057081327,0.10786398,0.0,1.7482576,1.5803332,0.16836715,0.72704387,1.3560557,0.0,1.2610029,0.29070175,0.2044907,0.18076879,0.09780645,0.3431777,1.6532673,0.10098368,1.1249471,0.22776157,0.9296099
VACC_0437,0,1.0309534,0.32051408,1.670263,0.0,0.3923148,0.0,1.0698078,1.2535992,0.5691161,0.26364368,0.9467732,0.30030257,0.04852709,0.31683606,0.22410238,1.2133645,1.1119765,0.3609994,0.55294997,0.9570722,0.24439834,0.98213434,0.44476563,0.15185823,0.19313198,0.14670563,0.5048597,1.199033,0.27623868,0.85436964,0.42586327,0.60514796
VACC_0438,0,1.3332129,0.34545302,2.1690419,0.0,0.084859,0.0,1.4189686,1.5976622,0.5261516,0.23239245,1.3417236,0.2239028,0.056658193,0.10475995,0.0,1.7479556,1.585918,0.16402,0.72695994,1.3594396,0.0,1.2594482,0.28577042,0.20531483,0.17916036,0.09666741,0.33718172,1.6544375,0.09478223,1.1259747,0.22173494,0.9317976
VACC_0439,0,1.3418887,0.34813315,2.1560647,0.0,0.10005425,0.0,1.4221643,1.602972,0.53071845,0.23082335,1.3273988,0.22901504,0.058085017,0.11425288,0.0,1.7546731,1.5756102,0.17233372,0.7255453,1.3536372,0.0,1.2689817,0.29572785,0.20232363,0.18467784,0.10462117,0.3488448,1.6567783,0.10690588,1.1225278,0.23532802,0.92188454
VACC_0440,0,1.3343517,0.34663785,2.171187,0.0,0.074375376,0.0,1.4230499,1.5964692,0.5166784,0.22661777,1.3525928,0.22021876,0.05945968,0.09171803,0.0,1.7528969,1.5973202,0.15219569,0.7286343,1.3630707,0.0,1.2588888,0.2731086,0.20455274,0.17780668,0.09439266,0.325658,1.6632745,0.0850482,1.1274183,0.21060711,0.93305373
VACC_0441,0,1.1773303,0.3244657,1.9445302,0.0,0.22752754,0.0,1.2628748,1.4298124,0.554524,0.25338298,1.1723067,0.25540656,0.04840727,0.19317628,0.07077485,1.5074896,1.376117,0.2543924,0.6442684,1.1662527,0.095284685,1.1214318,0.355614,0.1735709,0.18738934,0.112279534,0.42844263,1.4420083,0.1913557,1.0018315,0.3225153,0.7845168
VACC_0442,0,1.1737274,0.31471854,1.9571095,0.0,0.22719769,0.0,1.2554934,1.4295468,0.5669475,0.26199484,1.1747231,0.2526502,0.045546755,0.2058918,0.07327527,1.5004971,1.3812563,0.26028037,0.64219236,1.1668079,0.10553776,1.1114618,0.3666572,0.16927688,0.1929627,0.1064738,0.4332898,1.4240966,0.19389099,0.9994716,0.32610482,0.78887653
VACC_0443,0,1.0289912,0.3177877,1.710624,0.0,0.39359415,0.0,1.0786846,1.2961135,0.6008779,0.28459948,0.96571994,0.2927559,0.05243151,0.31826222,0.25238973,1.2674655,1.1312071,0.36666757,0.57069844,0.9729087,0.27522564,1.0048991,0.46430314,0.1587843,0.19571552,0.14673626,0.55421007,1.2117212,0.29479498,0.8820299,0.42878962,0.6466421
VACC_0444,0,1.0303488,0.32105592,1.7313421,0.0,0.3599075,0.0,1.0772388,1.2946905,0.5787585,0.27554816,0.9952695,0.27987397,0.052865148,0.30213255,0.214549,1.2650276,1.1642891,0.33941782,0.572574,0.9928857,0.24727915,1.0018485,0.43265676,0.16127567,0.18817836,0.14282009,0.51635885,1.225092,0.26489347,0.88942313,0.40029454,0.66102993
VACC_0445,0,1.0501074,0.30666548,1.6589282,0.0,0.36503744,0.0,1.0950758,1.2608204,0.5708258,0.24792789,0.9395832,0.2879498,0.038407788,0.33374977,0.23250878,1.2326692,1.1164818,0.35522336,0.5474413,0.9618428,0.24685542,0.96478295,0.4446116,0.12218444,0.21269953,0.14769787,0.4953644,1.1819369,0.29467535,0.8341236,0.42648858,0.58730644
VACC_0446,0,0.73551536,0.41482347,1.0214624,0.0,0.28691626,0.0,0.75022227,0.8372716,0.2683906,0.07795985,0.62102574,0.15699033,0.11145547,0.19351839,0.16139218,0.7133956,0.7328109,0.21656469,0.4255693,0.5906304,0.18110158,0.64962816,0.16558737,0.07606907,0.095751785,0.23046213,0.19352117,0.8312118,0.15750724,0.6022032,0.28461123,0.2780022
VACC_0447,0,1.3349314,0.34923458,2.1658354,0.0,0.07905565,0.0,1.4264461,1.5947411,0.5147461,0.22477172,1.3495697,0.2230532,0.059829377,0.08889063,0.0,1.7542709,1.5929817,0.15340531,0.72903055,1.3607739,0.0,1.2626806,0.27218533,0.2051163,0.17675462,0.09590614,0.3276122,1.6689501,0.08742118,1.1276217,0.21390742,0.9297559
VACC_0448,0,0.953386,0.3671563,1.3487809,0.0,0.53995836,0.0,0.9008205,1.1513419,0.5684274,0.23759235,0.6794576,0.31315434,0.081526525,0.43142867,0.39806688,1.0184337,0.82405806,0.44838774,0.46906233,0.75337124,0.39702952,0.9391538,0.49823308,0.13607866,0.19692165,0.24338531,0.5959561,0.9972018,0.3649264,0.7353225,0.53714603,0.42421716
VACC_0449,0,1.3345429,0.3449143,2.1730757,0.0,0.07811628,0.0,1.4225974,1.595541,0.52258766,0.2298287,1.3480195,0.22093378,0.057633355,0.09789719,0.0,1.7501882,1.5927215,0.15816128,0.72739506,1.3617218,0.0,1.2599488,0.27808595,0.20393316,0.17893437,0.094132185,0.3307424,1.6583352,0.090082526,1.1276882,0.21839291,0.93332756
VACC_0450,0,1.2120999,0.33116242,1.932796,0.0,0.18105279,0.0,1.2867165,1.4425285,0.51991653,0.22323088,1.176045,0.24364613,0.049986795,0.17844225,0.008020103,1.5321114,1.3900709,0.2224325,0.64773536,1.1891731,0.05277668,1.1268351,0.32713592,0.1659451,0.19035426,0.115864724,0.3764722,1.462182,0.16540092,0.99391097,0.28392774,0.77412415
VACC_0451,0,1.1913464,0.32598916,1.9112201,0.0,0.28267324,0.0,1.2476029,1.4373317,0.5856039,0.2607187,1.1101242,0.27815562,0.047383785,0.25555617,0.11424059,1.4827887,1.3205236,0.30163687,0.6343256,1.1440442,0.14841346,1.1293826,0.41198003,0.17050616,0.20400417,0.13197887,0.47445306,1.4082558,0.23315841,0.98259914,0.37641644,0.7565398
VACC_0452,0,0.9470176,0.3202203,1.6382906,0.0,0.1128134,0.0,1.0541284,1.1762464,0.40775084,0.20241193,1.0621403,0.17785628,0.05391431,0.118636385,0.034811497,1.2180717,1.2230577,0.1594078,0.5588707,0.9819658,0.085896656,0.8581666,0.23418188,0.14003581,0.15038878,0.11372952,0.28008762,1.1794009,0.14537114,0.8451263,0.17538774,0.6406188
VACC_0453,0,0.39962858,0.31783408,0.801473,0.0,1.242213,0.0,0.0,0.75906575,0.7635102,0.71624136,0.23349975,0.63411206,0.0,1.0648713,1.141293,0.05411327,0.11894025,1.0117373,0.15102316,0.14264865,1.3751189,0.40750775,1.0919607,0.33397266,0.23709929,0.48800862,1.127679,0.14953747,0.99241924,0.30375776,0.6452146,0.0
VACC_0454,0,0.26937494,0.34617746,0.48769706,0.0,1.3086662,0.0,0.0,0.77937937,0.81195104,0.71503055,0.0,0.6259925,0.047545567,1.1553752,1.146168,0.0,0.0,0.99689066,0.16843638,0.0,1.4599724,0.42827982,1.1937761,0.34154058,0.19750792,0.6232679,1.1779815,0.06447196,1.0562727,0.22527343,0.6217899,0.0
VACC_0455,0,0.47823703,0.28107455,1.0229671,0.0,1.4014277,0.0,0.0,0.95990485,0.90106976,0.85754395,0.38877934,0.7470301,0.0,1.1870389,1.3214643,0.22563863,0.25759757,1.1438034,0.20980673,0.21374309,1.5312173,0.48197508,1.2680501,0.38426167,0.2758243,0.5223897,1.3582374,0.30121905,1.1344371,0.3834749,0.66383195,0.097868904
VACC_0456,0,0.74379796,0.35510752,1.3433406,0.0,0.21291213,0.0,0.83259237,0.9677868,0.34031332,0.20031948,0.8676114,0.1839739,0.062534295,0.14920513,0.086613595,0.93469334,0.94784117,0.1899688,0.48448405,0.78466344,0.17312865,0.7037089,0.18975854,0.16009155,0.08667002,0.14511628,0.22956541,0.96043277,0.17080715,0.71216816,0.14704573,0.48744652
VACC_0457,0,0.32685262,0.21851993,0.7071845,0.0,1.9212375,0.0,0.0,0.92255044,1.2406751,1.0859867,0.0,0.9583582,0.0,1.6732624,1.844626,0.0,0.0,1.549074,0.1122894,0.0,2.103857,0.39001888,1.8230765,0.38884264,0.38252288,0.6483646,1.8364445,0.0,1.5799869,0.205897,1.0463314,0.0
VACC_0458,0,0.26817736,0.35437894,0.35774106,0.0,1.3253758,0.0,0.0,0.6429112,0.8048831,0.65336084,0.0,0.5843842,0.0056712627,1.1817374,1.1796224,0.0,0.0,1.0320529,0.13124745,0.0,1.4440997,0.3348091,1.1791838,0.30510226,0.21432966,0.5897661,1.1919221,0.0,1.0307928,0.18546966,0.7340817,0.0
VACC_0459,0,0.32936743,0.34074366,0.6409897,0.0,1.0305567,0.0,0.0017031133,0.73546815,0.678772,0.5726937,0.11913504,0.4936502,0.0,0.93265456,0.9139522,0.08928612,0.029460251,0.8218211,0.2010715,0.15866339,1.1863625,0.38216478,0.9222082,0.25531116,0.17420858,0.5010878,0.9334234,0.18146065,0.8715594,0.27669322,0.52512145,0.0
VACC_0460,0,0.30630082,0.31604594,0.59569395,0.0,1.1124256,0.0,0.0,0.58987117,0.64969504,0.5951691,0.13312063,0.55048937,0.0,0.918729,1.0268908,0.0,0.025459796,0.877128,0.11265254,0.045473635,1.2113119,0.34285253,0.94505847,0.28963387,0.20077997,0.45166332,0.97069407,0.07602495,0.84923005,0.23963304,0.5720175,0.0
VACC_0461,0,0.56220174,0.35978508,1.0971721,0.0,0.5737029,0.0,0.3634179,0.9423281,0.48365176,0.40883422,0.5859002,0.35383564,0.07473654,0.5822839,0.37576735,0.6353824,0.5513767,0.5040239,0.34961107,0.54502153,0.71799564,0.57339746,0.49611008,0.28486478,0.09666739,0.33978206,0.5599741,0.6830107,0.4954363,0.54855746,0.23762894,0.2635337
VACC_0462,0,0.37659493,0.1302979,0.9095289,0.0,2.7008886,0.0,0.0,1.1861153,1.7185955,1.5403268,0.0,1.3607903,0.0,2.3474262,2.4497716,0.0,0.0,2.1531153,0.13554001,0.0,2.8570244,0.46329564,2.5352323,0.5162997,0.51241046,0.80321926,2.5057402,0.0,2.1759677,0.15986282,1.5076256,0.0
VACC_0463,0,0.71472013,0.39388484,1.168998,0.0,0.21367227,0.0,0.6469433,1.0011,0.33224064,0.21640877,0.711531,0.19362144,0.10996109,0.27498883,0.097391725,0.97323346,0.75074697,0.22833073,0.40570927,0.7255964,0.3042515,0.7412667,0.25296807,0.24500345,0.075518005,0.23326264,0.3385674,0.9104229,0.21394429,0.6822316,0.071002185,0.39236817
VACC_0464,0,0.9086233,0.40449604,1.5960605,0.0,0.1652463,0.0,0.8715068,1.2147708,0.37970096,0.26871872,1.0044868,0.19351847,0.073083855,0.16571866,0.0,1.2544993,1.0888191,0.18521237,0.5604807,0.99362564,0.19141369,0.9028919,0.21674246,0.2966663,0.06861841,0.18917547,0.29203,1.2004244,0.16753298,0.87548614,0.0444524,0.6564977
VACC_0465,0,1.1688585,0.36782044,1.9641552,0.0,0.0,0.0,1.2562693,1.457536,0.4032082,0.20471002,1.2808836,0.155618,0.054258525,0.03852494,0.0,1.6283466,1.4814774,0.07817796,0.6701951,1.2624817,0.0,1.1160007,0.1731453,0.21523465,0.129397,0.11380321,0.23586372,1.5264877,0.05374229,1.0432515,0.056262165,0.8548027
VACC_0466,0,0.82568526,0.3790985,1.1767651,0.0,0.33005905,0.0,0.754243,0.9857844,0.39124036,0.18764617,0.67002535,0.21596591,0.07864333,0.28523982,0.20994133,0.87056565,0.7730739,0.29515344,0.40538988,0.67683434,0.2725873,0.75696206,0.3226819,0.15756439,0.14167038,0.22980475,0.3669317,0.85446817,0.24271166,0.6511654,0.29580408,0.35715097
VACC_0467,0,0.30339253,0.27481225,0.508459,0.0,2.0350583,0.0,0.0,0.8525182,1.2701337,1.0836946,0.0,0.94080883,0.0,1.7792752,1.843216,0.0,0.0,1.6094908,0.09615773,0.0,2.1753373,0.37591183,1.8808143,0.41739205,0.36069357,0.7305107,1.8654238,0.0,1.6259383,0.14333743,1.1705749,0.0
VACC_0468,0,0.7716139,0.32107234,1.4368331,0.0,0.3921373,0.0,0.81712556,1.0251757,0.48385835,0.27220637,0.85903496,0.2825871,0.0370896,0.3395133,0.2869857,0.90673363,0.9532249,0.35425138,0.47272494,0.77230096,0.35485733,0.7187282,0.3760475,0.15402356,0.1419045,0.15128508,0.4167222,0.93904626,0.29904854,0.733662,0.32874328,0.49585325
VACC_0469,0,0.6814393,0.4941658,0.8264005,0.0,0.034603193,0.0,0.5847461,0.821473,0.088239655,0.024913296,0.5632121,0.022402406,0.1947543,0.08737455,0.0,0.7429374,0.62385976,0.067977816,0.3922136,0.55308527,0.14332388,0.63341963,0.0,0.14728867,0.023530744,0.35355905,0.017606556,0.7212645,0.08772269,0.5914696,0.0,0.24606681
VACC_0470,0,0.712137,0.31115007,1.430578,0.0,0.48473787,0.0,0.6588045,1.1062717,0.5688511,0.44612634,0.8353275,0.33614564,0.0,0.43871063,0.37780726,0.93893176,0.8482815,0.47662407,0.46776298,0.7705991,0.58822435,0.7213807,0.49036992,0.24270444,0.1211809,0.21422212,0.56618595,0.9043929,0.4914366,0.71911365,0.26282358,0.49575302
VACC_0471,0,0.4833628,0.4143249,0.8862242,0.0,1.1184291,0.0,0.0038343668,0.97952986,0.70876765,0.70350707,0.28763968,0.5712051,0.0,0.988607,0.92600626,0.28473637,0.1660994,0.88332045,0.27993634,0.288906,1.2651095,0.5660167,0.9786171,0.39107463,0.15986454,0.5938418,1.0028073,0.39976728,0.9314892,0.41781044,0.46216816,0.10205244
VACC_0472,0,0.4247671,0.23483887,0.8860559,0.0,1.9673309,0.0,0.0,1.0986397,1.2848189,1.1428318,0.0,0.9931521,0.0,1.7880623,1.7300656,0.0,0.0,1.5934987,0.19885018,0.06889084,2.1686978,0.506376,1.8436213,0.42252266,0.36240932,0.702499,1.8221942,0.05401686,1.6148682,0.26635373,1.0729499,0.0
VACC_0473,0,1.0213943,0.29439762,1.6681705,0.0,0.3731823,0.0,1.07741,1.2523086,0.5879946,0.26689488,0.9381548,0.29263163,0.035003796,0.3430245,0.23539364,1.2105203,1.1065087,0.3685519,0.5505381,0.95370245,0.27212304,0.93813384,0.46694118,0.12546337,0.21111608,0.1352045,0.5116546,1.1549814,0.30401713,0.8299732,0.42511958,0.5975145
VACC_0474,0,0.40238133,0.24552232,0.91776866,0.0,1.5431037,0.0,0.0,0.90644586,0.9752153,0.90418184,0.26279533,0.80352634,0.0,1.2924359,1.4524131,0.0814105,0.11561422,1.2351016,0.17476349,0.10711983,1.6593745,0.44101438,1.3978257,0.37679446,0.29504263,0.54384434,1.4767212,0.18887594,1.2277538,0.31201452,0.7546497,0.028034523
VACC_0475,0,0.5496901,0.29641962,1.1321434,0.0,0.62623435,0.0,0.48335594,0.93208766,0.58316183,0.4447757,0.59823143,0.384094,0.0,0.5881613,0.53115344,0.6112615,0.59888446,0.5747902,0.40145442,0.5642642,0.7530015,0.525149,0.588042,0.19905987,0.13535678,0.25296482,0.60417604,0.6432066,0.5768545,0.5685435,0.3591851,0.33390206
VACC_0476,0,0.73384416,0.26301703,1.5008996,0.0,0.82182086,0.0,0.5055003,1.1723773,0.7319219,0.636361,0.842351,0.5341088,0.0,0.7640851,0.7174899,0.8002502,0.8435029,0.76516306,0.43744335,0.70539665,0.9710133,0.6226771,0.8002701,0.28844434,0.21403664,0.27073294,0.84717274,0.7919274,0.74976635,0.6694542,0.43863362,0.465713
VACC_0477,0,0.6683399,0.489422,1.0546257,0.0,0.0,0.113605306,0.68862367,0.8208458,0.0,0.0,0.8244989,0.0,0.23911297,0.0,0.0,0.91593015,0.84604716,0.0,0.40382415,0.7057499,0.0,0.6924424,0.0,0.21042486,0.0,0.24675111,0.0,1.0108113,0.0,0.65599644,0.0,0.31344312
VACC_0478,0,1.0093207,0.30401564,1.908366,0.0,0.10401787,0.0,1.1729598,1.3268449,0.46387804,0.2646017,1.2572681,0.2174858,0.012636274,0.10934545,0.0,1.3965125,1.4097927,0.15825173,0.6566197,1.1585964,0.07515846,0.89539707,0.20843768,0.19069317,0.1215746,0.06091863,0.2140387,1.3519437,0.15044782,0.9659859,0.10384193,0.8146477
VACC_0479,0,0.24286534,0.25381804,0.5019018,0.0,1.9814589,0.0,0.0,0.8561479,1.2343856,1.0643729,0.0,0.94056517,0.0,1.71729,1.7757108,0.0,0.0,1.5373238,0.08938414,0.0,2.123846,0.3790939,1.849843,0.4058615,0.34378716,0.73017365,1.7969218,0.0,1.5894793,0.11797589,1.0674188,0.0
VACC_0480,0,0.82642347,0.20766854,1.69694,0.0,0.6703763,0.0,0.78928196,1.2004511,0.75734246,0.58263445,1.0064584,0.4869799,0.0,0.6405737,0.69033724,0.96612227,1.0621909,0.70575863,0.52756184,0.85269,0.8045733,0.64912856,0.7075367,0.20203266,0.23459408,0.13966264,0.7577044,0.9024736,0.6766113,0.78471106,0.46773022,0.6065719
VACC_0481,0,0.32508683,0.3377072,0.5725566,0.0,1.3421566,0.0,0.0,0.69910467,0.817489,0.7130804,0.0,0.6194797,0.0,1.1474694,1.1831274,0.0,0.0,1.0547997,0.16291879,0.031826198,1.4466543,0.36917636,1.1691067,0.31461555,0.2223301,0.5529666,1.1847554,0.015355974,1.0690666,0.22501832,0.7400268,0.0
VACC_0482,0,0.50295156,0.47005212,0.8239019,0.0,0.5410481,0.0,0.2766818,0.8175317,0.29927146,0.31559116,0.4347169,0.27235377,0.20915505,0.5426883,0.18856776,0.508512,0.33325723,0.41050696,0.30935597,0.438691,0.6244432,0.63902783,0.30474222,0.29591525,0.0027998388,0.46478868,0.33124098,0.65050733,0.37434697,0.4697743,0.08040777,0.06955677
VACC_0483,0,0.48645067,0.3352175,0.5158401,0.0,0.61229193,0.0,0.1254718,0.7455045,0.2458934,0.16089936,0.091148585,0.21207576,0.50315386,0.56484425,0.52631146,0.21688473,0.09507033,0.500188,0.27471045,0.06285742,0.76114,0.6408758,0.46186852,0.137844,0.10677897,0.6974771,0.5521345,0.23978674,0.49124193,0.33512005,0.25927097,0.0
VACC_0484,0,0.71447814,0.44554543,1.2027943,0.0,0.14945169,0.0,0.73747456,0.92368156,0.16895275,0.12691207,0.81316817,0.12901895,0.1665399,0.12790291,0.0,0.9278593,0.87058616,0.109606385,0.48219466,0.7677392,0.13738243,0.7371284,0.04046002,0.19342425,0.020563118,0.2458187,0.09426293,1.0311549,0.058078945,0.68263704,0.0,0.38810715
VACC_0485,0,0.6224088,0.34613246,1.1686488,0.0,0.37825072,0.0,0.61523795,0.8679606,0.39653242,0.288863,0.73313516,0.25536817,0.0,0.324212,0.32865393,0.6903635,0.7546593,0.3592987,0.4151463,0.6166045,0.44191873,0.54978406,0.31103206,0.17217238,0.09800989,0.20840088,0.3539923,0.7368581,0.35307175,0.610903,0.21589315,0.36525753
VACC_0486,0,0.64065903,0.40788388,1.1678209,0.0,0.14319257,0.011582524,0.7543875,0.87384236,0.15311636,0.09735738,0.8359794,0.1279683,0.17204194,0.03823401,0.0,0.88410723,0.88507485,0.053906083,0.47704467,0.72205716,0.058402777,0.6936711,0.0,0.14804849,0.0036936179,0.16800392,0.017567247,1.0118562,0.0115480125,0.65559125,0.0,0.39188597
VACC_0487,0,0.9617991,0.31247714,1.6565373,0.0,0.22796689,0.0,1.0537899,1.181014,0.46738523,0.22811241,1.0368396,0.229735,0.023250028,0.20660307,0.13019091,1.1910385,1.1958956,0.24455678,0.5490958,0.9599484,0.15669452,0.838403,0.3262664,0.13760275,0.17739871,0.11747518,0.3702636,1.1614149,0.21088162,0.83040637,0.26972705,0.6159879
VACC_0488,0,0.887285,0.36608648,1.642626,0.0,0.2735442,0.0,0.8361306,1.2489994,0.4585085,0.34627533,1.0260996,0.25870353,0.036009863,0.2634923,0.06492472,1.2332747,1.1004523,0.2816292,0.55130094,0.983837,0.31983727,0.8842143,0.3226189,0.29949638,0.08935056,0.19546148,0.39112392,1.1818142,0.2642511,0.8636646,0.092630684,0.65776336
VACC_0489,0,1.0263071,0.32130763,1.8183818,0.0,0.048786446,0.0,1.1227499,1.3112874,0.412557,0.22715999,1.1982604,0.19316335,0.032776013,0.09846343,0.0,1.395324,1.3595805,0.12733302,0.58702093,1.1196095,0.043113634,0.9283955,0.2068013,0.19289619,0.13702914,0.08872473,0.21738791,1.3185757,0.12131068,0.9242114,0.08407825,0.74014175
VACC_0490,0,0.7863665,0.31257594,1.4736311,0.0,0.29278094,0.0,0.8810432,1.0783367,0.46676147,0.25673735,0.8959532,0.24430285,0.035917476,0.263727,0.1430721,1.0098649,0.9947363,0.26890922,0.51214844,0.8493662,0.26666546,0.72301316,0.31999642,0.16269448,0.123656206,0.12585832,0.32779357,1.0016855,0.25461897,0.75141895,0.21786731,0.54933715
VACC_0491,0,0.3614284,0.14999825,0.83896536,0.0,2.368049,0.0,0.0,0.9493886,1.5155197,1.3198941,0.0,1.163938,0.0,2.0225513,2.206708,0.0,0.0,1.9260572,0.10420589,0.0,2.4876683,0.36567843,2.1910937,0.41292417,0.46830022,0.6497417,2.1962335,0.0,1.9279007,0.14913401,1.4336116,0.0
VACC_0492,0,1.1462817,0.3491429,1.9604771,0.0,0.0,0.0,1.2542534,1.4379153,0.41329467,0.21309437,1.2889724,0.1613587,0.04518877,0.042259082,0.0,1.6156353,1.486481,0.08714327,0.662619,1.2471102,0.0,1.0844529,0.17869306,0.20273301,0.13383454,0.097237915,0.23796162,1.5118275,0.06456187,1.0329459,0.062152386,0.84575856
VACC_0493,0,0.5276268,0.3197747,1.1523643,0.0,0.88848877,0.0,0.27494168,0.9078913,0.65326965,0.60061866,0.5864938,0.48844784,0.0,0.74718994,0.76956266,0.4559434,0.52026385,0.76198614,0.33141795,0.46558505,1.0060859,0.4894548,0.76862025,0.28930867,0.16597429,0.35683954,0.8463322,0.5169039,0.77079,0.49543667,0.46137434,0.25785416
VACC_0494,0,0.35212052,0.35928923,0.6305597,0.0,1.5140374,0.0,0.0,0.82754016,0.92432106,0.81793815,0.0,0.7273099,0.0,1.3568584,1.2391024,0.0,0.0,1.2057506,0.16878596,0.054440558,1.6412771,0.42730427,1.3563188,0.37866592,0.2358579,0.63356715,1.2780386,0.057431787,1.2174257,0.24447283,0.7866823,0.0
VACC_0495,0,0.74399245,0.26217908,1.583339,0.0,0.5653234,0.0,0.67556536,1.2431281,0.6579218,0.5136843,0.9556513,0.42194957,0.0,0.5932457,0.46623945,0.9968692,0.9990057,0.56187505,0.5020082,0.83280003,0.7506149,0.65366733,0.6185676,0.23822342,0.17306602,0.22383027,0.6610371,0.959707,0.5887868,0.7460479,0.28273058,0.56711006
VACC_0496,0,1.0681088,0.40358147,1.844099,0.0,0.012864992,0.0,1.0946249,1.3239437,0.36458373,0.2333486,1.219584,0.14796449,0.022022322,0.04937373,0.0,1.4999677,1.3850595,0.116761476,0.61716914,1.1528589,0.04174052,0.980018,0.16391641,0.26967412,0.107261635,0.15524578,0.24875703,1.3745055,0.08053705,0.9968531,0.019738585,0.7893709
VACC_0497,0,0.80349517,0.20359236,1.6626048,0.0,0.6901959,0.0,0.77278674,1.1794584,0.76812553,0.5839124,0.97162306,0.4919082,0.0,0.6494841,0.7083095,0.92841005,1.0230006,0.71677244,0.51776963,0.8244835,0.81567156,0.63314176,0.7264494,0.1968674,0.23420072,0.14156078,0.7672838,0.87833685,0.6909979,0.76822346,0.48448342,0.58516324
VACC_0498,0,0.35346556,0.36525893,0.691358,0.0,1.2357078,0.0,0.0,0.795977,0.79565084,0.6920537,0.05192259,0.5815205,0.0,1.1085843,1.0416248,0.0410735,0.0,0.99198425,0.20811684,0.14562292,1.3854101,0.42417848,1.0972562,0.32646066,0.18822646,0.57012564,1.1055005,0.16046214,1.025764,0.29681504,0.6579648,0.0
VACC_0499,0,0.69127893,0.37079945,1.0817292,0.0,0.5136914,0.0,0.7447927,0.9436947,0.43470913,0.16684802,0.596335,0.2727893,0.13430336,0.41010076,0.3510309,0.7575277,0.6928716,0.37611175,0.43774083,0.5899315,0.42294908,0.68398094,0.39750445,0.06916158,0.14131862,0.2540084,0.4721097,0.84315664,0.31736946,0.576403,0.40870768,0.26705223
VACC_0500,0,0.5605363,0.3591181,0.88312334,0.0,0.45257962,0.0,0.5422838,0.92135143,0.35978234,0.21804135,0.48132712,0.22986673,0.21439688,0.455823,0.33037305,0.6646078,0.52582896,0.3739004,0.4006263,0.49587315,0.56762666,0.61824775,0.35003984,0.09914632,0.09700196,0.3507788,0.39942864,0.6475999,0.36854005,0.5125435,0.19742942,0.2155156
